rank,score,weight,similarity_score,disease_a,disease_b,n_papers,best_study_design,relationship,dimension,top_paper,year,link,weakness_flags
1,15,1.000,0.69,Crigler-Najjar syndrome,Gilbert syndrome,4,comparative/cohort/multicentre study,similar,genes,Genotype of UGT1A1 and phenotype correlation between Crigler-Najjar syndrome type II and Gilbert syndrome.,2016,https://doi.org/10.1111/jgh.13071,
2,14,0.933,0.40,Alzheimer disease,Creutzfeldt-Jakob disease,3,comparative/cohort/multicentre study,related but distinct,pathways,Differential overexpression of SERPINA3 in human prion diseases.,2017,https://europepmc.org/article/PMC/PMC5688139,
3,14,0.933,0.41,Pompe disease,limb-girdle muscular dystrophy,4,comparative/cohort/multicentre study,related but distinct,phenotype,Screening for Pompe disease in Serbian patients with limb-girdle muscle weakness.,2025,https://doi.org/10.1016/j.clineuro.2025.108950,
4,14,0.933,0.68,cutaneous melanoma,uveal melanoma,3,comparative/cohort/multicentre study,similar,genes,Presence and prevalence of UV related genetic mutations in uveal melanoma: similarities with cutaneous melanoma.,2020,https://doi.org/10.4149/neo_2020_190815n768,
5,14,0.933,0.40,familial chylomicronemia syndrome,multifactorial chylomicronemia syndrome,3,comparative/cohort/multicentre study,related but distinct,treatment,Evinacumab Across Different Lipid Phenotypes: A Systematic Review and Meta-Analysis.,2026,https://doi.org/10.1007/s12325-026-03783-1,
6,14,0.933,0.40,glioblastoma,primary CNS lymphoma,4,comparative/cohort/multicentre study,related but distinct,phenotype,Radiomics-based differentiation between glioblastoma and primary central nervous system lymphoma: CT vs MRI.,2026,https://europepmc.org/article/PMC/PMC13104201,
7,14,0.933,0.45,multiple sclerosis,neuromyelitis optica spectrum disorder,9,comparative/cohort/multicentre study,related but distinct,phenotype,Comparison of Neuropathic Pain in Neuromyelitis Optica Spectrum Disorder and Multiple Sclerosis.,2020,https://europepmc.org/article/PMC/PMC6974826,
8,13,0.867,0.40,"47,XYY syndrome",Klinefelter syndrome,3,comparative/cohort/multicentre study,related but distinct,epidemiology,"Socio-economic factors affect mortality in 47,XYY syndrome-A comparison with the background population and Klinefelter syndrome.",2012,https://doi.org/10.1002/ajmg.a.35539,
9,13,0.867,0.85,Alzheimer disease,Niemann-Pick disease type C,2,comparative/cohort/multicentre study,similar,genes,"Variation in NPC1, the gene encoding Niemann-Pick C1, a protein involved in intracellular cholesterol transport, is associated with Alzheimer disease and/or aging in the Polish population.",2008,https://europepmc.org/article/PMC/PMC2630970,
10,13,0.867,0.40,Bartter syndrome,Gitelman syndrome,3,comparative/cohort/multicentre study,related but distinct,phenotype,"Differential diagnosis of Bartter syndrome, Gitelman syndrome, and pseudo-Bartter/Gitelman syndrome based on clinical characteristics.",2016,https://doi.org/10.1038/gim.2015.56,
11,13,0.867,0.40,Burkitt lymphoma,diffuse large B-cell lymphoma,2,comparative/cohort/multicentre study,related but distinct,genes,Distinct structural and numerical chromosome abnormalities determine the MYC status in diffuse large B-Cell lymphoma and help differentiate from Burkitt lymphoma: a cytogenetic data analysis using unsupervised and AI-driven prediction models.,2025,https://europepmc.org/article/PMC/PMC12334441,
12,13,0.867,0.63,CANVAS,multiple system atrophy,2,comparative/cohort/multicentre study,similar,genes,Biallelic Intronic AAGGG Expansion of RFC1 is Related to Multiple System Atrophy.,2020,https://doi.org/10.1002/ana.25902,
13,13,0.867,0.40,Creutzfeldt-Jakob disease,fatal familial insomnia,3,comparative/cohort/multicentre study,related but distinct,epidemiology,Creutzfeldt-Jakob Disease and Fatal Familial Insomnia: Demographics and In-Hospital Mortality in Spain.,2024,https://europepmc.org/article/PMC/PMC11312717,
14,13,0.867,0.40,Diamond-Blackfan anemia,Pearson syndrome,2,comparative/cohort/multicentre study,related but distinct,genes,Pearson syndrome in a Diamond-Blackfan anemia cohort.,2014,https://europepmc.org/article/PMC/PMC4102705,
15,13,0.867,0.65,Dravet syndrome,Lennox-Gastaut syndrome,4,comparative/cohort/multicentre study,similar,genes,Synaptic clustering differences due to different GABRB3 mutations cause variable epilepsy syndromes.,2019,https://europepmc.org/article/PMC/PMC6776116,
16,13,0.867,0.70,Eisenmenger syndrome,pulmonary arterial hypertension,3,comparative/cohort/multicentre study,similar,pathways,Circulating endothelial progenitor cells in patients with Eisenmenger syndrome and idiopathic pulmonary arterial hypertension.,2008,https://doi.org/10.1161/circulationaha.108.769646,
17,13,0.867,0.40,Ewing sarcoma,osteosarcoma,3,comparative/cohort/multicentre study,related but distinct,epidemiology,"Increasing survival disparity between children, adolescents, and young adults with osteosarcoma or Ewing sarcoma of bone from 1990 to 2024: a population-based cohort study.",2026,https://europepmc.org/article/PMC/PMC13112519,
18,13,0.867,0.58,Gaucher disease,acid sphingomyelinase deficiency,4,comparative/cohort/multicentre study,similar,pathways,c-Abl/TFEB Pathway Activation as a Common Pathogenic Mechanism in Lysosomal Storage Diseases: Therapeutic Potential of c-Abl Inhibitors.,2025,https://europepmc.org/article/PMC/PMC12109443,
19,13,0.867,0.40,IgA nephropathy,lupus nephritis,3,comparative/cohort/multicentre study,related but distinct,phenotype,Urinary sediments could differentiate endocapillary proliferative lupus nephritis and endocapillary proliferative IgA nephropathy.,2021,https://doi.org/10.1016/j.intimp.2020.107122,
20,13,0.867,0.84,Krabbe disease,metachromatic leukodystrophy,2,comparative/cohort/multicentre study,similar,treatment,General anesthesia safety in progressive leukodystrophies: A retrospective study of patients with Krabbe disease and metachromatic leukodystrophy.,2019,https://doi.org/10.1111/pan.13714,
21,13,0.867,0.40,Laron syndrome,growth hormone deficiency,3,comparative/cohort/multicentre study,related but distinct,treatment,Head circumference in untreated and IGF-I treated patients with Laron syndrome: comparison with untreated and hGH-treated children with isolated growth hormone deficiency.,2012,https://doi.org/10.1016/j.ghir.2012.02.005,
22,13,0.867,0.85,Leber congenital amaurosis,retinitis pigmentosa,2,comparative/cohort/multicentre study,similar,genes,"Cost-effective sequence analysis of 113 genes in 1,192 probands with retinitis pigmentosa and Leber congenital amaurosis.",2023,https://europepmc.org/article/PMC/PMC9936074,
23,13,0.867,0.72,Menkes disease,Wilson disease,4,comparative/cohort/multicentre study,similar,genes,The Wilson disease gene is a putative copper transporting P-type ATPase similar to the Menkes gene.,1993,https://doi.org/10.1038/ng1293-327,
24,13,0.867,0.47,Still disease,hemophagocytic lymphohistiocytosis,3,comparative/cohort/multicentre study,related but distinct,epidemiology,Nationwide Analysis of Adult-Onset Still Disease With and Without Hemophagocytic Lymphohistiocytosis.,2024,https://doi.org/10.1097/rhu.0000000000002100,
25,13,0.867,0.25,alpha-1 antitrypsin deficiency,cystic fibrosis,2,comparative/cohort/multicentre study,related but distinct,genes,Evaluation of Alpha1 Antitrypsin Deficiency-Associated Mutations in People with Cystic Fibrosis.,2025,https://europepmc.org/article/PMC/PMC12524791,
26,13,0.867,0.40,anaplastic thyroid carcinoma,papillary thyroid carcinoma,3,comparative/cohort/multicentre study,related but distinct,genes,"Hobnail variant of papillary thyroid carcinoma: molecular profiling and comparison to classical papillary thyroid carcinoma, poorly differentiated thyroid carcinoma and anaplastic thyroid carcinoma.",2017,https://europepmc.org/article/PMC/PMC5400643,
27,13,0.867,0.57,cystic fibrosis,primary ciliary dyskinesia,5,comparative/cohort/multicentre study,related but distinct,phenotype,Taste and Smell Disorders in Children and Young Adults With Cystic Fibrosis and Primary Ciliary Dyskinesia-A Prospective Comparative Study.,2025,https://europepmc.org/article/PMC/PMC12679337,
28,13,0.867,0.40,dermatitis herpetiformis,linear IgA bullous dermatosis,3,comparative/cohort/multicentre study,related but distinct,pathways,Targeted serum proteome profiling reveals nicotinamide adenine dinucleotide phosphate (NADPH)-related biomarkers to discriminate linear IgA bullous disorder from dermatitis herpetiformis.,2024,https://doi.org/10.1016/j.clim.2024.110291,
29,13,0.867,0.62,diabetes mellitus,familial partial lipodystrophy,2,comparative/cohort/multicentre study,related but distinct,genes,"Common variation in the LMNA gene (encoding lamin A/C) and type 2 diabetes: association analyses in 9,518 subjects.",2007,https://europepmc.org/article/PMC/PMC2672988,
30,13,0.867,0.40,diabetes mellitus,neonatal diabetes,2,comparative/cohort/multicentre study,related but distinct,treatment,Glycaemic control in children with neonatal diabetes and type 1 diabetes in Vietnam.,2011,https://doi.org/10.1016/j.inhe.2011.03.008,
31,13,0.867,0.40,essential thrombocythemia,primary myelofibrosis,2,comparative/cohort/multicentre study,related but distinct,genes,Comparison of Clinical and Molecular Features Between Patients With Essential Thrombocythemia and Early/Prefibrotic Primary Myelofibrosis Presenting With Thrombocytosis in Taiwan.,2023,https://doi.org/10.1093/ajcp/aqac173,
32,13,0.867,0.64,familial Mediterranean fever,mevalonate kinase deficiency,3,comparative/cohort/multicentre study,similar,treatment,"Use of the Auto-inflammatory Disease Activity Index to monitor disease activity in patients with colchicine-resistant Familial Mediterranean Fever, Mevalonate Kinase Deficiency, and TRAPS treated with canakinumab.",2022,https://doi.org/10.1016/j.jbspin.2022.105448,
33,13,0.867,0.52,lymphangioleiomyomatosis,tuberous sclerosis complex,3,comparative/cohort/multicentre study,related but distinct,phenotype,Sporadic lymphangioleiomyomatosis and tuberous sclerosis complex with lymphangioleiomyomatosis: comparison of CT features.,2007,https://europepmc.org/article/PMC/PMC2940246,
34,13,0.867,0.40,membranous nephropathy,minimal change disease,3,comparative/cohort/multicentre study,related but distinct,pathways,Immune Checkpoint Signatures in Minimal Change Disease and Membranous Nephropathy: Divergent Pathways of a Shared Imbalance.,2025,https://europepmc.org/article/PMC/PMC12692590,
35,13,0.867,0.67,osteogenesis imperfecta,otosclerosis,3,comparative/cohort/multicentre study,related but distinct,phenotype,Otic Capsule Demineralization and Hearing Outcome of Stapes Surgery for Osteogenesis Imperfecta in Comparison With Otosclerosis.,2024,https://doi.org/10.1097/mao.0000000000004166,
36,12,0.800,0.85,ADNP syndrome,Phelan-McDermid syndrome,1,comparative/cohort/multicentre study,similar,pathways,"SH3- and actin-binding domains connect ADNP and SHANK3, revealing a fundamental shared mechanism underlying autism.",2022,https://doi.org/10.1038/s41380-022-01603-w,single paper
37,12,0.800,0.48,Angelman syndrome,Christianson syndrome,1,comparative/cohort/multicentre study,related but distinct,genes,"SLC9A6 mutations cause X-linked mental retardation, microcephaly, epilepsy, and ataxia, a phenotype mimicking Angelman syndrome.",2008,https://europepmc.org/article/PMC/PMC2427207,single paper
38,12,0.800,0.68,Angelman syndrome,Pitt-Hopkins syndrome,3,comparative/cohort/multicentre study,similar,pathways,"Knockdown of human TCF4 affects multiple signaling pathways involved in cell survival, epithelial to mesenchymal transition and neuronal differentiation.",2013,https://europepmc.org/article/PMC/PMC3751932,
39,12,0.800,0.40,Becker muscular dystrophy,Duchenne muscular dystrophy,5,comparative/cohort/multicentre study,related but distinct,pathways,Comparative Transcriptomic Profiling in Patients Affected by Duchenne and Becker Muscular Dystrophies: A Focus on ECM Genes Dysregulation.,2025,https://europepmc.org/article/PMC/PMC12294368,no sample size recorded
40,12,0.800,0.51,Brugada syndrome,arrhythmogenic right ventricular cardiomyopathy,3,comparative/cohort/multicentre study,related but distinct,phenotype,Clinical Differences in Japanese Patients Between Brugada Syndrome and Arrhythmogenic Right Ventricular Cardiomyopathy With Long-Term Follow-Up.,2019,https://doi.org/10.1016/j.amjcard.2019.05.067,
41,12,0.800,0.40,Charcot-Marie-Tooth disease,giant axonal neuropathy,2,comparative/cohort/multicentre study,related but distinct,phenotype,Charcot-Marie-Tooth-like presentation in giant axonal neuropathy: clinical variability and prevalence in a large Japanese case series.,2025,https://europepmc.org/article/PMC/PMC12267338,
42,12,0.800,0.68,Charcot-Marie-Tooth disease,hereditary neuropathy with liability to pressure palsies,3,comparative/cohort/multicentre study,similar,pathways,Aberrant Molecular Myelin Architecture in Charcot-Marie-Tooth Disease Type 1A and Hereditary Neuropathy With Liability to Pressure Palsies.,2026,https://europepmc.org/article/PMC/PMC12706824,
43,12,0.800,0.47,Coffin-Siris syndrome,Nicolaides-Baraitser syndrome,3,comparative/cohort/multicentre study,related but distinct,genes,Exome sequencing unravels unexpected differential diagnoses in individuals with the tentative diagnosis of Coffin-Siris and Nicolaides-Baraitser syndromes.,2015,https://doi.org/10.1007/s00439-015-1535-8,
44,12,0.800,0.40,Creutzfeldt-Jakob disease,autoimmune encephalitis,2,comparative/cohort/multicentre study,related but distinct,other,Alzheimer's disease cerebrospinal fluid biomarkers differentiate patients with Creutzfeldt-Jakob disease and autoimmune encephalitis.,2022,https://europepmc.org/article/PMC/PMC9463096,
45,12,0.800,0.40,Evans syndrome,immune thrombocytopenia,2,comparative/cohort/multicentre study,related but distinct,treatment,Long-term remission rates after splenectomy in adults with Evans syndrome compared to immune thrombocytopenia: A single-center retrospective study.,2020,https://europepmc.org/article/PMC/PMC7023892,
46,12,0.800,0.41,Fabry disease,multiple sclerosis,7,original research,related but distinct,phenotype,Fabry disease - underestimated in the differential diagnosis of multiple sclerosis?,2013,https://europepmc.org/article/PMC/PMC3756019,
47,12,0.800,0.62,Gaucher disease,Niemann-Pick disease type C,3,comparative/cohort/multicentre study,similar,pathways,c-Abl/TFEB Pathway Activation as a Common Pathogenic Mechanism in Lysosomal Storage Diseases: Therapeutic Potential of c-Abl Inhibitors.,2025,https://europepmc.org/article/PMC/PMC12109443,
48,12,0.800,0.68,Gaucher disease,Parkinson disease,5,comparative/cohort/multicentre study,similar,genes,Comparison of Parkinson risk in Ashkenazi Jewish patients with Gaucher disease and GBA heterozygotes.,2014,https://europepmc.org/article/PMC/PMC4082726,no sample size recorded
49,12,0.800,0.85,Hirschsprung disease,congenital central hypoventilation syndrome,2,comparative/cohort/multicentre study,similar,genes,Congenital central hypoventilation syndrome and Hirschsprung disease: A retrospective review of the French National Registry Center on 33 cases.,2019,https://doi.org/10.1016/j.jpedsurg.2019.02.014,
50,12,0.800,0.40,IgG4-related disease,idiopathic retroperitoneal fibrosis,2,comparative/cohort/multicentre study,related but distinct,phenotype,Clinical characteristics of IgG4-related retroperitoneal fibrosis versus idiopathic retroperitoneal fibrosis.,2021,https://europepmc.org/article/PMC/PMC7891782,
51,12,0.800,0.85,Joubert syndrome,Meckel-Gruber syndrome,2,comparative/cohort/multicentre study,similar,genes,Enhanced diagnostic yield in Meckel-Gruber and Joubert syndrome through exome sequencing supplemented with split-read mapping.,2016,https://europepmc.org/article/PMC/PMC4700600,
52,12,0.800,0.40,Kallmann syndrome,congenital hypogonadotropic hypogonadism,1,comparative/cohort/multicentre study,related but distinct,genes,Contributions of Common Genetic Variants to Constitutional Delay of Puberty and Idiopathic Hypogonadotropic Hypogonadism.,2024,https://europepmc.org/article/PMC/PMC11651688,single paper
53,12,0.800,0.81,Kearns-Sayre syndrome,chronic progressive external ophthalmoplegia,2,comparative/cohort/multicentre study,similar,phenotype,Sensorineural hearing loss in patients with chronic progressive external ophthalmoplegia or Kearns-Sayre syndrome.,2005,https://doi.org/10.1007/s00415-005-0827-7,
54,12,0.800,0.29,Lafora disease,Unverricht-Lundborg disease,3,comparative/cohort/multicentre study,related but distinct,phenotype,Photosensitivity in Lafora and Unverricht-Lundborg progressive myoclonic epilepsies.,2026,https://doi.org/10.1002/epi.70407,
55,12,0.800,0.60,Li-Fraumeni syndrome,hereditary breast and ovarian cancer,2,comparative/cohort/multicentre study,related but distinct,genes,Association between Predicted Effects of <i>TP53</i> Missense Variants on Protein Conformation and Their Phenotypic Presentation as Li-Fraumeni Syndrome or Hereditary Breast Cancer.,2021,https://europepmc.org/article/PMC/PMC8231809,
56,12,0.800,0.40,MGUS,Waldenstrom macroglobulinemia,2,comparative/cohort/multicentre study,related but distinct,genes,6q deletion discriminates Waldenström macroglobulinemia from IgM monoclonal gammopathy of undetermined significance.,2006,https://doi.org/10.1016/j.cancergencyto.2006.04.009,
57,12,0.800,0.40,Merkel cell carcinoma,small cell lung cancer,2,comparative/cohort/multicentre study,related but distinct,genes,Gene-expression profiling reveals distinct expression patterns for Classic versus Variant Merkel cell phenotypes and new classifier genes to distinguish Merkel cell from small-cell lung carcinoma.,2004,https://doi.org/10.1038/sj.onc.1207421,
58,12,0.800,0.70,Nijmegen breakage syndrome,ataxia-telangiectasia,4,comparative/cohort/multicentre study,related but distinct,pathways,Differing responses of Nijmegen breakage syndrome and ataxia telangiectasia cells to ionizing radiation.,2002,https://doi.org/10.1667/0033-7587(2002)158[0319:dronbs]2.0.co;2,no sample size recorded
59,12,0.800,0.40,PFAPA syndrome,familial Mediterranean fever,3,comparative/cohort/multicentre study,related but distinct,other,"Galectin-3: a new biomarker for differentiating periodic fever, adenitis, pharyngitis, aphthous stomatitis (PFAPA) syndrome from familial Mediterranean fever?",2022,https://doi.org/10.1007/s00296-021-04827-1,
60,12,0.800,0.41,PTEN hamartoma tumor syndrome,Peutz-Jeghers syndrome,2,comparative/cohort/multicentre study,related but distinct,phenotype,"Morphologic characterization of hamartomatous gastrointestinal polyps in Cowden syndrome, Peutz-Jeghers syndrome, and juvenile polyposis syndrome.",2016,https://doi.org/10.1016/j.humpath.2015.10.002,
61,12,0.800,0.85,PTEN hamartoma tumor syndrome,autism spectrum disorder,1,comparative/cohort/multicentre study,similar,pathways,Distinct Alterations in Tricarboxylic Acid Cycle Metabolites Associate with Cancer and Autism Phenotypes in Cowden Syndrome and Bannayan-Riley-Ruvalcaba Syndrome.,2019,https://europepmc.org/article/PMC/PMC6817552,single paper
62,12,0.800,0.40,Parkinson disease,multiple system atrophy,22,original research,related but distinct,other (biomarker),Biomarkers to detect central dopamine deficiency and distinguish Parkinson disease from multiple system atrophy.,2008,https://europepmc.org/article/PMC/PMC2650101,
63,12,0.800,0.83,Pendred syndrome,enlarged vestibular aqueduct,2,comparative/cohort/multicentre study,similar,genes,Genetic heterogeneity in patients with enlarged vestibular aqueduct and Pendred syndrome.,2025,https://europepmc.org/article/PMC/PMC12107780,
64,12,0.800,0.40,Peutz-Jeghers syndrome,juvenile polyposis syndrome,2,comparative/cohort/multicentre study,related but distinct,epidemiology,Prevalence and Incidence of Peutz-Jeghers Syndrome and Juvenile Polyposis Syndrome in Japan: A Nationwide Epidemiological Survey in 2022.,2025,https://doi.org/10.1111/jgh.16839,
65,12,0.800,0.50,Takayasu arteritis,giant cell arteritis,7,comparative/cohort/multicentre study,related but distinct,pathways,Autoantibodies and B Cells in Takayasu Arteritis and Giant Cell Arteritis: Comparative Insights into Large-Vessel Vasculitis.,2026,https://doi.org/10.1620/tjem.2026.j008,no sample size recorded
66,12,0.800,0.40,Takotsubo syndrome,acute myocardial infarction,2,comparative/cohort/multicentre study,related but distinct,epidemiology,Comparison of Takotsubo syndrome with acute myocardial infarction in Spain using hospital discharge data (MBDS).,2026,https://doi.org/10.1016/j.medine.2026.502555,
67,12,0.800,0.40,WAGR syndrome,aniridia,1,comparative/cohort/multicentre study,related but distinct,genes,Visual Acuity in Aniridia and WAGR Syndrome.,2023,https://europepmc.org/article/PMC/PMC10162095,single paper
68,12,0.800,0.62,achondroplasia,hypochondroplasia,4,comparative/cohort/multicentre study,related but distinct,treatment,The comparison of the effects of short-term growth hormone treatment in patients with achondroplasia and with hypochondroplasia.,2003,https://doi.org/10.1507/endocrj.50.69,no sample size recorded
69,12,0.800,0.83,achromatopsia,cone dystrophy,2,comparative/cohort/multicentre study,similar,genes,Comprehensive analysis of the achromatopsia genes CNGA3 and CNGB3 in progressive cone dystrophy.,2010,https://doi.org/10.1016/j.ophtha.2009.09.008,
70,12,0.800,0.40,adrenocortical adenoma,adrenocortical carcinoma,2,comparative/cohort/multicentre study,related but distinct,other,Inflammation-based scores in a large cohort of adrenocortical carcinoma and adrenocortical adenoma: role of the hormonal secretion pattern.,2025,https://europepmc.org/article/PMC/PMC11729201,
71,12,0.800,0.67,amyloidosis,light chain deposition disease,2,comparative/cohort/multicentre study,similar,treatment,Consolidation with a short course of daratumumab in patients with AL amyloidosis or light chain deposition disease.,2021,https://doi.org/10.1080/13506129.2021.1971192,
72,12,0.800,0.58,amyotrophic lateral sclerosis,multiple sclerosis,6,comparative/cohort/multicentre study,related but distinct,genes,No evidence for shared genetic basis of common variants in multiple sclerosis and amyotrophic lateral sclerosis.,2014,https://europepmc.org/article/PMC/PMC3943520,no sample size recorded
73,12,0.800,0.40,aplastic anemia,myelodysplastic syndrome,3,comparative/cohort/multicentre study,related but distinct,phenotype,Comparison of severe aplastic anaemia and lower risk hypoplastic myelodysplastic neoplasms: Critical role of megakaryocyte count in distinguishing aplastic anaemia from myelodysplastic neoplasms.,2025,https://europepmc.org/article/PMC/PMC12166340,
74,12,0.800,0.40,cholangiocarcinoma,hepatocellular carcinoma,2,comparative/cohort/multicentre study,related but distinct,other,Comparative Diagnostic Sensitivity of Endoscopic Ultrasound-guided Tissue Acquisition for Hepatocellular Carcinoma Versus Intrahepatic Cholangiocarcinoma.,2027,https://europepmc.org/article/PMC/PMC13528442,
75,12,0.800,0.40,chondrosarcoma,chordoma,2,comparative/cohort/multicentre study,related but distinct,epidemiology,Risk calculator for long-term survival prediction of spinal chordoma versus chondrosarcoma: a nationwide analysis.,2025,https://doi.org/10.1007/s11060-025-05063-4,
76,12,0.800,0.40,congenital hypogonadotropic hypogonadism,constitutional delay of growth and puberty,1,comparative/cohort/multicentre study,related but distinct,genes,Contributions of Common Genetic Variants to Constitutional Delay of Puberty and Idiopathic Hypogonadotropic Hypogonadism.,2024,https://europepmc.org/article/PMC/PMC11651688,single paper
77,12,0.800,0.40,congenital myasthenic syndrome,myasthenia gravis,2,comparative/cohort/multicentre study,related but distinct,genes,Congenital myasthenic syndrome in a cohort of patients with 'double' seronegative myasthenia gravis.,2022,https://europepmc.org/article/PMC/PMC9651496,
78,12,0.800,0.62,congenital myopathy,spinal muscular atrophy,2,comparative/cohort/multicentre study,similar,phenotype,Correlation of flexion contractures with upper extremity function and pain for spinal muscular atrophy and congenital myopathy patients.,1995,https://doi.org/10.1097/00002060-199501000-00006,
79,12,0.800,0.53,diabetes insipidus,primary polydipsia,3,comparative/cohort/multicentre study,similar,other,Psychopathological characteristics in patients with arginine vasopressin deficiency (central diabetes insipidus) and primary polydipsia compared to healthy controls.,2024,https://doi.org/10.1093/ejendo/lvae040,
80,12,0.800,0.40,diffuse midline glioma,glioblastoma,3,comparative/cohort/multicentre study,related but distinct,epidemiology,"Clinical and survival differences between thalamic glioblastoma and thalamic diffuse midline glioma, H3 K27-altered.",2025,https://doi.org/10.1007/s11060-025-05273-w,
81,12,0.800,0.40,eosinophilic esophagitis,eosinophilic gastroenteritis,2,comparative/cohort/multicentre study,related but distinct,phenotype,"Clinical Characteristics, Diagnostic Challenges, and Therapeutic Outcomes in Non-eosinophilic Esophagitis Eosinophilic Gastrointestinal Diseases in Comparison with Eosinophilic Esophagitis. ",2026,https://doi.org/10.18502/ijaai.v25is11.22484,
82,12,0.800,0.83,idiopathic intracranial hypertension,migraine,2,comparative/cohort/multicentre study,similar,pathways,Papilledema is not the point: intracranial pressure dysregulation as a common pathway in migraine and idiopathic intracranial hypertension.,2026,https://europepmc.org/article/PMC/PMC13457942,
83,12,0.800,0.40,idiopathic pulmonary fibrosis,pulmonary alveolar proteinosis,2,comparative/cohort/multicentre study,related but distinct,phenotype,Pulmonary alveolar proteinosis-like change: A fairly common reaction associated with the severity of idiopathic pulmonary fibrosis.,2016,https://doi.org/10.1016/j.resinv.2016.02.004,
84,12,0.800,0.40,intracranial atherosclerotic disease,moyamoya disease,2,comparative/cohort/multicentre study,related but distinct,phenotype,The Differences of Cerebral Hyperperfusion in Patients With Moyamoya Disease and Atherosclerotic Occlusive Cerebrovascular Disease Evaluated by 99m Tc-ECD SPECT One Day After Revascularization Surgery.,2025,https://doi.org/10.1097/rlu.0000000000005929,
85,12,0.800,0.40,lung adenocarcinoma,mesothelioma,3,comparative/cohort/multicentre study,related but distinct,other,SOX6 is a Novel Immunohistochemical Marker for Differential Diagnosis of Epithelioid Mesothelioma From Lung Adenocarcinoma.,2020,https://doi.org/10.1097/pas.0000000000001507,
86,12,0.800,0.40,mixed connective tissue disease,systemic lupus erythematosus,2,comparative/cohort/multicentre study,related but distinct,other,Association of Combined Autoreactivity to Sm/RNP Common Motif and U1 RNP With Mixed Connective Tissue Disease and Systemic Lupus Erythematosus.,2024,https://europepmc.org/article/PMC/PMC11638137,
87,12,0.800,0.40,pancreatic ductal adenocarcinoma,pancreatic neuroendocrine tumor,2,comparative/cohort/multicentre study,related but distinct,epidemiology,Discordant risk factors between pancreatic neuroendocrine neoplasms and pancreatic ductal adenocarcinoma.,2025,https://europepmc.org/article/PMC/PMC11896652,
88,12,0.800,0.50,rheumatoid arthritis,systemic sclerosis,2,comparative/cohort/multicentre study,related but distinct,genes; phenotype,"Systemic sclerosis-rheumatoid arthritis overlap syndrome: a unique combination of features suggests a distinct genetic, serological and clinical entity.",2007,https://europepmc.org/article/MED/17384178,
89,11,0.733,0.80,1p36 deletion syndrome,Prader-Willi syndrome,2,comparative/cohort/multicentre study,similar,phenotype,"Prader-Willi-like phenotype: investigation of 1p36 deletion in 41 patients with delayed psychomotor development, hypotonia, obesity and/or hyperphagia, learning disabilities and behavioral problems.",2006,https://doi.org/10.1016/j.ejmg.2006.02.001,
90,11,0.733,0.85,22q11.2 deletion syndrome,schizophrenia,3,comparative/cohort/multicentre study,similar,pathways,Hippocampal transcriptome profiling in a 22q11.2 deletion syndrome mouse model: comparison with human schizophrenia.,2026,https://europepmc.org/article/PMC/PMC13188264,no sample size recorded
91,11,0.733,0.53,ANCA-associated vasculitis,anti-GBM disease,2,comparative/cohort/multicentre study,related but distinct,phenotype,Renal and overall outcomes of double-positive (ANCA and anti-GBM antibodies) patients compared to ANCA-associated vasculitis patients with severe renal involvement: A multicenter retrospective study with systematic renal pathology analysis.,2022,https://doi.org/10.1080/03009742.2021.1920120,
92,11,0.733,0.40,Alstrom syndrome,Bardet-Biedl syndrome,3,comparative/cohort/multicentre study,related but distinct,pathways,Differential effects on β-cell mass by disruption of Bardet-Biedl syndrome or Alstrom syndrome genes.,2016,https://europepmc.org/article/PMC/PMC4690491,no sample size recorded
93,11,0.733,0.40,Alzheimer disease,neurosyphilis,1,comparative/cohort/multicentre study,related but distinct,phenotype,"Neuropsychiatric Features of Neurosyphilis: Frequency, Relationship with the Severity of Cognitive Impairment and Comparison with Alzheimer Disease.",2017,https://doi.org/10.1159/000476060,single paper
94,11,0.733,0.40,Andersen-Tawil syndrome,catecholaminergic polymorphic ventricular tachycardia,2,comparative/cohort/multicentre study,related but distinct,phenotype,Different responses to exercise between Andersen-Tawil syndrome and catecholaminergic polymorphic ventricular tachycardia.,2018,https://doi.org/10.1093/europace/eux351,
95,11,0.733,0.40,Bartter syndrome,pseudo-Bartter syndrome,1,comparative/cohort/multicentre study,related but distinct,phenotype,"Differential diagnosis of Bartter syndrome, Gitelman syndrome, and pseudo-Bartter/Gitelman syndrome based on clinical characteristics.",2016,https://doi.org/10.1038/gim.2015.56,single paper
96,11,0.733,0.80,Beckwith-Wiedemann syndrome,Kabuki syndrome,1,comparative/cohort/multicentre study,similar,phenotype,"Hyperinsulinemic hypoglycemia in Beckwith-Wiedemann, Sotos, and Kabuki syndromes: A nationwide survey in Japan.",2017,https://doi.org/10.1002/ajmg.a.38011,single paper
97,11,0.733,0.80,Beckwith-Wiedemann syndrome,Sotos syndrome,1,comparative/cohort/multicentre study,similar,phenotype,"Hyperinsulinemic hypoglycemia in Beckwith-Wiedemann, Sotos, and Kabuki syndromes: A nationwide survey in Japan.",2017,https://doi.org/10.1002/ajmg.a.38011,single paper
98,11,0.733,0.40,Coats disease,retinoblastoma,2,comparative/cohort/multicentre study,related but distinct,phenotype,MR Imaging Features to Differentiate Retinoblastoma from Coats' Disease and Persistent Fetal Vasculature.,2020,https://europepmc.org/article/PMC/PMC7760210,
99,11,0.733,0.61,Cornelia de Lange syndrome,Rubinstein-Taybi syndrome,2,comparative/cohort/multicentre study,similar,phenotype,Age-related hallmarks of psychopathology in Cornelia de Lange and Rubinstein-Taybi syndromes.,2022,https://doi.org/10.1016/j.ridd.2022.104235,
100,11,0.733,0.41,Crohn disease,chronic granulomatous disease,3,comparative/cohort/multicentre study,related but distinct,phenotype,CD68 expression is markedly different in Crohn's disease and the colitis associated with chronic granulomatous disease.,2009,https://doi.org/10.1002/ibd.20890,
101,11,0.733,0.40,Evans syndrome,autoimmune lymphoproliferative syndrome,2,comparative/cohort/multicentre study,related but distinct,phenotype,Identifying autoimmune lymphoproliferative syndrome in children with Evans syndrome: a multi-institutional study.,2010,https://doi.org/10.1182/blood-2009-08-239525,
102,11,0.733,0.40,Fabry disease,hypertrophic cardiomyopathy,5,comparative/cohort/multicentre study,related but distinct,phenotype,Two diseases presenting only as cardiac hypertrophy: differences between the late-onset Fabry disease cardiac variant and hypertrophic cardiomyopathy.,2026,https://europepmc.org/article/PMC/PMC12958524,no sample size recorded
103,11,0.733,0.40,GM1 gangliosidosis,mucopolysaccharidosis,1,comparative/cohort/multicentre study,related but distinct,other,Measurement of Elevated Concentrations of Urine Keratan Sulfate by UPLC-MSMS in Lysosomal Storage Disorders (LSDs): Comparison of Urine Keratan Sulfate Levels in MPS IVA Versus Other LSDs.,2017,https://europepmc.org/article/PMC/PMC5509552,single paper
104,11,0.733,0.40,Gitelman syndrome,pseudo-Bartter syndrome,1,comparative/cohort/multicentre study,related but distinct,phenotype,"Differential diagnosis of Bartter syndrome, Gitelman syndrome, and pseudo-Bartter/Gitelman syndrome based on clinical characteristics.",2016,https://doi.org/10.1038/gim.2015.56,single paper
105,11,0.733,0.43,IgA nephropathy,IgA vasculitis nephritis,4,comparative/cohort/multicentre study,related but distinct,phenotype,A clinicopathological comparison between IgA nephropathy and Henoch-Schönlein purpura nephritis in children: use of the Oxford classification.,2019,https://doi.org/10.1007/s10157-019-01777-8,no sample size recorded
106,11,0.733,0.40,IgA nephropathy,amyloidosis,1,comparative/cohort/multicentre study,related but distinct,other,Mean platelet volume in familial Mediterranean fever related AA amyloidosis and comparison with common primary glomerular diseases,2021,https://doi.org/10.3906/sag-2102-13,single paper
107,11,0.733,0.40,IgA nephropathy,membranous nephropathy,2,comparative/cohort/multicentre study,related but distinct,other,Novel Biomarkers as Non-Invasive Diagnostic Tools in IgA Nephropathy: A Comparative Study with Lupus Nephritis and Membranous Nephropathy.,2025,https://europepmc.org/article/PMC/PMC11972577,
108,11,0.733,0.60,IgG4-related disease,Kimura disease,2,comparative/cohort/multicentre study,related but distinct,pathways,Distinct disease-specific Tfh cell populations in 2 different fibrotic diseases: IgG<sub>4</sub>-related disease and Kimura disease.,2022,https://europepmc.org/article/PMC/PMC10369367,
109,11,0.733,0.80,Kabuki syndrome,Sotos syndrome,1,comparative/cohort/multicentre study,similar,phenotype,"Hyperinsulinemic hypoglycemia in Beckwith-Wiedemann, Sotos, and Kabuki syndromes: A nationwide survey in Japan.",2017,https://doi.org/10.1002/ajmg.a.38011,single paper
110,11,0.733,0.16,Kallmann syndrome,constitutional delay of growth and puberty,2,comparative/cohort/multicentre study,unrelated,genes,Contributions of Common Genetic Variants to Constitutional Delay of Puberty and Idiopathic Hypogonadotropic Hypogonadism.,2024,https://europepmc.org/article/PMC/PMC11651688,
111,11,0.733,0.40,Klinefelter syndrome,congenital hypogonadotropic hypogonadism,1,comparative/cohort/multicentre study,related but distinct,other,Serum insulin-like factor 3 quantification by LC-MS/MS in male patients with hypogonadotropic hypogonadism and Klinefelter syndrome.,2021,https://doi.org/10.1007/s12020-021-02609-0,single paper
112,11,0.733,0.40,Leber hereditary optic neuropathy,optic neuritis,1,comparative/cohort/multicentre study,related but distinct,phenotype,[Leber hereditary optic neuropathy and optic neuritis: similarities and differences of clinical characteristics].,2007,https://europepmc.org/article/MED/18070523,single paper
113,11,0.733,0.43,Loeys-Dietz syndrome,Marfan syndrome,4,comparative/cohort/multicentre study,related but distinct,phenotype,Case-matched Comparison of Cardiovascular Outcome in Loeys-Dietz Syndrome versus Marfan Syndrome.,2019,https://europepmc.org/article/PMC/PMC6947024,no sample size recorded
114,11,0.733,0.05,MCAD deficiency,sudden infant death syndrome,2,comparative/cohort/multicentre study,unrelated,genes,Scottish frequency of the common G985 mutation in the medium-chain acyl-CoA dehydrogenase (MCAD) gene and the role of MCAD deficiency in sudden infant death syndrome (SIDS).,1993,https://doi.org/10.1007/bf00711516,
115,11,0.733,0.40,Marfan syndrome,Stickler syndrome,2,comparative/cohort/multicentre study,related but distinct,phenotype,Biometric Variations in High Myopia Associated with Different Underlying Ocular and Genetic Conditions.,2023,https://europepmc.org/article/PMC/PMC9761849,
116,11,0.733,0.55,Noonan syndrome,Turner syndrome,3,comparative/cohort/multicentre study,related but distinct,treatment; pathways,GH Responsiveness in Children With Noonan Syndrome Compared to Turner Syndrome.,2021,https://europepmc.org/article/PMC/PMC8631177,no sample size recorded
117,11,0.733,0.40,PTEN hamartoma tumor syndrome,juvenile polyposis syndrome,1,comparative/cohort/multicentre study,related but distinct,phenotype,"Morphologic characterization of hamartomatous gastrointestinal polyps in Cowden syndrome, Peutz-Jeghers syndrome, and juvenile polyposis syndrome.",2016,https://doi.org/10.1016/j.humpath.2015.10.002,single paper
118,11,0.733,0.40,Parkinson disease,progressive supranuclear palsy,6,comparative/cohort/multicentre study,related but distinct,phenotype,Neurogenic bladder in progressive supranuclear palsy: A comparison with Parkinson's disease and multiple system atrophy.,2018,https://europepmc.org/article/MED/29356135,no sample size recorded
119,11,0.733,0.54,Prader-Willi syndrome,essential obesity,3,comparative/cohort/multicentre study,related but distinct,pathways; other (metabolomics),Metabolomic profiling of Prader-Willi syndrome compared with essential obesity.,2024,https://europepmc.org/article/PMC/PMC11133515,no sample size recorded
120,11,0.733,0.51,Rett syndrome,neuronal ceroid lipofuscinosis,4,comparative/cohort/multicentre study,related but distinct,phenotype,"Early differential diagnosis of infantile neuronal ceroid lipofuscinosis, Rett syndrome, and Krabbe disease by CT and MR.",1994,https://europepmc.org/article/PMC/PMC8334405,no sample size recorded
121,11,0.733,0.80,TRAPS,familial Mediterranean fever,1,comparative/cohort/multicentre study,similar,treatment,"Use of the Auto-inflammatory Disease Activity Index to monitor disease activity in patients with colchicine-resistant Familial Mediterranean Fever, Mevalonate Kinase Deficiency, and TRAPS treated with canakinumab.",2022,https://doi.org/10.1016/j.jbspin.2022.105448,single paper
122,11,0.733,0.80,TRAPS,mevalonate kinase deficiency,1,comparative/cohort/multicentre study,similar,treatment,"Use of the Auto-inflammatory Disease Activity Index to monitor disease activity in patients with colchicine-resistant Familial Mediterranean Fever, Mevalonate Kinase Deficiency, and TRAPS treated with canakinumab.",2022,https://doi.org/10.1016/j.jbspin.2022.105448,single paper
123,11,0.733,0.40,Takotsubo cardiomyopathy,acute myocardial infarction,4,comparative/cohort/multicentre study,related but distinct,phenotype,Comparison of Complications and In-Hospital Mortality in Takotsubo (Apical Ballooning/Stress) Cardiomyopathy Versus Acute Myocardial Infarction.,2020,https://europepmc.org/article/MED/32762963,no sample size recorded
124,11,0.733,0.40,amyloidosis,focal segmental glomerulosclerosis,1,comparative/cohort/multicentre study,related but distinct,other,Mean platelet volume in familial Mediterranean fever related AA amyloidosis and comparison with common primary glomerular diseases,2021,https://doi.org/10.3906/sag-2102-13,single paper
125,11,0.733,0.40,amyloidosis,membranous nephropathy,1,comparative/cohort/multicentre study,related but distinct,other,Mean platelet volume in familial Mediterranean fever related AA amyloidosis and comparison with common primary glomerular diseases,2021,https://doi.org/10.3906/sag-2102-13,single paper
126,11,0.733,0.40,amyotrophic lateral sclerosis,mitochondrial myopathy,1,comparative/cohort/multicentre study,related but distinct,phenotype,Mitochondriopathy as a differential diagnosis of amyotrophic lateral sclerosis.,2002,https://europepmc.org/article/MED/12710512,single paper
127,11,0.733,0.40,atypical teratoid rhabdoid tumor,medulloblastoma,2,comparative/cohort/multicentre study,related but distinct,phenotype,Radiomic Phenotypes Distinguish Atypical Teratoid/Rhabdoid Tumors from Medulloblastoma.,2021,https://europepmc.org/article/PMC/PMC8423034,
128,11,0.733,0.40,autoimmune enteropathy,celiac disease,2,comparative/cohort/multicentre study,related but distinct,phenotype,Features of Adult Autoimmune Enteropathy Compared With Refractory Celiac Disease.,2018,https://doi.org/10.1016/j.cgh.2017.12.044,
129,11,0.733,0.40,bullous pemphigoid,dermatitis herpetiformis,1,comparative/cohort/multicentre study,related but distinct,pathways,Tissue Factor in Dermatitis Herpetiformis and Bullous Pemphigoid: Link between Immune and Coagulation System in Subepidermal Autoimmune Bullous Diseases.,2015,https://europepmc.org/article/PMC/PMC4709721,single paper
130,11,0.733,0.40,bullous pemphigoid,epidermolysis bullosa acquisita,2,comparative/cohort/multicentre study,related but distinct,other,Accuracy of indirect immunofluorescence on sodium chloride-split skin in the differential diagnosis of bullous pemphigoid and epidermolysis bullosa acquisita.,2011,https://doi.org/10.4103/0378-6323.86479,
131,11,0.733,0.40,congenital dyserythropoietic anemia,hereditary spherocytosis,2,comparative/cohort/multicentre study,related but distinct,phenotype,Flow-cytometric analysis of erythrocytes and reticulocytes in congenital dyserythropoietic anaemia type II (CDA II): value in differential diagnosis with hereditary spherocytosis.,2001,https://doi.org/10.1046/j.1365-2257.2001.00354.x,
132,11,0.733,0.40,desmoid tumor,familial adenomatous polyposis,1,comparative/cohort/multicentre study,related but distinct,epidemiology,A nation-wide study comparing sporadic and familial adenomatous polyposis-related desmoid-type fibromatoses.,2011,https://doi.org/10.1002/ijc.25664,single paper
133,11,0.733,0.61,episodic ataxia type 2,spinocerebellar ataxia,3,comparative/cohort/multicentre study,related but distinct,genes,Spinocerebellar ataxia type 6 and episodic ataxia type 2: differences and similarities between two allelic disorders.,2003,https://doi.org/10.1159/000072849,no sample size recorded
134,11,0.733,0.61,facioscapulohumeral muscular dystrophy,limb-girdle muscular dystrophy,2,comparative/cohort/multicentre study,similar,treatment,"The effects of 12 weeks' resistance training on psychological parameters and quality of life in adults with Facioscapulohumeral, Becker, and Limb-girdle dystrophies.",2022,https://doi.org/10.1080/09638288.2021.1955306,
135,11,0.733,0.40,gastrointestinal stromal tumor,leiomyosarcoma,1,comparative/cohort/multicentre study,related but distinct,epidemiology,A large national comparative study of clinicopathological features and long-term survivals between esophageal gastrointestinal stromal tumor and leiomyosarcoma.,2019,https://doi.org/10.1016/j.amjsurg.2018.10.046,single paper
136,11,0.733,0.62,giant cell arteritis,polymyalgia rheumatica,2,comparative/cohort/multicentre study,related but distinct,pathways,Plasma proteome differences between giant cell arteritis and polymyalgia rheumatica: a pilot study.,2026,https://europepmc.org/article/PMC/PMC13587367,
137,11,0.733,0.40,hypoparathyroidism,pseudohypoparathyroidism,2,comparative/cohort/multicentre study,related but distinct,phenotype,"Pseudohypoparathyroidism and idiopathic hypoparathyroidism: relationship between serum calcium and parathyroid hormone levels and urinary cyclic adenosine-3',5'-monophosphate response to parathyroid extract.",1978,https://doi.org/10.1210/jcem-46-6-872,
138,11,0.733,0.40,inclusion body myositis,polymyositis,2,comparative/cohort/multicentre study,related but distinct,phenotype,Invasive fibroblasts: fundamental difference between sporadic inclusion body myositis and polymyositis.,2014,https://doi.org/10.1002/mus.23898,
139,11,0.733,0.40,juvenile idiopathic arthritis,mucopolysaccharidosis,2,comparative/cohort/multicentre study,related but distinct,phenotype,How not to Misdiagnose the Mild Forms of Mucopolysaccharidosis and Juvenile Idiopathic Arthritis.,2026,https://doi.org/10.2174/0115733963321478250316112649,
140,11,0.733,0.40,metachromatic leukodystrophy,vanishing white matter disease,1,comparative/cohort/multicentre study,related but distinct,phenotype,Quantitative MRI distinguishes different leukodystrophies and correlates with clinical measures.,2025,https://europepmc.org/article/PMC/PMC11914348,single paper
141,11,0.733,0.59,morphea,systemic sclerosis,2,comparative/cohort/multicentre study,related but distinct,phenotype,"Histopathologic Comparison Between Morphea, Lichen Sclerosus, and Systemic Sclerosis: A Prospective Cross-Sectional Observational Study From a Tertiary Care Hospital.",2026,https://doi.org/10.1097/dad.0000000000003241,
142,11,0.733,0.40,mucolipidosis type II,mucopolysaccharidosis,1,comparative/cohort/multicentre study,related but distinct,other,Measurement of Elevated Concentrations of Urine Keratan Sulfate by UPLC-MSMS in Lysosomal Storage Disorders (LSDs): Comparison of Urine Keratan Sulfate Levels in MPS IVA Versus Other LSDs.,2017,https://europepmc.org/article/PMC/PMC5509552,single paper
143,11,0.733,0.40,multiple sclerosis,progressive multifocal leukoencephalopathy,1,comparative/cohort/multicentre study,related but distinct,phenotype,Progressive multifocal leukoencephalopathy and relapsing-remitting multiple sclerosis: a comparative study.,2009,https://doi.org/10.1001/archneurol.2009.31,single paper
144,11,0.733,0.40,phenylketonuria,tyrosinemia type 1,2,comparative/cohort/multicentre study,related but distinct,phenotype,Neurocognitive outcome and mental health in children with tyrosinemia type 1 and phenylketonuria: A comparison between two genetic disorders affecting the same metabolic pathway.,2022,https://europepmc.org/article/PMC/PMC9540223,
145,11,0.733,0.40,pheochromocytoma,von Hippel-Lindau disease,1,comparative/cohort/multicentre study,related but distinct,phenotype,Pheochromocytoma in von Hippel-Lindau Disease: Clinical Features and Comparison With Sporadic Pheochromocytoma.,2025,https://doi.org/10.1111/cen.15190,single paper
146,11,0.733,0.80,trisomy 13,trisomy 18,1,comparative/cohort/multicentre study,similar,epidemiology,Trisomy 18 and Trisomy 13: A Retrospective Cohort Study at a Tertiary Hospital.,2026,https://europepmc.org/article/PMC/PMC12939952,single paper
147,10,0.667,0.59,Alzheimer disease,Huntington disease,2,comparative/cohort/multicentre study,related but distinct,pathways,Reduction of calbindin-28k mRNA levels in Alzheimer as compared to Huntington hippocampus.,1993,https://doi.org/10.1016/0169-328x(93)90171-k,no sample size recorded
148,10,0.667,0.88,Alzheimer disease,amyotrophic lateral sclerosis,4,original research,similar,pathways; other (comorbidity),"An Artificial Intelligence-Driven Multimorbidity Framework Reveals a Shared Metabolic and Immune Core Across Alzheimer's Disease, Amyotrophic Lateral Sclerosis, and Frontotemporal Dementia.",2026,https://europepmc.org/article/PMC/PMC12938555,no sample size recorded
149,10,0.667,0.47,Alzheimer disease,frontotemporal dementia,9,original research,similar,pathways; other (comorbidity),"An Artificial Intelligence-Driven Multimorbidity Framework Reveals a Shared Metabolic and Immune Core Across Alzheimer's Disease, Amyotrophic Lateral Sclerosis, and Frontotemporal Dementia.",2026,https://europepmc.org/article/PMC/PMC12938555,no sample size recorded
150,10,0.667,0.40,Andersen-Tawil syndrome,idiopathic hypokalemic periodic paralysis,1,comparative/cohort/multicentre study,related but distinct,phenotype,Muscle MRI in periodic paralysis shows myopathy is common and correlates with intramuscular fat accumulation.,2023,https://doi.org/10.1002/mus.27947,single paper
151,10,0.667,0.80,Becker muscular dystrophy,facioscapulohumeral muscular dystrophy,1,comparative/cohort/multicentre study,similar,treatment,"The effects of 12 weeks' resistance training on psychological parameters and quality of life in adults with Facioscapulohumeral, Becker, and Limb-girdle dystrophies.",2022,https://doi.org/10.1080/09638288.2021.1955306,single paper
152,10,0.667,0.80,Becker muscular dystrophy,limb-girdle muscular dystrophy,1,comparative/cohort/multicentre study,similar,treatment,"The effects of 12 weeks' resistance training on psychological parameters and quality of life in adults with Facioscapulohumeral, Becker, and Limb-girdle dystrophies.",2022,https://doi.org/10.1080/09638288.2021.1955306,single paper
153,10,0.667,0.40,Behcet disease,Crohn disease,3,comparative/cohort/multicentre study,related but distinct,phenotype,Enteroclysis findings of intestinal Behcet disease: a comparative study with Crohn disease.,2003,https://doi.org/10.1007/s00261-002-0036-0,no sample size recorded
154,10,0.667,0.82,Bethlem myopathy,Ullrich congenital muscular dystrophy,2,comparative/cohort/multicentre study,similar,phenotype,"Body composition, muscle strength, and physical function of patients with Bethlem myopathy and Ullrich congenital muscular dystrophy.",2013,https://europepmc.org/article/PMC/PMC3791808,
155,10,0.667,0.85,Bloom syndrome,Rothmund-Thomson syndrome,1,comparative/cohort/multicentre study,similar,genes,Rothmund-Thomson syndrome due to RECQ4 helicase mutations: report and clinical and molecular comparisons with Bloom syndrome and Werner syndrome.,2000,https://doi.org/10.1002/(sici)1096-8628(20000131)90:3<223::aid-ajmg7>3.0.co;2-z,single paper
156,10,0.667,0.66,Brugada syndrome,long QT syndrome,4,original research,similar,genes; pathways,"E1784K, the most common Brugada syndrome and long-QT syndrome type 3 mutant, disrupts sodium channel inactivation through two separate mechanisms.",2020,https://europepmc.org/article/PMC/PMC7478868,no sample size recorded
157,10,0.667,0.55,CADASIL,multiple sclerosis,3,comparative/cohort/multicentre study,related but distinct,phenotype,Comparing the imaging characteristics of middle-aged patients with multiple sclerosis and CADASIL: A retrospective cross-sectional study.,2024,https://doi.org/10.1016/j.msard.2024.105856,no sample size recorded
158,10,0.667,0.68,COPD,alpha-1 antitrypsin deficiency,3,comparative/cohort/multicentre study,related but distinct,phenotype; epidemiology,Comparison among populations with severe and intermediate alpha1-antitrypsin deficiency and chronic obstructive pulmonary disease.,2024,https://doi.org/10.23736/s0026-4806.22.08266-0,no sample size recorded
159,10,0.667,0.42,Castleman disease,IgG4-related disease,3,comparative/cohort/multicentre study,related but distinct,phenotype,Clinical and Radiologic Differences in Lung Involvement Between IgG4-Related Disease and Plasma Cell-Type Idiopathic Multicentric Castleman Disease.,2025,https://doi.org/10.1007/s00408-024-00782-3,no sample size recorded
160,10,0.667,0.40,Chiari I malformation,spontaneous intracranial hypotension,2,comparative/cohort/multicentre study,related but distinct,phenotype,Differentiation of Chiari malformation type 1 and spontaneous intracranial hypotension using objective measurements of midbrain sagging.,2022,https://doi.org/10.3171/2021.6.jns211010,
161,10,0.667,0.40,Creutzfeldt-Jakob disease,subacute sclerosing panencephalitis,1,comparative/cohort/multicentre study,related but distinct,pathways,Alterations in brain gangliosides and other lipids of patients with Creutzfeldt-Jakob disease and subacute sclerosing panencephalitis (SSPE).,1984,https://pubmed.ncbi.nlm.nih.gov/6399079,single paper
162,10,0.667,0.40,Darier disease,Hailey-Hailey disease,1,comparative/cohort/multicentre study,related but distinct,pathways,Subcellular compartmentalization of STIM1 for the distinction of Darier disease from Hailey-Hailey disease.,2022,https://doi.org/10.1111/ddg.14912,single paper
163,10,0.667,0.85,Dravet syndrome,West syndrome,1,comparative/cohort/multicentre study,similar,genes,Synaptic clustering differences due to different GABRB3 mutations cause variable epilepsy syndromes.,2019,https://europepmc.org/article/PMC/PMC6776116,single paper
164,10,0.667,0.80,Ehlers-Danlos syndrome,fibromyalgia,3,comparative/cohort/multicentre study,similar,phenotype,"Autonomic symptom burden in the hypermobility type of Ehlers-Danlos syndrome: a comparative study with two other EDS types, fibromyalgia, and healthy controls.",2014,https://doi.org/10.1016/j.semarthrit.2014.05.013,no sample size recorded
165,10,0.667,0.54,Erdheim-Chester disease,Langerhans cell histiocytosis,3,comparative/cohort/multicentre study,related but distinct,phenotype,"Pulmonary manifestations of Erdheim-Chester disease: clinical characteristics, outcomes and comparison with Langerhans cell histiocytosis.",2021,https://doi.org/10.1111/bjh.17712,no sample size recorded
166,10,0.667,0.50,FOXG1 syndrome,Rett syndrome,2,comparative/cohort/multicentre study,related but distinct,phenotype,FOXG1 variants can be associated with milder phenotypes than congenital Rett syndrome with unassisted walking and language development.,2024,https://doi.org/10.1002/ajmg.b.32970,
167,10,0.667,0.40,GATA2 deficiency,aplastic anemia,1,comparative/cohort/multicentre study,related but distinct,phenotype,GATA2 deficiency-associated bone marrow disorder differs from idiopathic aplastic anemia.,2015,https://europepmc.org/article/PMC/PMC4281830,single paper
168,10,0.667,0.90,Hay-Wells syndrome,Rapp-Hodgkin syndrome,1,comparative/cohort/multicentre study,similar,genes; phenotype,Rapp-Hodgkin ectodermal dysplasia syndrome: the clinical and molecular overlap with Hay-Wells syndrome.,2006,https://europepmc.org/article/MED/16532463,single paper
169,10,0.667,0.85,Hirschsprung disease,Waardenburg syndrome,1,comparative/cohort/multicentre study,similar,genes,Analysis of SOX10 mutations identified in Waardenburg-Hirschsprung patients: Differential effects on target gene regulation.,2003,https://doi.org/10.1002/jcb.10656,single paper
170,10,0.667,0.85,Huntington disease,chorea-acanthocytosis,2,comparative/cohort/multicentre study,similar,pathways; phenotype,Subcortical neurodegeneration in chorea: Similarities and differences between chorea-acanthocytosis and Huntington's disease.,2018,https://europepmc.org/article/MED/29402698,no sample size recorded
171,10,0.667,0.40,IgA nephropathy,idiopathic membranous nephropathy,1,comparative/cohort/multicentre study,related but distinct,phenotype,"Comparison of prognostic, clinical, and renal histopathological characteristics of overlapping idiopathic membranous nephropathy and IgA nephropathy versus idiopathic membranous nephropathy.",2017,https://europepmc.org/article/PMC/PMC5597578,single paper
172,10,0.667,0.40,IgG4-related disease,Sjogren syndrome,1,comparative/cohort/multicentre study,related but distinct,phenotype,"Differential diagnosis of IgG4-related sialadenitis, primary Sjögren syndrome, and chronic obstructive submandibular sialadenitis.",2017,https://doi.org/10.1016/j.bjoms.2016.10.021,single paper
173,10,0.667,0.40,Kabuki syndrome,O'Donnell-Luria-Rodan syndrome,1,comparative/cohort/multicentre study,related but distinct,phenotype,"Academic Learning Profiles Across Disorders of KMT2 Gene Family: Superimposed and Distinct Features Across Kabuki, Wiedemann-Steiner and ODLURO Syndromes.",2025,https://doi.org/10.1111/jir.70017,single paper
174,10,0.667,0.80,Kabuki syndrome,Wiedemann-Steiner syndrome,1,comparative/cohort/multicentre study,similar,phenotype,"Academic Learning Profiles Across Disorders of KMT2 Gene Family: Superimposed and Distinct Features Across Kabuki, Wiedemann-Steiner and ODLURO Syndromes.",2025,https://doi.org/10.1111/jir.70017,single paper
175,10,0.667,0.40,Kallmann syndrome,Klinefelter syndrome,1,comparative/cohort/multicentre study,related but distinct,phenotype,Body Composition by DXA in Patients with Klinefelter and Kallmann Syndrome: The Kama Study.,2026,https://europepmc.org/article/PMC/PMC13016807,single paper
176,10,0.667,0.64,Leber hereditary optic neuropathy,multiple sclerosis,5,original research,related but distinct,pathways; other (biomarker),Differential cerebro spinal fluid proteome investigation of Leber hereditary optic neuropathy (LHON) and multiple sclerosis.,2008,https://doi.org/10.1016/j.jneuroim.2007.10.004,no sample size recorded
177,10,0.667,0.85,Lennox-Gastaut syndrome,West syndrome,1,comparative/cohort/multicentre study,similar,genes,Synaptic clustering differences due to different GABRB3 mutations cause variable epilepsy syndromes.,2019,https://europepmc.org/article/PMC/PMC6776116,single paper
178,10,0.667,0.70,MECP2 duplication syndrome,Rett syndrome,2,comparative/cohort/multicentre study,similar,pathways,MECP2 Duplication Syndrome: Evidence of Enhanced Oxidative Stress. A Comparison with Rett Syndrome.,2016,https://europepmc.org/article/PMC/PMC4773238,no sample size recorded
179,10,0.667,0.85,Mowat-Wilson syndrome,Pitt-Hopkins syndrome,1,comparative/cohort/multicentre study,similar,pathways,"Knockdown of human TCF4 affects multiple signaling pathways involved in cell survival, epithelial to mesenchymal transition and neuronal differentiation.",2013,https://europepmc.org/article/PMC/PMC3751932,single paper
180,10,0.667,0.85,Niemann-Pick disease type C,acid sphingomyelinase deficiency,1,comparative/cohort/multicentre study,similar,pathways,c-Abl/TFEB Pathway Activation as a Common Pathogenic Mechanism in Lysosomal Storage Diseases: Therapeutic Potential of c-Abl Inhibitors.,2025,https://europepmc.org/article/PMC/PMC12109443,single paper
181,10,0.667,0.40,O'Donnell-Luria-Rodan syndrome,Wiedemann-Steiner syndrome,1,comparative/cohort/multicentre study,related but distinct,phenotype,"Academic Learning Profiles Across Disorders of KMT2 Gene Family: Superimposed and Distinct Features Across Kabuki, Wiedemann-Steiner and ODLURO Syndromes.",2025,https://doi.org/10.1111/jir.70017,single paper
182,10,0.667,0.70,Parkinson disease,amyotrophic lateral sclerosis,6,original research,similar,genes,"Shared genetic risk loci between Alzheimer's disease and related dementias, Parkinson's disease, and amyotrophic lateral sclerosis.",2023,https://europepmc.org/article/PMC/PMC10273745,no sample size recorded
183,10,0.667,0.67,Parkinson disease,spinocerebellar ataxia,3,comparative/cohort/multicentre study,related but distinct,phenotype,"Linear T2 hyperintensity along the medial margin of the globus pallidus in patients with Machado-Joseph disease and Parkinson disease, and in healthy subjects.",2007,https://europepmc.org/article/PMC/PMC8134240,no sample size recorded
184,10,0.667,0.85,Rothmund-Thomson syndrome,Werner syndrome,1,comparative/cohort/multicentre study,similar,genes,Rothmund-Thomson syndrome due to RECQ4 helicase mutations: report and clinical and molecular comparisons with Bloom syndrome and Werner syndrome.,2000,https://doi.org/10.1002/(sici)1096-8628(20000131)90:3<223::aid-ajmg7>3.0.co;2-z,single paper
185,10,0.667,0.40,Stargardt disease,age-related macular degeneration,3,comparative/cohort/multicentre study,related but distinct,phenotype,A comparative study of choroidal structural features in eyes with central macular atrophy related to Stargardt disease and non-exudative age-related macular degeneration.,2024,https://europepmc.org/article/PMC/PMC11670834,no sample size recorded
186,10,0.667,0.40,Susac syndrome,multiple sclerosis,3,comparative/cohort/multicentre study,related but distinct,phenotype,Lesion morphology at 7 Tesla MRI differentiates Susac syndrome from multiple sclerosis.,2012,https://doi.org/10.1177/1352458512441270,no sample size recorded
187,10,0.667,0.43,VEXAS syndrome,relapsing polychondritis,3,comparative/cohort/multicentre study,related but distinct,phenotype; genes,Comparison between idiopathic and VEXAS-relapsing polychondritis: analysis of a French case series of 95 patients.,2022,https://europepmc.org/article/PMC/PMC9315905,no sample size recorded
188,10,0.667,0.52,Vogt-Koyanagi-Harada disease,sympathetic ophthalmia,3,comparative/cohort/multicentre study,related but distinct,phenotype,Comparison of Clinical Features and Visual Outcome between Sympathetic Ophthalmia and Vogt-Koyanagi-Harada Disease in Chinese Patients.,2019,https://doi.org/10.1016/j.ophtha.2019.03.049,no sample size recorded
189,10,0.667,0.78,X-linked adrenoleukodystrophy,Zellweger spectrum disorder,2,comparative/cohort/multicentre study,similar,pathways,Abnormal activation of MAPKs pathways and inhibition of autophagy in a group of patients with Zellweger spectrum disorders and X-linked adrenoleukodystrophy.,2023,https://europepmc.org/article/PMC/PMC10652488,no sample size recorded
190,10,0.667,0.58,X-linked adrenoleukodystrophy,metachromatic leukodystrophy,2,comparative/cohort/multicentre study,related but distinct,phenotype,Involvement of the pontomedullary corticospinal tracts: a useful finding in the diagnosis of X-linked adrenoleukodystrophy.,1997,https://europepmc.org/article/PMC/PMC8337858,
191,10,0.667,0.40,amyloidosis,familial Mediterranean fever,1,comparative/cohort/multicentre study,related but distinct,other,AA amyloidosis in familial Mediterranean fever: a comparative study of clinical and genetic features between Algerian probands and their relatives.,2026,https://doi.org/10.1007/s00296-026-06283-1,single paper
192,10,0.667,0.78,amyotrophic lateral sclerosis,frontotemporal dementia,10,original research,similar,pathways; other (comorbidity),"An Artificial Intelligence-Driven Multimorbidity Framework Reveals a Shared Metabolic and Immune Core Across Alzheimer's Disease, Amyotrophic Lateral Sclerosis, and Frontotemporal Dementia.",2026,https://europepmc.org/article/PMC/PMC12938555,no sample size recorded
193,10,0.667,0.45,amyotrophic lateral sclerosis,hexosaminidase A deficiency,1,original research,related but distinct,genes; phenotype,Hexosaminidase A deficiency is an uncommon cause of a syndrome mimicking amyotrophic lateral sclerosis.,2003,https://europepmc.org/article/MED/12811781,"single paper; mimic/misdiagnosis, not mechanistic relatedness"
194,10,0.667,0.40,antisynthetase syndrome,idiopathic pulmonary fibrosis,1,comparative/cohort/multicentre study,related but distinct,phenotype,Clinicoserological features of antisynthetase syndrome (ASyS)-associated interstitial lung disease presenting to respiratory services: comparison with idiopathic pulmonary fibrosis and ASyS diagnosed in rheumatology services.,2021,https://europepmc.org/article/PMC/PMC7798409,single paper
195,10,0.667,0.40,asthma,eosinophilic granulomatosis with polyangiitis,3,comparative/cohort/multicentre study,related but distinct,other (biomarker),Insights from comparison of serum IgG4 between T2-eosinophilic asthma and eosinophilic granulomatosis with polyangiitis/idiopathic hypereosinophilic syndrome.,2025,https://doi.org/10.55563/clinexprheumatol/3ihc3t,no sample size recorded
196,10,0.667,0.60,asthma,primary ciliary dyskinesia,2,comparative/cohort/multicentre study,related but distinct,pathways,"Comparative proteomics of respiratory exosomes in cystic fibrosis, primary ciliary dyskinesia and asthma.",2018,https://doi.org/10.1016/j.jprot.2018.07.001,no sample size recorded
197,10,0.667,0.40,atopic dermatitis,mycosis fungoides,2,comparative/cohort/multicentre study,related but distinct,pathways,Molecular Markers Distinguishing Early-Stage Mycosis Fungoides From Atopic Dermatitis Skin Lesions.,2026,https://europepmc.org/article/PMC/PMC13022068,no sample size recorded
198,10,0.667,0.64,autism spectrum disorder,fragile X syndrome,7,original research,similar,pathways; other (microbiome),Commonalities and differences in the microbiota-metabolism-immune axis dysregulation patterns between fragile X syndrome and autism spectrum disorder.,2026,https://europepmc.org/article/PMC/PMC13106146,no sample size recorded
199,10,0.667,0.81,autoimmune hepatitis,primary biliary cholangitis,8,original research,similar,phenotype,[Clinical and pathological analysis of primary biliary cirrhosis-autoimmune hepatitis overlap syndrome].,2004,https://europepmc.org/article/MED/15605092,
200,10,0.667,0.40,bullous pemphigoid,pemphigus vulgaris,3,comparative/cohort/multicentre study,related but distinct,other (microbiome),Comparison of gut microbiota dysbiosis between pemphigus vulgaris and bullous pemphigoid.,2024,https://doi.org/10.1016/j.intimp.2023.111470,no sample size recorded
201,10,0.667,0.64,cardiac sarcoidosis,giant cell myocarditis,3,comparative/cohort/multicentre study,related but distinct,epidemiology,Cardiovascular outcomes among giant cell myocarditis compared with cardiac sarcoidosis: A propensity score-matched analysis.,2025,https://doi.org/10.1016/j.pcad.2024.11.002,no sample size recorded
202,10,0.667,0.42,catecholaminergic polymorphic ventricular tachycardia,long QT syndrome,2,comparative/cohort/multicentre study,related but distinct,genes,Genotypic heterogeneity and phenotypic mimicry among unrelated patients referred for catecholaminergic polymorphic ventricular tachycardia genetic testing.,2006,https://doi.org/10.1016/j.hrthm.2006.03.025,"no sample size recorded; mimic/misdiagnosis, not mechanistic relatedness"
203,10,0.667,0.40,chronic myeloid leukemia,essential thrombocythemia,2,comparative/cohort/multicentre study,related but distinct,pathways,"Application of NanoString Technologies in Chronic Myeloid Leukemia, Essential Thrombocythemia, Primary Myelofibrosis, and Polycythemia Vera: A Pilot Study.",2026,https://europepmc.org/article/PMC/PMC13256799,no sample size recorded
204,10,0.667,0.45,congenital hereditary endothelial dystrophy,posterior polymorphous dystrophy,1,comparative/cohort/multicentre study,related but distinct,pathways; phenotype,An immunohistochemical analysis and comparison of posterior polymorphous dystrophy with congenital hereditary endothelial dystrophy.,2002,https://europepmc.org/article/MED/12410038,single paper
205,10,0.667,0.40,eosinophilic fasciitis,systemic sclerosis,2,comparative/cohort/multicentre study,related but distinct,phenotype,Capillary microscopy in eosinophilic fasciitis. A comparison with systemic sclerosis.,1983,https://doi.org/10.1002/art.1780260507,
206,10,0.667,0.60,essential thrombocythemia,polycythemia vera,2,comparative/cohort/multicentre study,similar,treatment,A randomized phase 3 trial of interferon-α vs hydroxyurea in polycythemia vera and essential thrombocythemia.,2022,https://europepmc.org/article/PMC/PMC9101248,no sample size recorded
207,10,0.667,0.45,fragile X-associated tremor/ataxia syndrome,multiple system atrophy,2,comparative/cohort/multicentre study,related but distinct,genes; epidemiology,The fragile X tremor ataxia syndrome in the differential diagnosis of multiple system atrophy: data from the EMSA Study Group.,2005,https://doi.org/10.1093/brain/awh535,no sample size recorded
208,10,0.667,0.40,hairy cell leukemia variant,splenic marginal zone lymphoma,1,comparative/cohort/multicentre study,related but distinct,epidemiology,The prognostic impact of clinical and molecular features in hairy cell leukaemia variant and splenic marginal zone lymphoma.,2012,https://doi.org/10.1111/j.1365-2141.2012.09163.x,single paper
209,10,0.667,0.40,hereditary hemochromatosis,sickle cell disease,1,comparative/cohort/multicentre study,related but distinct,other,Liver iron susceptometry is different in patients with transfusion dependent thalassemia and sickle cell disease compared with hemochromatosis.,2025,https://europepmc.org/article/PMC/PMC12657335,single paper
210,10,0.667,0.40,hereditary hemochromatosis,thalassemia,1,comparative/cohort/multicentre study,related but distinct,other,Liver iron susceptometry is different in patients with transfusion dependent thalassemia and sickle cell disease compared with hemochromatosis.,2025,https://europepmc.org/article/PMC/PMC12657335,single paper
211,10,0.667,0.80,hyperkalemic periodic paralysis,idiopathic hypokalemic periodic paralysis,1,comparative/cohort/multicentre study,similar,phenotype,Muscle MRI in periodic paralysis shows myopathy is common and correlates with intramuscular fat accumulation.,2023,https://doi.org/10.1002/mus.27947,single paper
212,10,0.667,0.40,lichen sclerosus,morphea,1,comparative/cohort/multicentre study,related but distinct,phenotype,"Histopathologic Comparison Between Morphea, Lichen Sclerosus, and Systemic Sclerosis: A Prospective Cross-Sectional Observational Study From a Tertiary Care Hospital.",2026,https://doi.org/10.1097/dad.0000000000003241,single paper
213,10,0.667,0.40,lichen sclerosus,systemic sclerosis,1,comparative/cohort/multicentre study,related but distinct,phenotype,"Histopathologic Comparison Between Morphea, Lichen Sclerosus, and Systemic Sclerosis: A Prospective Cross-Sectional Observational Study From a Tertiary Care Hospital.",2026,https://doi.org/10.1097/dad.0000000000003241,single paper
214,10,0.667,0.71,maple syrup urine disease,phenylketonuria,2,comparative/cohort/multicentre study,similar,treatment,Acceptability of dried blood spot collection by primary caregivers of Filipino patients with maple syrup urine disease (MSUD) and phenylketonuria (PKU).,2024,https://europepmc.org/article/PMC/PMC11645370,no sample size recorded
215,10,0.667,0.40,multiple sclerosis,systemic vasculitis,1,comparative/cohort/multicentre study,related but distinct,phenotype,[Differential diagnosis of multiple sclerosis and systemic vasculitis].,2004,https://europepmc.org/article/MED/15553371,single paper
216,10,0.667,0.40,multiple system atrophy,progressive supranuclear palsy,3,comparative/cohort/multicentre study,related but distinct,phenotype,Neurogenic bladder in progressive supranuclear palsy: A comparison with Parkinson's disease and multiple system atrophy.,2018,https://europepmc.org/article/MED/29356135,no sample size recorded
217,10,0.667,0.40,myotonia congenita,paramyotonia congenita,2,comparative/cohort/multicentre study,related but distinct,phenotype,Distinguishing paramyotonia congenita and myotonia congenita by electromyography.,1983,https://doi.org/10.1002/mus.880060506,
218,10,0.667,0.40,persistent fetal vasculature,retinoblastoma,1,comparative/cohort/multicentre study,related but distinct,phenotype,MR Imaging Features to Differentiate Retinoblastoma from Coats' Disease and Persistent Fetal Vasculature.,2020,https://europepmc.org/article/PMC/PMC7760210,single paper
219,9,0.600,0.26,ACE-inhibitor-induced angioedema,hereditary angioedema,2,comparative/cohort/multicentre study,related but distinct,phenotype,Angiotensin-converting enzyme inhibitor-induced angioedema and hereditary angioedema: a comparison study of attack severity.,2015,https://doi.org/10.2169/internalmedicine.54.4181,no sample size recorded
220,9,0.600,0.40,APECED,IPEX syndrome,2,comparative/cohort/multicentre study,related but distinct,other,Disease specificity of anti-tryptophan hydroxylase-1 and anti-AIE-75 autoantibodies in APECED and IPEX syndrome.,2015,https://doi.org/10.1016/j.clim.2014.10.010,no sample size recorded
221,9,0.600,0.40,Alexander disease,X-linked adrenoleukodystrophy,1,comparative/cohort/multicentre study,related but distinct,phenotype,Involvement of the pontomedullary corticospinal tracts: a useful finding in the diagnosis of X-linked adrenoleukodystrophy.,1997,https://europepmc.org/article/PMC/PMC8337858,single paper
222,9,0.600,0.85,Alzheimer disease,Gerstmann-Straussler-Scheinker disease,1,comparative/cohort/multicentre study,similar,pathways,Neurofibrillary tangles of the Indiana kindred of Gerstmann-Sträussler-Scheinker disease share antigenic determinants with those of Alzheimer disease.,1990,https://doi.org/10.1016/0006-8993(90)91304-y,single paper; no sample size recorded
223,9,0.600,0.40,Alzheimer disease,posterior cortical atrophy,2,comparative/cohort/multicentre study,related but distinct,phenotype,Posterior cortical atrophy: clinical characteristics and differences compared to Alzheimer's disease.,2002,https://europepmc.org/article/MED/12053130,no sample size recorded
224,9,0.600,0.40,Angelman syndrome,autism spectrum disorder,2,comparative/cohort/multicentre study,related but distinct,phenotype,"A cross-syndrome cohort comparison of sleep disturbance in children with Smith-Magenis syndrome, Angelman syndrome, autism spectrum disorder and tuberous sclerosis complex.",2018,https://europepmc.org/article/PMC/PMC5831859,no sample size recorded
225,9,0.600,0.16,Barth syndrome,left ventricular noncompaction,2,comparative/cohort/multicentre study,unrelated,epidemiology,Prevalence of Barth syndrome in adult left ventricular hypertrabeculation / noncompaction.,2008,https://doi.org/10.1080/14017430701882400,
226,9,0.600,0.40,Beckwith-Wiedemann syndrome,congenital hyperinsulinism,1,comparative/cohort/multicentre study,related but distinct,pathways,Functional evaluation of pancreatic islets from patients with Beckwith-Wiedemann syndrome and congenital hyperinsulinism.,2026,https://europepmc.org/article/PMC/PMC13271797,single paper; no sample size recorded
227,9,0.600,0.40,Bernard-Soulier syndrome,Glanzmann thrombasthenia,2,comparative/cohort/multicentre study,related but distinct,phenotype,Natural history &amp; quality of life in Glanzmann thrombasthenia &amp; Bernard Soulier syndrome: An observational study from India.,2025,https://europepmc.org/article/PMC/PMC12624748,no sample size recorded
228,9,0.600,0.40,Bloom syndrome,Werner syndrome,1,comparative/cohort/multicentre study,related but distinct,pathways,Bloom's syndrome: Why not premature aging?: A comparison of the BLM and WRN helicases.,2017,https://europepmc.org/article/PMC/PMC5124422,single paper; no sample size recorded
229,9,0.600,0.43,CDKL5 deficiency disorder,Rett syndrome,3,original research,related but distinct,genes; phenotype,Monogenic disorders that mimic the phenotype of Rett syndrome.,2018,https://europepmc.org/article/PMC/PMC6156085,no sample size recorded
230,9,0.600,0.90,CHARGE syndrome,Kallmann syndrome,1,original research,similar,genes; phenotype,CHD7 mutations in patients initially diagnosed with Kallmann syndrome--the clinical overlap with CHARGE syndrome.,2009,https://europepmc.org/article/PMC/PMC2854009,single paper
231,9,0.600,0.48,COPD,lymphangioleiomyomatosis,4,original research,related but distinct,phenotype,"Difference of the progression of pulmonary cysts assessed by computed tomography among COPD, lymphangioleiomyomatosis, and Birt-Hogg-Dubé syndrome.",2017,https://europepmc.org/article/PMC/PMC5722335,no sample size recorded
232,9,0.600,0.40,Canavan disease,X-linked adrenoleukodystrophy,1,comparative/cohort/multicentre study,related but distinct,phenotype,Involvement of the pontomedullary corticospinal tracts: a useful finding in the diagnosis of X-linked adrenoleukodystrophy.,1997,https://europepmc.org/article/PMC/PMC8337858,single paper
233,9,0.600,0.40,Diamond-Blackfan anemia,Shwachman-Diamond syndrome,1,comparative/cohort/multicentre study,related but distinct,pathways,Distinct ribosome maturation defects in yeast models of Diamond-Blackfan anemia and Shwachman-Diamond syndrome.,2010,https://europepmc.org/article/PMC/PMC2805733,single paper; no sample size recorded
234,9,0.600,0.40,Duchenne muscular dystrophy,facioscapulohumeral muscular dystrophy,1,comparative/cohort/multicentre study,related but distinct,other,"Identification of circulating miRNAs differentially expressed in patients with Limb-girdle, Duchenne or facioscapulohumeral muscular dystrophies.",2022,https://europepmc.org/article/PMC/PMC9793535,single paper
235,9,0.600,0.40,Duchenne muscular dystrophy,limb-girdle muscular dystrophy,1,comparative/cohort/multicentre study,related but distinct,other,"Identification of circulating miRNAs differentially expressed in patients with Limb-girdle, Duchenne or facioscapulohumeral muscular dystrophies.",2022,https://europepmc.org/article/PMC/PMC9793535,single paper
236,9,0.600,0.40,Duchenne muscular dystrophy,polymyositis,1,comparative/cohort/multicentre study,related but distinct,pathways,"A quantitative comparison of satellite cell ultrastructure in Duchenne muscular dystrophy, polymyositis, and normal controls.",1986,https://europepmc.org/article/MED/3785283,single paper; no sample size recorded
237,9,0.600,0.40,Duchenne muscular dystrophy,spinal muscular atrophy type II,1,comparative/cohort/multicentre study,related but distinct,phenotype,"A comparison of gait in spinal muscular atrophy, type II and Duchenne muscular dystrophy.",2005,https://europepmc.org/article/MED/15886126,single paper
238,9,0.600,0.83,Ehlers-Danlos syndrome,hypermobility spectrum disorder,2,comparative/cohort/multicentre study,similar,phenotype; treatment,Are patients with hypermobile Ehlers-Danlos syndrome or hypermobility spectrum disorder so different?,2021,https://europepmc.org/article/PMC/PMC8390400,no sample size recorded
239,9,0.600,0.43,Friedreich ataxia,ataxia with vitamin E deficiency,2,comparative/cohort/multicentre study,related but distinct,phenotype; treatment,Clinical comparison between AVED patients with 744 del A mutation and Friedreich ataxia with GAA expansion in 15 Moroccan families.,2002,https://doi.org/10.1016/s0022-510x(02)00057-6,no sample size recorded
240,9,0.600,0.40,GM1 gangliosidosis,Tay-Sachs disease,1,comparative/cohort/multicentre study,related but distinct,pathways,Brain ceramide hexosides in Tay-Sachs disease and generalized gangliosidosis (GM1-gangliosidosis).,1967,https://doi.org/10.1016/s0022-2275(20)38922-7,single paper; no sample size recorded
241,9,0.600,0.42,Guillain-Barre syndrome,chronic inflammatory demyelinating polyneuropathy,4,original research,related but distinct,other (biomarker),An auxiliary diagnostic strategy for distinguishing Guillain-Barré syndrome and chronic inflammatory demyelinating polyneuropathy: combining platelet-to-lymphocyte ratio and cerebrospinal fluid interleukin-8 levels.,2025,https://europepmc.org/article/PMC/PMC12312457,no sample size recorded
242,9,0.600,0.40,Hirschsprung disease,chronic intestinal pseudo-obstruction,1,comparative/cohort/multicentre study,related but distinct,genes,"Polymorphisms of the RET gene in hirschsprung disease, anorectal malformation and intestinal pseudo-obstruction in Taiwan.",2010,https://doi.org/10.1016/s0929-6646(10)60019-8,single paper; no sample size recorded
243,9,0.600,0.85,Hodgkin lymphoma,multiple sclerosis,1,comparative/cohort/multicentre study,similar,genes,Meta-analysis of genome-wide association studies reveals genetic overlap between Hodgkin lymphoma and multiple sclerosis.,2016,https://europepmc.org/article/PMC/PMC5005944,single paper; no sample size recorded
244,9,0.600,0.40,IgA nephropathy,Schonlein-Henoch syndrome,1,comparative/cohort/multicentre study,related but distinct,pathways,"VCAM-1, ICAM-1, and E-selectin in IgA nephropathy and Schönlein-Henoch syndrome: differences between tissue expression and serum concentration.",1999,https://europepmc.org/article/MED/10050078,single paper; no sample size recorded
245,9,0.600,0.42,IgG4-related disease,primary sclerosing cholangitis,3,original research,related but distinct,genes; other (epigenetics),Epigenetic age acceleration and methylation differences in IgG4-related cholangitis and primary sclerosing cholangitis.,2025,https://europepmc.org/article/PMC/PMC11740490,no sample size recorded
246,9,0.600,0.40,Kawasaki disease,Takayasu arteritis,1,comparative/cohort/multicentre study,related but distinct,phenotype,Clinical characteristics and vascular involvement of Takayasu arteritis versus Kawasaki disease in infants and young children.,2026,https://europepmc.org/article/PMC/PMC13245034,"single paper; mimic/misdiagnosis, not mechanistic relatedness"
247,9,0.600,0.40,Kawasaki disease,multisystem inflammatory syndrome in children,1,comparative/cohort/multicentre study,related but distinct,pathways,Similarities and differences between the immunopathogenesis of COVID-19-related pediatric multisystem inflammatory syndrome and Kawasaki disease.,2021,https://europepmc.org/article/PMC/PMC7954607,single paper; no sample size recorded
248,9,0.600,0.40,Krabbe disease,X-linked adrenoleukodystrophy,1,comparative/cohort/multicentre study,related but distinct,phenotype,Involvement of the pontomedullary corticospinal tracts: a useful finding in the diagnosis of X-linked adrenoleukodystrophy.,1997,https://europepmc.org/article/PMC/PMC8337858,single paper
249,9,0.600,0.40,LCAT deficiency,Tangier disease,1,comparative/cohort/multicentre study,related but distinct,pathways,Reverse cholesterol transport in plasma of patients with different forms of familial HDL deficiency.,1995,https://doi.org/10.1161/01.atv.15.5.691,single paper; no sample size recorded
250,9,0.600,0.40,LCAT deficiency,apolipoprotein A-I deficiency,1,comparative/cohort/multicentre study,related but distinct,pathways,Reverse cholesterol transport in plasma of patients with different forms of familial HDL deficiency.,1995,https://doi.org/10.1161/01.atv.15.5.691,single paper; no sample size recorded
251,9,0.600,0.43,MOG antibody-associated disease,neuromyelitis optica spectrum disorder,2,comparative/cohort/multicentre study,related but distinct,phenotype; epidemiology,"Comparison of clinical features of aquaporin-4 positive neuromyelitis optica spectrum disorder (NMOSD), myelin oligodendrocyte glycoprotein associated disorder (MOGAD), and double seronegative NMOSD - A single center experience.",2025,https://doi.org/10.1016/j.jneuroim.2025.578591,no sample size recorded
252,9,0.600,0.45,Moebius syndrome,hereditary congenital facial palsy,1,comparative/cohort/multicentre study,related but distinct,phenotype; pathways,The neuropathology of hereditary congenital facial palsy vs Möbius syndrome.,2005,https://europepmc.org/article/MED/15728286,single paper
253,9,0.600,0.59,Netherton syndrome,atopic dermatitis,2,comparative/cohort/multicentre study,related but distinct,other,Initial Evidence of Distinguishable Bacterial and Fungal Dysbiosis in the Skin of Patients with Atopic Dermatitis or Netherton Syndrome.,2021,https://doi.org/10.1016/j.jid.2020.05.102,no sample size recorded
254,9,0.600,0.80,Niemann-Pick disease type C,mucopolysaccharidosis,1,comparative/cohort/multicentre study,similar,other,"Prevalence of antibodies to ganglioside and Hep 2 in Gaucher, Niemann - Pick type C and Sanfilippo diseases.",2019,https://europepmc.org/article/PMC/PMC6554541,single paper
255,9,0.600,0.40,Pelizaeus-Merzbacher disease,X-linked adrenoleukodystrophy,1,comparative/cohort/multicentre study,related but distinct,phenotype,Involvement of the pontomedullary corticospinal tracts: a useful finding in the diagnosis of X-linked adrenoleukodystrophy.,1997,https://europepmc.org/article/PMC/PMC8337858,single paper
256,9,0.600,0.40,Phelan-McDermid syndrome,autism spectrum disorder,1,comparative/cohort/multicentre study,related but distinct,phenotype,Common and Distinct Disruptions of Cortical Surface Morphology Between Autism Spectrum Disorder Children With and Without <i>SHANK3</i> Deficiency.,2021,https://europepmc.org/article/PMC/PMC8581670,single paper
257,9,0.600,0.60,Prader-Willi syndrome,Smith-Magenis syndrome,2,comparative/cohort/multicentre study,similar,phenotype,Individuals with Smith-Magenis syndrome display profound neurodevelopmental behavioral deficiencies and exhibit food-related behaviors equivalent to Prader-Willi syndrome.,2015,https://doi.org/10.1016/j.ridd.2015.08.011,no sample size recorded
258,9,0.600,0.40,Smith-Lemli-Opitz syndrome,cerebrotendinous xanthomatosis,1,comparative/cohort/multicentre study,related but distinct,other,"A sterol panel for rare lipid disorders: sitosterolemia, cerebrotendinous xanthomatosis and Smith-Lemli-Opitz syndrome.",2025,https://europepmc.org/article/PMC/PMC11714705,single paper
259,9,0.600,0.40,Smith-Lemli-Opitz syndrome,sitosterolemia,1,comparative/cohort/multicentre study,related but distinct,other,"A sterol panel for rare lipid disorders: sitosterolemia, cerebrotendinous xanthomatosis and Smith-Lemli-Opitz syndrome.",2025,https://europepmc.org/article/PMC/PMC11714705,single paper
260,9,0.600,0.58,Still disease,rheumatoid arthritis,2,comparative/cohort/multicentre study,related but distinct,phenotype,"Carpal alterations in adult-onset Still disease, juvenile chronic arthritis, and adult-onset rheumatoid arthritis: comparative study.",1987,https://doi.org/10.1148/radiology.165.2.3659381,no sample size recorded
261,9,0.600,0.85,Tangier disease,apolipoprotein A-I deficiency,1,comparative/cohort/multicentre study,similar,pathways,Reverse cholesterol transport in plasma of patients with different forms of familial HDL deficiency.,1995,https://doi.org/10.1161/01.atv.15.5.691,single paper; no sample size recorded
262,9,0.600,0.45,Usher syndrome,retinitis pigmentosa,2,comparative/cohort/multicentre study,related but distinct,phenotype; genes,Correlation between Genotype and Phenotype in 69 Chinese Patients with USH2A Mutations: A comparative study of the patients with Usher Syndrome and Nonsyndromic Retinitis Pigmentosa.,2021,https://doi.org/10.1111/aos.14626,no sample size recorded
263,9,0.600,0.40,Whipple disease,rheumatoid arthritis,1,comparative/cohort/multicentre study,related but distinct,phenotype,Whipple's disease mimicking rheumatoid arthritis can cause misdiagnosis and treatment failure.,2017,https://europepmc.org/article/PMC/PMC5445468,"single paper; mimic/misdiagnosis, not mechanistic relatedness"
264,9,0.600,0.40,Wolfram syndrome,diabetes mellitus,2,comparative/cohort/multicentre study,related but distinct,phenotype,"Microvascular diabetes complications in Wolfram syndrome (diabetes insipidus, diabetes mellitus, optic atrophy, and deafness [DIDMOAD]): an age- and duration-matched comparison with common type 1 diabetes.",2007,https://doi.org/10.2337/dc07-0380,no sample size recorded
265,9,0.600,0.40,X-linked agammaglobulinemia,common variable immunodeficiency,2,comparative/cohort/multicentre study,related but distinct,phenotype,Comparison of Bone Mineral Density in Common Variable Immunodeficiency and X-Linked Agammaglobulinaemia Patients.,2017,https://doi.org/10.2174/1871530317666170612093906,no sample size recorded
266,9,0.600,0.45,X-linked lymphoproliferative syndrome type 1,X-linked lymphoproliferative syndrome type 2,1,comparative/cohort/multicentre study,related but distinct,genes; phenotype,Clinical similarities and differences of patients with X-linked lymphoproliferative syndrome type 1 (XLP-1/SAP deficiency) versus type 2 (XLP-2/XIAP deficiency).,2011,https://europepmc.org/article/MED/21119115,single paper; no sample size recorded
267,9,0.600,0.82,amyotrophic lateral sclerosis,behavioural variant frontotemporal dementia,2,comparative/cohort/multicentre study,similar,phenotype,Amyotrophic lateral sclerosis and frontotemporal dementia: A behavioural and cognitive continuum.,2012,https://europepmc.org/article/MED/22214356,no sample size recorded
268,9,0.600,0.40,amyotrophic lateral sclerosis,cervical myelopathy mimicking ALS,1,original research,related but distinct,phenotype,Differential diagnosis of amyotrophic lateral sclerosis and similar syndromes.,2000,https://europepmc.org/article/MED/10812537,single paper
269,9,0.600,0.85,amyotrophic lateral sclerosis,frontotemporal lobar degeneration with ubiquitin inclusions,1,comparative/cohort/multicentre study,similar,pathways,[Neuropathological similarities and differences between frontotemporal lobar degeneration with ubiquitin inclusions and amyotrophic lateral sclerosis with dementia].,2009,https://europepmc.org/article/MED/19938689,single paper; no sample size recorded
270,9,0.600,0.41,amyotrophic lateral sclerosis,multifocal motor neuropathy,4,original research,related but distinct,other (biomarker),Diagnostic value of neurofilaments in differentiating motor neuron disease from multifocal motor neuropathy.,2024,https://europepmc.org/article/PMC/PMC11233354,no sample size recorded
271,9,0.600,0.40,amyotrophic lateral sclerosis,multiple system atrophy,1,comparative/cohort/multicentre study,related but distinct,pathways,Decreased striatal dopamine D2 receptor binding in amyotrophic lateral sclerosis (ALS) and multiple system atrophy (MSA): D2 receptor down-regulation versus striatal cell degeneration.,2000,https://europepmc.org/article/MED/11090866,single paper; no sample size recorded
272,9,0.600,0.90,amyotrophic lateral sclerosis,myasthenia gravis,1,comparative/cohort/multicentre study,similar,pathways; epidemiology,Myasthenia gravis and amyotrophic lateral sclerosis: A pathogenic overlap.,2016,https://europepmc.org/article/MED/27102003,single paper; no sample size recorded
273,9,0.600,0.71,amyotrophic lateral sclerosis,spinal muscular atrophy,3,original research,similar,pathways,Multi-Study Proteomic and Bioinformatic Identification of Molecular Overlap between Amyotrophic Lateral Sclerosis (ALS) and Spinal Muscular Atrophy (SMA).,2018,https://europepmc.org/article/PMC/PMC6315439,no sample size recorded
274,9,0.600,0.40,asthma,cystic fibrosis,1,comparative/cohort/multicentre study,related but distinct,pathways,"Comparative proteomics of respiratory exosomes in cystic fibrosis, primary ciliary dyskinesia and asthma.",2018,https://doi.org/10.1016/j.jprot.2018.07.001,single paper; no sample size recorded
275,9,0.600,0.42,atopic dermatitis,hyper-IgE syndrome,2,comparative/cohort/multicentre study,related but distinct,phenotype,Atypical Localization of Eczema Discriminates DOCK8 or STAT3 Deficiencies from Atopic Dermatitis.,2023,https://doi.org/10.1007/s10875-023-01554-z,no sample size recorded
276,9,0.600,0.63,atypical hemolytic uremic syndrome,thrombotic thrombocytopenic purpura,3,original research,similar,pathways,Prognostic utility of ADAMTS13 activity for the atypical hemolytic uremic syndrome (aHUS) and comparison of complement serology between aHUS and thrombotic thrombocytopenic purpura.,2019,https://europepmc.org/article/PMC/PMC6779945,no sample size recorded
277,9,0.600,0.40,central core disease,nemaline myopathy,1,comparative/cohort/multicentre study,related but distinct,phenotype,Cardiac ankyrin repeat protein is preferentially induced in atrophic myofibers of congenital myopathy and spinal muscular atrophy.,2003,https://doi.org/10.1046/j.1440-1827.2003.01541.x,single paper
278,9,0.600,0.40,cerebrotendinous xanthomatosis,sitosterolemia,1,comparative/cohort/multicentre study,related but distinct,other,"A sterol panel for rare lipid disorders: sitosterolemia, cerebrotendinous xanthomatosis and Smith-Lemli-Opitz syndrome.",2025,https://europepmc.org/article/PMC/PMC11714705,single paper
279,9,0.600,0.40,chronic myeloid leukemia,polycythemia vera,1,comparative/cohort/multicentre study,related but distinct,pathways,"Application of NanoString Technologies in Chronic Myeloid Leukemia, Essential Thrombocythemia, Primary Myelofibrosis, and Polycythemia Vera: A Pilot Study.",2026,https://europepmc.org/article/PMC/PMC13256799,single paper; no sample size recorded
280,9,0.600,0.40,chronic thromboembolic pulmonary hypertension,pulmonary arterial hypertension,2,comparative/cohort/multicentre study,related but distinct,phenotype,What is the difference between pulmonary arterial hypertension and chronic thromboembolic pulmonary hypertension on phase-resolved functional lung MRI? A cross-sectional observational study.,2026,https://doi.org/10.1007/s00330-025-12271-z,no sample size recorded
281,9,0.600,0.40,diabetes mellitus,maturity-onset diabetes of the young,3,original research,related but distinct,pathways,"Iatrogenic Hyperinsulinemia, Not Hyperglycemia, Drives Insulin Resistance in Type 1 Diabetes as Revealed by Comparison With GCK-MODY (MODY2).",2019,https://europepmc.org/article/PMC/PMC6692813,no sample size recorded
282,9,0.600,0.45,fibrodysplasia ossificans progressiva,non-hereditary heterotopic ossification,1,comparative/cohort/multicentre study,related but distinct,pathways; phenotype,Differential Vascularity in Genetic and Nonhereditary Heterotopic Ossification.,2019,https://doi.org/10.1177/1066896919857135,single paper; no sample size recorded
283,9,0.600,0.40,giant cell arteritis,non-arteritic anterior ischemic optic neuropathy,2,comparative/cohort/multicentre study,related but distinct,phenotype,Paracentral acute middle maculopathy in giant cell arteritis versus non-arteritic anterior ischaemic optic neuropathy.,2026,https://europepmc.org/article/MED/42816146,no sample size recorded
284,9,0.600,0.40,hemiplegic migraine,spinocerebellar ataxia,1,comparative/cohort/multicentre study,related but distinct,genes,Spinocerebellar ataxia type 6 and episodic ataxia type 2: differences and similarities between two allelic disorders.,2003,https://doi.org/10.1159/000072849,single paper; no sample size recorded
285,9,0.600,0.62,hemophilia A,von Willebrand disease,2,comparative/cohort/multicentre study,similar,phenotype,Long-Term Outcome after Joint Bleeds in Von Willebrand Disease Compared to Haemophilia A: A Post Hoc Analysis.,2018,https://doi.org/10.1055/s-0038-1670704,no sample size recorded
286,9,0.600,0.70,idiopathic pulmonary fibrosis,systemic sclerosis,3,original research,similar,genes; pathways,Common biomarkers of idiopathic pulmonary fibrosis and systemic sclerosis based on WGCNA and machine learning.,2025,https://europepmc.org/article/PMC/PMC11699037,no sample size recorded
287,9,0.600,0.40,mycosis fungoides,psoriasis,2,comparative/cohort/multicentre study,related but distinct,other (biomarker),Spatially Resolved Single-Cell Transcriptome Analysis of Mycosis Fungoides Reveals Distinct Biomarkers GNLY and FYB1 Compared With Psoriasis and Chronic Spongiotic Dermatitis.,2025,https://doi.org/10.1016/j.modpat.2024.100681,no sample size recorded
288,9,0.600,0.18,myotonia congenita,myotonic dystrophy,2,comparative/cohort/multicentre study,unrelated,genes,Myotonia congenita (Thomsen's disease) excluded from the region of the myotonic dystrophy locus on chromosome 19.,1989,https://doi.org/10.1007/bf00284051,
289,9,0.600,0.77,neurofibromatosis,tuberous sclerosis complex,4,original research,similar,phenotype,"Autism Symptoms in Children and Young Adults With Fragile X Syndrome, Angelman Syndrome, Tuberous Sclerosis Complex, and Neurofibromatosis Type 1: A Cross-Syndrome Comparison.",2022,https://europepmc.org/article/PMC/PMC9149157,no sample size recorded
290,9,0.600,0.81,osteogenesis imperfecta,osteoporosis,2,comparative/cohort/multicentre study,similar,phenotype,Comparison of Bone Microarchitecture Between Adult Osteogenesis Imperfecta and Early-Onset Osteoporosis.,2018,https://doi.org/10.1007/s00223-018-0447-8,no sample size recorded
291,9,0.600,0.52,primary biliary cholangitis,primary sclerosing cholangitis,2,comparative/cohort/multicentre study,related but distinct,phenotype,Fatigue and circadian rhythm in non-cirrhotic primary biliary cholangitis: An exploratory comparison with primary sclerosing cholangitis and healthy controls.,2026,https://europepmc.org/article/PMC/PMC12968687,no sample size recorded
292,9,0.600,0.44,pulmonary arterial hypertension,pulmonary veno-occlusive disease,3,original research,related but distinct,pathways; phenotype,Unique wreath-like smooth muscle proliferation of the pulmonary vasculature in pulmonary veno-occlusive disease versus pulmonary arterial hypertension.,2020,https://doi.org/10.1016/j.jfma.2019.05.019,no sample size recorded
293,9,0.600,0.45,renal cell carcinoma,tuberous sclerosis complex,1,comparative/cohort/multicentre study,related but distinct,genes; epidemiology,Meta analysis of the relationship between tuberous sclerosis complex and renal cell carcinoma.,1998,https://europepmc.org/article/MED/9639138,single paper; no sample size recorded
294,9,0.600,0.60,sickle cell disease,thalassemia,2,comparative/cohort/multicentre study,similar,phenotype,Comparison of Asymptomatic Brain Lesions Between Thalassemia Major and Sickle Cell Anemia Patients.,2025,https://europepmc.org/article/PMC/PMC11766708,no sample size recorded
295,8,0.533,0.40,Alagille syndrome,biliary atresia,1,comparative/cohort/multicentre study,related but distinct,phenotype,Prompt distinction of Alagille syndrome and biliary Atresia in infants: a comparative study.,2025,https://europepmc.org/article/PMC/PMC12239444,single paper; no sample size recorded
296,8,0.533,0.40,Alzheimer disease,CADASIL,2,original research,related but distinct,genes,Investigating a Genetic Link Between Alzheimer's Disease and CADASIL-Related Cerebral Small Vessel Disease.,2022,https://europepmc.org/article/PMC/PMC9616771,no sample size recorded
297,8,0.533,0.57,Angelman syndrome,Prader-Willi syndrome,3,original research,similar,phenotype,"Are Angelman and Prader-Willi syndromes more similar than we thought? Food-related behavior problems in Angelman, Cornelia de Lange, fragile X, Prader-Willi and 1p36 deletion syndromes.",2015,https://doi.org/10.1002/ajmg.a.36923,no sample size recorded
298,8,0.533,0.40,Angelman syndrome,Smith-Magenis syndrome,1,comparative/cohort/multicentre study,related but distinct,phenotype,"A cross-syndrome cohort comparison of sleep disturbance in children with Smith-Magenis syndrome, Angelman syndrome, autism spectrum disorder and tuberous sclerosis complex.",2018,https://europepmc.org/article/PMC/PMC5831859,single paper; no sample size recorded
299,8,0.533,0.40,Bardet-Biedl syndrome,Meckel syndrome,1,comparative/cohort/multicentre study,related but distinct,phenotype,Antenatal presentation of Bardet-Biedl syndrome may mimic Meckel syndrome.,2005,https://europepmc.org/article/PMC/PMC1196400,"single paper; no sample size recorded; mimic/misdiagnosis, not mechanistic relatedness"
300,8,0.533,0.85,Bardet-Biedl syndrome,Prader-Willi syndrome,2,original research,similar,pathways; other (biomarker),"Serum alpha-melanocyte-stimulating hormone (a-MSH), brain-derived neurotrophic factor (BDNF), and agouti-related protein (AGRP) levels in children with Prader-Willi or Bardet-Biedl syndromes.",2022,https://doi.org/10.1007/s40618-021-01737-8,no sample size recorded
301,8,0.533,0.85,Behcet disease,familial Mediterranean fever,2,original research,similar,genes,Targeted resequencing implicates the familial Mediterranean fever gene MEFV and the toll-like receptor 4 gene TLR4 in Behçet disease.,2013,https://europepmc.org/article/PMC/PMC3657824,no sample size recorded
302,8,0.533,0.40,Behcet disease (neuro-Behcet),multiple sclerosis,1,original research,related but distinct,other (evoked potentials),Visual evoked potentials in differential diagnosis of multiple sclerosis and neurobehcet's disease.,2008,https://europepmc.org/article/MED/18832792,single paper
303,8,0.533,0.40,Birt-Hogg-Dube syndrome,lymphangioleiomyomatosis,3,original research,related but distinct,phenotype,Differentiation Between Lymphangioleiomyomatosis and Birt-Hogg-Dubé Syndrome: Analysis of Pulmonary Cysts on CT Images.,2019,https://doi.org/10.2214/ajr.18.20232,no sample size recorded
304,8,0.533,0.66,C3 glomerulopathy,atypical hemolytic uremic syndrome,2,original research,similar,pathways,[Comparative characteristics of the complement system in patients with C3-glomerulopathy and atypical hemolytic uremic syndrome of chronic course who suffered an acute episode of thrombotic microangiopathy].,2023,https://doi.org/10.26442/00403660.2023.06.202269,no sample size recorded
305,8,0.533,0.40,Charcot-Marie-Tooth disease,chronic inflammatory demyelinating polyneuropathy,3,original research,related but distinct,phenotype,Multiple Sites Ultrasonography of Peripheral Nerves in Differentiating Charcot-Marie-Tooth Type 1A from Chronic Inflammatory Demyelinating Polyradiculoneuropathy.,2017,https://europepmc.org/article/PMC/PMC5415572,no sample size recorded
306,8,0.533,0.40,Cornelia de Lange syndrome,Pitt-Hopkins syndrome,1,comparative/cohort/multicentre study,related but distinct,phenotype,Behavioural and psychological characteristics in Pitt-Hopkins syndrome: a comparison with Angelman and Cornelia de Lange syndromes.,2019,https://europepmc.org/article/PMC/PMC6778364,single paper; no sample size recorded
307,8,0.533,0.80,Cornelia de Lange syndrome,autism spectrum disorder,1,comparative/cohort/multicentre study,similar,phenotype,"A Comparative Study of Sociability in Angelman, Cornelia de Lange, Fragile X, Down and Rubinstein Taybi Syndromes and Autism Spectrum Disorder.",2016,https://doi.org/10.1352/1944-7558-121.6.465,single paper; no sample size recorded
308,8,0.533,0.40,Costello syndrome,cardiofaciocutaneous syndrome,2,original research,related but distinct,genes,Cardio-facio-cutaneous and Noonan syndromes due to mutations in the RAS/MAPK signalling pathway: genotype-phenotype relationships and overlap with Costello syndrome.,2007,https://europepmc.org/article/PMC/PMC2652823,no sample size recorded
309,8,0.533,0.40,Creutzfeldt-Jakob disease,pellagra encephalopathy,1,original research,related but distinct,phenotype,Pellagra encephalopathy as a differential diagnosis for Creutzfeldt-Jakob disease.,2012,https://europepmc.org/article/MED/22535301,single paper
310,8,0.533,0.40,Cuban epidemic optic neuropathy,Leber hereditary optic neuropathy,1,comparative/cohort/multicentre study,related but distinct,other (OCT),Optical Coherence Tomographic Comparison of Cuban Epidemic and Leber's Hereditary Optic Neuropathy.,2015,https://europepmc.org/article/PMC/PMC5122982,single paper; no sample size recorded
311,8,0.533,0.43,Dent disease,Lowe syndrome,2,original research,related but distinct,genes,Identification of novel OCRL isoforms associated with phenotypic differences between Dent disease-2 and Lowe syndrome.,2022,https://doi.org/10.1093/ndt/gfab274,no sample size recorded
312,8,0.533,0.40,Duchenne muscular dystrophy,spinal muscular atrophy,1,comparative/cohort/multicentre study,related but distinct,phenotype,Downward shift in IQ in persons with Duchenne muscular dystrophy compared to those with spinal muscular atrophy.,1989,https://europepmc.org/article/MED/2706122,single paper; no sample size recorded
313,8,0.533,0.40,Ehlers-Danlos syndrome,rheumatoid arthritis,1,comparative/cohort/multicentre study,related but distinct,phenotype,Impairment and impact of pain in female patients with Ehlers-Danlos syndrome: a comparative study with fibromyalgia and rheumatoid arthritis.,2011,https://doi.org/10.1002/art.30337,single paper; no sample size recorded
314,8,0.533,0.42,Fanconi anemia,dyskeratosis congenita,2,original research,related but distinct,genes,Ending diagnostic odyssey by reanalysis of whole exome sequencing data: reclassification of suspected Fanconi anemia cases to dyskeratosis congenita and Diamond-Blackfan anemia.,2025,https://europepmc.org/article/PMC/PMC12522949,no sample size recorded
315,8,0.533,0.44,Gitelman syndrome,primary aldosteronism,2,original research,related but distinct,pathways; phenotype,"Different roles of the RAAS affect bone metabolism in patients with primary aldosteronism, Gitelman syndrome and Bartter syndrome.",2022,https://europepmc.org/article/PMC/PMC8840772,no sample size recorded
316,8,0.533,0.40,Hirschsprung disease,allergic colitis,1,comparative/cohort/multicentre study,related but distinct,phenotype,Allergic colitis: a mimic of Hirschsprung disease.,1999,https://europepmc.org/article/MED/9880614,"single paper; no sample size recorded; mimic/misdiagnosis, not mechanistic relatedness"
317,8,0.533,0.80,Huntington disease,Huntington disease-like 2,1,comparative/cohort/multicentre study,similar,phenotype,The Neuropsychiatry of Huntington Disease-Like 2: A Comparison with Huntington's Disease.,2020,https://doi.org/10.3233/jhd-200422,single paper; no sample size recorded
318,8,0.533,0.40,Huntington disease,Parkinson disease,1,comparative/cohort/multicentre study,related but distinct,phenotype,"Comparing balance using the BESTest in Alzheimer, Huntington and Parkinson disease.",2024,https://europepmc.org/article/PMC/PMC11457608,single paper; no sample size recorded
319,8,0.533,0.85,Hutchinson-Gilford progeria syndrome,atherosclerosis,2,original research,similar,pathways,Progeria-based vascular model identifies networks associated with cardiovascular aging and disease.,2024,https://europepmc.org/article/PMC/PMC11258467,no sample size recorded
320,8,0.533,0.45,Kawasaki disease shock syndrome,multisystem inflammatory syndrome in children,1,comparative/cohort/multicentre study,related but distinct,phenotype; epidemiology,Similarities and Differences between Multisystem Inflammatory Syndrome in Children (MIS-C) and Kawasaki Disease Shock Syndrome.,2023,https://europepmc.org/article/PMC/PMC10527784,single paper; no sample size recorded
321,8,0.533,0.40,Krabbe disease,Rett syndrome,1,comparative/cohort/multicentre study,related but distinct,phenotype,"Early differential diagnosis of infantile neuronal ceroid lipofuscinosis, Rett syndrome, and Krabbe disease by CT and MR.",1994,https://europepmc.org/article/PMC/PMC8334405,single paper; no sample size recorded
322,8,0.533,0.40,Krabbe disease,neuronal ceroid lipofuscinosis,1,comparative/cohort/multicentre study,related but distinct,phenotype,"Early differential diagnosis of infantile neuronal ceroid lipofuscinosis, Rett syndrome, and Krabbe disease by CT and MR.",1994,https://europepmc.org/article/PMC/PMC8334405,single paper; no sample size recorded
323,8,0.533,0.83,Langerhans cell histiocytosis,lymphangioleiomyomatosis,2,original research,similar,genes,Pulmonary Langerhans Cell Histiocytosis and Lymphangioleiomyomatosis Have Circulating Cells With Loss of Heterozygosity of the TSC2 Gene.,2022,https://europepmc.org/article/PMC/PMC9470734,no sample size recorded
324,8,0.533,0.85,Legius syndrome,neurofibromatosis,2,original research,similar,pathways,"Interaction between a Domain of the Negative Regulator of the Ras-ERK Pathway, SPRED1 Protein, and the GTPase-activating Protein-related Domain of Neurofibromin Is Implicated in Legius Syndrome and Neurofibromatosis Type 1.",2016,https://europepmc.org/article/PMC/PMC4751360,no sample size recorded
325,8,0.533,0.81,Lynch syndrome,familial adenomatous polyposis,2,original research,similar,pathways; other (epigenetics),Genome-wide DNA methylation profiles of colorectal tumors in Lynch syndrome and familial adenomatous polyposis.,2025,https://europepmc.org/article/PMC/PMC12317532,no sample size recorded
326,8,0.533,0.40,MELAS,acute ischemic stroke,1,comparative/cohort/multicentre study,related but distinct,phenotype,"Comparison of magnetic resonance spectroscopy (MRS) with arterial spin labeling (ASL) in the differentiation between mitochondrial encephalomyopathy, lactic Acidosis, plus stroke-like episodes (MELAS) and acute ischemic stroke (AIS).",2018,https://doi.org/10.1016/j.jocn.2018.06.015,single paper; no sample size recorded
327,8,0.533,0.85,MELAS,neuronal intranuclear inclusion disease,1,comparative/cohort/multicentre study,similar,phenotype; pathways,Stroke-like episodes in patients with adult-onset neuronal intranuclear inclusion disease and patients with late-onset MELAS: A comparative study.,2024,https://europepmc.org/article/PMC/PMC11651200,single paper; no sample size recorded
328,8,0.533,0.40,Netherton syndrome,ichthyosis vulgaris,1,comparative/cohort/multicentre study,related but distinct,other,Initial Evidence of Distinguishable Bacterial and Fungal Dysbiosis in the Skin of Patients with Atopic Dermatitis or Netherton Syndrome.,2021,https://doi.org/10.1016/j.jid.2020.05.102,single paper; no sample size recorded
329,8,0.533,0.67,Noonan syndrome,cardiofaciocutaneous syndrome,2,original research,similar,genes; phenotype,Cardio-facio-cutaneous and Noonan syndromes due to mutations in the RAS/MAPK signalling pathway: genotype-phenotype relationships and overlap with Costello syndrome.,2007,https://europepmc.org/article/PMC/PMC2652823,no sample size recorded
330,8,0.533,0.40,Parkinson disease,atypical parkinsonian disorders,1,comparative/cohort/multicentre study,related but distinct,other (biomarker),Blood-based NfL: A biomarker for differential diagnosis of parkinsonian disorder.,2017,https://europepmc.org/article/PMC/PMC5333515,single paper; no sample size recorded
331,8,0.533,0.45,Potocki-Lupski syndrome,Smith-Magenis syndrome,2,original research,related but distinct,genes; other (epigenetics),DNA methylation episignature for Smith-Magenis and Potocki-Lupski syndromes: a mirror perspective.,2026,https://doi.org/10.1038/s41431-025-01956-0,no sample size recorded
332,8,0.533,0.40,Prader-Willi syndrome,cri du chat syndrome,1,comparative/cohort/multicentre study,related but distinct,phenotype,"Problem behaviors associated with deletion Prader-Willi, Smith-Magenis, and cri du chat syndromes.",1998,https://doi.org/10.1352/0895-8017(1998)103<0264:pbawdp>2.0.co;2,single paper; no sample size recorded
333,8,0.533,0.55,Rett syndrome,autism spectrum disorder,3,original research,related but distinct,other (biomarker),Differentiating Females with Rett Syndrome and Those with Multi-Comorbid Autism Spectrum Disorder Using Physiological Biomarkers: A Novel Approach.,2020,https://europepmc.org/article/PMC/PMC7563706,no sample size recorded
334,8,0.533,0.40,Smith-Magenis syndrome,cri du chat syndrome,1,comparative/cohort/multicentre study,related but distinct,phenotype,"Problem behaviors associated with deletion Prader-Willi, Smith-Magenis, and cri du chat syndromes.",1998,https://doi.org/10.1352/0895-8017(1998)103<0264:pbawdp>2.0.co;2,single paper; no sample size recorded
335,8,0.533,0.43,Sotos syndrome,Weaver syndrome,2,original research,related but distinct,genes,NSD1 mutations are the major cause of Sotos syndrome and occur in some cases of Weaver syndrome but are rare in other overgrowth phenotypes.,2003,https://europepmc.org/article/PMC/PMC378618,no sample size recorded
336,8,0.533,0.40,Stargardt disease,retinitis pigmentosa,1,comparative/cohort/multicentre study,related but distinct,phenotype,Transition zones between healthy and diseased retina in choroideremia (CHM) and Stargardt disease (STGD) as compared to retinitis pigmentosa (RP).,2011,https://europepmc.org/article/PMC/PMC3341121,single paper; no sample size recorded
337,8,0.533,0.45,Stevens-Johnson syndrome,toxic epidermal necrolysis,1,comparative/cohort/multicentre study,related but distinct,phenotype; epidemiology,Differences between Stevens-Johnson syndrome versus toxic epidermal necrolysis.,2021,https://europepmc.org/article/MED/33252832,single paper; no sample size recorded
338,8,0.533,0.40,Susac syndrome,primary angiitis of the CNS,1,comparative/cohort/multicentre study,related but distinct,phenotype,Diagnostic MRI Score to Differentiate Susac Syndrome from Primary Angiitis of the Central Nervous System and Multiple Sclerosis.,2024,https://doi.org/10.1002/ana.27043,single paper; no sample size recorded
339,8,0.533,0.45,Waldenstrom macroglobulinemia,multiple myeloma,2,original research,related but distinct,genes; phenotype,Clinical Presentation and Gene Expression Profiling of Immunoglobulin M Multiple Myeloma Compared With Other Myeloma Subtypes and Waldenström Macroglobulinemia.,2018,https://europepmc.org/article/PMC/PMC6180798,no sample size recorded
340,8,0.533,0.40,Williams syndrome,autism spectrum disorder,1,comparative/cohort/multicentre study,related but distinct,phenotype,Comparison of the Social Responsiveness Scale-2 among Individuals with Autism Spectrum Disorder and Williams Syndrome in Japan.,2024,https://doi.org/10.1007/s10803-022-05740-7,single paper; no sample size recorded
341,8,0.533,0.40,X-linked adrenoleukodystrophy,multiple sclerosis,2,original research,related but distinct,pathways,Concurrent axon and myelin destruction differentiates X-linked adrenoleukodystrophy from multiple sclerosis.,2021,https://doi.org/10.1002/glia.24042,no sample size recorded
342,8,0.533,0.45,achalasia,eosinophilic esophagitis,1,comparative/cohort/multicentre study,related but distinct,phenotype; epidemiology,Overlapping Esophageal Disorders: A Population-Based Comparative Study of Eosinophilic Esophagitis Patients Also Diagnosed With Achalasia.,2026,https://doi.org/10.1111/nmo.70208,single paper; no sample size recorded
343,8,0.533,0.42,acute disseminated encephalomyelitis,multiple sclerosis,3,original research,related but distinct,phenotype; other (biomarker),"Oligoclonal bands, age 11-17 years, occipital lesion, and female sex differentiate pediatric multiple sclerosis from acute disseminated encephalomyelitis: A nationwide cohort study.",2022,https://doi.org/10.1016/j.msard.2022.104008,no sample size recorded
344,8,0.533,0.80,amyloidosis,sarcoidosis,1,comparative/cohort/multicentre study,similar,phenotype,"Comparison of Ultrasound Features of Major Salivary Glands in Sarcoidosis, Amyloidosis, and Sjögren's Syndrome.",2020,https://doi.org/10.1002/acr.24029,"single paper; no sample size recorded; mimic/misdiagnosis, not mechanistic relatedness"
345,8,0.533,0.41,amyotrophic lateral sclerosis,spinal and bulbar muscular atrophy,3,original research,related but distinct,phenotype,Different patterns of fasciculation in spinal and bulbar muscular atrophy and amyotrophic lateral sclerosis: a muscle ultrasonographic study.,2025,https://europepmc.org/article/PMC/PMC12035469,no sample size recorded
346,8,0.533,0.53,anti-NMDA receptor encephalitis,schizophrenia,3,original research,related but distinct,other (biomarker),Comparison of Hematological Parameters Between First-Episode Schizophrenia and Anti-NMDAR Encephalitis.,2022,https://europepmc.org/article/PMC/PMC9298502,no sample size recorded
347,8,0.533,0.85,autism spectrum disorder,neurofibromatosis,2,original research,similar,genes,Association between the neurofibromatosis-1 (NF1) locus and autism in the Japanese population.,2004,https://doi.org/10.1002/ajmg.b.20119,no sample size recorded
348,8,0.533,0.80,celiac disease,idiopathic pulmonary hemosiderosis,2,narrative review (no new data on this pair),similar,treatment,Association between idiopathic pulmonary hemosiderosis and celiac disease in pediatric patients: A scoping review of the literature over the past 50 years.,2022,https://doi.org/10.1002/ppul.25847,
349,8,0.533,0.40,choroideremia,retinitis pigmentosa,1,comparative/cohort/multicentre study,related but distinct,phenotype,Transition zones between healthy and diseased retina in choroideremia (CHM) and Stargardt disease (STGD) as compared to retinitis pigmentosa (RP).,2011,https://europepmc.org/article/PMC/PMC3341121,single paper; no sample size recorded
350,8,0.533,0.52,chronic beryllium disease,sarcoidosis,3,original research,related but distinct,phenotype; other (biomarker),Beryllium Lymphocyte Proliferation Test: Differential Diagnosis of Sarcoidosis and Chronic Beryllium Disease.,2025,https://europepmc.org/article/PMC/PMC12831088,no sample size recorded
351,8,0.533,0.45,chronic inflammatory demyelinating polyneuropathy,multifocal motor neuropathy,1,comparative/cohort/multicentre study,related but distinct,phenotype; pathways,Conduction block in immune-mediated neuropathy: paranodopathy versus axonopathy.,2019,https://europepmc.org/article/MED/30882969,single paper; no sample size recorded
352,8,0.533,0.45,congenital adrenal hyperplasia,polycystic ovary syndrome,1,comparative/cohort/multicentre study,related but distinct,phenotype; epidemiology,A comparison of obstetric and neonatal outcomes in polycystic ovary syndrome and congenital adrenal hyperplasia: a retrospective analysis of a population database.,2024,https://doi.org/10.1016/j.xfss.2024.05.001,single paper; no sample size recorded
353,8,0.533,0.55,dilated cardiomyopathy,left ventricular noncompaction,3,original research,similar,epidemiology; phenotype,Long-Term Outcomes in Patients with Dilated Left Ventricular Non-Compaction Versus Dilated Cardiomyopathy: A Propensity Score Matching Study.,2026,https://europepmc.org/article/PMC/PMC13607913,no sample size recorded
354,8,0.533,0.40,dilated cardiomyopathy,peripartum cardiomyopathy,2,original research,related but distinct,pathways,Myofilament Remodeling and Function Is More Impaired in Peripartum Cardiomyopathy Compared with Dilated Cardiomyopathy and Ischemic Heart Disease.,2017,https://europepmc.org/article/MED/28935576,no sample size recorded
355,8,0.533,0.40,focal segmental glomerulosclerosis,minimal change disease,2,original research,related but distinct,pathways,Differential early tubular injury in minimal Change disease and Focal segmental Glomerulosclerosis: A Multifaceted analysis.,2026,https://doi.org/10.1016/j.gene.2026.150043,no sample size recorded
356,8,0.533,0.40,hereditary alpha-tryptasemia,systemic mastocytosis,1,comparative/cohort/multicentre study,related but distinct,other,Histamine metabolite to basal serum tryptase ratios in systemic mastocytosis and hereditary alpha tryptasemia using a validated LC-MS/MS approach.,2025,https://doi.org/10.1515/cclm-2025-0189,single paper; no sample size recorded
357,8,0.533,0.40,hereditary hemorrhagic telangiectasia,migraine,1,original research,related but distinct,epidemiology,An association between migrainous aura and hereditary haemorrhagic telangiectasia.,1993,https://europepmc.org/article/MED/8486513,single paper
358,8,0.533,0.40,hereditary transthyretin amyloidosis,hypertrophic cardiomyopathy,1,comparative/cohort/multicentre study,related but distinct,phenotype,Disease profile and differential diagnosis of hereditary transthyretin-related amyloidosis with exclusively cardiac phenotype: an Italian perspective.,2013,https://europepmc.org/article/MED/22745357,single paper; no sample size recorded
359,8,0.533,0.43,hypophosphatasia,osteogenesis imperfecta,3,original research,related but distinct,phenotype; treatment,"Combination of osteogenesis imperfecta and hypophosphatasia in three children with multiple fractures, low bone mass and severe osteomalacia, a challenge for therapeutic management.",2023,https://doi.org/10.1016/j.ejmg.2023.104856,no sample size recorded
360,8,0.533,0.53,idiopathic hypersomnia,narcolepsy,3,original research,related but distinct,phenotype,Dynamic Functional Network Connectivity Patterns Distinguish Neurobiological Substrates of Narcolepsy Type 1 and Idiopathic Hypersomnia: Potential Biomarkers From Resting-State fMRI.,2026,https://doi.org/10.1111/jsr.70209,no sample size recorded
361,8,0.533,0.40,multiple sclerosis,neuromyelitis optica,1,comparative/cohort/multicentre study,related but distinct,phenotype,Comparison of grey matter atrophy between patients with neuromyelitis optica and multiple sclerosis: a voxel-based morphometry study.,2012,https://europepmc.org/article/MED/21316170,single paper; no sample size recorded
362,8,0.533,0.40,neurofibromatosis,schwannomatosis,1,comparative/cohort/multicentre study,related but distinct,phenotype,Clinical features of spinal schwannomas in 65 patients with schwannomatosis compared with 831 with solitary schwannomas and 102 with neurofibromatosis Type 2: a retrospective study at a single institution.,2016,https://doi.org/10.3171/2015.3.spine141145,single paper; no sample size recorded
363,8,0.533,0.80,systemic lupus erythematosus,systemic sclerosis,3,original research,similar,epidemiology,Epidemiology and Survival of Systemic Sclerosis-Systemic Lupus Erythematosus Overlap Syndrome.,2018,https://europepmc.org/article/MED/30008448,no sample size recorded
364,7,0.467,0.62,16p11.2 deletion,16p11.2 duplication,2,original research,related but distinct,phenotype; genes,Reciprocal white matter alterations due to 16p11.2 chromosomal deletions versus duplications.,2016,https://europepmc.org/article/PMC/PMC6867519,no sample size recorded
365,7,0.467,0.45,7q11.23 duplication syndrome,Williams syndrome,1,original research,related but distinct,genes; phenotype,A method for determining haploid and triploid genotypes and their association with vascular phenotypes in Williams syndrome and 7q11.23 duplication syndrome.,2018,https://europepmc.org/article/PMC/PMC5883342,single paper; no sample size recorded
366,7,0.467,0.81,ANCA-associated vasculitis,lupus nephritis,2,original research,similar,phenotype,Clinical Significance of Overlap Syndrome of Histologically Confirmed Lupus Nephritis with Antineutrophil Cytoplasmic Antibody-Associated Vasculitis.,2024,https://europepmc.org/article/PMC/PMC11478156,no sample size recorded
367,7,0.467,0.85,ANCA-associated vasculitis,polyarteritis nodosa,1,original research,similar,pathways,Diffuse endothelial dysfunction is common to ANCA associated systemic vasculitis and polyarteritis nodosa.,2003,https://europepmc.org/article/PMC/PMC1754444,single paper; no sample size recorded
368,7,0.467,0.85,Adult-onset foveomacular vitelliform dystrophy,age-related macular degeneration,1,original research,similar,genes,Adult Onset Foveomacular Vitelliform Dystrophy Shows Genetic Overlap With Age-Related Macular Degeneration,2024,https://pmc.ncbi.nlm.nih.gov/articles/PMC11601137/,single paper; no sample size recorded
369,7,0.467,0.90,Aicardi-Goutieres syndrome,systemic lupus erythematosus,1,original research,similar,genes; pathways,Dominant mutation of the TREX1 exonuclease gene in lupus and Aicardi-Goutieres syndrome.,2011,https://europepmc.org/article/PMC/PMC3173215,single paper; no sample size recorded
370,7,0.467,0.45,Alagille syndrome,progressive familial intrahepatic cholestasis,1,original research,related but distinct,pathways; phenotype,Evaluation of risk for atherosclerosis in Alagille syndrome and progressive familial intrahepatic cholestasis: two congenital cholestatic diseases with different lipoprotein metabolisms.,2005,https://doi.org/10.1016/j.jpeds.2004.10.047,single paper; no sample size recorded
371,7,0.467,0.44,Alport syndrome,IgA nephropathy,2,original research,related but distinct,phenotype; genes,Systematic Review of IgA Nephropathy Coexisting With Alport Syndrome.,2026,https://europepmc.org/article/PMC/PMC13101439,no sample size recorded
372,7,0.467,0.61,Alport syndrome,thin basement membrane nephropathy,2,original research,related but distinct,phenotype,Difficulties in differentiating thin basement membrane disease from Alport syndrome.,2016,https://doi.org/10.5114/pjp.2016.65869,"no sample size recorded; mimic/misdiagnosis, not mechanistic relatedness"
373,7,0.467,0.62,Angelman syndrome,Rett syndrome,2,original research,related but distinct,phenotype; genes,Rett syndrome: significant clinical overlap with Angelman syndrome but not with methylation status.,1998,https://doi.org/10.1177/088307389801300907,no sample size recorded
374,7,0.467,0.80,Angelman syndrome,fragile X syndrome,2,original research,similar,phenotype,"Autism Symptoms in Children and Young Adults With Fragile X Syndrome, Angelman Syndrome, Tuberous Sclerosis Complex, and Neurofibromatosis Type 1: A Cross-Syndrome Comparison.",2022,https://europepmc.org/article/PMC/PMC9149157,no sample size recorded
375,7,0.467,0.85,Autoimmune thyroid disease,Major depressive disorder,1,original research,similar,genes,Shared genetic architecture and pathways linking major depressive disorder and autoimmune thyroid disease,2026,https://pmc.ncbi.nlm.nih.gov/articles/PMC13438702/,single paper; no sample size recorded
376,7,0.467,0.45,Bartter syndrome,primary aldosteronism,1,original research,related but distinct,pathways; phenotype,"Different roles of the RAAS affect bone metabolism in patients with primary aldosteronism, Gitelman syndrome and Bartter syndrome.",2022,https://europepmc.org/article/PMC/PMC8840772,single paper; no sample size recorded
377,7,0.467,0.85,Best vitelliform macular dystrophy,adult-onset vitelliform macular dystrophy,1,original research,similar,genes,Mutations in the VMD2 gene are associated with juvenile-onset vitelliform macular dystrophy (Best disease) and adult vitelliform macular dystrophy but not age-related macular degeneration.,2000,https://doi.org/10.1038/sj.ejhg.5200447,single paper; no sample size recorded
378,7,0.467,0.40,Common cancers (12 types),multiple sclerosis,1,original research,related but distinct,genes,Shared Genetic Effects and Antagonistic Pleiotropy Between Multiple Sclerosis and Common Cancers,2026,https://pmc.ncbi.nlm.nih.gov/articles/PMC13251448/,single paper; no sample size recorded
379,7,0.467,0.40,Creutzfeldt-Jakob disease,Hashimoto encephalopathy,1,original research,related but distinct,phenotype,Hashimoto's encephalitis as a differential diagnosis of Creutzfeldt-Jakob disease.,1999,https://europepmc.org/article/PMC/PMC1736201,single paper
380,7,0.467,0.40,Cushing disease,pseudo-Cushing syndrome,2,original research,related but distinct,other (biomarker),Performance of the 4-mg intravenous dexamethasone suppression test in differentiating Cushing disease from pseudo-Cushing syndrome.,2016,https://doi.org/10.1016/j.ando.2015.11.001,no sample size recorded
381,7,0.467,0.40,Diamond-Blackfan anemia,Fanconi anemia,1,original research,related but distinct,genes,Ending diagnostic odyssey by reanalysis of whole exome sequencing data: reclassification of suspected Fanconi anemia cases to dyskeratosis congenita and Diamond-Blackfan anemia.,2025,https://europepmc.org/article/PMC/PMC12522949,single paper; no sample size recorded
382,7,0.467,0.60,Ehlers-Danlos syndrome,Hypermobility spectrum disorders,2,original research,similar,other (serum proteomics),Proximity extension assay-based serum proteomic profiling identifies shared protein signatures in hypermobile Ehlers-Danlos syndrome and hypermobility spectrum disorders,2026,https://pmc.ncbi.nlm.nih.gov/articles/PMC13081554/,no sample size recorded
383,7,0.467,0.45,Ehlers-Danlos syndrome,Loeys-Dietz syndrome,2,original research,related but distinct,phenotype; genes,"Differences in Arterial Events in Vascular Ehlers-Danlos, Loeys-Dietz, and Marfan Syndrome.",2025,https://doi.org/10.1016/j.jacc.2025.04.023,no sample size recorded
384,7,0.467,0.45,Ehlers-Danlos syndrome,Marfan syndrome,2,original research,related but distinct,phenotype; genes,"Differences in Arterial Events in Vascular Ehlers-Danlos, Loeys-Dietz, and Marfan Syndrome.",2025,https://doi.org/10.1016/j.jacc.2025.04.023,no sample size recorded
385,7,0.467,0.90,Gaucher disease,dementia with Lewy bodies,1,original research,similar,genes; pathways,"Acid β-glucosidase mutants linked to Gaucher disease, Parkinson disease, and Lewy body dementia alter α-synuclein processing.",2011,https://doi.org/10.1002/ana.22400,single paper; no sample size recorded
386,7,0.467,0.85,Kallmann syndrome,combined pituitary hormone deficiency,1,original research,similar,genes,"Genetic overlap in Kallmann syndrome, combined pituitary hormone deficiency, and septo-optic dysplasia.",2012,https://europepmc.org/article/PMC/PMC3319178,single paper; no sample size recorded
387,7,0.467,0.85,Kallmann syndrome,holoprosencephaly,1,original research,similar,genes,Genetic Overlap between Holoprosencephaly and Kallmann Syndrome.,2012,https://europepmc.org/article/PMC/PMC3398826,single paper; no sample size recorded
388,7,0.467,0.85,Kallmann syndrome,septo-optic dysplasia,1,original research,similar,genes,"Genetic overlap in Kallmann syndrome, combined pituitary hormone deficiency, and septo-optic dysplasia.",2012,https://europepmc.org/article/PMC/PMC3319178,single paper; no sample size recorded
389,7,0.467,0.40,Kawasaki disease,multisystem inflammatory syndrome in children (MIS-C),2,original research,related but distinct,phenotype,Incomplete Kawasaki Disease Versus Non-severe Multisystem Inflammatory Syndrome in Children: Distinguishing Features from Contemporaneous Patients.,2026,https://doi.org/10.1007/s00246-026-04444-4,no sample size recorded
390,7,0.467,0.45,LMNA-related myopathy,autosomal dominant proximal spinal muscular atrophy,1,original research,related but distinct,genes; phenotype,Mutations of the LMNA gene can mimic autosomal dominant proximal spinal muscular atrophy.,2007,https://europepmc.org/article/MED/17136397,"single paper; no sample size recorded; mimic/misdiagnosis, not mechanistic relatedness"
391,7,0.467,0.85,Lambert-Eaton myasthenic syndrome,myasthenia gravis,2,original research,similar,phenotype; other (serology),Myasthenia gravis Lambert-Eaton overlap syndrome: Recommended modification for the diagnostic criteria.,2024,https://doi.org/10.1002/mus.28221,no sample size recorded
392,7,0.467,0.48,Leber hereditary optic neuropathy,autosomal dominant optic atrophy,2,original research,similar,phenotype; other (biomarker),"Serum neuronal, glial and mitochondrial markers in autosomal dominant optic atrophy and Leber hereditary optic neuropathy.",2025,https://europepmc.org/article/PMC/PMC12675427,no sample size recorded
393,7,0.467,0.87,Leigh syndrome,MELAS,4,case series/family study,similar,genes,The G13513A mutation in the ND5 gene of mitochondrial DNA as a common cause of MELAS or Leigh syndrome: evidence from 12 cases.,2008,https://doi.org/10.1001/archneurol.2007.67,no study above case-series level
394,7,0.467,0.85,Lewy body disease,multiple system atrophy,1,original research,similar,pathways,Accumulation of alpha-synuclein/NACP is a cytopathological feature common to Lewy body disease and multiple system atrophy.,1998,https://europepmc.org/article/MED/9829807,single paper; no sample size recorded
395,7,0.467,0.85,Metabolic syndrome,psoriasis,1,original research,similar,genes,Shared genetic basis and spatial cellular atlas of psoriasis and metabolic syndrome,2026,https://pmc.ncbi.nlm.nih.gov/articles/PMC13577535/,single paper; no sample size recorded
396,7,0.467,0.57,Niemann-Pick disease type C,schizophrenia,2,original research,related but distinct,other (biomarker),The possibility of patients with adult-onset Niemann-Pick disease type C in cases diagnosed with schizophrenia: Analysis of NPC novel biomarkers.,2026,https://doi.org/10.1016/j.jpsychires.2026.01.009,no sample size recorded
397,7,0.467,0.40,POEMS syndrome,chronic inflammatory demyelinating polyneuropathy,2,original research,related but distinct,other (biomarker),Thrombocytosis distinguishes POEMS syndrome from chronic inflammatory demyelinating polyneuropathy.,2015,https://doi.org/10.1002/mus.24768,no sample size recorded
398,7,0.467,0.40,Sandhoff disease,Tay-Sachs disease,2,original research,related but distinct,phenotype,Similarities and differences in the late-onset GM2 gangliosidoses: Tay-Sachs and Sandhoff diseases.,2026,https://europepmc.org/article/PMC/PMC13433390,no sample size recorded
399,7,0.467,0.52,Smith-Lemli-Opitz syndrome,autism spectrum disorder,2,original research,similar,phenotype; pathways,The near universal presence of autism spectrum disorders in children with Smith-Lemli-Opitz syndrome.,2006,https://doi.org/10.1002/ajmg.a.31294,no sample size recorded
400,7,0.467,0.85,Still disease,macrophage activation syndrome,1,original research,similar,pathways,mTORC1 links pathology in experimental models of Still's disease and macrophage activation syndrome.,2022,https://europepmc.org/article/PMC/PMC9705324,single paper; no sample size recorded
401,7,0.467,0.49,Wilson disease,autoimmune hepatitis,2,original research,related but distinct,phenotype,Hepatic ultrastructural features distinguish paediatric Wilson disease from NAFLD and autoimmune hepatitis.,2022,https://doi.org/10.1111/liv.15319,no sample size recorded
402,7,0.467,0.42,Wilson disease,metabolic dysfunction-associated steatotic liver disease,2,original research,related but distinct,phenotype,Hepatic ultrastructural features distinguish paediatric Wilson disease from NAFLD and autoimmune hepatitis.,2022,https://doi.org/10.1111/liv.15319,no sample size recorded
403,7,0.467,0.65,X-linked hypophosphatemia,hypophosphatasia,2,original research,similar,other (diagnostics),Inadequate pediatric reference ranges impede the diagnosis of X-linked hypophosphatemia and hypophosphatasia in Austria.,2025,https://europepmc.org/article/PMC/PMC12712075,no sample size recorded
404,7,0.467,0.80,achondroplasia,thanatophoric dysplasia,1,original research,similar,treatment,Intermittent PTH (1-34) injection rescues the retarded skeletal development and postnatal lethality of mice mimicking human achondroplasia and thanatophoric dysplasia.,2012,https://doi.org/10.1093/hmg/dds181,single paper; no sample size recorded
405,7,0.467,0.40,acromegaly,diabetes mellitus,2,original research,related but distinct,epidemiology,The prevalence of acromegaly in hospitalized patients with type 2 diabetes.,2015,https://doi.org/10.1507/endocrj.ej14-0254,no sample size recorded
406,7,0.467,0.85,acute motor axonal neuropathy,acute motor-sensory axonal neuropathy,1,original research,similar,pathways,Acute motor axonal neuropathy and acute motor-sensory axonal neuropathy share a common immunological profile.,1999,https://europepmc.org/article/MED/10526194,single paper; no sample size recorded
407,7,0.467,0.40,amyloidosis,chronic inflammatory demyelinating polyneuropathy,2,original research,related but distinct,phenotype,Nerve Ultrasound Comparison Between Transthyretin Familial Amyloid Polyneuropathy and Chronic Inflammatory Demyelinating Polyneuropathy.,2021,https://europepmc.org/article/PMC/PMC7953716,no sample size recorded
408,7,0.467,0.40,amyloidosis,hypertrophic cardiomyopathy,2,original research,related but distinct,phenotype,"Differential diagnosis of hypertrophic cardiomyopathy, fabry cardiomyopathy and cardiac amyloidosis: insights from right ventricular strain imaging echocardiography.",2026,https://doi.org/10.1007/s10554-026-03750-5,no sample size recorded
409,7,0.467,0.85,amyotrophic lateral sclerosis,epilepsy,1,original research,similar,genes,Analysis of shared common genetic risk between amyotrophic lateral sclerosis and epilepsy.,2020,https://europepmc.org/article/PMC/PMC7818383,single paper; no sample size recorded
410,7,0.467,0.90,amyotrophic lateral sclerosis,primary lateral sclerosis,1,original research,similar,genes; epidemiology,Familial clustering of primary lateral sclerosis and amyotrophic lateral sclerosis: Supplementary evidence for a continuum.,2021,https://europepmc.org/article/MED/34110677,single paper; no sample size recorded
411,7,0.467,0.85,amyotrophic lateral sclerosis,progressive supranuclear palsy,1,original research,similar,genes,Selective Genetic Overlap Between Amyotrophic Lateral Sclerosis and Diseases of the Frontotemporal Dementia Spectrum.,2018,https://europepmc.org/article/PMC/PMC6043387,single paper; no sample size recorded
412,7,0.467,0.85,aplastic anemia,paroxysmal nocturnal hemoglobinuria,3,narrative review (no new data on this pair),similar,pathways,Relationship between aplastic anemia and paroxysmal nocturnal hemoglobinuria.,2002,https://doi.org/10.1007/bf02982015,no sample size recorded
413,7,0.467,0.40,autistic disorder,tuberous sclerosis complex,1,original research,related but distinct,phenotype,Study of the relationship between tuberous sclerosis complex and autistic disorder.,2006,https://europepmc.org/article/MED/16901420,single paper
414,7,0.467,0.40,autoimmune pancreatitis,pancreatic ductal adenocarcinoma,2,original research,related but distinct,other (microbiome),Distinct difference of pancreatic tissue-specific microbiome in autoimmune pancreatitis and pancreatic ductal adenocarcinoma.,2026,https://europepmc.org/article/PMC/PMC13194858,no sample size recorded
415,7,0.467,0.90,capillary malformation-arteriovenous malformation,hereditary hemorrhagic telangiectasia,1,original research,similar,genes; phenotype,Phenotype of CM-AVM2 caused by variants in EPHB4: how much overlap with hereditary hemorrhagic telangiectasia (HHT)?,2019,https://europepmc.org/article/MED/30760892,"single paper; no sample size recorded; mimic/misdiagnosis, not mechanistic relatedness"
416,7,0.467,0.85,combined pituitary hormone deficiency,septo-optic dysplasia,1,original research,similar,genes,"Genetic overlap in Kallmann syndrome, combined pituitary hormone deficiency, and septo-optic dysplasia.",2012,https://europepmc.org/article/PMC/PMC3319178,single paper; no sample size recorded
417,7,0.467,0.90,congenital lipodystrophy,diabetes mellitus,1,original research,similar,genes; pathways,"Exploring lipodystrophy gene expression in adipocytes: unveiling insights into the pathogenesis of insulin resistance, type 2 diabetes, and clustering diseases (metabolic syndrome) in Asian Indians.",2024,https://europepmc.org/article/PMC/PMC11496143,single paper; no sample size recorded
418,7,0.467,0.45,congenital sideroblastic anemia,myelodysplastic syndrome with ring sideroblasts,1,original research,related but distinct,genes; phenotype,Clinical and genetic characteristics of congenital sideroblastic anemia: comparison with myelodysplastic syndrome with ring sideroblast (MDS-RS).,2013,https://europepmc.org/article/PMC/PMC3536986,single paper; no sample size recorded
419,7,0.467,0.45,deficiency of adenosine deaminase 2,polyarteritis nodosa,2,original research,related but distinct,phenotype; treatment,Pediatric-Onset Polyarteritis Nodosa and Deficiency of Adenosine Deaminase 2: Clinical Overlap and Divergence.,2025,https://doi.org/10.1097/rhu.0000000000002270,no sample size recorded
420,7,0.467,0.90,familial exudative vitreoretinopathy,"microcephaly, lymphedema and chorioretinal dysplasia (MLCRD)",1,original research,similar,genes; phenotype,"Phenotypic overlap between familial exudative vitreoretinopathy and microcephaly, lymphedema, and chorioretinal dysplasia caused by KIF11 mutations.",2014,https://europepmc.org/article/MED/25124931,single paper; no sample size recorded
421,7,0.467,0.45,familial hypercholesterolemia,sitosterolemia,2,original research,related but distinct,phenotype; treatment,Sitosterolemia misdiagnosed as homozygous familial hypercholesterolemia: A diagnostic challenge.,2026,https://europepmc.org/article/PMC/PMC13329572,"no sample size recorded; mimic/misdiagnosis, not mechanistic relatedness"
422,7,0.467,0.85,familial pulmonary fibrosis,rheumatoid arthritis-associated interstitial lung disease,1,original research,similar,genes,Shared genetic predisposition in rheumatoid arthritis-interstitial lung disease and familial pulmonary fibrosis.,2017,https://europepmc.org/article/MED/28495692,single paper; no sample size recorded
423,7,0.467,0.40,fibrotic hypersensitivity pneumonitis,idiopathic pulmonary fibrosis,2,original research,related but distinct,phenotype,Validation of a computed tomography diagnostic model for differentiating fibrotic hypersensitivity pneumonitis from idiopathic pulmonary fibrosis.,2024,https://doi.org/10.1016/j.resinv.2024.07.002,no sample size recorded
424,7,0.467,0.45,fibrous dysplasia,ossifying fibroma of the jaw,1,original research,related but distinct,pathways; phenotype,Ossifying fibroma vs fibrous dysplasia of the jaw: molecular and immunological characterization.,2007,https://europepmc.org/article/MED/17334331,single paper; no sample size recorded
425,7,0.467,0.85,giant cell arteritis,systemic sclerosis,1,original research,similar,genes,Evaluation of a shared autoimmune disease-associated polymorphism of TRAF6 in systemic sclerosis and giant cell arteritis.,2012,https://europepmc.org/article/MED/22589256,single paper; no sample size recorded
426,7,0.467,0.24,hemiplegic migraine,migraine with aura,2,original research,related but distinct,phenotype,Evidence for a separate type of migraine with aura: sporadic hemiplegic migraine.,2003,https://doi.org/10.1212/01.wnl.0000046524.25369.7d,no sample size recorded
427,7,0.467,0.85,hemophagocytic lymphohistiocytosis,macrophage activation syndrome,1,original research,similar,genes,Whole-exome sequencing reveals overlap between macrophage activation syndrome in systemic juvenile idiopathic arthritis and familial hemophagocytic lymphohistiocytosis.,2014,https://europepmc.org/article/PMC/PMC4321811,single paper; no sample size recorded
428,7,0.467,0.61,heparin-induced thrombocytopenia,vaccine-induced immune thrombotic thrombocytopenia,2,original research,related but distinct,other (biomarker),"Investigation of anti-PF4 versus anti-PF4/heparin reactivity using fluid-phase enzyme immunoassay for 4 anti-PF4 disorders: classic heparin-induced thrombocytopenia (HIT), autoimmune HIT, vaccine-induced immune thrombotic thrombocytopenia, and spontaneous HIT.",2023,https://doi.org/10.1016/j.jtha.2023.04.034,no sample size recorded
429,7,0.467,0.40,hereditary spastic paraplegia,primary lateral sclerosis,2,original research,related but distinct,other (biomarker),"Serum NfL, but not GFAP, differentiates primary lateral sclerosis from adrenomyeloneuropathy and hereditary spastic paraplegia type 4.",2026,https://doi.org/10.1080/21678421.2025.2557936,no sample size recorded
430,7,0.467,0.85,inflammatory bowel disease,systemic lupus erythematosus,1,original research,similar,genes,Investigating the shared genetic basis of inflammatory bowel disease and systemic lupus erythematosus using genetic overlap analysis.,2024,https://europepmc.org/article/PMC/PMC11406968,single paper; no sample size recorded
431,7,0.467,0.40,lichen amyloidosis,multiple endocrine neoplasia type 2A,1,original research,related but distinct,genes,Frequent association between MEN 2A and cutaneous lichen amyloidosis.,2003,https://europepmc.org/article/MED/12864791,single paper; no sample size recorded
432,7,0.467,0.60,multiple sclerosis,neurosarcoidosis,2,original research,related but distinct,other (biomarker),Differentiating neurosarcoidosis from multiple sclerosis using combined analysis of basic CSF parameters and MRZ reaction.,2023,https://europepmc.org/article/PMC/PMC10080049,no sample size recorded
433,7,0.467,0.85,multiple sclerosis,systemic lupus erythematosus,1,original research,similar,genes,Association of common mitochondrial DNA variants with multiple sclerosis and systemic lupus erythematosus.,2008,https://europepmc.org/article/PMC/PMC2567049,single paper; no sample size recorded
434,7,0.467,0.74,polymyositis,systemic sclerosis,5,case series/family study,similar,phenotype,[Progressive systemic sclerosis and polymyositis overlap syndrome: a report of 40 cases].,1990,https://europepmc.org/article/MED/2151258,no study above case-series level
435,6,0.400,0.80,22q11.2 deletion syndrome,5q11.2 microdeletion syndrome,1,original research,similar,phenotype,Definition of 5q11.2 microdeletion syndrome reveals overlap with CHARGE syndrome and 22q11 deletion syndrome phenotypes.,2014,https://doi.org/10.1002/ajmg.a.36680,single paper; no sample size recorded
436,6,0.400,0.85,22q11.2 deletion syndrome,CHARGE syndrome,1,original research,similar,phenotype; genes,More Clinical Overlap between 22q11.2 Deletion Syndrome and CHARGE Syndrome than Often Anticipated.,2013,https://europepmc.org/article/PMC/PMC3711480,single paper; no sample size recorded
437,6,0.400,0.45,22q11.2 deletion syndrome,autism spectrum disorder,1,original research,related but distinct,phenotype; genes,Examining the Overlap between Autism Spectrum Disorder and 22q11.2 Deletion Syndrome.,2017,https://europepmc.org/article/PMC/PMC5454981,single paper; no sample size recorded
438,6,0.400,0.80,5q11.2 microdeletion syndrome,CHARGE syndrome,1,original research,similar,phenotype,Definition of 5q11.2 microdeletion syndrome reveals overlap with CHARGE syndrome and 22q11 deletion syndrome phenotypes.,2014,https://doi.org/10.1002/ajmg.a.36680,single paper; no sample size recorded
439,6,0.400,0.45,AH amyloidosis,amyloidosis,1,original research,related but distinct,phenotype; other (biopsy),Usefulness of gastroduodenal biopsy in the differential diagnosis of systemic AH amyloidosis from systemic AL amyloidosis.,2018,https://europepmc.org/article/MED/29660165,single paper; no sample size recorded
440,6,0.400,0.80,ANCA-associated vasculitis,polymyositis/dermatomyositis,1,original research,similar,phenotype,Overlap Syndrome Consisting of Polymyositis/Dermatomyositis and ANCA-Associated Vasculitis According to the 2022 ACR/EULAR Criteria for Vasculitis: A Korean Single-Centre Study.,2023,https://europepmc.org/article/PMC/PMC10647414,single paper; no sample size recorded
441,6,0.400,0.40,Alzheimer disease,behavioural variant frontotemporal dementia,1,original research,related but distinct,phenotype,Pupillometry as a Differential Indicator of Cognitive Processing in Alzheimer Disease and Behavioral Variant Frontotemporal Dementia.,2026,https://doi.org/10.1097/wad.0000000000000725,single paper; no sample size recorded
442,6,0.400,0.40,Alzheimer disease,logopenic primary progressive aphasia,1,original research,related but distinct,phenotype,Logogenic Primary Progressive Aphasia or Alzheimer Disease: Contribution of Acoustic Markers in Early Differential Diagnosis.,2022,https://europepmc.org/article/PMC/PMC9316974,single paper; no sample size recorded
443,6,0.400,0.45,Angelman syndrome,VAMP2-related neurodevelopmental disorder,1,original research,related but distinct,phenotype; genes,VAMP2 Gene-Related Neurodevelopmental Disorder: A Differential Diagnosis for Rett/Angelman-Type Spectrum of Disorders.,2023,https://europepmc.org/article/PMC/PMC10601795,single paper; no sample size recorded
444,6,0.400,0.80,Angelman syndrome,neurofibromatosis,1,original research,similar,phenotype,"Autism Spectrum Disorder Symptom Profiles in Fragile X Syndrome, Angelman Syndrome, Tuberous Sclerosis Complex and Neurofibromatosis Type 1",2026,https://pmc.ncbi.nlm.nih.gov/articles/PMC12864356/,single paper; no sample size recorded
445,6,0.400,0.80,Angelman syndrome,tuberous sclerosis complex,1,original research,similar,phenotype,"Autism Spectrum Disorder Symptom Profiles in Fragile X Syndrome, Angelman Syndrome, Tuberous Sclerosis Complex and Neurofibromatosis Type 1",2026,https://pmc.ncbi.nlm.nih.gov/articles/PMC12864356/,single paper; no sample size recorded
446,6,0.400,0.44,Beckwith-Wiedemann syndrome,Silver-Russell syndrome,2,narrative review (no new data on this pair),related but distinct,genes; phenotype,Growth retardation versus overgrowth: Silver-Russell syndrome is genetically opposite to Beckwith-Wiedemann syndrome.,2008,https://doi.org/10.1016/j.tig.2008.01.003,no sample size recorded
447,6,0.400,0.05,Best vitelliform macular dystrophy,age-related macular degeneration,2,original research,unrelated,genes,Mutations in the VMD2 gene are associated with juvenile-onset vitelliform macular dystrophy (Best disease) and adult vitelliform macular dystrophy but not age-related macular degeneration.,2000,https://doi.org/10.1038/sj.ejhg.5200447,no sample size recorded
448,6,0.400,0.40,Birt-Hogg-Dube syndrome,COPD,1,original research,related but distinct,phenotype,"Difference of the progression of pulmonary cysts assessed by computed tomography among COPD, lymphangioleiomyomatosis, and Birt-Hogg-Dubé syndrome.",2017,https://europepmc.org/article/PMC/PMC5722335,single paper; no sample size recorded
449,6,0.400,0.40,Birt-Hogg-Dube syndrome,lymphocytic interstitial pneumonia,1,original research,related but distinct,phenotype,"Isolated Cystic Lung Disease: An Algorithmic Approach to Distinguishing Birt-Hogg-Dubé Syndrome, Lymphangioleiomyomatosis, and Lymphocytic Interstitial Pneumonia.",2019,https://doi.org/10.2214/ajr.18.20920,single paper; no sample size recorded
450,6,0.400,0.40,COPD,cystic fibrosis,1,original research,related but distinct,other (biomarker),"Cross-Disease Breathomics by PTR-TOF-MS: Multiclass Machine Learning and Network Remodeling Across Asthma, COPD, Cystic Fibrosis, and Lymphangioleiomyomatosis.",2026,https://europepmc.org/article/PMC/PMC13116732,single paper; no sample size recorded
451,6,0.400,0.45,COPD,idiopathic pulmonary fibrosis,1,original research,related but distinct,other (microbiome); epidemiology,Exploring the Causal Relationship Between Saliva Microbiota Abundance and Chronic Obstructive Pulmonary Disease/Idiopathic Pulmonary Fibrosis: A Two-Sample Mendelian Randomization Study.,2025,https://europepmc.org/article/PMC/PMC12341823,single paper; no sample size recorded
452,6,0.400,0.40,Cornelia de Lange syndrome,fragile X syndrome,1,original research,related but distinct,phenotype,"Contrasting age related changes in autism spectrum disorder phenomenology in Cornelia de Lange, Fragile X, and Cri du Chat syndromes: Results from a 2.5 year follow-up.",2015,https://doi.org/10.1002/ajmg.c.31438,single paper; no sample size recorded
453,6,0.400,0.40,Costello syndrome,Noonan syndrome,1,original research,related but distinct,phenotype,"Objective studies of the face of Noonan, Cardio-facio-cutaneous, and Costello syndromes: A comparison of three disorders of the Ras/MAPK signaling pathway.",2016,https://doi.org/10.1002/ajmg.a.37736,single paper; no sample size recorded
454,6,0.400,0.40,Crohn disease,primary intestinal lymphoma,1,original research,related but distinct,other (biomarker),Serum proteome profiles to differentiate Crohn disease from intestinal tuberculosis and primary intestinal lymphoma: A pilot study.,2019,https://europepmc.org/article/PMC/PMC6922555,single paper; no sample size recorded
455,6,0.400,0.45,Cushing syndrome,polycystic ovary syndrome,1,original research,related but distinct,phenotype; other (hormones),Testosterone and bioavailable testosterone help to distinguish between mild Cushing's syndrome and polycystic ovarian syndrome.,2008,https://europepmc.org/article/PMC/PMC2954657,single paper; no sample size recorded
456,6,0.400,0.40,Ehlers-Danlos syndrome,ME/CFS,1,original research,related but distinct,phenotype,Shared autonomic phenotype of long COVID and myalgic encephalomyelitis/chronic fatigue syndrome.,2026,https://europepmc.org/article/PMC/PMC12829881,single paper; no sample size recorded
457,6,0.400,0.40,Ehlers-Danlos syndrome,long COVID,1,original research,related but distinct,phenotype,Shared autonomic phenotype of long COVID and myalgic encephalomyelitis/chronic fatigue syndrome.,2026,https://europepmc.org/article/PMC/PMC12829881,single paper; no sample size recorded
458,6,0.400,0.40,Fabry disease,amyloidosis,1,original research,related but distinct,phenotype,"Differential diagnosis of hypertrophic cardiomyopathy, fabry cardiomyopathy and cardiac amyloidosis: insights from right ventricular strain imaging echocardiography.",2026,https://doi.org/10.1007/s10554-026-03750-5,single paper; no sample size recorded
459,6,0.400,0.40,Gaucher disease,lysosomal acid lipase deficiency,1,original research,related but distinct,phenotype,Lysosomal acid lipase deficiency: Expanding differential diagnosis.,2017,https://europepmc.org/article/MED/27876313,single paper; no sample size recorded
460,6,0.400,0.40,Huntington disease,benign hereditary chorea,1,narrative review (no new data on this pair),related but distinct,genes,[Differential diagnosis of chorea].,2009,https://pubmed.ncbi.nlm.nih.gov/19697886,single paper
461,6,0.400,0.40,Huntington disease,spinocerebellar ataxia,1,original research,related but distinct,phenotype,Ocular Motor Findings Aid in Differentiation of Spinocerebellar Ataxia Type 17 from Huntington's Disease.,2023,https://doi.org/10.1007/s12311-021-01356-2,single paper; no sample size recorded
462,6,0.400,0.45,Hutchinson-Gilford progeria syndrome,Werner syndrome,1,original research,related but distinct,phenotype; pathways,Differential stem cell aging kinetics in Hutchinson-Gilford progeria syndrome and Werner syndrome.,2018,https://europepmc.org/article/PMC/PMC5876188,single paper; no sample size recorded
463,6,0.400,0.85,Hutchinson-Gilford progeria syndrome,mandibuloacral dysplasia,1,case series/family study,similar,genes,A novel homozygous p.Arg527Leu LMNA mutation in two unrelated Egyptian families causes overlapping mandibuloacral dysplasia and progeria syndrome.,2012,https://europepmc.org/article/PMC/PMC3476705,single paper; no study above case-series level
464,6,0.400,0.40,IgG4-related disease,cholangiocarcinoma,1,original research,related but distinct,other (biomarker),Clinical Utility of Personalized Serum IgG Subclass Ratios for the Differentiation of IgG4-Related Sclerosing Cholangitis (IgG4-SC) from Primary Sclerosing Cholangitis (PSC) and Cholangiocarcinoma (CCA).,2022,https://europepmc.org/article/PMC/PMC9225113,single paper; no sample size recorded
465,6,0.400,0.40,Kennedy disease,amyotrophic lateral sclerosis,1,original research,related but distinct,phenotype,Amyotrophic lateral sclerosis mimic syndromes: a population-based study.,2000,https://europepmc.org/article/MED/10634456,"single paper; no sample size recorded; mimic/misdiagnosis, not mechanistic relatedness"
466,6,0.400,0.40,Kleine-Levin syndrome,narcolepsy,1,original research,related but distinct,other (biomarker),"CSF hypocretin-1 levels in narcolepsy, Kleine-Levin syndrome, and other hypersomnias and neurological conditions.",2003,https://europepmc.org/article/PMC/PMC1757412,single paper; no sample size recorded
467,6,0.400,0.40,Lambert-Eaton myasthenic syndrome,small cell lung cancer,1,narrative review (no new data on this pair),related but distinct,epidemiology,Paraneoplastic Lambert-Eaton myasthenic syndrome associated with non-small cell lung cancer: data from the European LEMS registry and systematic review.,2025,https://europepmc.org/article/PMC/PMC12687528,single paper
468,6,0.400,0.80,Langerhans cell histiocytosis,desquamative interstitial pneumonia,1,original research,similar,phenotype,"The overlap between respiratory bronchiolitis and desquamative interstitial pneumonia in pulmonary Langerhans cell histiocytosis: high-resolution CT, histologic, and functional correlations.",2003,https://europepmc.org/article/MED/14555547,single paper; no sample size recorded
469,6,0.400,0.45,Loeys-Dietz syndrome,Shprintzen-Goldberg syndrome,1,original research,related but distinct,phenotype; genes,Loeys-Dietz and Shprintzen-Goldberg syndromes: analysis of TGF-β-opathies with craniofacial manifestations using an innovative multimodality method.,2022,https://europepmc.org/article/PMC/PMC9554024,single paper; no sample size recorded
470,6,0.400,0.40,Lymph node tuberculosis,sarcoidosis,1,original research,related but distinct,other (serum metabolomics),Serum metabolic disparity between patients with lymph node tuberculosis and patients with sarcoidosis: towards differential diagnosis,2025,https://pmc.ncbi.nlm.nih.gov/articles/PMC12492615/,single paper; no sample size recorded
471,6,0.400,0.40,MELAS,hypertrophic cardiomyopathy,1,original research,related but distinct,phenotype,Unraveling an Unusual Phenocopy of Hypertrophic Cardiomyopathy: MELAS Syndrome.,2021,https://europepmc.org/article/PMC/PMC7917926,single paper; no sample size recorded
472,6,0.400,0.40,MOG antibody-associated disease,multiple sclerosis,1,original research,related but distinct,other (biomarker),KFLC-index distinguishes multiple sclerosis from anti-myelin oligodendrocyte glycoprotein and aquaporin 4 diseases in a Chinese cohort.,2025,https://doi.org/10.1136/jnnp-2025-335953,single paper; no sample size recorded
473,6,0.400,0.40,MOG-antibody-associated disease,multiple sclerosis,1,original research,related but distinct,other (CSF biomarkers),Granulocyte and astrocyte markers distinguish MOG-antibody disease and neuromyelitis optica from multiple sclerosis,2026,https://pmc.ncbi.nlm.nih.gov/articles/PMC13058455/,single paper; no sample size recorded
474,6,0.400,0.40,MOG-antibody-associated disease,neuromyelitis optica spectrum disorder,1,original research,related but distinct,other (CSF biomarkers),Granulocyte and astrocyte markers distinguish MOG-antibody disease and neuromyelitis optica from multiple sclerosis,2026,https://pmc.ncbi.nlm.nih.gov/articles/PMC13058455/,single paper; no sample size recorded
475,6,0.400,0.40,Miyoshi myopathy,polymyositis,1,original research,related but distinct,phenotype,Polymyositis without Beneficial Response to Steroid Therapy: Should Miyoshi Myopathy be a Differential Diagnosis?,2017,https://europepmc.org/article/PMC/PMC5228759,"single paper; no sample size recorded; mimic/misdiagnosis, not mechanistic relatedness"
476,6,0.400,0.40,Neurological post-acute sequelae of COVID-19,Neuromyelitis optica,1,original research,related but distinct,other (DNA methylation),"Distinct Regulatory DNA Methylation Signatures Across Multiple Sclerosis, Neuromyelitis Optica, and Neurological Post-Acute Sequelae of COVID-19",2026,https://pmc.ncbi.nlm.nih.gov/articles/PMC13362688/,single paper; no sample size recorded
477,6,0.400,0.40,Neurological post-acute sequelae of COVID-19,multiple sclerosis,1,original research,related but distinct,other (DNA methylation),"Distinct Regulatory DNA Methylation Signatures Across Multiple Sclerosis, Neuromyelitis Optica, and Neurological Post-Acute Sequelae of COVID-19",2026,https://pmc.ncbi.nlm.nih.gov/articles/PMC13362688/,single paper; no sample size recorded
478,6,0.400,0.40,Neuromyelitis optica,multiple sclerosis,1,original research,related but distinct,other (DNA methylation),"Distinct Regulatory DNA Methylation Signatures Across Multiple Sclerosis, Neuromyelitis Optica, and Neurological Post-Acute Sequelae of COVID-19",2026,https://pmc.ncbi.nlm.nih.gov/articles/PMC13362688/,single paper; no sample size recorded
479,6,0.400,0.40,Paget disease,fibrous dysplasia,1,original research,related but distinct,phenotype,Computed tomography of Paget disease of the skull versus fibrous dysplasia.,1998,https://europepmc.org/article/MED/9921927,single paper; no sample size recorded
480,6,0.400,0.40,Parkinson disease,fragile X-associated tremor/ataxia syndrome,1,original research,related but distinct,other (digital gait markers),"Digital gait markers to potentially distinguish fragile X-associated tremor/ataxia syndrome, Parkinson's disease, and essential tremor.",2023,https://europepmc.org/article/PMC/PMC10755476,"single paper; no sample size recorded; mimic/misdiagnosis, not mechanistic relatedness"
481,6,0.400,0.45,Rett syndrome,VAMP2-related neurodevelopmental disorder,1,original research,related but distinct,phenotype; genes,VAMP2 Gene-Related Neurodevelopmental Disorder: A Differential Diagnosis for Rett/Angelman-Type Spectrum of Disorders.,2023,https://europepmc.org/article/PMC/PMC10601795,single paper; no sample size recorded
482,6,0.400,0.80,Sjogren syndrome,immune-mediated necrotizing myopathy,1,original research,similar,phenotype,Anti-signal recognition particle positive necrotizing myopathy-sjogren's syndrome overlap syndrome: a descriptive study on clinical and myopathology features.,2023,https://europepmc.org/article/PMC/PMC10035234,single paper; no sample size recorded
483,6,0.400,0.40,Transfusion-dependent thalassemia,hereditary hemochromatosis,1,original research,related but distinct,other (liver iron susceptometry),Liver Iron Susceptometry in Transfusional Iron Overload Disorders,2025,https://pmc.ncbi.nlm.nih.gov/articles/PMC12657335/,single paper; no sample size recorded
484,6,0.400,0.40,Tuberculosis (lymphadenopathy),sarcoidosis,1,original research,related but distinct,phenotype,"Differential Diagnosis in Patients Presenting With Peripheral Lymphadenopathy: Tuberculosis, Sarcoidosis, or Malignancy",2025,https://pmc.ncbi.nlm.nih.gov/articles/PMC12587210/,single paper; no sample size recorded
485,6,0.400,0.45,Wilson disease,primary sclerosing cholangitis,1,original research,related but distinct,phenotype; other (biomarker),Critical Analysis of Metallothionein Immunohistochemistry for Diagnosis of Pediatric Wilson Disease: Histologic Scoring Facilitates Distinction from Clinical Mimics.,2026,https://europepmc.org/article/PMC/PMC13605009,"single paper; no sample size recorded; mimic/misdiagnosis, not mechanistic relatedness"
486,6,0.400,0.40,acute intermittent porphyria,bipolar disorder,1,original research,related but distinct,epidemiology,Acute intermittent porphyria: comorbidity and shared familial risks with schizophrenia and bipolar disorder in Sweden.,2015,https://europepmc.org/article/MED/26494868,single paper; no sample size recorded
487,6,0.400,0.40,acute intermittent porphyria,schizophrenia,1,original research,related but distinct,epidemiology,Acute intermittent porphyria: comorbidity and shared familial risks with schizophrenia and bipolar disorder in Sweden.,2015,https://europepmc.org/article/MED/26494868,single paper; no sample size recorded
488,6,0.400,0.45,amyloidosis,cardiac sarcoidosis,1,original research,related but distinct,phenotype; treatment,A Comparative Analysis of Cardiac Amyloidosis and Cardiac Sarcoidosis: A Single-Center Experience.,2025,https://europepmc.org/article/PMC/PMC12429141,single paper; no sample size recorded
489,6,0.400,0.40,amyloidosis,heavy chain amyloidosis,1,original research,related but distinct,phenotype,Immunoglobulin light and heavy chain amyloidosis AL/AH: renal pathology and differential diagnosis.,2007,https://europepmc.org/article/MED/17075228,single paper; no sample size recorded
490,6,0.400,0.40,amyotrophic lateral sclerosis,flail arm syndrome,1,original research,related but distinct,other (neurophysiology),Neurophysiological Differences between Flail Arm Syndrome and Amyotrophic Lateral Sclerosis.,2015,https://europepmc.org/article/PMC/PMC4461255,single paper; no sample size recorded
491,6,0.400,0.45,autism spectrum disorder,tuberous sclerosis complex,1,original research,related but distinct,phenotype; epidemiology,Quality of life and disease burden in tuberous sclerosis and comparison with the population with idiopathic autism spectrum disorder: an investigation conducted through questionnaires and clinical data collection in the pediatric population.,2025,https://europepmc.org/article/PMC/PMC12847237,single paper; no sample size recorded
492,6,0.400,0.80,autoimmune hepatitis,primary sclerosing cholangitis,3,narrative review (no new data on this pair),similar,phenotype,Autoimmune liver disease: overlap and outliers.,2007,https://europepmc.org/article/MED/17486048,no sample size recorded
493,6,0.400,0.40,dermatomyositis,polymyositis,1,original research,related but distinct,other (biomarker),Metabolomic Analysis of Serum Reveals a Unique Metabolomic Profile in Patients With Myositis and Identified Several Potential Biomarkers in Polymyositis Versus Dermatomyositis Patients.,2025,https://doi.org/10.1002/bmc.70011,single paper; no sample size recorded
494,6,0.400,0.40,erythropoietic protoporphyria,porphyria cutanea tarda,2,narrative review (no new data on this pair),related but distinct,pathways,Mechanisms of phototoxicity in porphyria cutanea tarda and erythropoietic protoporphyria.,1989,https://pubmed.ncbi.nlm.nih.gov/2488874,no sample size recorded
495,6,0.400,0.40,essential tremor,fragile X-associated tremor/ataxia syndrome,1,original research,related but distinct,other (digital gait markers),"Digital gait markers to potentially distinguish fragile X-associated tremor/ataxia syndrome, Parkinson's disease, and essential tremor.",2023,https://europepmc.org/article/PMC/PMC10755476,single paper; no sample size recorded
496,6,0.400,0.80,fragile X syndrome,neurofibromatosis,1,original research,similar,phenotype,"Autism Spectrum Disorder Symptom Profiles in Fragile X Syndrome, Angelman Syndrome, Tuberous Sclerosis Complex and Neurofibromatosis Type 1",2026,https://pmc.ncbi.nlm.nih.gov/articles/PMC12864356/,single paper; no sample size recorded
497,6,0.400,0.80,fragile X syndrome,tuberous sclerosis complex,1,original research,similar,phenotype,"Autism Spectrum Disorder Symptom Profiles in Fragile X Syndrome, Angelman Syndrome, Tuberous Sclerosis Complex and Neurofibromatosis Type 1",2026,https://pmc.ncbi.nlm.nih.gov/articles/PMC12864356/,single paper; no sample size recorded
498,6,0.400,0.40,frontotemporal dementia,progressive supranuclear palsy,1,original research,related but distinct,phenotype,"Comparison of the pattern of atrophy of the corpus callosum in frontotemporal dementia, progressive supranuclear palsy, and Alzheimer's disease.",2000,https://europepmc.org/article/PMC/PMC1763404,single paper; no sample size recorded
499,6,0.400,0.40,granulomatosis with polyangiitis,relapsing polychondritis,1,original research,related but distinct,phenotype,Differentiating tracheobronchial involvement in granulomatosis with polyangiitis and relapsing polychondritis on chest CT: a cohort study.,2022,https://europepmc.org/article/PMC/PMC9615207,single paper; no sample size recorded
500,6,0.400,0.40,hemophagocytic lymphohistiocytosis,sepsis,1,original research,related but distinct,phenotype,"Comparison of organ dysfunction patterns in pediatric hemophagocytic lymphohistiocytosis and sepsis: incidence, adverse outcomes, and cluster characteristics.",2025,https://europepmc.org/article/PMC/PMC12657473,single paper; no sample size recorded
501,6,0.400,0.40,hereditary spherocytosis,pyruvate kinase deficiency,1,original research,related but distinct,other (diagnostics),Screening of hereditary spherocytosis and pyruvate kinase deficiency by automated blood count using erythrocytic and reticulocytic parameters.,2018,https://doi.org/10.1111/ijlh.12906,single paper; no sample size recorded
502,6,0.400,0.40,hyperlipidemia,large-vessel vasculitis,1,original research,related but distinct,phenotype,Vascular calcification in patients with large-vessel vasculitis compared to patients with hyperlipidemia.,2019,https://europepmc.org/article/PMC/PMC6421114,single paper; no sample size recorded
503,6,0.400,0.80,idiopathic hypokalemic periodic paralysis,thyrotoxic periodic paralysis,1,original research,similar,phenotype,Comparative study of thyrotoxic periodic paralysis from idiopathic hypokalemic periodic paralysis: An experience from India.,2012,https://europepmc.org/article/PMC/PMC3424795,single paper; no sample size recorded
504,6,0.400,0.40,light chain amyloidosis,transthyretin amyloidosis,1,original research,related but distinct,phenotype,Mechanisms of heart failure in transthyretin vs. light chain amyloidosis.,2019,https://europepmc.org/article/MED/30649240,single paper; no sample size recorded
505,6,0.400,0.40,lymphangioleiomyomatosis,lymphocytic interstitial pneumonia,1,original research,related but distinct,phenotype,"Isolated Cystic Lung Disease: An Algorithmic Approach to Distinguishing Birt-Hogg-Dubé Syndrome, Lymphangioleiomyomatosis, and Lymphocytic Interstitial Pneumonia.",2019,https://doi.org/10.2214/ajr.18.20920,single paper; no sample size recorded
506,6,0.400,0.40,multiple pituitary hormone deficiency,septo-optic dysplasia,1,original research,related but distinct,phenotype,Endocrine morbidity in midline brain defects: Differences between septo-optic dysplasia and related disorders.,2020,https://europepmc.org/article/PMC/PMC7046495,single paper; no sample size recorded
507,6,0.400,0.31,multiple sclerosis,syringomyelia,2,case series/family study,related but distinct,phenotype,"[Syringomyelia, a neglected differential diagnosis in multiple sclerosis. 6 cases from a specialty clinic for multiple sclerosis].",1995,https://pubmed.ncbi.nlm.nih.gov/7566276,"mimic/misdiagnosis, not mechanistic relatedness; no study above case-series level"
508,6,0.400,0.80,multisystem inflammatory syndrome in children,near MIS-C,1,original research,similar,phenotype,"Multisystem inflammatory syndrome in children (MIS-C) and ""Near MIS-C"": A continuum?",2022,https://europepmc.org/article/PMC/PMC9849890,single paper; no sample size recorded
509,6,0.400,0.40,optic nerve hypoplasia,septo-optic dysplasia,1,original research,related but distinct,phenotype,Endocrine morbidity in midline brain defects: Differences between septo-optic dysplasia and related disorders.,2020,https://europepmc.org/article/PMC/PMC7046495,single paper; no sample size recorded
510,6,0.400,0.85,sarcoidosis,systemic sclerosis,1,original research,similar,epidemiology; phenotype,Epidemiology and Survival of Systemic Sclerosis-Sarcoidosis Overlap Syndrome.,2023,https://europepmc.org/article/MED/36725057,single paper; no sample size recorded
511,6,0.400,0.40,sarcoidosis,tuberculosis,1,original research,related but distinct,other (biomarker),Differentiating pulmonary sarcoidosis from pulmonary tuberculosis in clinical practice: Insights from routine blood tests.,2026,https://doi.org/10.1007/s11845-026-04580-z,single paper; no sample size recorded
512,5,0.333,0.85,5q- myelodysplastic syndrome,Shwachman-Diamond syndrome,1,narrative review (no new data on this pair),similar,pathways,Non-Diamond Blackfan anemia disorders of ribosome function: Shwachman Diamond syndrome and 5q- syndrome.,2011,https://europepmc.org/article/PMC/PMC3072806,single paper; no sample size recorded
513,5,0.333,0.90,Albright hereditary osteodystrophy,pseudohypoparathyroidism,1,narrative review (no new data on this pair),similar,genes; phenotype,Characterization of Albright hereditary osteodystrophy and related disorders.,1995,https://europepmc.org/article/MED/7778442,single paper; no sample size recorded
514,5,0.333,0.40,Angelman syndrome,Dup15q syndrome,1,narrative review (no new data on this pair),related but distinct,genes,UBE3A Dosage Imbalance as a Molecular Framework Linking Angelman Syndrome and Dup15q-Associated Autism Phenotypes.,2026,https://doi.org/10.1002/ajmg.b.70025,single paper; no sample size recorded
515,5,0.333,0.40,Blau syndrome,sarcoidosis,1,narrative review (no new data on this pair),related but distinct,genes,Distinguishing Blau Syndrome from Systemic Sarcoidosis.,2021,https://europepmc.org/article/PMC/PMC9762981,single paper; no sample size recorded
516,5,0.333,0.85,Bloom syndrome,Nijmegen breakage syndrome,1,narrative review (no new data on this pair),similar,pathways,"Oxidative stress, mitochondrial abnormalities and antioxidant defense in Ataxia-telangiectasia, Bloom syndrome and Nijmegen breakage syndrome.",2017,https://europepmc.org/article/PMC/PMC5219618,single paper; no sample size recorded
517,5,0.333,0.85,Bloom syndrome,ataxia-telangiectasia,1,narrative review (no new data on this pair),similar,pathways,"Oxidative stress, mitochondrial abnormalities and antioxidant defense in Ataxia-telangiectasia, Bloom syndrome and Nijmegen breakage syndrome.",2017,https://europepmc.org/article/PMC/PMC5219618,single paper; no sample size recorded
518,5,0.333,0.90,Brugada syndrome,arrhythmogenic cardiomyopathy,1,narrative review (no new data on this pair),similar,pathways; genes,Unmasking the molecular link between arrhythmogenic cardiomyopathy and Brugada syndrome.,2017,https://europepmc.org/article/MED/28703223,single paper; no sample size recorded
519,5,0.333,0.85,Buerger disease,Takayasu arteritis,1,narrative review (no new data on this pair),similar,pathways,"Takayasu arteritis, Buerger disease and inflammatory abdominal aortic aneurysms: is there a common pathway in their pathogenesis?",1998,https://europepmc.org/article/MED/9951798,single paper; no sample size recorded
520,5,0.333,0.62,Chediak-Higashi syndrome,Griscelli syndrome,2,case series/family study,similar,treatment,"Treatment of the X-linked lymphoproliferative, Griscelli and Chédiak-Higashi syndromes by HLH directed therapy.",2009,https://doi.org/10.1002/pbc.21790,no study above case-series level
521,5,0.333,0.45,Cockayne syndrome,xeroderma pigmentosum,1,narrative review (no new data on this pair),related but distinct,genes; phenotype,"Xeroderma pigmentosum, trichothiodystrophy and Cockayne syndrome: a complex genotype-phenotype relationship.",2007,https://europepmc.org/article/PMC/PMC2288663,single paper; no sample size recorded
522,5,0.333,0.85,Cushing syndrome,diabetes mellitus,1,narrative review (no new data on this pair),similar,pathways,"A role for sphingolipids in producing the common features of type 2 diabetes, metabolic syndrome X, and Cushing's syndrome.",2005,https://europepmc.org/article/MED/15734832,single paper; no sample size recorded
523,5,0.333,0.85,Cushing syndrome,metabolic syndrome,1,narrative review (no new data on this pair),similar,pathways,"A role for sphingolipids in producing the common features of type 2 diabetes, metabolic syndrome X, and Cushing's syndrome.",2005,https://europepmc.org/article/MED/15734832,single paper; no sample size recorded
524,5,0.333,0.65,Dubin-Johnson syndrome,Rotor syndrome,2,narrative review (no new data on this pair),similar,phenotype,"Hyperbilirubinemia syndromes (Gilbert-Meulengracht, Crigler-Najjar, Dubin-Johnson, and Rotor syndrome).",2010,https://doi.org/10.1016/j.bpg.2010.07.007,no sample size recorded
525,5,0.333,0.40,Dup15q syndrome,Prader-Willi syndrome,1,narrative review (no new data on this pair),related but distinct,genes,"Prader-Willi, Angelman, and 15q11-q13 Duplication Syndromes.",2015,https://europepmc.org/article/PMC/PMC4449422,single paper; no sample size recorded
526,5,0.333,0.85,Fabry disease,Gaucher disease,1,narrative review (no new data on this pair),similar,pathways,"The Sphingolipid Balance and Endothelial Dysfunction in Lysosomal Storage Diseases: Shared Mechanisms in Gaucher, Niemann-Pick and Fabry Disease",2026,https://pmc.ncbi.nlm.nih.gov/articles/PMC13361328/,single paper; no sample size recorded
527,5,0.333,0.85,Fabry disease,Niemann-Pick disease,1,narrative review (no new data on this pair),similar,pathways,"The Sphingolipid Balance and Endothelial Dysfunction in Lysosomal Storage Diseases: Shared Mechanisms in Gaucher, Niemann-Pick and Fabry Disease",2026,https://pmc.ncbi.nlm.nih.gov/articles/PMC13361328/,single paper; no sample size recorded
528,5,0.333,0.40,Fabry disease,acute coronary syndrome,1,narrative review (no new data on this pair),related but distinct,phenotype,[The Fabry's Disease Cardiomyopathy as Differential Diagnosis of Acute Coronary Syndrome].,2017,https://europepmc.org/article/MED/28329906,"single paper; mimic/misdiagnosis, not mechanistic relatedness"
529,5,0.333,0.40,Fragile X syndrome (gray-zone FMR1 alleles),autism spectrum disorder,1,narrative review (no new data on this pair),related but distinct,genes,Overlapping Pathways: Autism Spectrum Disorder in Fragile X Carrier States and the Need for Greater Awareness,2025,https://pmc.ncbi.nlm.nih.gov/articles/PMC12672945/,single paper; no sample size recorded
530,5,0.333,0.85,Frontotemporal lobar degeneration,amyotrophic lateral sclerosis,1,narrative review (no new data on this pair),similar,pathways,Maintenance and disruption of the physiological dimer structure of TDP-43 in amyotrophic lateral sclerosis and frontotemporal lobar degeneration,2026,https://pmc.ncbi.nlm.nih.gov/articles/PMC13343978/,single paper; no sample size recorded
531,5,0.333,0.85,Gaucher disease,Niemann-Pick disease,1,narrative review (no new data on this pair),similar,pathways,"The Sphingolipid Balance and Endothelial Dysfunction in Lysosomal Storage Diseases: Shared Mechanisms in Gaucher, Niemann-Pick and Fabry Disease",2026,https://pmc.ncbi.nlm.nih.gov/articles/PMC13361328/,single paper; no sample size recorded
532,5,0.333,0.82,Guillain-Barre syndrome,Miller Fisher syndrome,6,case report,similar,pathways; phenotype,"Bickerstaff's brainstem encephalitis, Miller Fisher syndrome and Guillain-Barré syndrome overlap in an asthma patient with negative anti-ganglioside antibodies.",2012,https://europepmc.org/article/PMC/PMC3419076,case report only; no study above case-series level
533,5,0.333,0.85,Leber hereditary optic neuropathy,MELAS,2,case series/family study,similar,genes,The mitochondrial DNA G13513A transition in ND5 is associated with a LHON/MELAS overlap syndrome and may be a frequent cause of MELAS.,1999,https://europepmc.org/article/MED/10589546,no study above case-series level
534,5,0.333,0.40,Liddle syndrome,primary aldosteronism,2,case series/family study,related but distinct,phenotype,Liddle syndrome misdiagnosed as primary aldosteronism resulting from a novel frameshift mutation of SCNN1B.,2018,https://europepmc.org/article/PMC/PMC6311463,"mimic/misdiagnosis, not mechanistic relatedness; no study above case-series level"
535,5,0.333,0.85,MELAS,MERRF,2,case series/family study,similar,genes,MERRF/MELAS overlap syndrome: a double pathogenic mutation in mitochondrial tRNA genes.,2010,https://doi.org/10.1136/jmg.2009.072058,no study above case-series level
536,5,0.333,0.90,Malattia Leventinese (Doyne honeycomb retinal dystrophy),age-related macular degeneration,1,narrative review (no new data on this pair),similar,pathways; phenotype,Malattia Leventinese/Doyne Honeycomb Retinal Dystrophy: Similarities to Age-Related Macular Degeneration and Potential Therapies.,2016,https://europepmc.org/article/MED/26427406,single paper; no sample size recorded
537,5,0.333,0.85,PAPA syndrome,pyoderma gangrenosum,1,narrative review (no new data on this pair),similar,genes,"Genetic mutations in pyoderma gangrenosum, hidradenitis suppurativa, and associated autoinflammatory syndromes: Insights into pathogenic mechanisms and shared pathways.",2024,https://europepmc.org/article/PMC/PMC11484153,single paper; no sample size recorded
538,5,0.333,0.85,Sjogren syndrome,common variable immunodeficiency,1,narrative review (no new data on this pair),similar,pathways,Shared Pathogenetic Features Between Common Variable Immunodeficiency and Sjögren's Syndrome: Clues for a Personalized Medicine.,2021,https://europepmc.org/article/PMC/PMC8311857,single paper; no sample size recorded
539,5,0.333,0.58,X-linked lymphoproliferative disease,hemophagocytic lymphohistiocytosis,2,case series/family study,related but distinct,genes,XIAP deficiency: a unique primary immunodeficiency best classified as X-linked familial hemophagocytic lymphohistiocytosis and not as X-linked lymphoproliferative disease.,2010,https://europepmc.org/article/PMC/PMC2938130,no study above case-series level
540,5,0.333,0.40,acute intermittent porphyria,porphyria cutanea tarda,1,narrative review (no new data on this pair),related but distinct,treatment,"Treatment options in acute porphyria, porphyria cutanea tarda, and erythropoietic protoporphyria.",2007,https://doi.org/10.1007/s11938-007-0044-9,single paper; no sample size recorded
541,5,0.333,0.90,alkaptonuria,osteoarthritis,1,narrative review (no new data on this pair),similar,pathways; treatment,Development of an Effective Therapy for Alkaptonuria - Lessons for Osteoarthritis.,2021,https://europepmc.org/article/PMC/PMC9524786,single paper; no sample size recorded
542,5,0.333,0.45,allergic bronchopulmonary aspergillosis,asthma,1,narrative review (no new data on this pair),related but distinct,pathways; phenotype,Fungal-Driven Airways Dis-Immunity From Asthma to Allergic Bronchopulmonary Aspergillosis: Dissecting Similarities and Differences. An EAACI Task Force Report.,2025,https://europepmc.org/article/PMC/PMC12666763,single paper; no sample size recorded
543,5,0.333,0.90,amyotrophic lateral sclerosis,frontotemporal lobar degeneration,1,narrative review (no new data on this pair),similar,genes; pathways,Frontotemporal lobar degeneration and amyotrophic lateral sclerosis: molecular similarities and differences.,2013,https://europepmc.org/article/MED/24011641,single paper; no sample size recorded
544,5,0.333,0.80,autism spectrum disorder,mucopolysaccharidosis,2,narrative review (no new data on this pair),similar,phenotype,"Mucopolysaccharidosis type III (Sanfilippo syndrome) and misdiagnosis of idiopathic developmental delay, attention deficit/hyperactivity disorder or autism spectrum disorder.",2013,https://europepmc.org/article/PMC/PMC3654162,"no sample size recorded; mimic/misdiagnosis, not mechanistic relatedness"
545,5,0.333,0.05,autosomal dominant polycystic kidney disease,autosomal recessive polycystic kidney disease,1,original research,unrelated,genes,Autosomal recessive polycystic kidney disease does not map to the second gene locus for autosomal dominant polycystic kidney disease on chromosome 4.,1994,https://doi.org/10.1007/bf00201574,single paper; no sample size recorded
546,5,0.333,0.40,eosinophilic granulomatosis with polyangiitis,hypereosinophilic syndrome,2,narrative review (no new data on this pair),related but distinct,other (biomarker),A new index for distinguishing hypereosinophilic syndrome and antineutrophil cytoplasmic antibody-negative eosinophilic granulomatosis with polyangiitis.,2023,https://doi.org/10.12932/ap-080420-0805,no sample size recorded
547,5,0.333,0.40,familial adenomatous polyposis,pancreatoblastoma,1,narrative review (no new data on this pair),related but distinct,genes,Association between Pancreatoblastoma and Familial Adenomatous Polyposis: Review of the Literature with an Additional Case.,2023,https://europepmc.org/article/PMC/PMC10815143,single paper; no sample size recorded
548,5,0.333,0.40,giant axonal neuropathy,infantile neuroaxonal dystrophy,1,narrative review (no new data on this pair),related but distinct,phenotype,Infantile neuroaxonal dystrophy and giant axonal neuropathy--overlap diseases of neuronal cytoskeletal elements in childhood?,2000,https://europepmc.org/article/MED/11048747,single paper
549,5,0.333,0.90,hereditary hemorrhagic telangiectasia,juvenile polyposis syndrome,1,narrative review (no new data on this pair),similar,genes; phenotype,Overlap syndrome of hereditary hemorrhagic telangiectasia and juvenile polyposis syndrome: ten years follow-up-case series and review of literature.,2024,https://doi.org/10.1007/s10689-024-00425-9,single paper; no sample size recorded
550,5,0.333,0.85,hidradenitis suppurativa,pyoderma gangrenosum,1,narrative review (no new data on this pair),similar,genes,"Genetic mutations in pyoderma gangrenosum, hidradenitis suppurativa, and associated autoinflammatory syndromes: Insights into pathogenic mechanisms and shared pathways.",2024,https://europepmc.org/article/PMC/PMC11484153,single paper; no sample size recorded
551,5,0.333,0.84,multiple epiphyseal dysplasia,pseudoachondroplasia,2,case series/family study,similar,genes,Age Dependent Progression of Multiple Epiphyseal Dysplasia and Pseudoachondroplasia Due to Heterozygous Mutations in COMP Gene.,2020,https://doi.org/10.14712/23362936.2020.14,no study above case-series level
552,5,0.333,0.45,trichothiodystrophy,xeroderma pigmentosum,1,narrative review (no new data on this pair),related but distinct,genes; phenotype,"Xeroderma pigmentosum, trichothiodystrophy and Cockayne syndrome: a complex genotype-phenotype relationship.",2007,https://europepmc.org/article/PMC/PMC2288663,single paper; no sample size recorded
553,4,0.267,0.40,1p36 deletion syndrome,hypoxic ischemic encephalopathy,1,narrative review (no new data on this pair),related but distinct,phenotype,Perinatal distress in 1p36 deletion syndrome can mimic hypoxic ischemic encephalopathy.,2019,https://europepmc.org/article/PMC/PMC7254578,"single paper; no sample size recorded; mimic/misdiagnosis, not mechanistic relatedness"
554,4,0.267,0.83,ANCA-associated vasculitis,rheumatoid arthritis,2,case series/family study,similar,phenotype; treatment,Association of ANCA-associated vasculitis-rheumatoid arthritis overlap syndrome in four patients: rituximab may be the right choice?,2012,https://europepmc.org/article/MED/22443800,no study above case-series level
555,4,0.267,0.85,Bardet-Biedl syndrome,McKusick-Kaufman syndrome,1,narrative review (no new data on this pair),similar,phenotype; genes,Phenotypic overlap of McKusick-Kaufman syndrome with bardet-biedl syndrome: a literature review.,2000,https://europepmc.org/article/MED/11102925,single paper; no sample size recorded
556,4,0.267,0.40,Budd-Chiari syndrome,sinusoidal obstruction syndrome,1,narrative review (no new data on this pair),related but distinct,phenotype,Primary Budd-Chiari syndrome versus sinusoidal obstruction syndrome: a review.,2024,https://doi.org/10.1080/03007995.2023.2288909,single paper; no sample size recorded
557,4,0.267,0.51,CHARGE syndrome,Kabuki syndrome,3,case report,related but distinct,genes,"Individual Clinically Diagnosed with CHARGE Syndrome but with a Mutation in <i>KMT2D</i>, a Gene Associated with Kabuki Syndrome: A Case Report.",2017,https://europepmc.org/article/PMC/PMC5732153,case report only; no study above case-series level
558,4,0.267,0.45,Carney complex,PTEN hamartoma tumor syndrome,1,narrative review (no new data on this pair),related but distinct,phenotype; genes,The differential diagnosis of familial lentiginosis syndromes.,2011,https://europepmc.org/article/PMC/PMC3417307,single paper; no sample size recorded
559,4,0.267,0.45,Carney complex,Peutz-Jeghers syndrome,1,narrative review (no new data on this pair),related but distinct,phenotype; genes,The differential diagnosis of familial lentiginosis syndromes.,2011,https://europepmc.org/article/PMC/PMC3417307,single paper; no sample size recorded
560,4,0.267,0.80,Chediak-Higashi syndrome,X-linked lymphoproliferative disease,1,case series/family study,similar,treatment,"Treatment of the X-linked lymphoproliferative, Griscelli and Chédiak-Higashi syndromes by HLH directed therapy.",2009,https://doi.org/10.1002/pbc.21790,single paper; no study above case-series level
561,4,0.267,0.40,Churg-Strauss syndrome,idiopathic hypereosinophilic syndrome,1,narrative review (no new data on this pair),related but distinct,other (molecular diagnosis),[Churg-Strauss vasculitis and idiopathic hypereosinophyl syndrome: role of molecular biology in the differential diagnosis of hypereosinophyl syndrome].,2008,https://europepmc.org/article/MED/18651056,single paper; no sample size recorded
562,4,0.267,0.40,Ehlers-Danlos syndrome,cutis laxa,1,case series/family study,related but distinct,phenotype,Autosomal recessive cutis laxa type 2A (ARCL2A) mimicking Ehlers-Danlos syndrome by its dermatological manifestations: report of three affected patients.,2014,https://doi.org/10.1002/ajmg.a.36411,single paper; no study above case-series level
563,4,0.267,0.67,Emery-Dreifuss muscular dystrophy,limb-girdle muscular dystrophy,2,case series/family study,similar,phenotype,"Cardiac dysrhythmias,cardiomyopathy and muscular dystrophy in patients with Emery-Dreifuss muscular dystrophy and limb-girdle muscular dystrophy type 1B.",2005,https://europepmc.org/article/PMC/PMC2808607,no study above case-series level
564,4,0.267,0.85,Gorlin syndrome,multiple hereditary infundibulocystic basal cell carcinoma,1,case series/family study,similar,pathways,SUFU-associated Gorlin syndrome: Expanding the spectrum between classic nevoid basal cell carcinoma syndrome and multiple hereditary infundibulocystic basal cell carcinoma.,2023,https://doi.org/10.1111/ajd.14014,single paper; no study above case-series level
565,4,0.267,0.80,Griscelli syndrome,X-linked lymphoproliferative disease,1,case series/family study,similar,treatment,"Treatment of the X-linked lymphoproliferative, Griscelli and Chédiak-Higashi syndromes by HLH directed therapy.",2009,https://doi.org/10.1002/pbc.21790,single paper; no study above case-series level
566,4,0.267,0.40,HELLP syndrome,thrombotic thrombocytopenic purpura,1,narrative review (no new data on this pair),related but distinct,phenotype,HELLP Syndrome and Differential Diagnosis with Other Thrombotic Microangiopathies in Pregnancy.,2024,https://europepmc.org/article/PMC/PMC10887663,single paper; no sample size recorded
567,4,0.267,0.85,Huntington disease,Huntington disease-like syndromes,1,narrative review (no new data on this pair),similar,phenotype; genes,Huntington's disease phenocopy syndromes.,2007,https://europepmc.org/article/MED/17992089,single paper; no sample size recorded
568,4,0.267,0.45,Huntington disease,McLeod syndrome,1,narrative review (no new data on this pair),related but distinct,phenotype; genes,Molecular Basis and Clinical Overview of McLeod Syndrome Compared With Other Neuroacanthocytosis Syndromes: A Review.,2018,https://doi.org/10.1001/jamaneurol.2018.2166,single paper; no sample size recorded
569,4,0.267,0.45,IQSEC2 disorder,Rett syndrome,1,narrative review (no new data on this pair),related but distinct,phenotype; genes,IQSEC2 disorder: A new disease entity or a Rett spectrum continuum?,2021,https://europepmc.org/article/MED/33368194,single paper; no sample size recorded
570,4,0.267,0.85,IgA nephropathy,IgA vasculitis,1,narrative review (no new data on this pair),similar,phenotype; pathways,[IgA vasculitis - similarities and differences to IgA nephropathy].,2022,https://europepmc.org/article/MED/35583021,single paper; no sample size recorded
571,4,0.267,0.40,IgG4-related disease,inflammatory bowel disease,1,narrative review (no new data on this pair),related but distinct,phenotype,IgG₄-related sclerosing disease: a novel mimic of inflammatory bowel disease.,2010,https://europepmc.org/article/MED/20521111,"single paper; no sample size recorded; mimic/misdiagnosis, not mechanistic relatedness"
572,4,0.267,0.85,Joubert syndrome,autosomal recessive polycystic kidney disease,1,case series/family study,similar,genes,"MKS3-related ciliopathy with features of autosomal recessive polycystic kidney disease, nephronophthisis, and Joubert Syndrome.",2009,https://europepmc.org/article/PMC/PMC2925444,single paper; no study above case-series level
573,4,0.267,0.85,Joubert syndrome,nephronophthisis,1,case series/family study,similar,genes,"MKS3-related ciliopathy with features of autosomal recessive polycystic kidney disease, nephronophthisis, and Joubert Syndrome.",2009,https://europepmc.org/article/PMC/PMC2925444,single paper; no study above case-series level
574,4,0.267,0.80,MGUS,smoldering multiple myeloma,1,narrative review (no new data on this pair),similar,phenotype,Skeletal health in the precursor stages of multiple myeloma: fracture risk and bone phenotypes in monoclonal gammopathy of undetermined significance and smouldering myeloma.,2026,https://doi.org/10.1016/j.pathol.2025.11.002,single paper; no sample size recorded
575,4,0.267,0.45,Norrie disease,X-linked familial exudative vitreoretinopathy,1,case series/family study,related but distinct,genes; phenotype,Differential diagnosis of Norrie disease and X-linked familial exudative vitreoretinopathy (XL-FEVR) based on clinical and molecular evaluation.,2016,https://europepmc.org/article/MED/30088388,single paper; no study above case-series level
576,4,0.267,0.40,Paget disease of bone,fibrous dysplasia,1,narrative review (no new data on this pair),related but distinct,phenotype,"Fibrous Dysplasia, Paget's Disease of Bone, and Other Uncommon Sclerotic Bone Lesions of the Craniofacial Bones.",2020,https://doi.org/10.1055/s-0039-3400292,single paper; no sample size recorded
577,4,0.267,0.40,Parkinson disease,dopa-responsive dystonia,1,case series/family study,related but distinct,genes,Dopa-responsive dystonia or early-onset Parkinson disease - Genotype-phenotype correlation.,2017,https://doi.org/10.1016/j.pjnns.2016.07.013,single paper; no study above case-series level
578,4,0.267,0.40,Prader-Willi syndrome,Rett syndrome,1,narrative review (no new data on this pair),related but distinct,phenotype,"Genetic diseases: congenital central hypoventilation, Rett, and Prader-Willi syndromes.",2012,https://doi.org/10.1002/cphy.c100037,single paper; no sample size recorded
579,4,0.267,0.40,Prader-Willi syndrome,congenital central hypoventilation syndrome,1,narrative review (no new data on this pair),related but distinct,phenotype,"Genetic diseases: congenital central hypoventilation, Rett, and Prader-Willi syndromes.",2012,https://doi.org/10.1002/cphy.c100037,single paper; no sample size recorded
580,4,0.267,0.40,Rett syndrome,congenital central hypoventilation syndrome,1,narrative review (no new data on this pair),related but distinct,phenotype,"Genetic diseases: congenital central hypoventilation, Rett, and Prader-Willi syndromes.",2012,https://doi.org/10.1002/cphy.c100037,single paper; no sample size recorded
581,4,0.267,0.45,Schnitzler syndrome,cryopyrin-associated periodic syndrome,1,narrative review (no new data on this pair),related but distinct,phenotype; treatment,"Similarities and differences in autoinflammatory diseases with urticarial rash, cryopyrin-associated periodic syndrome and Schnitzler syndrome.",2023,https://doi.org/10.1016/j.alit.2023.02.005,single paper; no sample size recorded
582,4,0.267,0.40,Sjogren syndrome,systemic lupus erythematosus,1,narrative review (no new data on this pair),related but distinct,phenotype,[Difficulties in differential diagnosis of Sjögren's syndrome and systemic lupus erythematosus].,2006,https://europepmc.org/article/MED/17036505,single paper; no sample size recorded
583,4,0.267,0.40,Usher syndrome,Waardenburg syndrome,1,case series/family study,related but distinct,genes,Genetic analysis of a Chinese family with members affected with Usher syndrome type II and Waardenburg syndrome type IV.,2017,https://doi.org/10.1016/j.ijporl.2017.08.012,single paper; no study above case-series level
584,4,0.267,0.85,antiphospholipid syndrome,polyarteritis nodosa,1,narrative review (no new data on this pair),similar,phenotype; pathways,Polyarteritis nodosa and antiphospholipid syndrome: a systematic review of a rare and challenging overlap between vasculitis and thrombotic vasculopathy.,2026,https://europepmc.org/article/PMC/PMC13486007,single paper; no sample size recorded
585,4,0.267,0.45,antiphospholipid syndrome,systemic lupus erythematosus vasculitis,1,narrative review (no new data on this pair),related but distinct,phenotype; treatment,Lupus vasculitis: differential diagnosis with antiphospholipid syndrome.,2002,https://europepmc.org/article/MED/11798978,single paper; no sample size recorded
586,4,0.267,0.40,arrhythmogenic right ventricular cardiomyopathy,cardiac sarcoidosis,1,narrative review (no new data on this pair),related but distinct,phenotype,Differentiating Cardiac Sarcoidosis from Arrhythmogenic Right Ventricular Cardiomyopathy: A Systematic Review.,2025,https://europepmc.org/article/PMC/PMC12105856,single paper; no sample size recorded
587,4,0.267,0.85,autosomal recessive polycystic kidney disease,nephronophthisis,1,case series/family study,similar,genes,"MKS3-related ciliopathy with features of autosomal recessive polycystic kidney disease, nephronophthisis, and Joubert Syndrome.",2009,https://europepmc.org/article/PMC/PMC2925444,single paper; no study above case-series level
588,4,0.267,0.40,cerebral palsy,dopa-responsive dystonia,2,case series/family study,related but distinct,phenotype,Dopa-responsive dystonia simulating cerebral palsy.,1994,https://doi.org/10.1016/0887-8994(94)90109-0,no study above case-series level
589,4,0.267,0.40,constrictive pericarditis,restrictive cardiomyopathy,1,narrative review (no new data on this pair),related but distinct,phenotype,Constrictive pericarditis and restrictive cardiomyopathy: similarities and differences.,2003,https://europepmc.org/article/MED/12709732,single paper; no sample size recorded
590,4,0.267,0.40,corticobasal syndrome,progressive supranuclear palsy,1,narrative review (no new data on this pair),related but distinct,other (biomarker),Differentiating Progressive Supranuclear Palsy and Corticobasal Syndrome: Insights from Cerebrospinal Fluid Biomarkers-A Narrative Review.,2025,https://europepmc.org/article/PMC/PMC12028812,single paper; no sample size recorded
591,4,0.267,0.45,eosinophilic esophagitis,gastro-oesophageal reflux disease,1,narrative review (no new data on this pair),related but distinct,phenotype; pathways,Gastro-oesophageal reflux disease and eosinophilic oesophagitis: What is the relationship?,2018,https://europepmc.org/article/PMC/PMC6209579,single paper; no sample size recorded
592,4,0.267,0.40,erythromelalgia,small fiber neuropathy,2,case series/family study,related but distinct,phenotype,Acute monophasic erythromelalgia pain in five children diagnosed as small-fiber neuropathy.,2020,https://europepmc.org/article/PMC/PMC10021072,no study above case-series level
593,4,0.267,0.40,familial hypocalciuric hypercalcemia,primary hyperparathyroidism,1,narrative review (no new data on this pair),related but distinct,phenotype,Familial benign (hypocalciuric) hypercalcemia. A troublesome mimic of mild primary hyperparathyroidism.,1989,https://europepmc.org/article/MED/2673770,"single paper; no sample size recorded; mimic/misdiagnosis, not mechanistic relatedness"
594,4,0.267,0.40,fibromuscular dysplasia,vasculitis,1,narrative review (no new data on this pair),related but distinct,phenotype,Fibromuscular dysplasia: a differential diagnosis of vasculitis.,2012,https://europepmc.org/article/MED/22286647,single paper; no sample size recorded
595,4,0.267,0.45,hepatic veno-occlusive disease,pulmonary veno-occlusive disease,1,narrative review (no new data on this pair),related but distinct,phenotype; pathways,Understanding the Similarities and Differences between Hepatic and Pulmonary Veno-Occlusive Disease.,2019,https://europepmc.org/article/MED/30926335,single paper; no sample size recorded
596,4,0.267,0.85,hereditary mucoepithelial dysplasia,"ichthyosis follicularis, atrichia and photophobia syndrome",1,narrative review (no new data on this pair),similar,phenotype; genes,"Ichthyosis follicularis, atrichia and photophobia (IFAP) and hereditary mucoepithelial dysplasia: Two syndromes that share a common clinical spectrum.",2021,https://europepmc.org/article/MED/33742461,single paper; no sample size recorded
597,4,0.267,0.40,hypomelanosis of Ito,incontinentia pigmenti,1,narrative review (no new data on this pair),related but distinct,phenotype,Incontinentia pigmenti and hypomelanosis of Ito.,2013,https://doi.org/10.1016/b978-0-444-52891-9.00040-3,single paper; no sample size recorded
598,4,0.267,0.85,idiopathic pulmonary fibrosis,rheumatoid arthritis-associated interstitial lung disease,1,narrative review (no new data on this pair),similar,phenotype; genes,Two sides of the same coin? A review of the similarities and differences between idiopathic pulmonary fibrosis and rheumatoid arthritis-associated interstitial lung disease.,2021,https://europepmc.org/article/MED/33303554,single paper; no sample size recorded
599,4,0.267,0.80,immune-mediated necrotizing myopathy,systemic sclerosis,1,narrative review (no new data on this pair),similar,phenotype,Anti-SRP Antibodies and Myocarditis in Systemic Sclerosis Overlap Syndrome with Immune-Mediated Necrotizing Myositis (IMNM).,2024,https://europepmc.org/article/PMC/PMC11596468,single paper; no sample size recorded
600,4,0.267,0.85,myelodysplastic syndrome,myeloproliferative neoplasm,1,narrative review (no new data on this pair),similar,phenotype; genes,Myelodysplastic syndrome/myeloproliferative neoplasm overlap syndromes: a focused review.,2020,https://europepmc.org/article/PMC/PMC7727594,single paper; no sample size recorded
601,4,0.267,0.40,nephrogenic systemic fibrosis,scleromyxedema,1,narrative review (no new data on this pair),related but distinct,phenotype,[Causal relationship between the use of gadolinium based contrast media and nephrogenic systemic fibrosis].,2014,https://doi.org/10.4067/s0034-98872014001200010,"single paper; no sample size recorded; mimic/misdiagnosis, not mechanistic relatedness"
602,4,0.267,0.90,tuberous sclerosis complex,von Hippel-Lindau disease,1,narrative review (no new data on this pair),similar,phenotype; pathways; treatment,Renal involvement in tuberous sclerosis complex and von Hippel-Lindau disease: shared disease mechanisms?,2009,https://doi.org/10.1038/ncpneph1032,single paper; no sample size recorded
603,3,0.200,0.80,17q21.31 deletion syndrome,cardio-facio-cutaneous syndrome,1,case series/family study,similar,phenotype,Cutaneous features in 17q21.31 deletion syndrome: a differential diagnosis for cardio-facio-cutaneous syndrome.,2011,https://europepmc.org/article/PMC/PMC3000393,single paper; no study above case-series level
604,3,0.200,0.45,Gaucher disease,multiple myeloma,1,letter/unspecified design,related but distinct,epidemiology; genes,"Prevalence of type I Gaucher disease in patients with smoldering or multiple myeloma: Results from the prospective, observational CHAGAL study.",2025,https://europepmc.org/article/PMC/PMC11754764,single paper; no sample size recorded; no study above case-series level
605,3,0.200,0.83,Klippel-Trenaunay syndrome,Sturge-Weber syndrome,3,case report,similar,phenotype,Klippel-Trenaunay and Sturge-Weber overlap syndrome with phakomatosis pigmentovascularis.,2010,https://europepmc.org/article/PMC/PMC3087993,case report only; no study above case-series level
606,3,0.200,0.40,Rasmussen encephalitis,focal cortical dysplasia,1,case series/family study,related but distinct,phenotype,Clinico-pathological investigations of Rasmussen encephalitis suggest multifocal disease progression and associated focal cortical dysplasia.,2013,https://doi.org/10.1684/epd.2013.0555,single paper; no study above case-series level
607,3,0.200,0.45,Yao syndrome,familial Mediterranean fever,1,case series/family study,related but distinct,phenotype; genes,NOD2 Versus MEFV: Differential Diagnosis of Yao Syndrome and Familial Mediterranean Fever.,2021,https://europepmc.org/article/PMC/PMC9524798,single paper; no study above case-series level
608,3,0.200,0.80,common variable immunodeficiency,hemophagocytic lymphohistiocytosis,1,case series/family study,similar,phenotype,Atypical familial hemophagocytic lymphohistiocytosis due to mutations in UNC13D and STXBP2 overlaps with primary immunodeficiency diseases.,2010,https://europepmc.org/article/PMC/PMC2995566,single paper; no study above case-series level
609,3,0.200,0.80,fibromuscular dysplasia,spontaneous coronary artery dissection,1,case series/family study,similar,phenotype,Spontaneous Coronary Artery Dissection and Fibromuscular Dysplasia: A Case Series and Genetic Links.,2024,https://doi.org/10.7759/cureus.54105,single paper; no study above case-series level
610,3,0.200,0.40,giant cell arteritis,spinal cord compression (epidural inflammatory lesion),1,case series/family study,related but distinct,phenotype,Giant cell arteritis and spinal cord compression: an overlap syndrome?,2006,https://europepmc.org/article/MED/16438484,single paper; no study above case-series level
611,3,0.200,0.40,hemophagocytic lymphohistiocytosis,neonatal hemochromatosis,1,case series/family study,related but distinct,phenotype,Hemophagocytic syndrome presenting as acute hepatic failure in two infants: clinical overlap with neonatal hemochromatosis.,1999,https://europepmc.org/article/MED/10347280,single paper; no study above case-series level
612,3,0.200,0.90,hereditary hemorrhagic telangiectasia,juvenile polyposis,2,case report,similar,genes; phenotype,Hereditary hemorrhagic telangiectasia and juvenile polyposis: an overlap of syndromes.,2010,https://europepmc.org/article/MED/20012952,case report only; no study above case-series level
613,3,0.200,0.40,hereditary spastic paraplegia,spinocerebellar ataxia,1,case series/family study,related but distinct,phenotype,Six cases of SCA3/MJD patients that mimic hereditary spastic paraplegia in clinic.,2009,https://europepmc.org/article/MED/19608203,"single paper; mimic/misdiagnosis, not mechanistic relatedness; no study above case-series level"
614,2,0.133,0.90,5q- syndrome,refractory anemia with excess blasts (childhood MDS),1,case report,similar,genes; phenotype,5q- in a child with refractory anemia with excess blasts: similarities to 5q- syndrome in adults.,1998,https://europepmc.org/article/MED/9723027,single paper; case report only; no study above case-series level
615,2,0.133,0.85,Beckwith-Wiedemann syndrome,Costello syndrome,1,case report,similar,pathways,Paternal uniparental disomy 11p15.5 in the pancreatic nodule of an infant with Costello syndrome: Shared mechanism for hyperinsulinemic hypoglycemia in neonates with Costello and Beckwith-Wiedemann syndrome and somatic loss of heterozygosity in Costello syndrome driving clonal expansion.,2016,https://europepmc.org/article/PMC/PMC4784973,single paper; case report only; no study above case-series level
616,2,0.133,0.53,Beckwith-Wiedemann syndrome,Simpson-Golabi-Behmel syndrome,2,case report,related but distinct,phenotype,Twenty-one years to the right diagnosis - clinical overlap of Simpson-Golabi-Behmel and Beckwith-Wiedemann syndrome.,2015,https://doi.org/10.1002/ajmg.a.36825,case report only; no study above case-series level
617,2,0.133,0.90,Bickerstaff brainstem encephalitis,Guillain-Barre syndrome,1,case report,similar,pathways; phenotype,"Bickerstaff's brainstem encephalitis, Miller Fisher syndrome and Guillain-Barré syndrome overlap in an asthma patient with negative anti-ganglioside antibodies.",2012,https://europepmc.org/article/PMC/PMC3419076,single paper; case report only; no study above case-series level
618,2,0.133,0.90,Bickerstaff brainstem encephalitis,Miller Fisher syndrome,1,case report,similar,pathways; phenotype,"Bickerstaff's brainstem encephalitis, Miller Fisher syndrome and Guillain-Barré syndrome overlap in an asthma patient with negative anti-ganglioside antibodies.",2012,https://europepmc.org/article/PMC/PMC3419076,single paper; case report only; no study above case-series level
619,2,0.133,0.85,Brugada syndrome,myotonic dystrophy,1,case report,similar,pathways,Myotonic dystrophy and Brugada syndrome: A common pathophysiologic pathway?,2017,https://europepmc.org/article/MED/28389016,single paper; case report only; no study above case-series level
620,2,0.133,0.45,CoQ10 deficiency (ADCK3-related),POLG-related disorders,1,case series/family study,related but distinct,phenotype; genes,"ADCK3 mutations with epilepsy, stroke-like episodes and ataxia: a POLG mimic?",2016,https://europepmc.org/article/MED/27106809,"single paper; no sample size recorded; mimic/misdiagnosis, not mechanistic relatedness; no study above case-series level"
621,2,0.133,0.43,Fabry disease,IgA nephropathy,2,case report,related but distinct,phenotype,IgA nephropathy with mimicking Fabry disease: A case report and literature review.,2022,https://europepmc.org/article/PMC/PMC9592316,"case report only; mimic/misdiagnosis, not mechanistic relatedness; no study above case-series level"
622,2,0.133,0.85,Henoch-Schonlein purpura,IgA nephropathy,1,case report,similar,pathways,Sequential occurrence of IgA nephropathy and Henoch-Schönlein purpura: support for common pathogenesis.,1994,https://europepmc.org/article/MED/7696119,single paper; case report only; no study above case-series level
623,2,0.133,0.60,Kikuchi-Fujimoto disease,systemic lupus erythematosus,2,case report,related but distinct,phenotype,Kikuchi-Fujimoto Disease: A Differential for When It is Not Systemic Lupus Erythematosus.,2022,https://europepmc.org/article/PMC/PMC9363934,"case report only; mimic/misdiagnosis, not mechanistic relatedness; no study above case-series level"
624,2,0.133,0.85,Leprechaunism (Donohue syndrome),Rabson-Mendenhall syndrome,1,letter/unspecified design,similar,phenotype; genes,A Novel Algorithm for Rare Disease Gene Prediction Based on Phenotypic Similarity,2021,https://pmc.ncbi.nlm.nih.gov/articles/PMC8090663/,single paper; no sample size recorded; no study above case-series level
625,2,0.133,0.85,Lhermitte-Duclos disease,autism spectrum disorder,1,case report,similar,genes,Recognizing genetic association between Lhermitte-Duclos Disease and Autism Spectrum Disorder in PTEN-related patients: a case report and literature comprehension.,2026,https://europepmc.org/article/MED/42730886,single paper; case report only; no study above case-series level
626,2,0.133,0.40,Morvan syndrome,myasthenia gravis,1,case report,related but distinct,genes,Morvan's syndrome and myasthenia gravis related to familial Mediterranean fever gene mutations.,2016,https://europepmc.org/article/PMC/PMC4812638,single paper; case report only; no study above case-series level
627,2,0.133,0.90,PLEC-related congenital myasthenic syndrome,plectin-related myopathy,1,case report,similar,genes; phenotype,Adult-onset PLEC-related congenital myasthenic syndrome-myopathy overlap with upper limb predominant weakness.,2026,https://europepmc.org/article/PMC/PMC13091873,single paper; case report only; no study above case-series level
628,2,0.133,0.40,Shprintzen-Goldberg syndrome,tetrasomy 15q26,1,case series/family study,related but distinct,phenotype,Tetrasomy 15q26: a distinct syndrome or Shprintzen-Goldberg syndrome phenocopy?,2012,https://europepmc.org/article/MED/22653535,single paper; no sample size recorded; no study above case-series level
629,2,0.133,0.40,Turner syndrome,schizophrenia,1,case report,related but distinct,genes,A case of Turner syndrome with schizophrenia: genetic relationship between Turner syndrome and psychosis.,1997,https://europepmc.org/article/MED/9141146,single paper; case report only; no study above case-series level
630,2,0.133,0.85,Waardenburg syndrome,congenital hypomyelinating neuropathy,1,case report,similar,genes,"Congenital hypomyelinating neuropathy, central dysmyelination, and Waardenburg-Hirschsprung disease: phenotypes linked by SOX10 mutation.",2002,https://doi.org/10.1002/ana.10404,single paper; case report only; no study above case-series level
631,2,0.133,0.40,amyotrophic lateral sclerosis,superficial siderosis,2,case report,related but distinct,phenotype,CNS Superficial Siderosis Mimicking a Motor Neuron Disease.,2022,https://europepmc.org/article/PMC/PMC9688038,"case report only; mimic/misdiagnosis, not mechanistic relatedness; no study above case-series level"
632,2,0.133,0.80,antiphospholipid syndrome,systemic sclerosis,1,case series/family study,similar,phenotype,A novel overlap syndrome: systemic sclerosis associated with antiphospholipid syndrome--a case series.,2007,https://europepmc.org/article/MED/17894015,single paper; no sample size recorded; no study above case-series level
633,2,0.133,0.80,autoimmune hepatitis,systemic lupus erythematosus,2,case report,similar,phenotype,An overlap syndrome involving autoimmune hepatitis and systemic lupus erythematosus in childhood.,2007,https://europepmc.org/article/PMC/PMC4147132,case report only; no study above case-series level
634,2,0.133,0.80,autoimmune hepatitis,systemic sclerosis,2,case report,similar,phenotype,Systemic sclerosis-polymyositis overlap syndrome associated with autoimmune hepatitis and cerebral vasculitis.,2012,https://europepmc.org/article/MED/23012675,case report only; no study above case-series level
635,2,0.133,0.40,chordoma,tuberous sclerosis complex,1,case series/family study,related but distinct,phenotype,Clinical features distinguish childhood chordoma associated with tuberous sclerosis complex (TSC) from chordoma in the general paediatric population.,2011,https://europepmc.org/article/PMC/PMC3235000,single paper; no sample size recorded; no study above case-series level
636,2,0.133,0.40,copper deficiency,myelodysplastic syndrome,2,case report,related but distinct,phenotype,Mimicking Myelodysplastic Syndrome: Importance of Differential Diagnosis.,2021,https://europepmc.org/article/PMC/PMC8648467,"case report only; mimic/misdiagnosis, not mechanistic relatedness; no study above case-series level"
637,2,0.133,0.45,distal hereditary motor neuropathy,riboflavin transporter deficiency,1,case series/family study,related but distinct,phenotype; genes,Late-onset riboflavin transporter deficiency: a treatable mimic of various motor neuropathy aetiologies.,2020,https://europepmc.org/article/MED/33087424,"single paper; no sample size recorded; mimic/misdiagnosis, not mechanistic relatedness; no study above case-series level"
638,2,0.133,0.85,hereditary hemorrhagic telangiectasia,pulmonary arterial hypertension,1,case report,similar,genes,A Case of High Pressure and High Stakes: Pulmonary Arterial Hypertension Emergence in an Infant With Hereditary Hemorrhagic Telangiectasia.,2026,https://europepmc.org/article/PMC/PMC13404785,single paper; case report only; no study above case-series level
639,2,0.133,0.40,insulinoma,tuberous sclerosis complex,1,case report,related but distinct,genes,The association between tuberous sclerosis and insulinoma.,1995,https://europepmc.org/article/PMC/PMC8338067,single paper; case report only; no study above case-series level
640,2,0.133,0.40,moyamoya disease,multiple sclerosis,2,case report,related but distinct,phenotype,Moyamoya Disease May Mimic Multiple Sclerosis?,2019,https://europepmc.org/article/PMC/PMC6521521,case report only; no study above case-series level
641,2,0.133,0.40,myasthenia gravis,oculopharyngeal muscular dystrophy,2,case report,related but distinct,phenotype,Oculopharyngeal muscular dystrophy coexisting with myasthenia gravis.,2022,https://doi.org/10.1136/practneurol-2022-003429,case report only; no study above case-series level
642,2,0.133,0.80,primary biliary cholangitis,systemic sclerosis,2,case report,similar,phenotype,"Primary biliary cirrhosis-autoimmune hepatitis overlap syndrome concomitant with systemic sclerosis, immune thrombocytopenic purpura.",2009,https://europepmc.org/article/MED/19952485,case report only; no study above case-series level
643,1,0.067,0.80,12q24.31 microdeletion,Beckwith-Wiedemann syndrome,1,case report,similar,phenotype,A microdeletion at 12q24.31 can mimic beckwith-wiedemann syndrome neonatally.,2010,https://europepmc.org/article/PMC/PMC2883851,"single paper; case report only; mimic/misdiagnosis, not mechanistic relatedness; no study above case-series level"
644,1,0.067,0.80,1p36 deletion syndrome,Cantu syndrome,1,case report,similar,phenotype,"A patient with monosomy 1p36, atypical features and phenotypic similarities with Cantu syndrome.",2005,https://europepmc.org/article/MED/16278903,single paper; case report only; no study above case-series level
645,1,0.067,0.80,2q23.1 microdeletion syndrome,Angelman syndrome,1,case report,similar,phenotype,2q23.1 microdeletion identified by array comparative genomic hybridisation: an emerging phenotype with Angelman-like features?,2009,https://europepmc.org/article/PMC/PMC3236717,single paper; case report only; no study above case-series level
646,1,0.067,0.80,ANCA-associated vasculitis,IgG4-related disease,1,case report,similar,phenotype,ANCA-associated vasculitis and IgG4-related disease overlap syndrome: a case report and literature review.,2022,https://europepmc.org/article/PMC/PMC9023041,single paper; case report only; no study above case-series level
647,1,0.067,0.40,ANCA-associated vasculitis,inflammatory bowel disease,1,case report,related but distinct,phenotype,Small Vessel Vasculitis Mimicking Inflammatory Bowel Disease.,2025,https://europepmc.org/article/PMC/PMC12637322,"single paper; case report only; mimic/misdiagnosis, not mechanistic relatedness; no study above case-series level"
648,1,0.067,0.80,ANCA-associated vasculitis,systemic lupus erythematosus,1,case report,similar,phenotype,A Case of Systemic Lupus Erythematosus/Antineutrophil Cytoplasmic Antibody-Associated Vasculitis Overlap Syndrome with Dissociated Pathological and Immunological Findings.,2020,https://europepmc.org/article/PMC/PMC7246398,single paper; case report only; no study above case-series level
649,1,0.067,0.80,Aase-Smith syndrome,Gordon syndrome,1,case report,similar,phenotype,A family with distal arthrogryposis and cleft palate: possible overlap between Gordon syndrome and Aase-Smith syndrome.,2001,https://europepmc.org/article/MED/11152147,single paper; case report only; no study above case-series level
650,1,0.067,0.40,Alport syndrome,rheumatoid arthritis,1,case report,related but distinct,phenotype,An overlap of Alport syndrome and rheumatoid arthritis in a patient and literature review.,2019,https://europepmc.org/article/PMC/PMC6651916,single paper; case report only; no study above case-series level
651,1,0.067,0.40,Andermann syndrome,hereditary motor and sensory neuropathy,1,case report,related but distinct,phenotype,Andermann syndrome can be a phenocopy of hereditary motor and sensory neuropathy--report of a discordant sibship with a compound heterozygous mutation of the KCC3 gene.,2009,https://europepmc.org/article/MED/20020398,"single paper; case report only; mimic/misdiagnosis, not mechanistic relatedness; no study above case-series level"
652,1,0.067,0.40,Becker muscular dystrophy,myocardial infarction,1,case report,related but distinct,phenotype,Cardiomyopathy in Becker muscular dystrophy--does regional fibrosis mimic infarction?,2005,https://europepmc.org/article/MED/16353443,single paper; case report only; no study above case-series level
653,1,0.067,0.45,CNS vasculitis,retinal vasculopathy with cerebral leukoencephalopathy,1,case report,related but distinct,phenotype; genes,Retinal vasculopathy with cerebral leukoencephalopathy: a rare mimic of CNS vasculitis.,2025,https://europepmc.org/article/MED/39084908,"single paper; case report only; mimic/misdiagnosis, not mechanistic relatedness; no study above case-series level"
654,1,0.067,0.80,CREST syndrome,sarcoidosis,1,case report,similar,phenotype,The CREST syndrome and sarcoidosis. Another example of an overlap syndrome.,1988,https://europepmc.org/article/MED/3381024,single paper; case report only; no study above case-series level
655,1,0.067,0.85,Cowden disease,PTEN hamartoma tumor syndrome,1,case report,similar,phenotype; genes,An overlap of Cowden's disease and Bannayan-Riley-Ruvalcaba syndrome in the same family.,2000,https://europepmc.org/article/MED/10640930,single paper; case report only; no study above case-series level
656,1,0.067,0.40,Crohn disease,Takayasu arteritis,1,case report,related but distinct,phenotype,Association between Takayasu's arteritis and Crohn's disease in two young women: case reports.,1999,https://europepmc.org/article/MED/10642650,single paper; case report only; no study above case-series level
657,1,0.067,0.40,Crohn's disease,pancreatic heterotopia,1,case report,related but distinct,phenotype,Pancreatic Heterotopia Presenting as a Mimic of Fistulizing Crohn's Disease: Expanding the Differential Diagnosis of Inflammatory Bowel Disease.,2024,https://europepmc.org/article/PMC/PMC11452229,"single paper; case report only; mimic/misdiagnosis, not mechanistic relatedness; no study above case-series level"
658,1,0.067,0.45,Danon disease,hypertrophic cardiomyopathy,1,case report,related but distinct,genes; phenotype,Clinical utility of genetic testing in the early diagnosis of Danon disease mimicking hypertrophic cardiomyopathy: a case report.,2020,https://europepmc.org/article/PMC/PMC7132987,"single paper; case report only; no sample size recorded; mimic/misdiagnosis, not mechanistic relatedness; no study above case-series level"
659,1,0.067,0.40,Eagle syndrome,temporomandibular disorder,1,case report,related but distinct,phenotype,Eagle's syndrome-A non-perceived differential diagnosis of temporomandibular disorder.,2015,https://europepmc.org/article/PMC/PMC4601974,single paper; case report only; no study above case-series level
660,1,0.067,0.40,Ehlers-Danlos syndrome,fibromuscular dysplasia,1,case report,related but distinct,phenotype,Cervical artery dissection: fibromuscular dysplasia versus vascular Ehlers-Danlos syndrome.,2019,https://doi.org/10.1080/08037051.2018.1557507,single paper; case report only; no study above case-series level
661,1,0.067,0.45,GNE myopathy,hereditary motor neuropathy,1,case report,related but distinct,phenotype; genes,A case of GNE myopathy mimicking hereditary motor neuropathy.,2020,https://europepmc.org/article/MED/32860282,single paper; case report only; no study above case-series level
662,1,0.067,0.45,GYG1-related glycogen storage disease type XV,hypertrophic cardiomyopathy,1,case report,related but distinct,phenotype; genes,Phenotypic Expansion of GYG1-Related Disease Presenting as Hypertrophic Cardiomyopathy With Brugada Phenocopy.,2026,https://europepmc.org/article/MED/42487475,single paper; case report only; no study above case-series level
663,1,0.067,0.40,Guillain-Barre syndrome,Takotsubo cardiomyopathy,1,case report,related but distinct,phenotype,Takotsubo cardiomyopathy associated with Guillain-Barré syndrome: a differential diagnosis from dysautonomia not to be missed.,2010,https://europepmc.org/article/MED/20117795,single paper; case report only; no study above case-series level
664,1,0.067,0.45,Guillain-Barre syndrome,pan-neurofascin antibody nodopathy,1,case report,related but distinct,phenotype; treatment,Pan-Neurofascin Antibody-Associated Nodopathy: A Critical Guillain-Barre Syndrome Mimic in the Differential Diagnosis-Report of Two Cases.,2026,https://europepmc.org/article/PMC/PMC13589164,single paper; case report only; no study above case-series level
665,1,0.067,0.40,Guillain-Barre syndrome,statin-induced myopathy,1,case report,related but distinct,phenotype,A Neuropathy Mimic: Statin-Induced Myopathy Presenting as Guillain-Barré Syndrome.,2024,https://europepmc.org/article/PMC/PMC11380724,single paper; case report only; no study above case-series level
666,1,0.067,0.40,Guillain-Barre syndrome,thiamine deficiency neuropathy,1,case report,related but distinct,phenotype,[A case of thiamine deficiency neuropathy with acute progression mimicking Guillain-Barré syndrome].,2026,https://europepmc.org/article/MED/42778417,"single paper; case report only; mimic/misdiagnosis, not mechanistic relatedness; no study above case-series level"
667,1,0.067,0.40,Hansen disease (leprosy),systemic vasculitis,1,case report,related but distinct,phenotype,Hansen's disease mimicking a systemic vasculitis.,2011,https://europepmc.org/article/MED/21483282,"single paper; case report only; mimic/misdiagnosis, not mechanistic relatedness; no study above case-series level"
668,1,0.067,0.80,Henoch-Schonlein purpura,polyarteritis nodosa,1,case report,similar,phenotype,Polyangitis overlap syndrome: a fatal case combined with adult Henoch-Schönlein purpura and polyarteritis nodosa.,2003,https://europepmc.org/article/MED/12895238,single paper; case report only; no study above case-series level
669,1,0.067,0.80,IgA nephropathy,granulomatosis with polyangiitis,1,case report,similar,phenotype,Overlap of Granulomatosis With Polyangiitis and IgA Nephropathy.,2021,https://europepmc.org/article/PMC/PMC8579883,single paper; case report only; no study above case-series level
670,1,0.067,0.80,IgA nephropathy,primary membranous nephropathy,1,case report,similar,phenotype,"Overlap of Primary Membranous Nephropathy, IgA Nephropathy, and Diabetic Nephropathy: A Case Report.",2023,https://europepmc.org/article/PMC/PMC10754713,single paper; case report only; no study above case-series level
671,1,0.067,0.40,Kasabach-Merritt syndrome,Langerhans cell histiocytosis,1,case report,related but distinct,phenotype,Bone Marrow Langerhans Cell Histiocytosis in Association with Kasabach-Merritt Syndrome: The Difficulty of a Differential Diagnosis.,2020,https://europepmc.org/article/PMC/PMC7184841,single paper; case report only; no study above case-series level
672,1,0.067,0.80,Kikuchi-Fujimoto disease,systemic sclerosis,1,case report,similar,phenotype,Kikuchi-Fujimoto Disease With Systemic Lupus Erythematosus and Systemic Sclerosis Overlap: A Unique Clinical Presentation.,2023,https://europepmc.org/article/PMC/PMC10562878,single paper; case report only; no study above case-series level
673,1,0.067,0.40,Krabbe disease,amyotrophic lateral sclerosis,1,case report,related but distinct,phenotype,Adult onset Krabbe disease may mimic motor neurone disease.,2003,https://europepmc.org/article/MED/12948479,single paper; case report only; no study above case-series level
674,1,0.067,0.40,Leber hereditary optic neuropathy,neuromyelitis optica spectrum disorder,1,case report,related but distinct,phenotype,Mitochondrial-Immune Overlap in Leber Hereditary Optic Neuropathy: A Case Report and Lessons Learned.,2025,https://europepmc.org/article/PMC/PMC12736598,single paper; case report only; no study above case-series level
675,1,0.067,0.85,Marshall syndrome,Stickler syndrome,1,case report,similar,phenotype; genes,Significant ophthalmoarthropathy associated with ectodermal dysplasia in a child with Marshall-Stickler overlap: a case report.,2008,https://europepmc.org/article/PMC/PMC2579916,single paper; case report only; no study above case-series level
676,1,0.067,0.80,McArdle disease,stiff-person syndrome,1,case report,similar,phenotype,McArdle Disease vs. Stiff-Person Syndrome: A Case Report Highlighting the Similarities Between Two Rare and Distinct Disorders.,2020,https://europepmc.org/article/PMC/PMC7683573,single paper; case report only; no study above case-series level
677,1,0.067,0.80,Miller Fisher syndrome,acute motor and sensory axonal neuropathy,1,case report,similar,phenotype,Antibody Positive Miller-Fisher Syndrome and Acute Motor Sensory Axonal Neuropathy With Respiratory Failure: A Rare Overlap.,2025,https://europepmc.org/article/PMC/PMC12687756,single paper; case report only; no study above case-series level
678,1,0.067,0.80,Miller Fisher syndrome,acute sensory ataxic neuropathy,1,case report,similar,phenotype,"Clinical, electrophysiological, and serological overlap between Miller Fisher syndrome and acute sensory ataxic neuropathy.",2002,https://europepmc.org/article/MED/11982496,single paper; case report only; no study above case-series level
679,1,0.067,0.80,Miller Fisher syndrome,myasthenia gravis,1,case report,similar,phenotype,Overlap of Myasthenia Gravis and Miller Fisher Syndrome.,2016,https://europepmc.org/article/MED/27432103,single paper; case report only; no study above case-series level
680,1,0.067,0.80,Miller Fisher syndrome,pharyngeal-cervical-brachial variant of Guillain-Barre syndrome,1,case report,similar,phenotype,[Overlap case of Fisher syndrome and pharyngeal-cervical-brachial variant of Guillain-Barré syndrome].,2012,https://europepmc.org/article/MED/22260976,single paper; case report only; no study above case-series level
681,1,0.067,0.80,Moebius syndrome,Poland syndrome,1,case report,similar,phenotype,Möbius Syndrome With Possible Poland Syndrome Overlap: A Case Report.,2025,https://europepmc.org/article/PMC/PMC11960553,single paper; case report only; no study above case-series level
682,1,0.067,0.80,Moebius syndrome,oromandibular limb hypogenesis syndrome,1,case report,similar,phenotype,Overlap of Moebius and oromandibular limb hypogenesis syndrome with gastroschisis and pulmonary hypoplasia.,2009,https://europepmc.org/article/MED/19938094,single paper; case report only; no study above case-series level
683,1,0.067,0.40,Morvan syndrome,amyotrophic lateral sclerosis,1,case report,related but distinct,phenotype,A Case of Morvan Syndrome Mimicking Amyotrophic Lateral Sclerosis With Frontotemporal Dementia.,2016,https://doi.org/10.1097/cnd.0000000000000118,"single paper; case report only; mimic/misdiagnosis, not mechanistic relatedness; no study above case-series level"
684,1,0.067,0.40,Myhre syndrome,SMAD4 juvenile polyposis-HHT,1,case report,related but distinct,genes,An additional patient with SMAD4-Juvenile Polyposis-Hereditary hemorrhagic telangiectasia and connective tissue abnormalities: SMAD4 loss-of-function and gain-of-function pathogenic variants result in contrasting phenotypes.,2022,https://doi.org/10.1002/ajmg.a.62915,single paper; case report only; no sample size recorded; no study above case-series level
685,1,0.067,0.80,Perlman syndrome,Simpson-Golabi-Behmel syndrome,1,case report,similar,phenotype,"Clinical overlap of Beckwith-Wiedemann, Perlman and Simpson-Golabi-Behmel syndromes: a diagnostic pitfall.",1995,https://doi.org/10.1111/j.1399-0004.1995.tb04307.x,single paper; case report only; no study above case-series level
686,1,0.067,0.45,Perry syndrome,progressive supranuclear palsy,1,case report,related but distinct,phenotype; genes,Perry syndrome: a disorder to consider in the differential diagnosis of Parkinsonism.,2013,https://europepmc.org/article/MED/23628468,single paper; case report only; no study above case-series level
687,1,0.067,0.40,Refsum disease,retinitis pigmentosa,1,case report,related but distinct,phenotype,Midlife diagnosis of Refsum disease in siblings with retinitis pigmentosa -- the footprint is the clue: a case report.,2008,https://europepmc.org/article/PMC/PMC2275283,single paper; case report only; no study above case-series level
688,1,0.067,0.40,Sezary syndrome,mycosis fungoides,1,case report,related but distinct,phenotype,Itchy Skin: A Challenging Differential Diagnosis Between Mycosis Fungoides and Sézary Syndrome.,2023,https://europepmc.org/article/PMC/PMC10621883,single paper; case report only; no study above case-series level
689,1,0.067,0.40,Sjogren syndrome,inflammatory myopathy,1,case report,related but distinct,phenotype,A Case of Sjögren's Syndrome Mimicking Inflammatory Myopathy.,2018,https://europepmc.org/article/PMC/PMC6279011,"single paper; case report only; mimic/misdiagnosis, not mechanistic relatedness; no study above case-series level"
690,1,0.067,0.80,Sjogren syndrome,neuromyelitis optica,1,case report,similar,phenotype,Familial Neuromyelitis Optica and Sjogren's Overlap Syndrome-A Rare Case Report.,2022,https://europepmc.org/article/MED/35864662,single paper; case report only; no study above case-series level
691,1,0.067,0.40,Sjogren syndrome,systemic sclerosis,1,case report,related but distinct,phenotype,Overlap syndrome with Sjogren's syndrome and systemic sclerosis in a steel rolling mill worker: a case report.,2016,https://europepmc.org/article/PMC/PMC4890486,single paper; case report only; no study above case-series level
692,1,0.067,0.40,Takayasu arteritis,rheumatic fever,1,case report,related but distinct,phenotype,Association between rheumatic fever and Takayasu's arteritis - Case report.,2016,https://europepmc.org/article/MED/27267532,single paper; case report only; no study above case-series level
693,1,0.067,0.80,Takayasu arteritis,systemic sclerosis,1,case report,similar,phenotype,Unusual overlap of systemic sclerosis with Takayasu arteritis.,2024,https://europepmc.org/article/PMC/PMC10941143,single paper; case report only; no study above case-series level
694,1,0.067,0.40,Treacher Collins syndrome,otodental syndrome,1,case report,related but distinct,phenotype,Otodental syndrome: Case report and differential diagnosis with Treacher Collins syndrome.,2022,https://europepmc.org/article/MED/35274545,single paper; case report only; no study above case-series level
695,1,0.067,0.40,Waardenburg syndrome,familial gastrointestinal stromal tumour syndrome,1,case report,related but distinct,genes,Can a familial gastrointestinal tumour syndrome be allelic with Waardenburg syndrome?,2011,https://europepmc.org/article/MED/20636395,single paper; case report only; no sample size recorded; no study above case-series level
696,1,0.067,0.40,Wilms tumor,neuroblastoma,1,case report,related but distinct,phenotype,Primary Intrarenal Neuroblastoma in an Infant Mimicking Wilms Tumor: A Rare Case Report and Diagnostic Dilemma.,2026,https://europepmc.org/article/PMC/PMC13241612,"single paper; case report only; mimic/misdiagnosis, not mechanistic relatedness; no study above case-series level"
697,1,0.067,0.40,X-linked hypophosphatemia,nutritional rickets,1,case report,related but distinct,phenotype,Dramatic Transformation After Burosumab in a Young Boy With X-linked Hypophosphatemia: A Life-Changing Saga.,2022,https://europepmc.org/article/PMC/PMC8938246,"single paper; case report only; mimic/misdiagnosis, not mechanistic relatedness; no study above case-series level"
698,1,0.067,0.40,achondroplasia,pseudoachondroplasia,1,case report,related but distinct,phenotype,"Patient with double heterozygosity for achondroplasia and pseudoachondroplasia, with comments on these conditions and the relationship between pseudoachondroplasia and multiple epiphyseal dysplasia, Fairbank type.",1993,https://doi.org/10.1002/ajmg.1320470535,single paper; case report only; no study above case-series level
699,1,0.067,0.80,acute motor and sensory axonal neuropathy,acute transverse myelitis,1,case report,similar,phenotype,A Rare Case of Acute Transverse Myelitis (ATM) and Acute Motor and Sensory Axonal Neuropathy (AMSAN) Overlap.,2019,https://europepmc.org/article/PMC/PMC6797005,single paper; case report only; no study above case-series level
700,1,0.067,0.40,amyloidosis,giant cell arteritis,1,case report,related but distinct,phenotype,Temporal artery involvement in AL amyloidosis: an important differential diagnosis for giant cell arteritis. A case report and literature review.,2020,https://europepmc.org/article/MED/33086955,single paper; case report only; no study above case-series level
701,1,0.067,0.80,amyotrophic lateral sclerosis,ankylosing spondylitis,1,case report,similar,phenotype,An Uncommon Overlap Syndrome Between Ankylosing Spondylitis and Amyotrophic Lateral Sclerosis-Case Report.,2024,https://europepmc.org/article/PMC/PMC11509627,single paper; case report only; no study above case-series level
702,1,0.067,0.40,amyotrophic lateral sclerosis,hypoparathyroidism,1,case report,related but distinct,phenotype,Hypoparathyroidism: A rare mimic of amyotrophic lateral sclerosis.,2017,https://europepmc.org/article/MED/27514792,"single paper; case report only; mimic/misdiagnosis, not mechanistic relatedness; no study above case-series level"
703,1,0.067,0.85,amyotrophic lateral sclerosis,spinocerebellar ataxia,1,case report,similar,genes,Spinocerebellar ataxia type 2 followed by amyotrophic lateral sclerosis due to a pure CAG repeat expansion in ATXN2: a case report and literature review.,2025,https://doi.org/10.1007/s10072-025-08332-2,single paper; case report only; no sample size recorded; no study above case-series level
704,1,0.067,0.40,angioimmunoblastic T-cell lymphoma,systemic lupus erythematosus,1,case report,related but distinct,phenotype,Angioimmunoblastic T-cell Lymphoma: A Mimic for Lupus.,2020,https://europepmc.org/article/PMC/PMC7546564,"single paper; case report only; mimic/misdiagnosis, not mechanistic relatedness; no study above case-series level"
705,1,0.067,0.40,antiphospholipid syndrome,posterior cortical atrophy,1,case report,related but distinct,phenotype,Posterior Cortical Atrophy Phenocopy Associated with Antiphospholipid Syndrome: A Case Report.,2026,https://europepmc.org/article/MED/42716743,single paper; case report only; no study above case-series level
706,1,0.067,0.40,apical hypertrophic cardiomyopathy,endomyocardial fibrosis,1,case report,related but distinct,phenotype,A Challenging Differential Diagnosis: Distinguishing between Endomyocardial Fibrosis and Apical Hypertrophic Cardiomyopathy.,2016,https://europepmc.org/article/MED/27144839,single paper; case report only; no study above case-series level
707,1,0.067,0.40,behavioural variant frontotemporal dementia,neurosyphilis,1,case report,related but distinct,phenotype,Neurosyphilis Mimicking Behavioral Variant of Frontotemporal Dementia in a 59-Year-Old Man.,2022,https://doi.org/10.1097/wnn.0000000000000299,"single paper; case report only; mimic/misdiagnosis, not mechanistic relatedness; no study above case-series level"
708,1,0.067,0.40,biotinidase deficiency,neuromyelitis optica spectrum disorder,1,case report,related but distinct,phenotype,Biotinidase deficiency in differential diagnosis of neuromyelitis optica spectrum disorder.,2020,https://europepmc.org/article/MED/32559702,"single paper; case report only; mimic/misdiagnosis, not mechanistic relatedness; no study above case-series level"
709,1,0.067,0.40,birdshot chorioretinopathy,sarcoidosis,1,case report,related but distinct,phenotype,Sarcoid choroiditis simulating birdshot chorioretinopathy.,2008,https://doi.org/10.1097/icb.0b013e31809ed9a2,single paper; case report only; no study above case-series level
710,1,0.067,0.40,cardiac sarcoidosis,hypertrophic cardiomyopathy,1,case report,related but distinct,phenotype,Cardiac sarcoidosis mimicking hypertrophic cardiomyopathy: clinical utility of radionuclide imaging for differential diagnosis.,1998,https://europepmc.org/article/MED/9652326,"single paper; case report only; mimic/misdiagnosis, not mechanistic relatedness; no study above case-series level"
711,1,0.067,0.45,cerebrotendinous xanthomatosis,hereditary spastic paraplegia,1,case report,related but distinct,phenotype; genes,"Diagnosis of spinal xanthomatosis by next-generation sequencing: identifying a rare, treatable mimic of hereditary spastic paraparesis.",2015,https://europepmc.org/article/MED/25862734,"single paper; case report only; mimic/misdiagnosis, not mechanistic relatedness; no study above case-series level"
712,1,0.067,0.40,cleidocranial dysplasia,pyknodysostosis,1,case report,related but distinct,phenotype,Cleidocranial dysplasia: Radiological mimic of pyknodysostosis - A case report.,2018,https://europepmc.org/article/PMC/PMC6837811,"single paper; case report only; mimic/misdiagnosis, not mechanistic relatedness; no study above case-series level"
713,1,0.067,0.40,common variable immunodeficiency,hyper-IgM syndrome,1,case report,related but distinct,phenotype,"Hyper-IgM, neutropenia, mild infections and low response to polyclonal stimulation: hyper-IgM syndrome or common variable immunodeficiency?",2011,https://doi.org/10.1177/039463201102400416,single paper; case report only; no study above case-series level
714,1,0.067,0.45,congenital chloride diarrhea,ulcerative colitis,1,case report,related but distinct,phenotype; genes,Diagnostic Challenge of Congenital Chloride Diarrhea and Ulcerative Colitis Overlap in an Adult Misdiagnosed with Bartter Syndrome: Case Report and Literature Review.,2022,https://europepmc.org/article/PMC/PMC9272577,"single paper; case report only; mimic/misdiagnosis, not mechanistic relatedness; no study above case-series level"
715,1,0.067,0.40,congenital melanocytic nevus,plexiform neurofibroma,1,case report,related but distinct,phenotype,"Clinical, Radiologic, and Histopathologic Features that Distinguish a Pigmented Plexiform Neurofibroma from a Congenital Melanocytic Nevus.",2023,https://europepmc.org/article/MED/37634103,single paper; case report only; no study above case-series level
716,1,0.067,0.40,cryoglobulinemic vasculitis,polyarteritis nodosa,1,case report,related but distinct,phenotype,Systemic Idiopathic Polyarteritis Nodosa Mimicking Cryoglobulinemic Vasculitis: A Diagnostic Challenge.,2026,https://europepmc.org/article/PMC/PMC13450197,"single paper; case report only; mimic/misdiagnosis, not mechanistic relatedness; no study above case-series level"
717,1,0.067,0.80,cryoglobulinemic vasculitis,systemic sclerosis,1,case report,similar,phenotype,A Case of Overlap Syndrome of Systemic Sclerosis and Cryoglobulinemic Vasculitis With Central Nervous System Involvement.,2021,https://europepmc.org/article/PMC/PMC10324908,single paper; case report only; no study above case-series level
718,1,0.067,0.80,dermatomyositis,systemic sclerosis,1,case report,similar,phenotype,A dermatomyositis and scleroderma overlap syndrome with a remarkable high titer of anti-exosome antibodies.,2008,https://europepmc.org/article/MED/19132155,single paper; case report only; no study above case-series level
719,1,0.067,0.80,eosinophilic granulomatosis with polyangiitis,granulomatosis with polyangiitis,1,case report,similar,phenotype,Beyond Classification: An Antineutrophil Cytoplasmic Antibody-Associated Vasculitis Overlap Case.,2026,https://europepmc.org/article/PMC/PMC12983185,single paper; case report only; no study above case-series level
720,1,0.067,0.40,giant cell arteritis,transthyretin amyloidosis,1,case report,related but distinct,phenotype,Transthyretin amyloidosis and herpes zoster infection: a mimic of temporal arteritis.,2021,https://europepmc.org/article/PMC/PMC8230982,"single paper; case report only; mimic/misdiagnosis, not mechanistic relatedness; no study above case-series level"
721,1,0.067,0.40,giant cell arteritis,varicella-zoster vasculitis,1,case report,related but distinct,phenotype,Ischemic Optic Neuropathy Secondary to Varicella-Zoster Vasculitis Mimicking Giant Cell Arteritis: Case Report.,2022,https://europepmc.org/article/PMC/PMC9834640,"single paper; case report only; mimic/misdiagnosis, not mechanistic relatedness; no study above case-series level"
722,1,0.067,0.40,glioblastoma,primary central nervous system lymphoma,1,case report,related but distinct,other (imaging),Primary central nervous system lymphoma: role of DWI in the differential diagnosis.,2005,https://europepmc.org/article/MED/16512067,single paper; case report only; no study above case-series level
723,1,0.067,0.80,juvenile xanthogranuloma,progressive nodular histiocytosis,1,case report,similar,phenotype,A Case with Juvenile Xanthogranuloma and Progressive Nodular Histiocytosis Overlap.,2017,https://europepmc.org/article/MED/28297144,single paper; case report only; no study above case-series level
724,1,0.067,0.80,logopenic variant primary progressive aphasia,posterior cortical atrophy,1,case report,similar,phenotype,A Case of Overlap Posterior Cortical Atrophy and Logopenic Variant Primary Progressive Aphasia.,2019,https://europepmc.org/article/MED/30817493,single paper; case report only; no study above case-series level
725,1,0.067,0.85,multiple system atrophy,spinocerebellar ataxia,1,case report,similar,phenotype; genes,Spinocerebellar ataxia type 6 family with phenotypic overlap with Multiple System Atrophy.,2020,https://europepmc.org/article/MED/32687595,single paper; case report only; no study above case-series level
726,1,0.067,0.40,pauci-immune glomerulonephritis,systemic lupus erythematosus,1,case report,related but distinct,phenotype,Cardiogenic shock and crescentic pauci-immune glomerulonephritis associated with systemic lupus erythematosus and ANCA-vasculitis overlap: a case report.,2025,https://europepmc.org/article/PMC/PMC12613752,single paper; case report only; no study above case-series level
727,1,0.067,0.80,polyarteritis nodosa,systemic sclerosis,1,case report,similar,phenotype,Overlap between systemic sclerosis and polyarteritis nodosa: A case report.,2020,https://europepmc.org/article/PMC/PMC7481842,single paper; case report only; no study above case-series level
728,1,0.067,0.80,polymyositis,rheumatoid arthritis,1,case report,similar,phenotype,Antiphospholipid and antisynthetase syndrome in a patient with polymyositis-rheumatoid arthritis overlap.,2004,https://europepmc.org/article/MED/15293105,single paper; case report only; no study above case-series level
729,1,0.067,0.80,polymyositis,systemic lupus erythematosus,1,case report,similar,phenotype,"A juvenile case of overlap syndrome of systemic lupus erythematosus and polymyositis, later accompanied by systemic sclerosis with the development of anti-Scl 70 and anti-Ku antibodies.",2000,https://europepmc.org/article/MED/11085667,single paper; case report only; no study above case-series level
730,1,0.067,0.40,sensory-motor axonal neuropathy,spinal muscular atrophy,1,case report,related but distinct,phenotype,Type I spinal muscular atrophy can mimic sensory-motor axonal neuropathy.,2005,https://europepmc.org/article/MED/15794183,"single paper; case report only; mimic/misdiagnosis, not mechanistic relatedness; no study above case-series level"
731,0,0.000,0.45,11p13 microduplication,Silver-Russell syndrome,1,case report,related but distinct,phenotype; genes,11p13 microduplication: a differential diagnosis of Silver-Russell syndrome?,2024,https://europepmc.org/article/PMC/PMC10941370,single paper; case report only; no sample size recorded; no study above case-series level
732,0,0.000,0.85,1p36 deletion syndrome,Aicardi syndrome,1,case report,similar,phenotype; genes,Molecular characterization of a monosomy 1p36 presenting as an Aicardi syndrome phenocopy.,2009,https://europepmc.org/article/MED/19842196,single paper; case report only; no sample size recorded; no study above case-series level
733,0,0.000,0.85,Arrhythmogenic cardiomyopathy,Brugada syndrome,1,case report,similar,phenotype; genes,RYR1 Pathogenic Variant in a Patient With Overlapping Features of Brugada Syndrome and Arrhythmogenic Cardiomyopathy,2026,https://pmc.ncbi.nlm.nih.gov/articles/PMC13154052/,single paper; case report only; no sample size recorded; no study above case-series level
734,0,0.000,0.80,Brugada syndrome,hypertrophic cardiomyopathy,1,case report,similar,phenotype,Brugada ECG pattern in hypertrophic cardiomyopathy: Brugada phenocopy or overlapping syndrome?,2021,https://europepmc.org/article/MED/34717131,single paper; case report only; no sample size recorded; no study above case-series level
735,0,0.000,0.80,Dubowitz syndrome,hyper-IgE syndrome,1,case report,similar,phenotype,"Association between nasal polyposis, Dubowitz syndrome and hyper-IgE syndrome.",2008,https://europepmc.org/article/MED/18329728,single paper; case report only; no sample size recorded; no study above case-series level
736,0,0.000,0.45,Duchenne muscular dystrophy,limb-girdle muscular dystrophy type 2A,1,case report,related but distinct,phenotype; genes,Differential Diagnosis between Duchenne Muscular Dystrophy and Limb Girdle Muscular Dystrophy 2a.,2015,https://europepmc.org/article/PMC/PMC6243516,single paper; case report only; no sample size recorded; no study above case-series level
737,0,0.000,0.80,Ellis-van Creveld syndrome,oral-facial-digital syndrome,1,case report,similar,phenotype,Oral-facial-digital syndrome with acromelic short stature: a new variant--overlap with Ellis Van Creveld syndrome.,1999,https://europepmc.org/article/MED/10457851,single paper; case report only; no sample size recorded; no study above case-series level
738,0,0.000,0.85,Erdheim-Chester disease,Rosai-Dorfman disease,1,case report,similar,phenotype; genes,"Erdheim-Chester disease with Rosai-Dorfman-like lesions: treatment with methotrexate, anakinra and upadacitinib.",2023,https://europepmc.org/article/PMC/PMC9884847,single paper; case report only; no sample size recorded; no study above case-series level
739,0,0.000,0.40,Guillain-Barre syndrome,acute intermittent porphyria,1,case report,related but distinct,phenotype,A Case of Acute Intermittent Porphyria Mimicking Guillain-Barré Syndrome.,2019,https://europepmc.org/article/PMC/PMC6927089,"single paper; case report only; no sample size recorded; mimic/misdiagnosis, not mechanistic relatedness; no study above case-series level"
740,0,0.000,0.85,Hoyeraal-Hreidarsson syndrome,dyskeratosis congenita,1,case report,similar,phenotype; genes,Overlap of dyskeratosis congenita with the Hoyeraal-Hreidarsson syndrome.,2000,https://europepmc.org/article/MED/10700698,single paper; case report only; no sample size recorded; no study above case-series level
741,0,0.000,0.40,Kleine-Levin syndrome,bipolar disorder,1,case report,related but distinct,phenotype,Kleine-Levin syndrome and bipolar disorder: a differential diagnosis of recurrent and resistant depression.,2013,https://europepmc.org/article/MED/24034447,single paper; case report only; no sample size recorded; no study above case-series level
742,0,0.000,0.45,Leigh syndrome,biotin-responsive basal ganglia disease,1,case report,related but distinct,phenotype; treatment,Biotin-responsive Basal Ganglia disease: a treatable differential diagnosis of leigh syndrome.,2014,https://europepmc.org/article/PMC/PMC4110325,single paper; case report only; no sample size recorded; no study above case-series level
743,0,0.000,0.40,MELAS,Turner syndrome,1,case report,related but distinct,phenotype,Phenotypic overlap masking MELAS in Turner syndrome: a diagnostic challenge,2026,https://pmc.ncbi.nlm.nih.gov/articles/PMC13525441/,single paper; case report only; no sample size recorded; no study above case-series level
744,0,0.000,0.40,Marfan syndrome,classical homocystinuria,1,case report,related but distinct,phenotype,Think classical homocystinuria if the genetic test did not confirm Marfan syndrome: Late diagnosis and phenotypic variability in adult siblings with classical homocystinuria.,2025,https://europepmc.org/article/PMC/PMC12549521,single paper; case report only; no sample size recorded; no study above case-series level
745,0,0.000,0.80,Meige syndrome,myasthenia gravis,1,case report,similar,phenotype,Coexistent Meige's syndrome and myasthenia gravis. A relationship between blinking and extraocular muscle fatigue?,1987,https://europepmc.org/article/MED/3632379,single paper; case report only; no sample size recorded; no study above case-series level
746,0,0.000,0.80,Mowat-Wilson syndrome,Ruggieri-Happle syndrome,1,case report,similar,phenotype,Cutis Tricolor-Like Pigmentary Mosaicism in Mowat-Wilson Syndrome: Phenotypic Overlap With Ruggieri-Happle Syndrome,2026,https://pmc.ncbi.nlm.nih.gov/articles/PMC13617161/,single paper; case report only; no sample size recorded; no study above case-series level
747,0,0.000,0.40,Wiskott-Aldrich syndrome,immune thrombocytopenia,1,case report,related but distinct,phenotype,Wiskott-Aldrich syndrome that was initially diagnosed as immune thrombocytopenic purpura secondary to a cytomegalovirus infection.,2018,https://europepmc.org/article/PMC/PMC5768273,single paper; case report only; no sample size recorded; no study above case-series level
748,0,0.000,0.40,anti-IgLON5 disease,multiple system atrophy,1,case report,related but distinct,phenotype,Anti-IgLON5 disease as a differential diagnosis of multiple system atrophy.,2024,https://europepmc.org/article/MED/38701719,"single paper; case report only; no sample size recorded; mimic/misdiagnosis, not mechanistic relatedness; no study above case-series level"
749,0,0.000,0.45,brachydactyly mental retardation syndrome,pseudopseudohypoparathyroidism,1,case report,related but distinct,phenotype; genes,Brachydactyly mental retardation syndrome in differential diagnosis of pseudopseudohypoparathyroidism.,2013,https://europepmc.org/article/MED/23645122,single paper; case report only; no sample size recorded; no study above case-series level
750,0,0.000,0.40,calciphylaxis,vasculitis,1,case report,related but distinct,phenotype,Calciphylaxis: A Mimic of Vasculitis.,2025,https://europepmc.org/article/PMC/PMC12183451,"single paper; case report only; no sample size recorded; mimic/misdiagnosis, not mechanistic relatedness; no study above case-series level"
751,0,0.000,0.45,catastrophic antiphospholipid syndrome,thrombotic thrombocytopenic purpura,1,case report,related but distinct,phenotype; treatment,Relapsing catastrophic antiphospholipid antibody syndrome: a mimic for thrombotic thrombocytopenic purpura?,1999,https://doi.org/10.1177/096120339900800613,single paper; case report only; no sample size recorded; no study above case-series level
752,0,0.000,0.40,cleidocranial dysplasia,hypophosphatasia,1,case report,related but distinct,phenotype,Severe cleidocranial dysplasia can mimic hypophosphatasia.,2002,https://europepmc.org/article/MED/12424591,"single paper; case report only; no sample size recorded; mimic/misdiagnosis, not mechanistic relatedness; no study above case-series level"
753,0,0.000,0.40,familial Alzheimer disease,metachromatic leukodystrophy,1,case report,related but distinct,phenotype,The differential diagnosis of adult onset metachromatic leukodystrophy and early onset familial Alzheimer disease in an Alzheimer clinic population.,1993,https://europepmc.org/article/MED/8313247,single paper; case report only; no sample size recorded; no study above case-series level
754,0,0.000,0.80,fibromyalgia,myotonia congenita,1,case report,similar,phenotype,The Overlap between Fibromyalgia Syndrome and Myotonia Congenita.,2015,https://europepmc.org/article/PMC/PMC4387486,single paper; case report only; no sample size recorded; no study above case-series level
