disease_a,disease_b,disease_a_canonical,disease_b_canonical,status_a,status_b,similarity_dimension,relationship,similarity_score,finding,key_details,study_type,sample_size,paper_title,year,link,pmid,open_access,full_text_access,evidence_checked,batch
Marfan syndrome,Loeys-Dietz syndrome type 4,Marfan syndrome,Loeys-Dietz syndrome,rare,rare,phenotype; genes,related but distinct,0.45,"TGFB2-deletion patient first diagnosed as Marfan; aortic and systemic features overlap, so genetic testing is needed to separate MFS from LDS4",,original research (PubMed pub type),,Differential Diagnosis between Marfan Syndrome and Loeys-Dietz Syndrome Type 4: A Novel Chromosomal Deletion Covering TGFB2.,2021,https://europepmc.org/article/PMC/PMC8536070,34680857,yes,yes - free full text in PMC/Europe PMC (not read),abstract only,batch 1
vascular Ehlers-Danlos syndrome,Loeys-Dietz syndrome,Ehlers-Danlos syndrome,Loeys-Dietz syndrome,rare,rare,phenotype; genes,related but distinct,0.45,Prevalence and age of onset of non-aortic arterial events differ significantly by causative gene (COL3A1 vs TGF-beta pathway genes),,original research (PubMed pub type),,"Differences in Arterial Events in Vascular Ehlers-Danlos, Loeys-Dietz, and Marfan Syndrome.",2025,https://doi.org/10.1016/j.jacc.2025.04.023,40533124,no,no - subscription/paywalled,abstract only,batch 1
vascular Ehlers-Danlos syndrome,Marfan syndrome,Ehlers-Danlos syndrome,Marfan syndrome,rare,rare,phenotype; genes,related but distinct,0.45,Arterial aneurysm/dissection beyond the aorta is frequent with COL3A1 (vEDS) but rare with FBN1 (MFS); gene- and sex-specific risk differences,,original research (PubMed pub type),,"Differences in Arterial Events in Vascular Ehlers-Danlos, Loeys-Dietz, and Marfan Syndrome.",2025,https://doi.org/10.1016/j.jacc.2025.04.023,40533124,no,no - subscription/paywalled,abstract only,batch 1
Loeys-Dietz syndrome,Marfan syndrome,Loeys-Dietz syndrome,Marfan syndrome,rare,rare,phenotype; genes,related but distinct,0.45,"Peripheral arterial event risk differs between TGF-beta-pathway LDS genes and FBN1 MFS, supporting gene-tailored surveillance",,original research (PubMed pub type),,"Differences in Arterial Events in Vascular Ehlers-Danlos, Loeys-Dietz, and Marfan Syndrome.",2025,https://doi.org/10.1016/j.jacc.2025.04.023,40533124,no,no - subscription/paywalled,abstract only,batch 1
Marfan syndrome,Ehlers-Danlos syndrome,Marfan syndrome,Ehlers-Danlos syndrome,rare,rare,phenotype; genes,related but distinct,0.45,"Review: the two share cardiovascular, skeletal and skin features but differ in causal genes (FBN1 vs collagen and modifying enzymes); molecular confirmation advised",,review (PubMed pub type),,"Differences in manifestations of Marfan syndrome, Ehlers-Danlos syndrome, and Loeys-Dietz syndrome.",2017,https://europepmc.org/article/PMC/PMC5721110,29270370,free full text in PMC,yes - free full text in PMC/Europe PMC (not read),abstract only,batch 1
Marfan syndrome,Loeys-Dietz syndrome,Marfan syndrome,Loeys-Dietz syndrome,rare,rare,phenotype; genes,related but distinct,0.45,Review: phenotypic overlap but different causes (FBN1 vs TGF-beta signalling genes); distinguishing features summarised,,review (PubMed pub type),,"Differences in manifestations of Marfan syndrome, Ehlers-Danlos syndrome, and Loeys-Dietz syndrome.",2017,https://europepmc.org/article/PMC/PMC5721110,29270370,free full text in PMC,yes - free full text in PMC/Europe PMC (not read),abstract only,batch 1
Ehlers-Danlos syndrome,Loeys-Dietz syndrome,Ehlers-Danlos syndrome,Loeys-Dietz syndrome,rare,rare,phenotype; genes,related but distinct,0.45,Review: overlapping connective-tissue features (aortic disease in up to a quarter of EDS) but distinct genetics,,review (PubMed pub type),,"Differences in manifestations of Marfan syndrome, Ehlers-Danlos syndrome, and Loeys-Dietz syndrome.",2017,https://europepmc.org/article/PMC/PMC5721110,29270370,free full text in PMC,yes - free full text in PMC/Europe PMC (not read),abstract only,batch 1
hypermobile Ehlers-Danlos syndrome,hypermobility spectrum disorder,Ehlers-Danlos syndrome,hypermobility spectrum disorder,rare,common,phenotype; treatment,similar,0.85,"Similar severity scores, extra-articular manifestations and response to coordinated physiotherapy; authors propose treating hEDS/HSD as one entity",,comparative study (PubMed pub type),,Are patients with hypermobile Ehlers-Danlos syndrome or hypermobility spectrum disorder so different?,2021,https://europepmc.org/article/PMC/PMC8390400,34398260,yes,yes - free full text in PMC/Europe PMC (not read),abstract only,batch 1
hypermobile Ehlers-Danlos syndrome,hypermobility spectrum disorder,Ehlers-Danlos syndrome,hypermobility spectrum disorder,rare,common,phenotype,similar,0.80,Bone parameters (DXA/pQCT) did not differ between hEDS and G-HSD; both had lower cortical bone than controls,,original research (PubMed pub type),,Bone parameters in hypermobile Ehlers-Danlos syndrome and hypermobility spectrum disorder: A comparative cross-sectional study.,2023,https://doi.org/10.1016/j.bone.2022.116583,36243401,no,no - subscription/paywalled,abstract only,batch 1
Gaucher disease,Parkinson disease,Gaucher disease,Parkinson disease,rare,common,genes,similar,0.85,Gaucher disease patients and GBA heterozygotes both have raised age-specific Parkinson disease risk (similar by age 80),,comparative study (PubMed pub type),,Comparison of Parkinson risk in Ashkenazi Jewish patients with Gaucher disease and GBA heterozygotes.,2014,https://europepmc.org/article/PMC/PMC4082726,24756352,free full text in PMC,yes - free full text in PMC/Europe PMC (not read),abstract only,batch 1
Gaucher disease,Parkinson disease,Gaucher disease,Parkinson disease,rare,common,pathways,similar,0.85,"Alpha-synuclein physically interacts with glucocerebrosidase under lysosomal conditions, giving a molecular link between GBA mutations and PD",,original research (PubMed pub type),,Alpha-synuclein interacts with Glucocerebrosidase providing a molecular link between Parkinson and Gaucher diseases.,2011,https://europepmc.org/article/PMC/PMC3151053,21653695,free full text in PMC,yes - free full text in PMC/Europe PMC (not read),abstract only,batch 1
Niemann-Pick disease type C,Alzheimer disease,Niemann-Pick disease type C,Alzheimer disease,rare,common,phenotype; pathways,similar,0.85,Systematic review: adult NPC has neurofibrillary tangles and progressive cognitive decline resembling AD; NPC is proposed as a model for AD,,original research (PubMed pub type),,Cognition and anatomy of adult Niemann-Pick disease type C: Insights for the Alzheimer field.,2018,https://doi.org/10.1080/02643294.2017.1340264,28662611,no,no - subscription/paywalled,abstract only,batch 1
Fabry disease,multiple sclerosis,Fabry disease,multiple sclerosis,rare,common,phenotype,related but distinct,0.40,Blinded raters separated MS from Fabry white-matter lesions on FLAIR with only moderate reliability despite distinctive features,,original research (PubMed pub type),,Neuroradiological differentiation of white matter lesions in patients with multiple sclerosis and Fabry disease.,2022,https://europepmc.org/article/PMC/PMC8817613,35123534,yes,yes - free full text in PMC/Europe PMC (not read),abstract only,batch 1
Fabry disease,multiple sclerosis,Fabry disease,multiple sclerosis,rare,common,phenotype,related but distinct,0.40,Infratentorial lesions occurred in only 11.8% of Fabry patients; infratentorial plus corpus callosum lesions separated MS from FD with 97% specificity,,original research (PubMed pub type),,Absence of infratentorial lesions in Fabry disease contributes to differential diagnosis with multiple sclerosis.,2018,https://europepmc.org/article/PMC/PMC6236241,30277321,yes,yes - free full text in PMC/Europe PMC (not read),abstract only,batch 1
Fabry disease,multiple sclerosis,Fabry disease,multiple sclerosis,rare,common,phenotype,related but distinct,0.40,MRI central vein sign present in more than 70% of MS patients but absent in Fabry disease,,original research (PubMed pub type),,The central vein sign helps in differentiating multiple sclerosis from its mimickers: lessons from Fabry disease.,2022,https://doi.org/10.1007/s00330-021-08487-4,35029733,no,no - subscription/paywalled,abstract only,batch 1
Fabry disease (late-onset cardiac variant),hypertrophic cardiomyopathy,Fabry disease,hypertrophic cardiomyopathy,rare,common,phenotype,related but distinct,0.40,"Fabry cardiac variant differed from HCM by concentric symmetric LVH, prolonged P/QRS, bundle-branch block and low T1; these should prompt Fabry screening",,comparative study (PubMed pub type),,Two diseases presenting only as cardiac hypertrophy: differences between the late-onset Fabry disease cardiac variant and hypertrophic cardiomyopathy.,2026,https://europepmc.org/article/PMC/PMC12958524,41639618,yes,yes - free full text in PMC/Europe PMC (not read),abstract only,batch 1
hypertrophic cardiomyopathy,Fabry disease,hypertrophic cardiomyopathy,Fabry disease,common,rare,phenotype,related but distinct,0.40,Right-ventricular strain and RV wall thickness on echocardiography help separate HCM from Fabry cardiomyopathy,,original research (PubMed pub type),,"Differential diagnosis of hypertrophic cardiomyopathy, fabry cardiomyopathy and cardiac amyloidosis: insights from right ventricular strain imaging echocardiography.",2026,https://doi.org/10.1007/s10554-026-03750-5,42268492,no,no - subscription/paywalled,abstract only,batch 1
hypertrophic cardiomyopathy,transthyretin cardiac amyloidosis (wild-type),hypertrophic cardiomyopathy,amyloidosis,common,rare,phenotype,related but distinct,0.40,RV strain parameters help separate sarcomeric HCM from wild-type ATTR cardiomyopathy,,original research (PubMed pub type),,"Differential diagnosis of hypertrophic cardiomyopathy, fabry cardiomyopathy and cardiac amyloidosis: insights from right ventricular strain imaging echocardiography.",2026,https://doi.org/10.1007/s10554-026-03750-5,42268492,no,no - subscription/paywalled,abstract only,batch 1
Fabry disease,transthyretin cardiac amyloidosis (wild-type),Fabry disease,amyloidosis,rare,rare,phenotype,related but distinct,0.40,Echo RV strain separates the two HCM phenocopies (Fabry vs ATTRwt cardiomyopathy) in a 3-way comparison,,original research (PubMed pub type),,"Differential diagnosis of hypertrophic cardiomyopathy, fabry cardiomyopathy and cardiac amyloidosis: insights from right ventricular strain imaging echocardiography.",2026,https://doi.org/10.1007/s10554-026-03750-5,42268492,no,no - subscription/paywalled,abstract only,batch 1
cardiac amyloidosis,hypertrophic cardiomyopathy,amyloidosis,hypertrophic cardiomyopathy,rare,common,phenotype,related but distinct,0.40,CMR left atrial strain (especially reservoir strain) may separate cardiac amyloidosis from HCM,,original research (PubMed pub type),,The value of CMR-derived left atrial strain parameters in differential diagnosis of cardiac amyloidosis and hypertrophic cardiomyopathy.,2026,https://europepmc.org/article/PMC/PMC13545624,42701481,yes,yes - free full text in PMC/Europe PMC (not read),abstract only,batch 1
Wilson disease,autoimmune hepatitis,Wilson disease,autoimmune hepatitis,rare,rare,phenotype,related but distinct,0.40,Light microscopy overlaps in children; electron microscopy mitochondrial abnormalities distinguish Wilson disease from AIH,,original research (PubMed pub type),,Hepatic ultrastructural features distinguish paediatric Wilson disease from NAFLD and autoimmune hepatitis.,2022,https://doi.org/10.1111/liv.15319,35603480,no,no - subscription/paywalled,abstract only,batch 1
Wilson disease,non-alcoholic fatty liver disease,Wilson disease,metabolic dysfunction-associated steatotic liver disease,rare,common,phenotype,related but distinct,0.40,Histology overlaps; ultrastructural mitochondrial changes distinguish paediatric Wilson disease from NAFLD,,original research (PubMed pub type),,Hepatic ultrastructural features distinguish paediatric Wilson disease from NAFLD and autoimmune hepatitis.,2022,https://doi.org/10.1111/liv.15319,35603480,no,no - subscription/paywalled,abstract only,batch 1
primary ciliary dyskinesia,cystic fibrosis,primary ciliary dyskinesia,cystic fibrosis,rare,rare,phenotype; treatment,related but distinct,0.45,PCD sputum viscoelasticity and inflammation are less abnormal than in untreated CF but comparable to CF on elexacaftor/tezacaftor/ivacaftor,,comparative study (PubMed pub type),,Changes in sputum viscoelastic properties and airway inflammation in primary ciliary dyskinesia are comparable to cystic fibrosis on elexacaftor/tezacaftor/ivacaftor therapy.,2026,https://europepmc.org/article/PMC/PMC12873463,40967762,yes,yes - free full text in PMC/Europe PMC (not read),abstract only,batch 1
cystic fibrosis,primary ciliary dyskinesia,cystic fibrosis,primary ciliary dyskinesia,rare,rare,phenotype,related but distinct,0.40,"Similar FEV1, but higher lung clearance index in CF shows more peripheral airway disease than PCD",,comparative study (PubMed pub type),,Comparing Multiple Breath Washout Parameters in a Matched Cohort of Children With Cystic Fibrosis and Primary Ciliary Dyskinesia.,2026,https://europepmc.org/article/PMC/PMC13403291,42504864,free full text in PMC,yes - free full text in PMC/Europe PMC (not read),abstract only,batch 1
Alzheimer disease,amyotrophic lateral sclerosis,Alzheimer disease,amyotrophic lateral sclerosis,common,rare,pathways; other (comorbidity),similar,0.90,"AI literature-mined network found a shared metabolic and immune multimorbidity core across AD, ALS and FTD",,original research (PubMed pub type),,"An Artificial Intelligence-Driven Multimorbidity Framework Reveals a Shared Metabolic and Immune Core Across Alzheimer's Disease, Amyotrophic Lateral Sclerosis, and Frontotemporal Dementia.",2026,https://europepmc.org/article/PMC/PMC12938555,41751343,yes,yes - free full text in PMC/Europe PMC (not read),abstract only,batch 1
Alzheimer disease,frontotemporal dementia,Alzheimer disease,frontotemporal dementia,common,rare,pathways; other (comorbidity),similar,0.90,AI literature-mined network found a shared metabolic and immune multimorbidity core across AD and FTD,,original research (PubMed pub type),,"An Artificial Intelligence-Driven Multimorbidity Framework Reveals a Shared Metabolic and Immune Core Across Alzheimer's Disease, Amyotrophic Lateral Sclerosis, and Frontotemporal Dementia.",2026,https://europepmc.org/article/PMC/PMC12938555,41751343,yes,yes - free full text in PMC/Europe PMC (not read),abstract only,batch 1
amyotrophic lateral sclerosis,frontotemporal dementia,amyotrophic lateral sclerosis,frontotemporal dementia,rare,rare,pathways; other (comorbidity),similar,0.90,AI literature-mined network found a shared metabolic and immune core across ALS and FTD,,original research (PubMed pub type),,"An Artificial Intelligence-Driven Multimorbidity Framework Reveals a Shared Metabolic and Immune Core Across Alzheimer's Disease, Amyotrophic Lateral Sclerosis, and Frontotemporal Dementia.",2026,https://europepmc.org/article/PMC/PMC12938555,41751343,yes,yes - free full text in PMC/Europe PMC (not read),abstract only,batch 1
Duchenne muscular dystrophy,Becker muscular dystrophy,Duchenne muscular dystrophy,Becker muscular dystrophy,rare,rare,pathways,related but distinct,0.40,"Muscle transcriptomes: DMD shows stronger activation of extracellular-matrix/collagen genes than BMD, which may explain its greater severity",,comparative study (PubMed pub type),,Comparative Transcriptomic Profiling in Patients Affected by Duchenne and Becker Muscular Dystrophies: A Focus on ECM Genes Dysregulation.,2025,https://europepmc.org/article/PMC/PMC12294368,40724841,yes,yes - free full text in PMC/Europe PMC (not read),abstract only,batch 1
Becker muscular dystrophy,Duchenne muscular dystrophy,Becker muscular dystrophy,Duchenne muscular dystrophy,rare,rare,other (biomarker),related but distinct,0.40,Serum proteomics found BMD biomarker candidates; alpha-2-macroglobulin is higher in DMD and tracks dystrophin expression,,comparative study (PubMed pub type),,Contrasting Becker and Duchenne muscular dystrophy serum biomarker candidates by using data independent acquisition LC-MS/MS.,2025,https://europepmc.org/article/PMC/PMC12144774,40483507,yes,yes - free full text in PMC/Europe PMC (not read),abstract only,batch 1
spinocerebellar ataxia type 17,Huntington disease,spinocerebellar ataxia,Huntington disease,rare,rare,phenotype,related but distinct,0.40,"Eye-movement abnormalities (saccadic dysmetria, impaired pursuit, nystagmus) are frequent in SCA17 but not HD and aid differentiation",,original research (PubMed pub type),,Ocular Motor Findings Aid in Differentiation of Spinocerebellar Ataxia Type 17 from Huntington's Disease.,2023,https://doi.org/10.1007/s12311-021-01356-2,34993890,no,no - subscription/paywalled,abstract only,batch 1
Huntington disease-like 2,Huntington disease,Huntington disease-like 2,Huntington disease,rare,rare,phenotype,similar,0.80,Psychiatric phenotype of HDL2 is similar to HD and linked to motor decline; possibly more severe early,,comparative study (PubMed pub type),,The Neuropsychiatry of Huntington Disease-Like 2: A Comparison with Huntington's Disease.,2020,https://doi.org/10.3233/jhd-200422,33044188,no,no - subscription/paywalled,abstract only,batch 1
Rett syndrome,Angelman syndrome,Rett syndrome,Angelman syndrome,rare,rare,phenotype; genes,similar,0.85,"Review: overlapping presentations (delay, absent speech, microcephaly, seizures, stereotypies) despite different genes (MECP2 vs UBE3A)",,review (PubMed pub type),,The overlapping spectrum of rett and angelman syndromes: a clinical review.,2007,https://doi.org/10.1016/j.spen.2007.07.002,17980307,no,no - subscription/paywalled,abstract only,batch 1
Rett syndrome,Angelman syndrome,Rett syndrome,Angelman syndrome,rare,rare,phenotype; genes,related but distinct,0.45,"Strong clinical overlap, but Rett patients had normal 15q11-13 methylation, so methylation testing helps separate them",,original research (PubMed pub type),,Rett syndrome: significant clinical overlap with Angelman syndrome but not with methylation status.,1998,https://doi.org/10.1177/088307389801300907,9733292,no,no - subscription/paywalled,abstract only,batch 1
Prader-Willi syndrome,Angelman syndrome,Prader-Willi syndrome,Angelman syndrome,rare,rare,phenotype; genes,related but distinct,0.45,"Sleep and feeding phenotypes are opposite in the two 15q11-q13 imprinting disorders, as kinship theory predicts",,review (PubMed pub type),,Baby food and bedtime: Evidence for opposite phenotypes from different genetic and epigenetic alterations in Prader-Willi and Angelman syndromes.,2019,https://europepmc.org/article/PMC/PMC6350130,30728968,yes,yes - free full text in PMC/Europe PMC (not read),abstract only,batch 1
Angelman syndrome,Prader-Willi syndrome,Angelman syndrome,Prader-Willi syndrome,rare,rare,phenotype,similar,0.80,Food-related behaviour problems in AS are more PWS-like than expected (over 50% of AS above the PWS median for taking/storing food),,original research (PubMed pub type),,"Are Angelman and Prader-Willi syndromes more similar than we thought? Food-related behavior problems in Angelman, Cornelia de Lange, fragile X, Prader-Willi and 1p36 deletion syndromes.",2015,https://doi.org/10.1002/ajmg.a.36923,25691410,no,yes - free full text at publisher (not read),abstract only,batch 1
Williams syndrome,autism spectrum disorder,Williams syndrome,autism spectrum disorder,rare,common,phenotype,related but distinct,0.40,SRS-2 social motivation and communication impairments are more severe in ASD than WS (Japanese cohort),,comparative study (PubMed pub type),,Comparison of the Social Responsiveness Scale-2 among Individuals with Autism Spectrum Disorder and Williams Syndrome in Japan.,2024,https://doi.org/10.1007/s10803-022-05740-7,36167887,no,no - subscription/paywalled,abstract only,batch 1
neuromyelitis optica spectrum disorder,multiple sclerosis,neuromyelitis optica spectrum disorder,multiple sclerosis,rare,common,epidemiology,related but distinct,0.40,"In South China, NMOSD had more admissions, longer stays and more ICU care than MS",,original research (PubMed pub type),,Differences in disease burden between neuromyelitis optica spectrum disorder and multiple sclerosis in South China.,2026,https://europepmc.org/article/PMC/PMC13241614,42253337,yes,yes - free full text in PMC/Europe PMC (not read),abstract only,batch 1
aquaporin-4+ neuromyelitis optica spectrum disorder,MOG antibody-associated disease,neuromyelitis optica spectrum disorder,MOG antibody-associated disease,rare,rare,phenotype; epidemiology,related but distinct,0.45,"AQP4+ NMOSD was more female (90% vs 45%), more relapsing and more often had co-existing autoimmunity than MOGAD",,comparative study (PubMed pub type),,"Comparison of clinical features of aquaporin-4 positive neuromyelitis optica spectrum disorder (NMOSD), myelin oligodendrocyte glycoprotein associated disorder (MOGAD), and double seronegative NMOSD - A single center experience.",2025,https://doi.org/10.1016/j.jneuroim.2025.578591,40220551,no,no - subscription/paywalled,abstract only,batch 1
neuromyelitis optica spectrum disorder,MOG antibody-associated disease,neuromyelitis optica spectrum disorder,MOG antibody-associated disease,rare,rare,phenotype,related but distinct,0.40,Both damage macular structure and microvasculature after optic neuritis; reduced choriocapillaris flow area may separate NMOSD from MOGAD,,original research (PubMed pub type),,Distinct macular structural and microvascular alterations differentiate neuromyelitis optica spectrum disorder from myelin oligodendrocyte glycoprotein antibody-associated disease in optic neuritis.,2026,https://europepmc.org/article/PMC/PMC13010087,41884840,yes,yes - free full text in PMC/Europe PMC (not read),abstract only,batch 1
multiple sclerosis,MOG antibody-associated disease,multiple sclerosis,MOG antibody-associated disease,common,rare,other (biomarker),related but distinct,0.40,CSF kappa free light chain index is much higher in MS than in MOGAD,,original research (PubMed pub type),,KFLC-index distinguishes multiple sclerosis from anti-myelin oligodendrocyte glycoprotein and aquaporin 4 diseases in a Chinese cohort.,2025,https://doi.org/10.1136/jnnp-2025-335953,40645758,no,no - subscription/paywalled,abstract only,batch 1
multiple sclerosis,aquaporin-4+ neuromyelitis optica spectrum disorder,multiple sclerosis,neuromyelitis optica spectrum disorder,common,rare,other (biomarker),related but distinct,0.40,CSF kappa free light chain index is much higher in MS than in AQP4+ NMOSD,,original research (PubMed pub type),,KFLC-index distinguishes multiple sclerosis from anti-myelin oligodendrocyte glycoprotein and aquaporin 4 diseases in a Chinese cohort.,2025,https://doi.org/10.1136/jnnp-2025-335953,40645758,no,no - subscription/paywalled,abstract only,batch 1
myasthenia gravis,Lambert-Eaton myasthenic syndrome,myasthenia gravis,Lambert-Eaton myasthenic syndrome,rare,rare,phenotype; other (serology),similar,0.85,55 MG–LEMS overlap (MLOS) patients identified; authors recommend adding MuSK antibodies to the overlap criteria,,original research (PubMed pub type),,Myasthenia gravis Lambert-Eaton overlap syndrome: Recommended modification for the diagnostic criteria.,2024,https://doi.org/10.1002/mus.28221,39072842,no,no - subscription/paywalled,abstract only,batch 1
Guillain-Barre syndrome,chronic inflammatory demyelinating polyneuropathy,Guillain-Barre syndrome,chronic inflammatory demyelinating polyneuropathy,rare,rare,other (biomarker),related but distinct,0.40,Platelet-to-lymphocyte ratio and CSF IL-8 are higher in GBS than CIDP; combined they help separate the two,,original research (PubMed pub type),,An auxiliary diagnostic strategy for distinguishing Guillain-Barré syndrome and chronic inflammatory demyelinating polyneuropathy: combining platelet-to-lymphocyte ratio and cerebrospinal fluid interleukin-8 levels.,2025,https://europepmc.org/article/PMC/PMC12312457,40739619,yes,yes - free full text in PMC/Europe PMC (not read),abstract only,batch 1
Guillain-Barre syndrome,chronic inflammatory demyelinating polyneuropathy,Guillain-Barre syndrome,chronic inflammatory demyelinating polyneuropathy,rare,rare,phenotype,related but distinct,0.40,"Nerve ultrasound: median, ulnar and tibial nerve diameters are larger in CIDP than in GBS",,original research (PubMed pub type),,Comparison of ultrasound findings in Guillain-Barre syndrome and chronic inflammatory demyelinating polyneuropathy for differential diagnosis.,2021,https://europepmc.org/article/PMC/PMC8743174,38011471,yes,yes - free full text in PMC/Europe PMC (not read),abstract only,batch 1
Guillain-Barre syndrome,chronic inflammatory demyelinating polyneuropathy,Guillain-Barre syndrome,chronic inflammatory demyelinating polyneuropathy,rare,rare,other (biomarker); phenotype,related but distinct,0.45,CSF IL-8 plus lumbosacral MR neurography separated GBS from CIDP (89% sensitivity),,original research (PubMed pub type),,A combined approach of Interleukin-8 and magnetic resonance neurography to differentiate Guillain-Barré syndrome and chronic inflammatory demyelinating polyneuropathy.,2026,https://doi.org/10.1016/j.jns.2025.125675,41360045,no,no - subscription/paywalled,abstract only,batch 1
idiopathic pulmonary fibrosis,systemic sclerosis,idiopathic pulmonary fibrosis,systemic sclerosis,rare,rare,genes; pathways,similar,0.90,WGCNA/machine learning found CCL2 (chemokine signalling) as a shared hub gene and biomarker of IPF and SSc,,original research (PubMed pub type),,Common biomarkers of idiopathic pulmonary fibrosis and systemic sclerosis based on WGCNA and machine learning.,2025,https://europepmc.org/article/PMC/PMC11699037,39753882,yes,yes - free full text in PMC/Europe PMC (not read),abstract only,batch 1
idiopathic pulmonary fibrosis,systemic sclerosis-associated ILD,idiopathic pulmonary fibrosis,systemic sclerosis,rare,rare,pathways,related but distinct,0.40,Single-cell RNA-seq: shared aberrant KRT5-/KRT17+ basaloid cells but different interferon signalling,,original research (PubMed pub type),,Disparate Interferon Signaling and Shared Aberrant Basaloid Cells in Single-Cell Profiling of Idiopathic Pulmonary Fibrosis and Systemic Sclerosis-Associated Interstitial Lung Disease.,2021,https://europepmc.org/article/PMC/PMC8042271,33859634,yes,yes - free full text in PMC/Europe PMC (not read),abstract only,batch 1
idiopathic pulmonary fibrosis,systemic sclerosis-associated ILD,idiopathic pulmonary fibrosis,systemic sclerosis,rare,rare,treatment,similar,0.80,"Real-world nintedanib safety was similar in IPF and SSc-ILD, although dose reductions came earlier in SSc-ILD",,original research (PubMed pub type),,Real life data on nintedanib safety: idiopathic pulmonary fibrosis versus systemic sclerosis-interstitial lung disease and strategies adopted to manage adverse effects.,2023,https://europepmc.org/article/PMC/PMC10518269,37535212,yes,yes - free full text in PMC/Europe PMC (not read),abstract only,batch 1
sarcoidosis,tuberculosis,sarcoidosis,tuberculosis,rare,common,other (biomarker),related but distinct,0.40,"Routine blood indices (monocytes, RDW, MPV, albumin, lymphocyte-monocyte ratio) help separate pulmonary sarcoidosis from TB",,original research (PubMed pub type),,Differentiating pulmonary sarcoidosis from pulmonary tuberculosis in clinical practice: Insights from routine blood tests.,2026,https://doi.org/10.1007/s11845-026-04580-z,42667592,no,no - subscription/paywalled,abstract only,batch 1
intestinal Behcet disease,Crohn disease,Behcet disease,Crohn disease,rare,common,phenotype,related but distinct,0.40,"Enteroclysis: Behcet disease shows mainly aphthous ulcers, and findings are milder than in Crohn disease",,comparative study (PubMed pub type),,Enteroclysis findings of intestinal Behcet disease: a comparative study with Crohn disease.,2003,https://doi.org/10.1007/s00261-002-0036-0,12719899,no,no - subscription/paywalled,abstract only,batch 1
adult-onset Still disease,secondary hemophagocytic lymphohistiocytosis,Still disease,hemophagocytic lymphohistiocytosis,rare,rare,other (biomarker),related but distinct,0.40,"Serum IL-18 (cut-off 18,550 pg/mL; AUC 0.91) separated AOSD (with or without MAS) from other adult secondary HLH",,observational study (PubMed pub type),,Usefulness of Interleukin-18 as a Diagnostic Biomarker to Differentiate Adult-Onset Still's Disease With/Without Macrophage Activation Syndrome From Other Secondary Hemophagocytic Lymphohistiocytosis in Adults.,2021,https://europepmc.org/article/PMC/PMC8533049,34691064,yes,yes - free full text in PMC/Europe PMC (not read),abstract only,batch 1
Still disease,macrophage activation syndrome,Still disease,macrophage activation syndrome,rare,rare,pathways,similar,0.85,mTORC1 activation in monocytes underlies both Still disease and MAS in models and in patient histiocytes,,original research (PubMed pub type),,mTORC1 links pathology in experimental models of Still's disease and macrophage activation syndrome.,2022,https://europepmc.org/article/PMC/PMC9705324,36443301,yes,yes - free full text in PMC/Europe PMC (not read),abstract only,batch 1
hemophagocytic lymphohistiocytosis,sepsis,hemophagocytic lymphohistiocytosis,sepsis,rare,common,phenotype,related but distinct,0.40,"Children with HLH vs severe sepsis differ in incidence, outcomes and clustering of organ dysfunction",,original research (PubMed pub type),,"Comparison of organ dysfunction patterns in pediatric hemophagocytic lymphohistiocytosis and sepsis: incidence, adverse outcomes, and cluster characteristics.",2025,https://europepmc.org/article/PMC/PMC12657473,41321462,yes,yes - free full text in PMC/Europe PMC (not read),abstract only,batch 1
Kawasaki disease,multisystem inflammatory syndrome in children (MIS-C),Kawasaki disease,multisystem inflammatory syndrome in children (MIS-C),rare,rare,phenotype,related but distinct,0.40,"Compared with incomplete KD, non-severe MIS-C showed older age, GI/respiratory symptoms and ventricular dysfunction but less coronary involvement",,original research (PubMed pub type),,Incomplete Kawasaki Disease Versus Non-severe Multisystem Inflammatory Syndrome in Children: Distinguishing Features from Contemporaneous Patients.,2026,https://doi.org/10.1007/s00246-026-04444-4,42696153,no,no - subscription/paywalled,abstract only,batch 1
Takayasu arteritis,giant cell arteritis,Takayasu arteritis,giant cell arteritis,rare,rare,phenotype,related but distinct,0.40,Large-vessel imaging pattern (aortic arch ± right subclavian involvement) accurately separates TAK from large-vessel GCA,,original research (PubMed pub type),,Distinguishing Takayasu Arteritis and Giant Cell Arteritis Based on Large-Vessel Involvement Patterns.,2026,https://europepmc.org/article/PMC/PMC12880768,41560383,yes,yes - free full text in PMC/Europe PMC (not read),abstract only,batch 1
Takayasu arteritis,giant cell arteritis,Takayasu arteritis,giant cell arteritis,rare,rare,other (biomarker),related but distinct,0.40,Serum soluble CD226 is raised in TAK and separates it from GCA,,observational study (PubMed pub type),,"Elevated soluble CD226 in Takayasu arteritis is useful for differentiation from giant cell arteritis, disease activity assessment, and prognosis prediction.",2025,https://europepmc.org/article/PMC/PMC12187342,40550099,yes,yes - free full text in PMC/Europe PMC (not read),abstract only,batch 1
Takayasu arteritis,giant cell arteritis,Takayasu arteritis,giant cell arteritis,rare,rare,phenotype,related but distinct,0.40,"Contrast CT: stenosis/occlusion more common in TAK, calcification more common in GCA",,original research (PubMed pub type),,Comparison and Significance of Contrast-Enhanced Computed Tomographic Findings of Large-Vessel Vasculitis Before and After Treatment: Differences Between Takayasu Arteritis and Giant Cell Arteritis.,2024,https://europepmc.org/article/PMC/PMC11562625,39479944,yes,yes - free full text in PMC/Europe PMC (not read),abstract only,batch 1
hypereosinophilic syndrome,ANCA-negative eosinophilic granulomatosis with polyangiitis,hypereosinophilic syndrome,eosinophilic granulomatosis with polyangiitis,rare,rare,other (biomarker),related but distinct,0.40,An index from WBC and eosinophil counts predicts HES over ANCA-negative EGPA,,review (PubMed pub type),,A new index for distinguishing hypereosinophilic syndrome and antineutrophil cytoplasmic antibody-negative eosinophilic granulomatosis with polyangiitis.,2023,https://doi.org/10.12932/ap-080420-0805,33068368,no,no - subscription/paywalled,abstract only,batch 1
EGPA / idiopathic hypereosinophilic syndrome (pooled),T2-eosinophilic asthma,eosinophilic granulomatosis with polyangiitis,asthma,rare,common,other (biomarker),related but distinct,0.40,Raised serum IgG4 is more frequent in EGPA/iHES than in T2 asthma alone (45.7% vs 11.1%),,comparative study (PubMed pub type),,Insights from comparison of serum IgG4 between T2-eosinophilic asthma and eosinophilic granulomatosis with polyangiitis/idiopathic hypereosinophilic syndrome.,2025,https://doi.org/10.55563/clinexprheumatol/3ihc3t,40201966,no,no - subscription/paywalled,abstract only,batch 1
IgG4-related sclerosing cholangitis,primary sclerosing cholangitis,IgG4-related disease,primary sclerosing cholangitis,rare,rare,other (biomarker),related but distinct,0.40,"Serum NMR metabolomic panel separates IgG4-SC from PSC, independent of IgG4 titre",,original research (PubMed pub type),,A novel serum metabolomic panel distinguishes IgG4-related sclerosing cholangitis from primary sclerosing cholangitis.,2022,https://europepmc.org/article/PMC/PMC9546203,35129255,yes,yes - free full text in PMC/Europe PMC (not read),abstract only,batch 1
IgG4-related sclerosing cholangitis,primary sclerosing cholangitis,IgG4-related disease,primary sclerosing cholangitis,rare,rare,genes; other (epigenetics),related but distinct,0.45,Distinct blood methylation changes and epigenetic age acceleration in IgG4-SC; both show strong HLA-driven methylation QTLs,,original research (PubMed pub type),,Epigenetic age acceleration and methylation differences in IgG4-related cholangitis and primary sclerosing cholangitis.,2025,https://europepmc.org/article/PMC/PMC11740490,39819503,yes,yes - free full text in PMC/Europe PMC (not read),abstract only,batch 1
IgG4-related sclerosing cholangitis,primary sclerosing cholangitis,IgG4-related disease,primary sclerosing cholangitis,rare,rare,other (biomarker),related but distinct,0.40,Serum IgG4/IgG1 and IgG4/(IgG1+IgG3) ratios help separate IgG4-SC from PSC,,original research (PubMed pub type),,Clinical Utility of Personalized Serum IgG Subclass Ratios for the Differentiation of IgG4-Related Sclerosing Cholangitis (IgG4-SC) from Primary Sclerosing Cholangitis (PSC) and Cholangiocarcinoma (CCA).,2022,https://europepmc.org/article/PMC/PMC9225113,35743640,yes,yes - free full text in PMC/Europe PMC (not read),abstract only,batch 1
IgG4-related sclerosing cholangitis,cholangiocarcinoma,IgG4-related disease,cholangiocarcinoma,rare,rare,other (biomarker),related but distinct,0.40,"Serum IgG4 alone is the most accurate marker for IgG4-SC vs cholangiocarcinoma (80% sensitivity, 82% specificity)",,original research (PubMed pub type),,Clinical Utility of Personalized Serum IgG Subclass Ratios for the Differentiation of IgG4-Related Sclerosing Cholangitis (IgG4-SC) from Primary Sclerosing Cholangitis (PSC) and Cholangiocarcinoma (CCA).,2022,https://europepmc.org/article/PMC/PMC9225113,35743640,yes,yes - free full text in PMC/Europe PMC (not read),abstract only,batch 1
pulmonary arterial hypertension,chronic thromboembolic pulmonary hypertension,pulmonary arterial hypertension,chronic thromboembolic pulmonary hypertension,rare,rare,phenotype,related but distinct,0.40,"PREFUL-MRI: CTEPH has more severe perfusion defects, but the method is suboptimal for initial subtype discrimination",,comparative study (PubMed pub type),,What is the difference between pulmonary arterial hypertension and chronic thromboembolic pulmonary hypertension on phase-resolved functional lung MRI? A cross-sectional observational study.,2026,https://doi.org/10.1007/s00330-025-12271-z,41528476,no,no - subscription/paywalled,abstract only,batch 1
pulmonary arterial hypertension,chronic thromboembolic pulmonary hypertension,pulmonary arterial hypertension,chronic thromboembolic pulmonary hypertension,rare,rare,phenotype,related but distinct,0.40,"At high altitude, exercise capacity was similar, but CTEPH had more dyspnoea and worse gas exchange",,original research (PubMed pub type),,"Differences in Exercise Capacity, Ventilatory Efficiency, and Gas Exchange between Patients with Pulmonary Arterial Hypertension and Chronic Thromboembolic Pulmonary Hypertension Residing at High Altitude.",2024,https://europepmc.org/article/PMC/PMC11317340,39139420,yes,yes - free full text in PMC/Europe PMC (not read),abstract only,batch 1
lymphangioleiomyomatosis,Birt-Hogg-Dube syndrome,lymphangioleiomyomatosis,Birt-Hogg-Dube syndrome,rare,rare,phenotype,related but distinct,0.40,"CT cyst features (shape, distribution, size) separate LAM from BHD; cyst size predicts pneumothorax",,original research (PubMed pub type),,Differentiation Between Lymphangioleiomyomatosis and Birt-Hogg-Dubé Syndrome: Analysis of Pulmonary Cysts on CT Images.,2019,https://doi.org/10.2214/ajr.18.20232,30673341,no,no - subscription/paywalled,abstract only,batch 1
Birt-Hogg-Dube syndrome,lymphangioleiomyomatosis,Birt-Hogg-Dube syndrome,lymphangioleiomyomatosis,rare,rare,phenotype,related but distinct,0.40,"CT algorithm based on cyst distribution and morphology separates BHD, LAM and LIP with high accuracy",,original research (PubMed pub type),,"Isolated Cystic Lung Disease: An Algorithmic Approach to Distinguishing Birt-Hogg-Dubé Syndrome, Lymphangioleiomyomatosis, and Lymphocytic Interstitial Pneumonia.",2019,https://doi.org/10.2214/ajr.18.20920,30888864,no,no - subscription/paywalled,abstract only,batch 1
Birt-Hogg-Dube syndrome,lymphocytic interstitial pneumonia,Birt-Hogg-Dube syndrome,lymphocytic interstitial pneumonia,rare,rare,phenotype,related but distinct,0.40,CT algorithm based on cyst distribution and morphology separates BHD from LIP,,original research (PubMed pub type),,"Isolated Cystic Lung Disease: An Algorithmic Approach to Distinguishing Birt-Hogg-Dubé Syndrome, Lymphangioleiomyomatosis, and Lymphocytic Interstitial Pneumonia.",2019,https://doi.org/10.2214/ajr.18.20920,30888864,no,no - subscription/paywalled,abstract only,batch 1
lymphangioleiomyomatosis,lymphocytic interstitial pneumonia,lymphangioleiomyomatosis,lymphocytic interstitial pneumonia,rare,rare,phenotype,related but distinct,0.40,CT algorithm based on cyst distribution and morphology separates LAM from LIP,,original research (PubMed pub type),,"Isolated Cystic Lung Disease: An Algorithmic Approach to Distinguishing Birt-Hogg-Dubé Syndrome, Lymphangioleiomyomatosis, and Lymphocytic Interstitial Pneumonia.",2019,https://doi.org/10.2214/ajr.18.20920,30888864,no,no - subscription/paywalled,abstract only,batch 1
COPD,lymphangioleiomyomatosis,COPD,lymphangioleiomyomatosis,common,rare,phenotype,related but distinct,0.40,Size distribution and fractal properties of CT low-attenuation clusters differ between COPD and LAM,,original research (PubMed pub type),,"Difference of the progression of pulmonary cysts assessed by computed tomography among COPD, lymphangioleiomyomatosis, and Birt-Hogg-Dubé syndrome.",2017,https://europepmc.org/article/PMC/PMC5722335,29220357,yes,yes - free full text in PMC/Europe PMC (not read),abstract only,batch 1
COPD,Birt-Hogg-Dube syndrome,COPD,Birt-Hogg-Dube syndrome,common,rare,phenotype,related but distinct,0.40,CT low-attenuation cluster distributions differ; fractal property seen in 95.8% of COPD vs 63% of BHD images,,original research (PubMed pub type),,"Difference of the progression of pulmonary cysts assessed by computed tomography among COPD, lymphangioleiomyomatosis, and Birt-Hogg-Dubé syndrome.",2017,https://europepmc.org/article/PMC/PMC5722335,29220357,yes,yes - free full text in PMC/Europe PMC (not read),abstract only,batch 1
lymphangioleiomyomatosis,Birt-Hogg-Dube syndrome,lymphangioleiomyomatosis,Birt-Hogg-Dube syndrome,rare,rare,phenotype,related but distinct,0.40,CT low-attenuation cluster progression and fractal properties differ between LAM and BHD,,original research (PubMed pub type),,"Difference of the progression of pulmonary cysts assessed by computed tomography among COPD, lymphangioleiomyomatosis, and Birt-Hogg-Dubé syndrome.",2017,https://europepmc.org/article/PMC/PMC5722335,29220357,yes,yes - free full text in PMC/Europe PMC (not read),abstract only,batch 1
neurofibromatosis type 1,Legius syndrome,neurofibromatosis,Legius syndrome,rare,rare,phenotype; genes,similar,0.85,Legius shares café-au-lait macules and freckling with NF1 but lacks tumour risk; NF1/SPRED1 testing needed in young children,,review (PubMed pub type),,Legius Syndrome and its Relationship with Neurofibromatosis Type 1.,2020,https://europepmc.org/article/PMC/PMC9128993,32147744,yes,yes - free full text in PMC/Europe PMC (not read),abstract only,batch 1
neurofibromatosis type 1,Legius syndrome,neurofibromatosis,Legius syndrome,rare,rare,pathways,similar,0.85,"SPRED1 recruits neurofibromin to Ras via the EVH1–GRD interaction, a shared Ras-ERK mechanism that Legius/NF1 mutations disrupt",,original research (PubMed pub type),,"Interaction between a Domain of the Negative Regulator of the Ras-ERK Pathway, SPRED1 Protein, and the GTPase-activating Protein-related Domain of Neurofibromin Is Implicated in Legius Syndrome and Neurofibromatosis Type 1.",2016,https://europepmc.org/article/PMC/PMC4751360,26635368,free full text in PMC,yes - free full text in PMC/Europe PMC (not read),abstract only,batch 1
Noonan syndrome,Costello syndrome,Noonan syndrome,Costello syndrome,rare,rare,phenotype,related but distinct,0.40,"Facial anthropometry: bulbous nasal tip, full lips and wide mouth separate Costello from Noonan despite overall similarity",,original research (PubMed pub type),,"Objective studies of the face of Noonan, Cardio-facio-cutaneous, and Costello syndromes: A comparison of three disorders of the Ras/MAPK signaling pathway.",2016,https://doi.org/10.1002/ajmg.a.37736,27155212,no,yes - free full text at publisher (not read),abstract only,batch 1
Noonan syndrome,cardiofaciocutaneous syndrome,Noonan syndrome,cardiofaciocutaneous syndrome,rare,rare,phenotype,related but distinct,0.40,Facial anthropometry: wider mid/lower face distinguishes CFC from Noonan,,original research (PubMed pub type),,"Objective studies of the face of Noonan, Cardio-facio-cutaneous, and Costello syndromes: A comparison of three disorders of the Ras/MAPK signaling pathway.",2016,https://doi.org/10.1002/ajmg.a.37736,27155212,no,yes - free full text at publisher (not read),abstract only,batch 1
cardiofaciocutaneous syndrome,Costello syndrome,cardiofaciocutaneous syndrome,Costello syndrome,rare,rare,phenotype,related but distinct,0.40,Quantitative facial measurements separate CFC from Costello within the RASopathies,,original research (PubMed pub type),,"Objective studies of the face of Noonan, Cardio-facio-cutaneous, and Costello syndromes: A comparison of three disorders of the Ras/MAPK signaling pathway.",2016,https://doi.org/10.1002/ajmg.a.37736,27155212,no,yes - free full text at publisher (not read),abstract only,batch 1
cardiofaciocutaneous syndrome,Noonan syndrome,cardiofaciocutaneous syndrome,Noonan syndrome,rare,rare,genes; phenotype,similar,0.90,BRAF/KRAS/MEK mutations show a phenotypic continuum; no simple rule separates Noonan from CFC,,original research (PubMed pub type),,Cardio-facio-cutaneous and Noonan syndromes due to mutations in the RAS/MAPK signalling pathway: genotype-phenotype relationships and overlap with Costello syndrome.,2007,https://europepmc.org/article/PMC/PMC2652823,17704260,free full text in PMC,yes - free full text in PMC/Europe PMC (not read),abstract only,batch 1
cardiofaciocutaneous syndrome,Costello syndrome,cardiofaciocutaneous syndrome,Costello syndrome,rare,rare,genes,related but distinct,0.40,BRAF mutations found in 40% of HRAS-negative 'Costello' patients; authors restrict 'Costello' to proven HRAS cases,,original research (PubMed pub type),,Cardio-facio-cutaneous and Noonan syndromes due to mutations in the RAS/MAPK signalling pathway: genotype-phenotype relationships and overlap with Costello syndrome.,2007,https://europepmc.org/article/PMC/PMC2652823,17704260,free full text in PMC,yes - free full text in PMC/Europe PMC (not read),abstract only,batch 1
Noonan syndrome,Turner syndrome,Noonan syndrome,Turner syndrome,rare,rare,treatment; pathways,related but distinct,0.45,"Both have high GH secretion, but low IGF-I only in NS; NS children responded better to GH than TS girls",,comparative study (PubMed pub type),,GH Responsiveness in Children With Noonan Syndrome Compared to Turner Syndrome.,2021,https://europepmc.org/article/PMC/PMC8631177,34858328,yes,yes - free full text in PMC/Europe PMC (not read),abstract only,batch 1
Noonan syndrome,Turner syndrome,Noonan syndrome,Turner syndrome,rare,rare,treatment,similar,0.80,NS and TS gained similar height over 4 years of GH therapy (NordiNet/ANSWER),,original research (PubMed pub type),,Noonan syndrome and Turner syndrome patients respond similarly to 4 years' growth-hormone therapy: longitudinal analysis of growth-hormone-naïve patients enrolled in the NordiNet® International Outcome Study and the ANSWER Program.,2015,https://europepmc.org/article/PMC/PMC4562101,26351466,yes,yes - free full text in PMC/Europe PMC (not read),abstract only,batch 1
Noonan syndrome,Turner syndrome,Noonan syndrome,Turner syndrome,rare,rare,phenotype,related but distinct,0.40,Growth patterns of Japanese NS children differ significantly from TS,,original research (PubMed pub type),,Validation of auxological reference values for Japanese children with Noonan syndrome and comparison with growth in children with Turner syndrome.,2017,https://europepmc.org/article/PMC/PMC5537211,28804206,yes,yes - free full text in PMC/Europe PMC (not read),abstract only,batch 1
hereditary hemorrhagic telangiectasia,juvenile polyposis syndrome,hereditary hemorrhagic telangiectasia,juvenile polyposis syndrome,rare,rare,genes; phenotype,similar,0.90,SMAD4 HHT–JPS overlap syndrome case series: variable GI involvement plus musculoskeletal and cardiovascular anomalies,,review (PubMed pub type),,Overlap syndrome of hereditary hemorrhagic telangiectasia and juvenile polyposis syndrome: ten years follow-up-case series and review of literature.,2024,https://doi.org/10.1007/s10689-024-00425-9,39546055,no,no - subscription/paywalled,abstract only,batch 1
SMAD4 juvenile polyposis-HHT,Myhre syndrome,SMAD4 juvenile polyposis-HHT,Myhre syndrome,rare,rare,genes,related but distinct,0.40,SMAD4 loss-of-function (JP-HHT) vs gain-of-function (Myhre) variants produce contrasting phenotypes,,case report (PubMed pub type),,An additional patient with SMAD4-Juvenile Polyposis-Hereditary hemorrhagic telangiectasia and connective tissue abnormalities: SMAD4 loss-of-function and gain-of-function pathogenic variants result in contrasting phenotypes.,2022,https://doi.org/10.1002/ajmg.a.62915,35869926,no,no - subscription/paywalled,abstract only,batch 1
Lynch syndrome,familial adenomatous polyposis,Lynch syndrome,familial adenomatous polyposis,common,rare,pathways; other (epigenetics),similar,0.90,Many top DNA-methylation changes in colorectal tumours are shared between Lynch syndrome and FAP,,original research (PubMed pub type),,Genome-wide DNA methylation profiles of colorectal tumors in Lynch syndrome and familial adenomatous polyposis.,2025,https://europepmc.org/article/PMC/PMC12317532,40753397,yes,yes - free full text in PMC/Europe PMC (not read),abstract only,batch 1
hereditary nonpolyposis colorectal cancer (Lynch),attenuated familial adenomatous polyposis,Lynch syndrome,familial adenomatous polyposis,common,rare,genes; phenotype,related but distinct,0.45,Case and review: hard to tell apart clinically; microsatellite instability and germline testing settle the diagnosis,,case report (PubMed pub type),,Challenge in the differentiation between attenuated familial adenomatous polyposis and hereditary nonpolyposis colorectal cancer: case report with review of the literature.,2002,https://doi.org/10.1111/j.1572-0241.2002.05850.x,12135043,no,no - subscription/paywalled,abstract only,batch 1
beta-thalassemia major,sickle cell anemia,thalassemia,sickle cell disease,rare,rare,phenotype,similar,0.80,Silent ischaemic brain lesions occur in both; more frequent in SCA but not significantly,,comparative study (PubMed pub type),,Comparison of Asymptomatic Brain Lesions Between Thalassemia Major and Sickle Cell Anemia Patients.,2025,https://europepmc.org/article/PMC/PMC11766708,39859141,yes,yes - free full text in PMC/Europe PMC (not read),abstract only,batch 1
thalassemia,sickle cell disease,thalassemia,sickle cell disease,rare,rare,epidemiology,related but distinct,0.40,12-year Greek cohort: thalassaemia deaths mainly cardiac failure/HCC/sepsis vs sepsis/liver failure/stroke in SCD,,comparative study (PubMed pub type),,Comparative analysis of mortality patterns and treatment strategies in thalassaemia and sickle cell disease patients: A 12-year study.,2025,https://doi.org/10.1111/bjh.20043,40090899,no,no - subscription/paywalled,abstract only,batch 1
aplastic anemia,paroxysmal nocturnal hemoglobinuria,aplastic anemia,paroxysmal nocturnal hemoglobinuria,rare,rare,pathways,similar,0.85,"PNH clones expand in aplastic anaemia (over 10% develop clinical PNH), consistent with PNH cells resisting autoimmune attack",,review (PubMed pub type),,Relationship between aplastic anemia and paroxysmal nocturnal hemoglobinuria.,2002,https://doi.org/10.1007/bf02982015,11939256,no,no - subscription/paywalled,abstract only,batch 1
paroxysmal nocturnal hemoglobinuria,aplastic anemia,paroxysmal nocturnal hemoglobinuria,aplastic anemia,rare,rare,pathways,similar,0.85,"Shared immune pathogenesis: GPI-deficient stem cells escape autoreactive T cells, explaining the overlap",,review (PubMed pub type),,Stem cells in paroxysmal nocturnal haemoglobinuria and aplastic anaemia: increasing evidence for overlap of haemopoietic defect.,2003,https://doi.org/10.1111/j.1365-3148.2003.00465.x,14651743,no,no - subscription/paywalled,abstract only,batch 1
aplastic anemia,paroxysmal nocturnal hemoglobinuria,aplastic anemia,paroxysmal nocturnal hemoglobinuria,rare,rare,pathways,similar,0.85,"Review: AA and PNH form a spectrum of immune-mediated marrow failure, not separate entities",,review (PubMed pub type),,Immunological links between aplastic anemia and paroxysmal nocturnal hemoglobinuria.,2026,https://doi.org/10.1007/s12185-026-04236-9,42260206,no,no - subscription/paywalled,abstract only,batch 1
atypical hemolytic uremic syndrome,thrombotic thrombocytopenic purpura,atypical hemolytic uremic syndrome,thrombotic thrombocytopenic purpura,rare,rare,pathways,similar,0.85,Complement activation markers (except factor Bb) are similarly raised in TTP and aHUS,,original research (PubMed pub type),,Prognostic utility of ADAMTS13 activity for the atypical hemolytic uremic syndrome (aHUS) and comparison of complement serology between aHUS and thrombotic thrombocytopenic purpura.,2019,https://europepmc.org/article/PMC/PMC6779945,31730685,yes,yes - free full text in PMC/Europe PMC (not read),abstract only,batch 1
atypical hemolytic uremic syndrome,thrombotic thrombocytopenic purpura,atypical hemolytic uremic syndrome,thrombotic thrombocytopenic purpura,rare,rare,phenotype; other (biomarker),related but distinct,0.45,Clinical findings plus ADAMTS13 activity and response to plasma exchange separate aHUS from TTP,,review (PubMed pub type),,Atypical hemolytic uremic syndrome and thrombotic thrombocytopenic purpura: clinically differentiating the thrombotic microangiopathies.,2013,https://doi.org/10.1016/j.ejim.2013.05.007,23739653,no,no - subscription/paywalled,abstract only,batch 1
thrombotic thrombocytopenic purpura,atypical hemolytic uremic syndrome,thrombotic thrombocytopenic purpura,atypical hemolytic uremic syndrome,rare,rare,other (biomarker); treatment,related but distinct,0.45,ADAMTS13 deficiency identifies TTP; complement assays support aHUS and guide eculizumab,,review (PubMed pub type),,The complex differential diagnosis between thrombotic thrombocytopenic purpura and the atypical hemolytic uremic syndrome: Laboratory weapons and their impact on treatment choice and monitoring.,2015,https://doi.org/10.1016/j.thromres.2015.09.007,26386489,no,no - subscription/paywalled,abstract only,batch 1
Fanconi anemia,dyskeratosis congenita / telomere biology disorder,Fanconi anemia,dyskeratosis congenita,rare,rare,phenotype; genes,related but distinct,0.45,Review comparing dysmorphology and cancer spectrum of FA (DNA repair defect) vs DC/TBD (telomere defect) for differential diagnosis,,review (PubMed pub type),,Fanconi anemia and dyskeratosis congenita/telomere biology disorders: Two inherited bone marrow failure syndromes with genomic instability.,2022,https://europepmc.org/article/PMC/PMC9453478,36091172,yes,yes - free full text in PMC/Europe PMC (not read),abstract only,batch 1
Fanconi anemia,dyskeratosis congenita,Fanconi anemia,dyskeratosis congenita,rare,rare,genes,related but distinct,0.40,Exome reanalysis reclassified suspected FA (negative chromosome breakage) as DC,,original research (PubMed pub type),,Ending diagnostic odyssey by reanalysis of whole exome sequencing data: reclassification of suspected Fanconi anemia cases to dyskeratosis congenita and Diamond-Blackfan anemia.,2025,https://europepmc.org/article/PMC/PMC12522949,41088272,yes,yes - free full text in PMC/Europe PMC (not read),abstract only,batch 1
Fanconi anemia,Diamond-Blackfan anemia,Fanconi anemia,Diamond-Blackfan anemia,rare,rare,genes,related but distinct,0.40,Exome reanalysis reclassified suspected FA cases as DBA,,original research (PubMed pub type),,Ending diagnostic odyssey by reanalysis of whole exome sequencing data: reclassification of suspected Fanconi anemia cases to dyskeratosis congenita and Diamond-Blackfan anemia.,2025,https://europepmc.org/article/PMC/PMC12522949,41088272,yes,yes - free full text in PMC/Europe PMC (not read),abstract only,batch 1
late-onset Pompe disease,limb-girdle muscular dystrophy,Pompe disease,limb-girdle muscular dystrophy,rare,rare,genes; phenotype,related but distinct,0.45,NGS panel for proximal muscle weakness found 9 Pompe patients among suspected LGMD; Pompe belongs in the differential,,original research (PubMed pub type),,The Latin American experience with a next generation sequencing genetic panel for recessive limb-girdle muscular weakness and Pompe disease.,2020,https://europepmc.org/article/PMC/PMC6958675,31931849,yes,yes - free full text in PMC/Europe PMC (not read),abstract only,batch 1
limb-girdle muscular dystrophy,late-onset Pompe disease,limb-girdle muscular dystrophy,Pompe disease,rare,rare,genes,related but distinct,0.40,Global NGS cohort: 86.2% of diagnoses were LGMD and 13.8% Pompe; GAA should be on LGMD panels,,original research (PubMed pub type),,Detection of gene variants associated with recessive limb-girdle muscular weakness and Pompe disease in a global cohort of patients through the application of next-generation sequencing analysis.,2024,https://europepmc.org/article/PMC/PMC11638199,39678382,yes,yes - free full text in PMC/Europe PMC (not read),abstract only,batch 1
late-onset Pompe disease,limb-girdle muscular dystrophy,Pompe disease,limb-girdle muscular dystrophy,rare,rare,epidemiology,related but distinct,0.40,4.2% of unexplained limb-girdle weakness cases had late-onset Pompe on dried blood spot screening,,original research (PubMed pub type),,Late-onset Pompe disease: what is the prevalence of limb-girdle muscular weakness presentation?,2018,https://doi.org/10.1590/0004-282x20180018,29742245,no,no - subscription/paywalled,abstract only,batch 1
ataxia with vitamin E deficiency,Friedreich ataxia,ataxia with vitamin E deficiency,Friedreich ataxia,rare,rare,phenotype; treatment,related but distinct,0.45,"AVED shows head titubation, less neuropathy, slower progression and retinitis pigmentosa, and is treatable with vitamin E",,comparative study (PubMed pub type),,Clinical comparison between AVED patients with 744 del A mutation and Friedreich ataxia with GAA expansion in 15 Moroccan families.,2002,https://doi.org/10.1016/s0022-510x(02)00057-6,12039660,no,no - subscription/paywalled,abstract only,batch 1
Friedreich ataxia,ataxia with vitamin E deficiency,Friedreich ataxia,ataxia with vitamin E deficiency,rare,rare,genes,related but distinct,0.40,The FRDA-like phenotype with selective vitamin E deficiency (AVED) maps to its own locus on chromosome 8q,,original research (PubMed pub type),,Localization of Friedreich ataxia phenotype with selective vitamin E deficiency to chromosome 8q by homozygosity mapping.,1993,https://doi.org/10.1038/ng1093-195,8252047,no,no - subscription/paywalled,abstract only,batch 1
spinal muscular atrophy (adult),amyotrophic lateral sclerosis,spinal muscular atrophy,amyotrophic lateral sclerosis,rare,rare,other (biomarker),related but distinct,0.40,CSF neurofilament light and pNfH are much higher in ALS than in adult SMA,,original research (PubMed pub type),,Comparison of neurofilament light and heavy chain in spinal muscular atrophy and amyotrophic lateral sclerosis: A pilot study.,2023,https://europepmc.org/article/PMC/PMC10175988,37070132,yes,yes - free full text in PMC/Europe PMC (not read),abstract only,batch 1
amyotrophic lateral sclerosis,spinal muscular atrophy,amyotrophic lateral sclerosis,spinal muscular atrophy,rare,rare,pathways,similar,0.85,Proteomics meta-analysis found 15 shared dysregulated proteins converging on ER–Golgi trafficking; calreticulin changes in opposite directions,,original research (PubMed pub type),,Multi-Study Proteomic and Bioinformatic Identification of Molecular Overlap between Amyotrophic Lateral Sclerosis (ALS) and Spinal Muscular Atrophy (SMA).,2018,https://europepmc.org/article/PMC/PMC6315439,30518112,yes,yes - free full text in PMC/Europe PMC (not read),abstract only,batch 1
spinal muscular atrophy,amyotrophic lateral sclerosis,spinal muscular atrophy,amyotrophic lateral sclerosis,rare,rare,pathways; treatment,similar,0.90,"Review of shared mechanisms (RNA metabolism, SMN–FUS/TDP-43 links) that could support shared therapies",,review (PubMed pub type),,Pathogenic commonalities between spinal muscular atrophy and amyotrophic lateral sclerosis: Converging roads to therapeutic development.,2018,https://doi.org/10.1016/j.ejmg.2017.12.001,29313812,no,no - subscription/paywalled,abstract only,batch 1
Charcot-Marie-Tooth type 1A,chronic inflammatory demyelinating polyneuropathy,Charcot-Marie-Tooth disease,chronic inflammatory demyelinating polyneuropathy,rare,rare,phenotype,related but distinct,0.40,"Nerve ultrasound: CMT1A has larger, more uniform enlargement along median and ulnar nerves than CIDP",,original research (PubMed pub type),,Multiple Sites Ultrasonography of Peripheral Nerves in Differentiating Charcot-Marie-Tooth Type 1A from Chronic Inflammatory Demyelinating Polyradiculoneuropathy.,2017,https://europepmc.org/article/PMC/PMC5415572,28522988,yes,yes - free full text in PMC/Europe PMC (not read),abstract only,batch 1
demyelinating Charcot-Marie-Tooth disease,chronic inflammatory demyelinating polyneuropathy,Charcot-Marie-Tooth disease,chronic inflammatory demyelinating polyneuropathy,rare,rare,phenotype,related but distinct,0.40,Proximal/distal CMAP duration ratio is lower in CMT and separates it from CIDP,,original research (PubMed pub type),,Compound muscle action potential duration ratio for differentiation between Charcot-Marie-Tooth disease and CIDP.,2023,https://doi.org/10.1016/j.clinph.2022.12.004,36608530,no,no - subscription/paywalled,abstract only,batch 1
demyelinating Charcot-Marie-Tooth disease,chronic inflammatory demyelinating polyneuropathy,Charcot-Marie-Tooth disease,chronic inflammatory demyelinating polyneuropathy,rare,rare,phenotype,related but distinct,0.40,Combined upper- and lower-limb nerve ultrasound improves separation of CMT from CIDP,,original research (PubMed pub type),,Diagnostic value of lower extremity ultrasonographic nerve enlargement for differentiating demyelinating Charcot-Marie-Tooth disease from chronic inflammatory demyelinating polyneuropathy.,2024,https://doi.org/10.1016/j.jns.2024.122995,38583391,no,no - subscription/paywalled,abstract only,batch 1
Lennox-Gastaut syndrome,Dravet syndrome,Lennox-Gastaut syndrome,Dravet syndrome,rare,rare,phenotype,related but distinct,0.40,Autism in 0/50 LGS vs 10/45 Dravet patients despite similar intellectual disability,,original research (PubMed pub type),,Few individuals with Lennox-Gastaut syndrome have autism spectrum disorder: a comparison with Dravet syndrome.,2018,https://europepmc.org/article/PMC/PMC5859706,29558884,yes,yes - free full text in PMC/Europe PMC (not read),abstract only,batch 1
Lennox-Gastaut syndrome,Dravet syndrome,Lennox-Gastaut syndrome,Dravet syndrome,rare,rare,treatment,similar,0.80,Same add-on cannabidiol therapy for both; cost-effective in treatment-resistant LGS and DS (Netherlands),,original research (PubMed pub type),,Cost-Utility Analysis of Add-on Cannabidiol vs Usual Care Alone for the Treatment of Seizures in Patients With Treatment-Resistant Lennox-Gastaut Syndrome or Dravet Syndrome in the Netherlands.,2024,https://europepmc.org/article/PMC/PMC11686597,39741657,yes,yes - free full text in PMC/Europe PMC (not read),abstract only,batch 1
Dravet syndrome,Lennox-Gastaut syndrome,Dravet syndrome,Lennox-Gastaut syndrome,rare,rare,phenotype,related but distinct,0.40,Antecollis and parkinsonian gait are significantly more common in adults with Dravet than LGS,,original research (PubMed pub type),,Adult motor phenotype differentiates Dravet syndrome from Lennox-Gastaut syndrome and links SCN1A to early onset parkinsonian features.,2017,https://doi.org/10.1111/epi.13692,28186331,no,no - subscription/paywalled,abstract only,batch 1
narcolepsy type 1,idiopathic hypersomnia,narcolepsy,idiopathic hypersomnia,rare,rare,phenotype,related but distinct,0.40,Resting-state fMRI dynamic connectivity differs; classifier AUC 0.9,,original research (PubMed pub type),,Dynamic Functional Network Connectivity Patterns Distinguish Neurobiological Substrates of Narcolepsy Type 1 and Idiopathic Hypersomnia: Potential Biomarkers From Resting-State fMRI.,2026,https://doi.org/10.1111/jsr.70209,40987445,no,no - subscription/paywalled,abstract only,batch 1
narcolepsy,idiopathic hypersomnia,narcolepsy,idiopathic hypersomnia,rare,rare,phenotype,similar,0.80,Children with narcolepsy and IH share lower theta/delta EEG power than subjectively sleepy children,,original research (PubMed pub type),,Can EEG spectral analysis distinguish children with narcolepsy from those with idiopathic hypersomnia and subjective sleepiness?,2025,https://doi.org/10.1111/jsr.14428,39609258,no,no - subscription/paywalled,abstract only,batch 1
Brugada syndrome,long QT syndrome type 3,Brugada syndrome,long QT syndrome,rare,rare,genes; pathways,similar,0.90,SCN5A E1784K causes both BrS1 and LQT3 through two separable effects on fast inactivation,,original research (PubMed pub type),,"E1784K, the most common Brugada syndrome and long-QT syndrome type 3 mutant, disrupts sodium channel inactivation through two separate mechanisms.",2020,https://europepmc.org/article/PMC/PMC7478868,32569350,yes,yes - free full text in PMC/Europe PMC (not read),abstract only,batch 1
long QT syndrome,Brugada syndrome,long QT syndrome,Brugada syndrome,rare,rare,genes,related but distinct,0.40,TBX5 variants in LQTS and BrS patients change Nav1.5 peak and late current in different ways,,original research (PubMed pub type),,Tbx5 variants disrupt Nav1.5 function differently in patients diagnosed with Brugada or Long QT Syndrome.,2022,https://doi.org/10.1093/cvr/cvab045,33576403,no,no - subscription/paywalled,abstract only,batch 1
long QT syndrome,Brugada syndrome,long QT syndrome,Brugada syndrome,rare,rare,genes; pathways,similar,0.90,Patient iPSC model of CACNA1C-E1115K reproduces an overlapping LQT/BrS phenotype via increased late Na current,,original research (PubMed pub type),,Disrupted CaV1.2 selectivity causes overlapping long QT and Brugada syndrome phenotypes in the CACNA1C-E1115K iPS cell model.,2023,https://doi.org/10.1016/j.hrthm.2022.08.021,36007726,no,yes - free full text at publisher (not read),abstract only,batch 1
Brugada syndrome,long QT syndrome,Brugada syndrome,long QT syndrome,rare,rare,epidemiology,related but distinct,0.40,BrS patients used 14% less healthcare resources than congenital LQTS patients (Hong Kong),,original research (PubMed pub type),,Secular trends of health care resource utilization and costs between Brugada syndrome and congenital long QT syndrome: A territory-wide study.,2023,https://europepmc.org/article/PMC/PMC10577540,37489866,yes,yes - free full text in PMC/Europe PMC (not read),abstract only,batch 1
cardiac sarcoidosis,arrhythmogenic right ventricular cardiomyopathy,cardiac sarcoidosis,arrhythmogenic right ventricular cardiomyopathy,rare,rare,phenotype,related but distinct,0.40,"Systematic review: conduction defects, age over 40, low LVEF and FDG-PET avidity favour CS; ARVC task-force criteria do not discriminate",,systematic review (PubMed pub type),,Differentiating Cardiac Sarcoidosis from Arrhythmogenic Right Ventricular Cardiomyopathy: A Systematic Review.,2025,https://europepmc.org/article/PMC/PMC12105856,40273901,yes,yes - free full text in PMC/Europe PMC (not read),abstract only,batch 1
eosinophilic esophagitis,gastro-oesophageal reflux disease,eosinophilic esophagitis,gastro-oesophageal reflux disease,rare,common,phenotype; pathways,related but distinct,0.45,"Review: overlapping clinical and histological features; they may coexist and interact both ways, or be unrelated",,review (PubMed pub type),,Gastro-oesophageal reflux disease and eosinophilic oesophagitis: What is the relationship?,2018,https://europepmc.org/article/PMC/PMC6209579,30386667,yes,yes - free full text in PMC/Europe PMC (not read),abstract only,batch 1
Crohn disease,primary intestinal lymphoma,Crohn disease,primary intestinal lymphoma,common,rare,other (biomarker),related but distinct,0.40,Serum proteome profiles separated Crohn disease from primary intestinal lymphoma (and intestinal TB),,original research (PubMed pub type),,Serum proteome profiles to differentiate Crohn disease from intestinal tuberculosis and primary intestinal lymphoma: A pilot study.,2019,https://europepmc.org/article/PMC/PMC6922555,31852111,yes,yes - free full text in PMC/Europe PMC (not read),abstract only,batch 1
bullous pemphigoid,pemphigus vulgaris,bullous pemphigoid,pemphigus vulgaris,rare,rare,other (biomarker),related but distinct,0.40,"Serum free fatty acids (propionic, octanoic, octadecanoic) separate BP from PV (AUC above 0.9)",,original research (PubMed pub type),,A Specific Signature of Circulating Free Fatty Acid Discriminates Bullous Pemphigoid From Pemphigus Vulgaris and Healthy Controls.,2026,https://europepmc.org/article/PMC/PMC12921840,41717885,yes,yes - free full text in PMC/Europe PMC (not read),abstract only,batch 1
bullous pemphigoid,pemphigus vulgaris,bullous pemphigoid,pemphigus vulgaris,rare,rare,pathways,related but distinct,0.40,"IL-31/IL-31RA expression is higher in BP than PV lesions, consistent with the itch difference",,original research (PubMed pub type),,Divergent in situ expression of IL-31 and IL-31RA between bullous pemphigoid and pemphigus vulgaris.,2023,https://doi.org/10.1111/exd.14842,37260420,no,yes - free full text at publisher (not read),abstract only,batch 1
pemphigus vulgaris,bullous pemphigoid,pemphigus vulgaris,bullous pemphigoid,rare,rare,other (microbiome),related but distinct,0.40,Gut microbiota composition differs between PV and BP and may help tell them apart,,observational study (PubMed pub type),,Comparison of gut microbiota dysbiosis between pemphigus vulgaris and bullous pemphigoid.,2024,https://doi.org/10.1016/j.intimp.2023.111470,38185033,no,no - subscription/paywalled,abstract only,batch 1
polymyositis,dermatomyositis,polymyositis,dermatomyositis,rare,rare,other (biomarker),related but distinct,0.40,"Serum metabolomics: indoxyl sulfate, oleamide and palmitoylethanolamide may separate PM from DM",,original research (PubMed pub type),,Metabolomic Analysis of Serum Reveals a Unique Metabolomic Profile in Patients With Myositis and Identified Several Potential Biomarkers in Polymyositis Versus Dermatomyositis Patients.,2025,https://doi.org/10.1002/bmc.70011,39916647,no,no - subscription/paywalled,abstract only,batch 1
hereditary angioedema,ACE-inhibitor-induced angioedema,hereditary angioedema,ACE-inhibitor-induced angioedema,rare,common,phenotype,related but distinct,0.40,"Tongue, lip and laryngeal swelling are significantly more frequent in ACE-inhibitor angioedema than HAE",,comparative study (PubMed pub type),,Angiotensin-converting enzyme inhibitor-induced angioedema and hereditary angioedema: a comparison study of attack severity.,2015,https://doi.org/10.2169/internalmedicine.54.4181,26466692,no,yes - free full text at publisher (not read),abstract only,batch 1
ACE-inhibitor/ARB-induced angioedema,hereditary angioedema,ACE-inhibitor-induced angioedema,hereditary angioedema,common,rare,genes,unrelated,0.05,Screening of HAE genes found HAE mutations are at most a rare cause of ACEi/ARB angioedema; no significant association,,original research (PubMed pub type),,Molecular Genetic Screening in Patients With ACE Inhibitor/Angiotensin Receptor Blocker-Induced Angioedema to Explore the Role of Hereditary Angioedema Genes.,2022,https://europepmc.org/article/PMC/PMC9339951,35923707,yes,yes - free full text in PMC/Europe PMC (not read),abstract only,batch 1
Erdheim-Chester disease,Langerhans cell histiocytosis (adult),Erdheim-Chester disease,Langerhans cell histiocytosis,rare,rare,phenotype,related but distinct,0.40,"Lung involvement in 91% of ECD; respiratory symptoms, cysts, opacities and pleural thickening differ significantly from adult LCH",,comparative study (PubMed pub type),,"Pulmonary manifestations of Erdheim-Chester disease: clinical characteristics, outcomes and comparison with Langerhans cell histiocytosis.",2021,https://doi.org/10.1111/bjh.17712,34423426,no,yes - free full text at publisher (not read),abstract only,batch 1
Castleman disease,IgG4-related ophthalmic disease,Castleman disease,IgG4-related disease,rare,rare,phenotype,related but distinct,0.40,IgG4-ROD has IgG4+/IgG+ above 40% and fibrosis; Castleman is more locally invasive,,original research (PubMed pub type),,"Clinicopathological features differentiating Castleman Disease from IgG4-related ophthalmic disease, a 10 years retrospective study.",2025,https://europepmc.org/article/PMC/PMC12707412,41288639,yes,yes - free full text in PMC/Europe PMC (not read),abstract only,batch 1
IgG4-related disease,plasma-cell-type idiopathic multicentric Castleman disease,IgG4-related disease,Castleman disease,rare,rare,phenotype,related but distinct,0.40,"Lung disease: PC-iMCD is more aggressive; nodules/cysts suggest iMCD, thickened bronchovascular bundles suggest IgG4-RD",,comparative study (PubMed pub type),,Clinical and Radiologic Differences in Lung Involvement Between IgG4-Related Disease and Plasma Cell-Type Idiopathic Multicentric Castleman Disease.,2025,https://doi.org/10.1007/s00408-024-00782-3,39751922,no,no - subscription/paywalled,abstract only,batch 1
idiopathic multicentric Castleman disease (IPL subtype),IgG4-related disease,Castleman disease,IgG4-related disease,rare,rare,other (biomarker); phenotype,related but distinct,0.45,iMCD-IPL with serum IgG above 5000 mg/dL often meets IgG4-RD histological criteria; IgG4/IgG ratios and clinical data are needed,,original research (PubMed pub type),,Diagnostic challenges of the idiopathic plasmacytic lymphadenopathy (IPL) subtype of idiopathic multicentric Castleman disease (iMCD): Factors to differentiate from IgG4-related disease.,2025,https://europepmc.org/article/PMC/PMC11333731,38378248,free full text in PMC,yes - free full text in PMC/Europe PMC (not read),abstract only,batch 1
thin basement membrane nephropathy,Alport syndrome,thin basement membrane nephropathy,Alport syndrome,common,rare,phenotype,related but distinct,0.40,Clinical and morphological comparison; early Alport changes can be missed and misdiagnosed as TBMN,,original research (PubMed pub type),,Difficulties in differentiating thin basement membrane disease from Alport syndrome.,2016,https://doi.org/10.5114/pjp.2016.65869,28547963,no,no - subscription/paywalled,abstract only,batch 1
Alport syndrome (X-linked),thin basement membrane nephropathy,Alport syndrome,thin basement membrane nephropathy,rare,common,genes,similar,0.85,"Hypomorphic COL4A5 mutations (G624D, P628L) can present only as TBMN with microhaematuria: a phenotypic continuum",,review (PubMed pub type),,"X-linked, COL4A5 hypomorphic Alport mutations such as G624D and P628L may only exhibit thin basement membrane nephropathy with microhematuria and late onset kidney failure.",2013,https://europepmc.org/article/PMC/PMC3872455,24470729,free full text in PMC,yes - free full text in PMC/Europe PMC (not read),abstract only,batch 1
autosomal recessive polycystic kidney disease,autosomal dominant polycystic kidney disease,autosomal recessive polycystic kidney disease,autosomal dominant polycystic kidney disease,rare,common,genes,unrelated,0.05,"Linkage in 19 families: ARPKD is not linked to the ADPKD PKD2 locus, so the gene loci are different",,original research (PubMed pub type),,Autosomal recessive polycystic kidney disease does not map to the second gene locus for autosomal dominant polycystic kidney disease on chromosome 4.,1994,https://doi.org/10.1007/bf00201574,8005596,no,no - subscription/paywalled,abstract only,batch 1
Usher syndrome type 2,retinitis pigmentosa (USH2A non-syndromic),Usher syndrome,retinitis pigmentosa,rare,rare,phenotype; genes,related but distinct,0.45,Patient-derived retinal organoids show USH2A variants causing USH vs non-syndromic RP give different (cone) phenotypes,,original research (PubMed pub type),,USH2A variants causing retinitis pigmentosa or Usher syndrome provoke differential retinal phenotypes in disease-specific organoids.,2023,https://europepmc.org/article/PMC/PMC10465966,37654703,yes,yes - free full text in PMC/Europe PMC (not read),abstract only,batch 1
Usher syndrome type 2A,retinitis pigmentosa (USH2A non-syndromic),Usher syndrome,retinitis pigmentosa,rare,rare,phenotype; genes,related but distinct,0.45,"Usher IIa has earlier onset, worse visual function and more truncating variants than USH2A non-syndromic RP",,comparative study (PubMed pub type),,Correlation between Genotype and Phenotype in 69 Chinese Patients with USH2A Mutations: A comparative study of the patients with Usher Syndrome and Nonsyndromic Retinitis Pigmentosa.,2021,https://doi.org/10.1111/aos.14626,33124170,no,yes - free full text at publisher (not read),abstract only,batch 1
Leber hereditary optic neuropathy,autosomal dominant optic atrophy,Leber hereditary optic neuropathy,autosomal dominant optic atrophy,rare,rare,phenotype; other (biomarker),similar,0.85,Both show raised serum NfL/GFAP and mitochondrial ganglion-cell loss but different patterns of nerve fibre layer damage,,original research (PubMed pub type),,"Serum neuronal, glial and mitochondrial markers in autosomal dominant optic atrophy and Leber hereditary optic neuropathy.",2025,https://europepmc.org/article/PMC/PMC12675427,41357352,yes,yes - free full text in PMC/Europe PMC (not read),abstract only,batch 1
Leber hereditary optic neuropathy,dominant optic atrophy (OPA1),Leber hereditary optic neuropathy,autosomal dominant optic atrophy,rare,rare,genes,unrelated,0.05,OPA1 genetic variation does not explain the incomplete penetrance of LHON in mtDNA mutation carriers,,original research (PubMed pub type),,Variation in OPA1 does not explain the incomplete penetrance of Leber hereditary optic neuropathy.,2010,https://europepmc.org/article/PMC/PMC3012648,21203403,yes,yes - free full text in PMC/Europe PMC (not read),abstract only,batch 1
Stargardt disease,age-related macular degeneration,Stargardt disease,age-related macular degeneration,rare,common,phenotype,related but distinct,0.40,Choroidal compartments are more reduced in AMD geographic atrophy than in Stargardt macular atrophy,,comparative study (PubMed pub type),,A comparative study of choroidal structural features in eyes with central macular atrophy related to Stargardt disease and non-exudative age-related macular degeneration.,2024,https://europepmc.org/article/PMC/PMC11670834,39449532,yes,yes - free full text in PMC/Europe PMC (not read),abstract only,batch 1
age-related macular degeneration,late-onset Stargardt disease,age-related macular degeneration,Stargardt disease,common,rare,phenotype,related but distinct,0.40,Disease progression differs; foveal sparing lasts much longer in late-onset STGD1 than in AMD,,original research (PubMed pub type),,Differential Disease Progression in Atrophic Age-Related Macular Degeneration and Late-Onset Stargardt Disease.,2017,https://doi.org/10.1167/iovs.16-20980,28288486,no,no - subscription/paywalled,abstract only,batch 1
age-related macular degeneration,Stargardt disease,age-related macular degeneration,Stargardt disease,common,rare,phenotype,related but distinct,0.40,Choroidal vascularity index is impaired more in AMD than STGD and may separate the two,,multicentre study (PubMed pub type),,Choroidal vascularity index in eyes with central macular atrophy secondary to age-related macular degeneration and Stargardt disease.,2022,https://doi.org/10.1007/s00417-021-05337-3,35048199,no,no - subscription/paywalled,abstract only,batch 1
Hutchinson-Gilford progeria syndrome,Werner syndrome,Hutchinson-Gilford progeria syndrome,Werner syndrome,rare,rare,phenotype; pathways,related but distinct,0.45,"Isogenic stem-cell models: WS cells age early and mildly, HGPS cells age late and acutely",,original research (PubMed pub type),,Differential stem cell aging kinetics in Hutchinson-Gilford progeria syndrome and Werner syndrome.,2018,https://europepmc.org/article/PMC/PMC5876188,29476423,yes,yes - free full text in PMC/Europe PMC (not read),abstract only,batch 1
Down syndrome-associated Alzheimer disease,autosomal dominant Alzheimer disease,Alzheimer disease,Alzheimer disease,common,rare,other (biomarker); pathways,related but distinct,0.45,CSF proteomics: DS-AD shares core changes with ADAD but shows earlier axonal/white-matter and cerebral amyloid angiopathy-related changes,,comparative study (PubMed pub type),,Proteomic analysis of Down syndrome cerebrospinal fluid compared to late-onset and autosomal dominant Alzheimer´s disease.,2025,https://europepmc.org/article/PMC/PMC12214755,40595720,yes,yes - free full text in PMC/Europe PMC (not read),abstract only,batch 1
fragile X syndrome,autism spectrum disorder,fragile X syndrome,autism spectrum disorder,rare,common,phenotype,related but distinct,0.40,Paediatric dynamic functional connectivity shows shared and distinct network features in FXS vs idiopathic ASD,,original research (PubMed pub type),,Unraveling the Individualized Shared and Distinct Dynamic Functional Connectivity in Idiopathic Autism Spectrum Disorder and Fragile X Syndrome.,2026,https://europepmc.org/article/PMC/PMC13398155,42496102,yes,yes - free full text in PMC/Europe PMC (not read),abstract only,batch 1
fragile X syndrome,autism spectrum disorder,fragile X syndrome,autism spectrum disorder,rare,common,pathways; other (microbiome),similar,0.90,"Microbiota–metabolite–immune axis is dysregulated in both, with FXS-specific metabolites and raised IL-17A",,original research (PubMed pub type),,Commonalities and differences in the microbiota-metabolism-immune axis dysregulation patterns between fragile X syndrome and autism spectrum disorder.,2026,https://europepmc.org/article/PMC/PMC13106146,42038228,yes,yes - free full text in PMC/Europe PMC (not read),abstract only,batch 1
fragile X syndrome,autism spectrum disorder,fragile X syndrome,autism spectrum disorder,rare,common,phenotype,related but distinct,0.40,Sensory hyper-responsivity typifies FXS while hypo-responsivity is more typical of non-syndromic autism,,original research (PubMed pub type),,Capturing Phenotypic Heterogeneity in Differentiated Sensory Processing Profiles: Non-Syndromic Autism and Fragile X Syndrome.,2026,https://europepmc.org/article/PMC/PMC13287501,42210557,free full text in PMC,yes - free full text in PMC/Europe PMC (not read),abstract only,batch 1
22q11.2 deletion syndrome,schizophrenia,22q11.2 deletion syndrome,schizophrenia,rare,common,phenotype,similar,0.80,Real-life and social functioning in 22q11.2DS resembles chronic schizophrenia and is predicted by negative symptoms,,comparative study (PubMed pub type),,Real-Life Functioning in 22q11.2 Deletion Syndrome in Relation to Neurocognitive Abilities and Psychotic Symptoms: A Comparison With Idiopathic Schizophrenia.,2025,https://europepmc.org/article/PMC/PMC11791388,39614621,yes,yes - free full text in PMC/Europe PMC (not read),abstract only,batch 1
22q11.2 deletion syndrome,schizophrenia,22q11.2 deletion syndrome,schizophrenia,rare,common,genes; pathways,similar,0.90,Reduced miR-185 expression is a shared event in 22q11.2DS-related and idiopathic schizophrenia,,original research (PubMed pub type),,Downregulation of miR-185 is a common pathogenic event in 22q11.2 deletion syndrome-related and idiopathic schizophrenia.,2022,https://doi.org/10.1007/s11011-022-00918-5,35075501,no,no - subscription/paywalled,abstract only,batch 1
22q11.2 deletion syndrome,schizophrenia,22q11.2 deletion syndrome,schizophrenia,rare,common,pathways,similar,0.85,Df1/+ mouse hippocampal transcriptome matches human schizophrenia: synaptic upregulation and excitatory-inhibitory imbalance,,comparative study (PubMed pub type),,Hippocampal transcriptome profiling in a 22q11.2 deletion syndrome mouse model: comparison with human schizophrenia.,2026,https://europepmc.org/article/PMC/PMC13188264,41937202,yes,yes - free full text in PMC/Europe PMC (not read),abstract only,batch 1
progressive supranuclear palsy,Parkinson disease,progressive supranuclear palsy,Parkinson disease,rare,common,phenotype,related but distinct,0.40,Axial/rest-tremor ratio from MDS-UPDRS III separates PSP from PD (AUC 0.91),,original research (PubMed pub type),,Axial-tremor imbalance as a clinical marker for distinguishing progressive supranuclear palsy from Parkinson's disease.,2026,https://doi.org/10.1007/s10072-026-09391-9,42730787,no,no - subscription/paywalled,abstract only,batch 1
Parkinson disease,progressive supranuclear palsy,Parkinson disease,progressive supranuclear palsy,common,rare,phenotype,related but distinct,0.40,Dynamic resting-state fMRI features differ and moderately discriminate PD from PSP,,original research (PubMed pub type),,Unveiling the Distinctive Brain Functional Dynamics Between Parkinson's Disease and Progressive Supranuclear Palsy.,2026,https://europepmc.org/article/PMC/PMC13545542,42698292,yes,yes - free full text in PMC/Europe PMC (not read),abstract only,batch 1
multiple system atrophy,Parkinson disease,multiple system atrophy,Parkinson disease,rare,common,other (biomarker),related but distinct,0.40,Plasma neurofilament light separates early MSA from PD; NfL-first strategy recommended over multimarker panels,,multicentre study (PubMed pub type),,Plasma neurofilament light for early differentiation of multiple system atrophy from Parkinson disease.,2026,https://europepmc.org/article/PMC/PMC13560527,42673764,yes,yes - free full text in PMC/Europe PMC (not read),abstract only,batch 1
Parkinson disease,multiple system atrophy,Parkinson disease,multiple system atrophy,common,rare,other (biomarker),related but distinct,0.40,Plasma endothelial glycocalyx shedding markers differ between PD and MSA (AUC 0.79-0.88),,original research (PubMed pub type),,Diagnostic Value of Glycocalyx Shedding in Blood for Differentiating between Parkinson's Disease and Multiple System Atrophy.,2026,https://europepmc.org/article/PMC/PMC13518267,41853966,yes,yes - free full text in PMC/Europe PMC (not read),abstract only,batch 1
Parkinson disease,multiple system atrophy,Parkinson disease,multiple system atrophy,common,rare,phenotype,related but distinct,0.40,Autonomic and sleep dysfunction are both worse and more tightly linked in MSA than PD,,original research (PubMed pub type),,Sleep-Autonomic Interactions in Parkinson's Disease and Multiple System Atrophy: A Comparative Study Using Structural Equation Modeling.,2026,https://europepmc.org/article/PMC/PMC13577035,42742667,yes,yes - free full text in PMC/Europe PMC (not read),abstract only,batch 1
progressive supranuclear palsy,corticobasal syndrome,progressive supranuclear palsy,corticobasal syndrome,rare,rare,other (biomarker),related but distinct,0.40,"Review: a stepwise CSF panel (alpha-synuclein, NfL, then amyloid/tau) may help separate PSP from CBS",,review (PubMed pub type),,Differentiating Progressive Supranuclear Palsy and Corticobasal Syndrome: Insights from Cerebrospinal Fluid Biomarkers-A Narrative Review.,2025,https://europepmc.org/article/PMC/PMC12028812,40282991,yes,yes - free full text in PMC/Europe PMC (not read),abstract only,batch 1
Creutzfeldt-Jakob disease,Alzheimer disease,Creutzfeldt-Jakob disease,Alzheimer disease,rare,common,other (biomarker),related but distinct,0.40,CSF total prion protein improves separation of atypical AD from CJD where 14-3-3 is non-specific,,original research (PubMed pub type),,Association of cerebrospinal fluid prion protein levels and the distinction between Alzheimer disease and Creutzfeldt-Jakob disease.,2015,https://doi.org/10.1001/jamaneurol.2014.4068,25559883,no,no - subscription/paywalled,abstract only,batch 1
AL amyloidosis,wild-type transthyretin amyloidosis,amyloidosis,amyloidosis,rare,rare,phenotype,related but distinct,0.40,"EHR study: AL is more often preceded by renal, GI, neurological and plasma-cell disorders; ATTRwt by cardiac disease and carpal tunnel",,letter (PubMed pub type),,Pre-Amyloidosis Red-Flag Clinical Diagnoses in Light Chain (AL) Versus Age-Related Transthyretin (ATTRwt) Amyloidosis: Electronic Health Record-Based Descriptive Study.,2026,https://europepmc.org/article/PMC/PMC13286071,42330197,yes,yes - free full text in PMC/Europe PMC (not read),abstract only,batch 1
AL cardiac amyloidosis,transthyretin cardiac amyloidosis,amyloidosis,amyloidosis,rare,rare,phenotype,related but distinct,0.40,Different echocardiographic features at diagnosis; stroke volume index adds prognostic value in both,,multicentre study (PubMed pub type),,Echocardiographic Phenotypic Differences Between Light-Chain and Transthyretin Cardiac Amyloid and Relation to Outcome.,2025,https://doi.org/10.1016/j.echo.2025.08.017,40902955,no,no - subscription/paywalled,abstract only,batch 1
sitosterolemia,homozygous familial hypercholesterolemia,sitosterolemia,familial hypercholesterolemia,rare,rare,phenotype; treatment,related but distinct,0.45,"Sitosterolemia misdiagnosed as HoFH; haematological abnormalities, response to ezetimibe and poor statin response are clues",,original research (PubMed pub type),,Sitosterolemia misdiagnosed as homozygous familial hypercholesterolemia: A diagnostic challenge.,2026,https://europepmc.org/article/PMC/PMC13329572,42403461,yes,yes - free full text in PMC/Europe PMC (not read),abstract only,batch 1
sitosterolemia,familial hypercholesterolemia,sitosterolemia,familial hypercholesterolemia,rare,common,phenotype; treatment,related but distinct,0.45,Two sisters misdiagnosed with FH; sterol profiling and genetic testing separate sitosterolemia and avoid harm,,case report (PubMed pub type),,Two Cases of Sitosterolemia Falsely Diagnosed as Familial Hypercholesterolemia: Could Digging Deeper Have Avoided Harm?,2024,https://europepmc.org/article/PMC/PMC11066937,38707657,yes,yes - free full text in PMC/Europe PMC (not read),abstract only,batch 1
maturity-onset diabetes of the young,type 1 diabetes,maturity-onset diabetes of the young,diabetes mellitus,rare,common,other (biomarker),related but distinct,0.40,"Islet autoantibodies (especially IA-2) are under 1% in MODY, as in controls; their presence makes MODY very unlikely",,original research (PubMed pub type),,Islet autoantibodies can discriminate maturity-onset diabetes of the young (MODY) from Type 1 diabetes.,2011,https://doi.org/10.1111/j.1464-5491.2011.03287.x,21395678,no,no - subscription/paywalled,abstract only,batch 1
maturity-onset diabetes of the young,type 1 diabetes,maturity-onset diabetes of the young,diabetes mellitus,rare,common,other (biomarker),related but distinct,0.40,Urinary C-peptide/creatinine ratio and fasting C-peptide separate MODY from T1D with high sensitivity and specificity,,original research (PubMed pub type),,Urinary C-Peptide/Creatinine Ratio Can Distinguish Maturity-Onset Diabetes of the Young from Type 1 Diabetes in Children and Adolescents: A Single-Center Experience.,2015,https://doi.org/10.1159/000375410,25792383,no,no - subscription/paywalled,abstract only,batch 1
GCK-MODY,type 1 diabetes,maturity-onset diabetes of the young,diabetes mellitus,rare,common,pathways,related but distinct,0.40,"Clamp study: insulin resistance in T1D is driven by iatrogenic hyperinsulinaemia, not by the hyperglycaemia shared with GCK-MODY",,original research (PubMed pub type),,"Iatrogenic Hyperinsulinemia, Not Hyperglycemia, Drives Insulin Resistance in Type 1 Diabetes as Revealed by Comparison With GCK-MODY (MODY2).",2019,https://europepmc.org/article/PMC/PMC6692813,31092478,yes,yes - free full text in PMC/Europe PMC (not read),abstract only,batch 1
congenital adrenal hyperplasia,polycystic ovary syndrome,congenital adrenal hyperplasia,polycystic ovary syndrome,rare,common,phenotype; epidemiology,related but distinct,0.45,"Despite similar hyperandrogenic phenotypes, obstetric and neonatal outcomes differ between CAH and PCOS",,comparative study (PubMed pub type),,A comparison of obstetric and neonatal outcomes in polycystic ovary syndrome and congenital adrenal hyperplasia: a retrospective analysis of a population database.,2024,https://doi.org/10.1016/j.xfss.2024.05.001,38795844,no,yes - free full text at publisher (not read),abstract only,batch 1
alpha-1 antitrypsin deficiency (PI*ZZ),COPD (PI*MM),alpha-1 antitrypsin deficiency,COPD,rare,common,phenotype; epidemiology,related but distinct,0.45,"Italian registry: PI*ZZ patients differ from non-AATD COPD in age at diagnosis, lung function and quality of life",,comparative study (PubMed pub type),,Comparison among populations with severe and intermediate alpha1-antitrypsin deficiency and chronic obstructive pulmonary disease.,2024,https://doi.org/10.23736/s0026-4806.22.08266-0,37021471,no,no - subscription/paywalled,abstract only,batch 1
alpha-1 antitrypsin deficiency,COPD (non-AATD),alpha-1 antitrypsin deficiency,COPD,rare,common,phenotype,similar,0.80,Systematic review: gas transfer is an early marker of impairment and poor outcome in both AATD and non-AATD COPD,,systematic review (PubMed pub type),,"The Relationship Between Gas Transfer Measurements, Lung Volumes, and Spirometric Indices in Alpha-1 Antitrypsin Deficiency and Non-AATD COPD: A Systematic Review.",2026,https://europepmc.org/article/PMC/PMC13225003,42232869,yes,yes - free full text in PMC/Europe PMC (not read),abstract only,batch 1
hypophosphatasia,X-linked hypophosphatemia,hypophosphatasia,X-linked hypophosphatemia,rare,rare,phenotype; treatment,related but distinct,0.45,Review: two paediatric metabolic bone diseases with overlapping rickets-like phenotypes but different specific therapies (asfotase alfa vs burosumab),,review (PubMed pub type),,Diagnostic and New Therapeutic Approaches to Two Challenging Pediatric Metabolic Bone Disorders: Hypophosphatasia and X-linked Hypophosphatemic Rickets.,2024,https://doi.org/10.2174/0115733963206838231031102750,37927073,no,no - subscription/paywalled,abstract only,batch 1
X-linked hypophosphatemia,hypophosphatasia,X-linked hypophosphatemia,hypophosphatasia,rare,rare,other (diagnostics),similar,0.80,Both are missed because Austrian labs lack proper paediatric reference ranges for phosphate and ALP,,original research (PubMed pub type),,Inadequate pediatric reference ranges impede the diagnosis of X-linked hypophosphatemia and hypophosphatasia in Austria.,2025,https://europepmc.org/article/PMC/PMC12712075,40387880,yes,yes - free full text in PMC/Europe PMC (not read),abstract only,batch 1
achondroplasia,hypochondroplasia,achondroplasia,hypochondroplasia,rare,rare,phenotype; genes,similar,0.85,Very similar clinical and radiological features; FGFR3 G380R (ACH) and N540K (HCH) genotyping needed for counselling,,comparative study (PubMed pub type),,"Comparison of clinical, radiological and molecular findings in Korean infants and children with achondroplasia and hypochondroplasia.",2005,https://doi.org/10.1515/jpem.2005.18.10.999,16355813,no,no - subscription/paywalled,abstract only,batch 1
achondroplasia,hypochondroplasia,achondroplasia,hypochondroplasia,rare,rare,treatment,related but distinct,0.40,Short-term GH treatment improved height SDS clearly in HCH but negligibly in ACH,,clinical trial (PubMed pub type),,The comparison of the effects of short-term growth hormone treatment in patients with achondroplasia and with hypochondroplasia.,2003,https://doi.org/10.1507/endocrj.50.69,12733711,no,no - subscription/paywalled,abstract only,batch 1
achondroplasia,hypochondroplasia,achondroplasia,hypochondroplasia,rare,rare,genes,related but distinct,0.40,FGFR3 G380R is in 21/23 ACH chromosomes but no HCH chromosome; some HCH is not linked to FGFR3,,original research (PubMed pub type),,A common FGFR3 gene mutation is present in achondroplasia but not in hypochondroplasia.,1995,https://doi.org/10.1002/ajmg.1320550132,7702086,no,no - subscription/paywalled,abstract only,batch 1
achondroplasia,hypochondroplasia,achondroplasia,hypochondroplasia,rare,rare,genes,similar,0.85,"Recurrent FGFR3 mutations underlie both, with ACH genetically homogeneous and HCH heterogeneous",,original research (PubMed pub type),,"Common mutations in the gene encoding fibroblast growth factor receptor 3 account for achondroplasia, hypochondroplasia and thanatophoric dysplasia.",1996,https://doi.org/10.1111/j.1651-2227.1996.tb14291.x,9055906,no,no - subscription/paywalled,abstract only,batch 1
CADASIL,multiple sclerosis,CADASIL,multiple sclerosis,rare,common,phenotype,related but distinct,0.40,"Similar white-matter lesion grades, but lesion distribution, T1 signal and splenial diffusivity separate MS from CADASIL",,comparative study (PubMed pub type),,Comparing the imaging characteristics of middle-aged patients with multiple sclerosis and CADASIL: A retrospective cross-sectional study.,2024,https://doi.org/10.1016/j.msard.2024.105856,39265269,no,no - subscription/paywalled,abstract only,batch 1
CADASIL,multiple sclerosis,CADASIL,multiple sclerosis,rare,common,phenotype; pathways,similar,0.85,Case series and review of 19 CADASIL cases with MS-like inflammatory features; proposes the term 'inflammatory CADASIL',,systematic review (PubMed pub type),,Inflammatory CADASIL: the cross-link between CADASIL and multiple sclerosis: a report of two cases and systematic review of the literature.,2026,https://europepmc.org/article/PMC/PMC13245051,42249339,yes,yes - free full text in PMC/Europe PMC (not read),abstract only,batch 1
CADASIL,multiple sclerosis,CADASIL,multiple sclerosis,rare,common,phenotype,related but distinct,0.40,Case series: CADASIL misdiagnosed as MS; overlapping symptoms warrant NOTCH3 testing,,case report (PubMed pub type),,CADASIL vs. Multiple Sclerosis: Is It Misdiagnosis or Concomitant? A Case Series.,2020,https://europepmc.org/article/PMC/PMC7500095,33013620,yes,yes - free full text in PMC/Europe PMC (not read),abstract only,batch 1
MELAS,acute ischemic stroke,MELAS,acute ischemic stroke,rare,common,phenotype,related but distinct,0.40,ASL perfusion MRI (AUC 0.96) beats MR spectroscopy for separating MELAS stroke-like lesions from acute ischaemic stroke,,comparative study (PubMed pub type),,"Comparison of magnetic resonance spectroscopy (MRS) with arterial spin labeling (ASL) in the differentiation between mitochondrial encephalomyopathy, lactic Acidosis, plus stroke-like episodes (MELAS) and acute ischemic stroke (AIS).",2018,https://doi.org/10.1016/j.jocn.2018.06.015,29921486,no,no - subscription/paywalled,abstract only,batch 1
neuronal intranuclear inclusion disease,MELAS,neuronal intranuclear inclusion disease,MELAS,rare,rare,phenotype; pathways,similar,0.85,Stroke-like episodes in adult NIID resemble late-onset MELAS and show mitochondrial-disorder features,,comparative study (PubMed pub type),,Stroke-like episodes in patients with adult-onset neuronal intranuclear inclusion disease and patients with late-onset MELAS: A comparative study.,2024,https://europepmc.org/article/PMC/PMC11651200,39367621,yes,yes - free full text in PMC/Europe PMC (not read),abstract only,batch 1
X-linked cerebral adrenoleukodystrophy,multiple sclerosis,X-linked adrenoleukodystrophy,multiple sclerosis,rare,common,pathways,related but distinct,0.40,"Neuropathology: CALD shows early acute axonal injury with concurrent myelin loss, without the selective myelin phagocytosis of MS",,original research (PubMed pub type),,Concurrent axon and myelin destruction differentiates X-linked adrenoleukodystrophy from multiple sclerosis.,2021,https://doi.org/10.1002/glia.24042,34137074,no,no - subscription/paywalled,abstract only,batch 1
X-linked adrenoleukodystrophy,multiple sclerosis,X-linked adrenoleukodystrophy,multiple sclerosis,rare,common,treatment,related but distinct,0.40,"Despite neuropathological overlap with MS, B-cell depletion (rituximab) failed in advanced childhood cerebral X-ALD",,case report (PubMed pub type),,B cell depletion can be effective in multiple sclerosis but failed in a patient with advanced childhood cerebral X-linked adrenoleukodystrophy.,2019,https://europepmc.org/article/PMC/PMC6696829,31452685,yes,yes - free full text in PMC/Europe PMC (not read),abstract only,batch 1
Bartter syndrome,Gitelman syndrome,Bartter syndrome,Gitelman syndrome,rare,rare,phenotype,related but distinct,0.40,"Review of how to tell perinatal Bartter, classic Bartter and Gitelman apart (age, urinary chloride and calcium, polyhydramnios)",,review (PubMed pub type),,"Differential diagnosis of perinatal Bartter, Bartter and Gitelman syndromes.",2021,https://europepmc.org/article/PMC/PMC7857843,33564404,yes,yes - free full text in PMC/Europe PMC (not read),abstract only,batch 1
primary aldosteronism,Gitelman syndrome,primary aldosteronism,Gitelman syndrome,common,rare,pathways; phenotype,related but distinct,0.45,"With high aldosterone and low renin, PA patients have lower (especially hip) BMD than Gitelman patients",,original research (PubMed pub type),,"Different roles of the RAAS affect bone metabolism in patients with primary aldosteronism, Gitelman syndrome and Bartter syndrome.",2022,https://europepmc.org/article/PMC/PMC8840772,35148746,yes,yes - free full text in PMC/Europe PMC (not read),abstract only,batch 1
primary aldosteronism,Bartter syndrome,primary aldosteronism,Bartter syndrome,common,rare,pathways; phenotype,related but distinct,0.45,"PA patients have lower BMD than Bartter patients, linked to their opposite RAAS profiles",,original research (PubMed pub type),,"Different roles of the RAAS affect bone metabolism in patients with primary aldosteronism, Gitelman syndrome and Bartter syndrome.",2022,https://europepmc.org/article/PMC/PMC8840772,35148746,yes,yes - free full text in PMC/Europe PMC (not read),abstract only,batch 1
Bartter syndrome,Gitelman syndrome,Bartter syndrome,Gitelman syndrome,rare,rare,phenotype,related but distinct,0.40,"With similar renin/aldosterone, Bartter patients have lower vertebral BMD than Gitelman, possibly from different urinary calcium excretion",,original research (PubMed pub type),,"Different roles of the RAAS affect bone metabolism in patients with primary aldosteronism, Gitelman syndrome and Bartter syndrome.",2022,https://europepmc.org/article/PMC/PMC8840772,35148746,yes,yes - free full text in PMC/Europe PMC (not read),abstract only,batch 1
primary lateral sclerosis,hereditary spastic paraplegia (SPG4),primary lateral sclerosis,hereditary spastic paraplegia,rare,rare,other (biomarker),related but distinct,0.40,Serum NfL (but not GFAP) is higher in PLS than SPG4 and helps separate PLS from HSP,,original research (PubMed pub type),,"Serum NfL, but not GFAP, differentiates primary lateral sclerosis from adrenomyeloneuropathy and hereditary spastic paraplegia type 4.",2026,https://doi.org/10.1080/21678421.2025.2557936,40961460,no,no - subscription/paywalled,abstract only,batch 1
primary lateral sclerosis,hereditary spastic paraplegia,primary lateral sclerosis,hereditary spastic paraplegia,rare,rare,phenotype,related but distinct,0.40,"Upper-limb hyperreflexia (88% vs 42%), bulbar signs and asymmetric UMN signs favour PLS over HSP",,original research (PubMed pub type),,Upper motor neuron signs in primary lateral sclerosis and hereditary spastic paraplegia.,2024,https://doi.org/10.1002/mus.28100,38687249,no,no - subscription/paywalled,abstract only,batch 1
anti-NMDA receptor encephalitis,first-episode schizophrenia,anti-NMDA receptor encephalitis,schizophrenia,rare,common,other (biomarker),related but distinct,0.40,"NLR, PLR, MLR and serum albumin differ and can help separate anti-NMDAR encephalitis from first-episode schizophrenia",,original research (PubMed pub type),,Comparison of Hematological Parameters Between First-Episode Schizophrenia and Anti-NMDAR Encephalitis.,2022,https://europepmc.org/article/PMC/PMC9298502,35874840,yes,yes - free full text in PMC/Europe PMC (not read),abstract only,batch 1
Susac syndrome,multiple sclerosis,Susac syndrome,multiple sclerosis,rare,common,phenotype,related but distinct,0.40,"7T MRI lesion morphology differs (central callosal lesions in Susac), suggesting microinfarction rather than demyelination",,comparative study (PubMed pub type),,Lesion morphology at 7 Tesla MRI differentiates Susac syndrome from multiple sclerosis.,2012,https://doi.org/10.1177/1352458512441270,22711711,no,no - subscription/paywalled,abstract only,batch 1
Susac syndrome,multiple sclerosis,Susac syndrome,multiple sclerosis,rare,common,phenotype,related but distinct,0.40,"SPAMS MRI score (snowball, spoke lesions, callosal lesion count) separates Susac from MS and PACNS (AUC 0.93)",,multicentre study (PubMed pub type),,Diagnostic MRI Score to Differentiate Susac Syndrome from Primary Angiitis of the Central Nervous System and Multiple Sclerosis.,2024,https://doi.org/10.1002/ana.27043,39056308,no,no - subscription/paywalled,abstract only,batch 1
Susac syndrome,primary angiitis of the CNS,Susac syndrome,primary angiitis of the CNS,rare,rare,phenotype,related but distinct,0.40,SPAMS MRI score separates Susac syndrome from PACNS,,multicentre study (PubMed pub type),,Diagnostic MRI Score to Differentiate Susac Syndrome from Primary Angiitis of the Central Nervous System and Multiple Sclerosis.,2024,https://doi.org/10.1002/ana.27043,39056308,no,no - subscription/paywalled,abstract only,batch 1
chronic granulomatous disease,Crohn disease,chronic granulomatous disease,Crohn disease,rare,common,phenotype; pathways,related but distinct,0.45,Review of paediatric granulomatous IBD: CGD and Crohn share microbial-defence defects and overlapping presentations but have key diagnostic differences,,review (PubMed pub type),,"Overlap, common features, and essential differences in pediatric granulomatous inflammatory bowel disease.",2010,https://doi.org/10.1097/mpg.0b013e3181dc0d73,20683205,no,no - subscription/paywalled,abstract only,batch 1
Silver-Russell syndrome,Beckwith-Wiedemann syndrome,Silver-Russell syndrome,Beckwith-Wiedemann syndrome,rare,rare,genes; phenotype,related but distinct,0.45,SRS is the genetic and clinical opposite of BWS (11p15 imprinting: growth restriction vs overgrowth),,review (PubMed pub type),,Growth retardation versus overgrowth: Silver-Russell syndrome is genetically opposite to Beckwith-Wiedemann syndrome.,2008,https://doi.org/10.1016/j.tig.2008.01.003,18329128,no,no - subscription/paywalled,abstract only,batch 1
Silver-Russell syndrome,Beckwith-Wiedemann syndrome,Silver-Russell syndrome,Beckwith-Wiedemann syndrome,rare,rare,genes,related but distinct,0.40,11p15.5 duplications: maternal duplications give SRS-like growth restriction and paternal ones BWS-like overgrowth,,case report (PubMed pub type),,Phenotypic spectrum of 11p15.5 duplications: parent-of-origin and copy number variant size shape outcomes from Silver-Russell to Beckwith-Wiedemann syndromes.,2026,https://europepmc.org/article/PMC/PMC13104442,41840691,yes,yes - free full text in PMC/Europe PMC (not read),abstract only,batch 1
Sotos syndrome,Weaver syndrome,Sotos syndrome,Weaver syndrome,rare,rare,genes,related but distinct,0.40,NSD1 mutations cause most Sotos and a few Weaver cases but are rare in other overgrowth phenotypes,,original research (PubMed pub type),,NSD1 mutations are the major cause of Sotos syndrome and occur in some cases of Weaver syndrome but are rare in other overgrowth phenotypes.,2003,https://europepmc.org/article/PMC/PMC378618,12464997,free full text in PMC,yes - free full text in PMC/Europe PMC (not read),abstract only,batch 1
Sotos syndrome,Weaver syndrome,Sotos syndrome,Weaver syndrome,rare,rare,genes; pathways,related but distinct,0.45,"Review contrasting the overgrowth genes NSD1 (H3K36, Sotos) and EZH2 (H3K27, Weaver): similarities and differences",,original research (PubMed pub type),,"The NSD1 and EZH2 overgrowth genes, similarities and differences.",2013,https://europepmc.org/article/PMC/PMC4845886,23592277,free full text in PMC,yes - free full text in PMC/Europe PMC (not read),abstract only,batch 1
Pitt-Hopkins syndrome,Angelman syndrome,Pitt-Hopkins syndrome,Angelman syndrome,rare,rare,phenotype,related but distinct,0.40,"Questionnaire comparison: PTHS has distinct behaviour, with high aggression and self-injury and an atypical sensory profile vs AS and CdLS",,comparative study (PubMed pub type),,Behavioural and psychological characteristics in Pitt-Hopkins syndrome: a comparison with Angelman and Cornelia de Lange syndromes.,2019,https://europepmc.org/article/PMC/PMC6778364,31586495,yes,yes - free full text in PMC/Europe PMC (not read),abstract only,batch 1
Pitt-Hopkins syndrome,Cornelia de Lange syndrome,Pitt-Hopkins syndrome,Cornelia de Lange syndrome,rare,rare,phenotype,related but distinct,0.40,Behavioural/psychological profile of PTHS compared with age-matched CdLS shows syndrome-specific features,,comparative study (PubMed pub type),,Behavioural and psychological characteristics in Pitt-Hopkins syndrome: a comparison with Angelman and Cornelia de Lange syndromes.,2019,https://europepmc.org/article/PMC/PMC6778364,31586495,yes,yes - free full text in PMC/Europe PMC (not read),abstract only,batch 1
Pitt-Hopkins syndrome,Angelman syndrome,Pitt-Hopkins syndrome,Angelman syndrome,rare,rare,phenotype,similar,0.80,Review: Angelman is the condition closest to Pitt-Hopkins; breathing anomalies and facial gestalt distinguish TCF4 cases,,review (PubMed pub type),,Pitt-Hopkins Syndrome and Differential Diagnosis: A Molecular and Clinical Challenge.,2015,https://europepmc.org/article/PMC/PMC4918722,27617128,yes,yes - free full text in PMC/Europe PMC (not read),abstract only,batch 1
Coffin-Siris syndrome,Nicolaides-Baraitser syndrome,Coffin-Siris syndrome,Nicolaides-Baraitser syndrome,rare,rare,genes; phenotype,similar,0.90,Monozygotic twins with an ARID1B deletion show striking overlap of NCBRS and CSS facial gestalt,,case report (PubMed pub type),,Striking phenotypic overlap between Nicolaides-Baraitser and Coffin-Siris syndromes in monozygotic twins with ARID1B intragenic deletion.,2020,https://doi.org/10.1016/j.ejmg.2019.103739,31421289,no,no - subscription/paywalled,abstract only,batch 1
Coffin-Siris syndrome,Nicolaides-Baraitser syndrome,Coffin-Siris syndrome,Nicolaides-Baraitser syndrome,rare,rare,genes; phenotype,related but distinct,0.45,Italian ID cohort: both BAF-complex disorders together are a relatively common cause of ID; clinical differences described,,original research (PubMed pub type),,Coffin-Siris and Nicolaides-Baraitser syndromes are a common well recognizable cause of intellectual disability.,2015,https://doi.org/10.1016/j.braindev.2014.08.009,25249037,no,yes - free full text at publisher (not read),abstract only,batch 1
5q11.2 microdeletion syndrome,CHARGE syndrome,5q11.2 microdeletion syndrome,CHARGE syndrome,rare,rare,phenotype,similar,0.80,"New 5q11.2 deletion phenotype overlaps CHARGE (choanal atresia, heart and ear defects)",,original research (PubMed pub type),,Definition of 5q11.2 microdeletion syndrome reveals overlap with CHARGE syndrome and 22q11 deletion syndrome phenotypes.,2014,https://doi.org/10.1002/ajmg.a.36680,25251717,no,no - subscription/paywalled,abstract only,batch 1
5q11.2 microdeletion syndrome,22q11.2 deletion syndrome,5q11.2 microdeletion syndrome,22q11.2 deletion syndrome,rare,rare,phenotype,similar,0.80,"New 5q11.2 deletion phenotype overlaps 22q11.2DS (heart defects, developmental delay, short stature)",,original research (PubMed pub type),,Definition of 5q11.2 microdeletion syndrome reveals overlap with CHARGE syndrome and 22q11 deletion syndrome phenotypes.,2014,https://doi.org/10.1002/ajmg.a.36680,25251717,no,no - subscription/paywalled,abstract only,batch 1
Gaucher disease type 1,acid sphingomyelinase deficiency,Gaucher disease,acid sphingomyelinase deficiency,rare,rare,phenotype; other (biomarker),related but distinct,0.45,"Similar spleen/liver volumes, but bone, haematological, chitotriosidase and CCL18 changes are greater in GD1 and lung involvement more common in ASMD",,original research (PubMed pub type),,Acid sphingomyelinase deficiency and Gaucher disease in adults: Similarities and differences in two macrophage storage disorders.,2024,https://europepmc.org/article/PMC/PMC11558470,39544689,yes,yes - free full text in PMC/Europe PMC (not read),abstract only,batch 1
Gaucher disease,acid sphingomyelinase deficiency,Gaucher disease,acid sphingomyelinase deficiency,rare,rare,epidemiology; other (diagnostics),related but distinct,0.45,"31,838 suspected Gaucher cases: one in four confirmed cases was ASMD; parallel enzyme testing recommended",,multicentre study (PubMed pub type),,Importance to include differential diagnostics for acid sphingomyelinase deficiency (ASMD) in patients suspected to have to Gaucher disease.,2023,https://doi.org/10.1016/j.ymgme.2023.107563,37086570,no,no - subscription/paywalled,abstract only,batch 1
Gaucher disease,acid sphingomyelinase deficiency,Gaucher disease,acid sphingomyelinase deficiency,rare,rare,phenotype; treatment,related but distinct,0.45,Parallel screening of 627 suspected Gaucher patients; overlapping hepatosplenomegaly/cytopenias mean both enzymes should be tested; ERT exists for both,,original research (PubMed pub type),,Gaucher Disease or Acid Sphingomyelinase Deficiency? The Importance of Differential Diagnosis.,2024,https://europepmc.org/article/PMC/PMC10932152,38592326,yes,yes - free full text in PMC/Europe PMC (not read),abstract only,batch 1
hypermobile EDS / hypermobility spectrum disorder,fibromyalgia,Ehlers-Danlos syndrome,fibromyalgia,rare,common,phenotype,similar,0.80,"56.5% of EDS-clinic patients had hEDS/HSD plus fibromyalgia, with more severe disease and overlapping symptoms",,original research (PubMed pub type),,High overlap in patients diagnosed with hypermobile Ehlers-Danlos syndrome or hypermobile spectrum disorders with fibromyalgia and 40 self-reported symptoms and comorbidities.,2023,https://europepmc.org/article/PMC/PMC10166812,37181352,yes,yes - free full text in PMC/Europe PMC (not read),abstract only,batch 1
Ehlers-Danlos syndrome hypermobility type,fibromyalgia,Ehlers-Danlos syndrome,fibromyalgia,rare,common,phenotype,similar,0.80,Autonomic symptom burden in EDS-HT is high and comparable to fibromyalgia,,comparative study (PubMed pub type),,"Autonomic symptom burden in the hypermobility type of Ehlers-Danlos syndrome: a comparative study with two other EDS types, fibromyalgia, and healthy controls.",2014,https://doi.org/10.1016/j.semarthrit.2014.05.013,24968706,no,no - subscription/paywalled,abstract only,batch 1
Ehlers-Danlos syndrome hypermobility type,fibromyalgia,Ehlers-Danlos syndrome,fibromyalgia,rare,common,phenotype,similar,0.80,Disease burden and pain impact in EDS-HT are similar to fibromyalgia (EDS-HT slightly less pain severity),,comparative study (PubMed pub type),,Impairment and impact of pain in female patients with Ehlers-Danlos syndrome: a comparative study with fibromyalgia and rheumatoid arthritis.,2011,https://doi.org/10.1002/art.30337,21391202,no,no - subscription/paywalled,abstract only,batch 1
Ehlers-Danlos syndrome hypermobility type,rheumatoid arthritis,Ehlers-Danlos syndrome,rheumatoid arthritis,rare,common,phenotype,related but distinct,0.40,Functional impairment and pain impact are worse in EDS-HT than in RA,,comparative study (PubMed pub type),,Impairment and impact of pain in female patients with Ehlers-Danlos syndrome: a comparative study with fibromyalgia and rheumatoid arthritis.,2011,https://doi.org/10.1002/art.30337,21391202,no,no - subscription/paywalled,abstract only,batch 1
osteogenesis imperfecta,hypophosphatasia,osteogenesis imperfecta,hypophosphatasia,rare,rare,phenotype; treatment,related but distinct,0.45,Family with both: bone shows classic OI and HPP features with opposite effects on mineralisation; treated with ALP ERT plus bisphosphonate,,original research (PubMed pub type),,"Combination of osteogenesis imperfecta and hypophosphatasia in three children with multiple fractures, low bone mass and severe osteomalacia, a challenge for therapeutic management.",2023,https://doi.org/10.1016/j.ejmg.2023.104856,37758163,no,no - subscription/paywalled,abstract only,batch 1
hypophosphatasia,osteogenesis imperfecta,hypophosphatasia,osteogenesis imperfecta,rare,rare,phenotype,related but distinct,0.40,Mild 'benign prenatal' HPP can mimic severe OI in utero (bent but not broken bones),,case report (PubMed pub type),,Mild hypophosphatasia mimicking severe osteogenesis imperfecta in utero: bent but not broken.,1999,https://doi.org/10.1002/(sici)1096-8628(19991029)86:5<434::aid-ajmg8>3.0.co;2-c,10508985,no,no - subscription/paywalled,abstract only,batch 1
Krabbe disease,metachromatic leukodystrophy,Krabbe disease,metachromatic leukodystrophy,rare,rare,pathways; treatment,similar,0.90,One ceramide galactosyltransferase inhibitor (substrate reduction) lowered toxic lipids and extended survival in models of both,,original research (PubMed pub type),,Substrate reduction therapy for Krabbe disease and metachromatic leukodystrophy using a novel ceramide galactosyltransferase inhibitor.,2021,https://europepmc.org/article/PMC/PMC8280112,34262084,yes,yes - free full text in PMC/Europe PMC (not read),abstract only,batch 1
infantile neuronal ceroid lipofuscinosis,Rett syndrome,neuronal ceroid lipofuscinosis,Rett syndrome,rare,rare,phenotype,related but distinct,0.40,"Early CT/MR: no changes in Rett, early atrophy in INCL; MR aids early INCL diagnosis",,comparative study (PubMed pub type),,"Early differential diagnosis of infantile neuronal ceroid lipofuscinosis, Rett syndrome, and Krabbe disease by CT and MR.",1994,https://europepmc.org/article/PMC/PMC8334405,7985561,free full text in PMC,yes - free full text in PMC/Europe PMC (not read),abstract only,batch 1
infantile neuronal ceroid lipofuscinosis,Krabbe disease,neuronal ceroid lipofuscinosis,Krabbe disease,rare,rare,phenotype,related but distinct,0.40,"Both show early atrophy and thalamic changes, more severe and variable in Krabbe; cerebellar changes only in Krabbe",,comparative study (PubMed pub type),,"Early differential diagnosis of infantile neuronal ceroid lipofuscinosis, Rett syndrome, and Krabbe disease by CT and MR.",1994,https://europepmc.org/article/PMC/PMC8334405,7985561,free full text in PMC,yes - free full text in PMC/Europe PMC (not read),abstract only,batch 1
Rett syndrome,Krabbe disease,Rett syndrome,Krabbe disease,rare,rare,phenotype,related but distinct,0.40,"Neuroimaging separates clinically similar early encephalopathies: normal in Rett, early atrophy in Krabbe",,comparative study (PubMed pub type),,"Early differential diagnosis of infantile neuronal ceroid lipofuscinosis, Rett syndrome, and Krabbe disease by CT and MR.",1994,https://europepmc.org/article/PMC/PMC8334405,7985561,free full text in PMC,yes - free full text in PMC/Europe PMC (not read),abstract only,batch 1
Rett syndrome,infantile neuronal ceroid lipofuscinosis,Rett syndrome,neuronal ceroid lipofuscinosis,rare,rare,phenotype,similar,0.80,"Early regression, loss of hand use and stereotypies are inseparable; EEG, ERG and visual failure separate them after 2.75-3 years",,original research (PubMed pub type),,Early stages of the Rett syndrome and infantile neuronal ceroid lipofuscinosis--a difficult differential diagnosis.,1990,https://doi.org/10.1016/s0387-7604(12)80168-9,2344018,no,no - subscription/paywalled,abstract only,batch 1
Rett syndrome,infantile neuronal ceroid lipofuscinosis,Rett syndrome,neuronal ceroid lipofuscinosis,rare,rare,other (biomarker),related but distinct,0.40,"CSF gangliosides: GD1a/GT1b reduced in Rett, all four major gangliosides more reduced in INCL",,original research (PubMed pub type),,Cerebrospinal fluid gangliosides in patients with Rett syndrome and infantile neuronal ceroid lipofuscinosis.,1999,https://doi.org/10.1016/s1090-3798(99)90099-5,10461567,no,no - subscription/paywalled,abstract only,batch 1
idiopathic pulmonary fibrosis,COPD,idiopathic pulmonary fibrosis,COPD,rare,common,other (microbiome); epidemiology,related but distinct,0.45,Mendelian randomisation: different salivary taxa are linked to each (Parvula protective for COPD; Bacilli/Porphyromonas/Fusobacterium for IPF),,original research (PubMed pub type),,Exploring the Causal Relationship Between Saliva Microbiota Abundance and Chronic Obstructive Pulmonary Disease/Idiopathic Pulmonary Fibrosis: A Two-Sample Mendelian Randomization Study.,2025,https://europepmc.org/article/PMC/PMC12341823,40800601,yes,yes - free full text in PMC/Europe PMC (not read),abstract only,batch 1
IgA vasculitis nephritis (HSPN),IgA nephropathy,IgA vasculitis nephritis,IgA nephropathy,rare,rare,pathways; phenotype,related but distinct,0.45,"Both involve Gd-IgA1, but HSPN shows more capillaritis, subendothelial IgA and raised cytokines, so mechanisms differ",,original research (PubMed pub type),,A cross-sectional analysis of clinicopathologic similarities and differences between Henoch-Schönlein purpura nephritis and IgA nephropathy.,2020,https://europepmc.org/article/PMC/PMC7179927,32324811,yes,yes - free full text in PMC/Europe PMC (not read),abstract only,batch 1
IgA vasculitis nephritis,IgA nephropathy,IgA vasculitis nephritis,IgA nephropathy,rare,rare,phenotype,related but distinct,0.40,"809 vs 236 children: different immune-complex deposition, interstitial damage and prognosis support distinct diseases",,original research (PubMed pub type),,Comparative study on clinicopathological features and prognosis of IgA vasculitis nephritis and IgA nephropathy in children.,2023,https://europepmc.org/article/PMC/PMC10464207,37620917,yes,yes - free full text in PMC/Europe PMC (not read),abstract only,batch 1
IgA nephropathy,Henoch-Schonlein purpura nephritis,IgA nephropathy,IgA vasculitis nephritis,rare,rare,phenotype,related but distinct,0.40,"Oxford MEST-C: mesangial hypercellularity more common in IgAN, segmental sclerosis more in HSPN after 12 months",,comparative study (PubMed pub type),,A clinicopathological comparison between IgA nephropathy and Henoch-Schönlein purpura nephritis in children: use of the Oxford classification.,2019,https://doi.org/10.1007/s10157-019-01777-8,31468231,no,no - subscription/paywalled,abstract only,batch 1
Alzheimer disease,Huntington disease,Alzheimer disease,Huntington disease,common,rare,phenotype,similar,0.80,"BESTest balance impairment is similar in early AD and HD, suggesting overlapping pathology",,comparative study (PubMed pub type),,"Comparing balance using the BESTest in Alzheimer, Huntington and Parkinson disease.",2024,https://europepmc.org/article/PMC/PMC11457608,39155806,yes,yes - free full text in PMC/Europe PMC (not read),abstract only,batch 1
Parkinson disease,Huntington disease,Parkinson disease,Huntington disease,common,rare,phenotype,related but distinct,0.40,Early PD patients had significantly better BESTest balance than early HD,,comparative study (PubMed pub type),,"Comparing balance using the BESTest in Alzheimer, Huntington and Parkinson disease.",2024,https://europepmc.org/article/PMC/PMC11457608,39155806,yes,yes - free full text in PMC/Europe PMC (not read),abstract only,batch 1
Alzheimer disease,Huntington disease,Alzheimer disease,Huntington disease,common,rare,pathways,related but distinct,0.40,Calbindin-28k mRNA is reduced in AD hippocampus compared with HD,,comparative study (PubMed pub type),,Reduction of calbindin-28k mRNA levels in Alzheimer as compared to Huntington hippocampus.,1993,https://doi.org/10.1016/0169-328x(93)90171-k,8479289,no,no - subscription/paywalled,abstract only,batch 1
acute intermittent porphyria,Guillain-Barre syndrome,acute intermittent porphyria,Guillain-Barre syndrome,rare,rare,phenotype,related but distinct,0.40,Case: AIP with rapidly progressive quadriplegia mimicking GBS; porphyric neuropathy often misdiagnosed,,case report (PubMed pub type),,A Case of Acute Intermittent Porphyria Mimicking Guillain-Barré Syndrome.,2019,https://europepmc.org/article/PMC/PMC6927089,31903042,free full text in PMC,yes - free full text in PMC/Europe PMC (not read),abstract only,batch 1
tuberous sclerosis complex,autism spectrum disorder (idiopathic),tuberous sclerosis complex,autism spectrum disorder,rare,common,phenotype; epidemiology,related but distinct,0.45,Quality of life is low in paediatric TSC and the burden is greater than in idiopathic ASD,,original research (PubMed pub type),,Quality of life and disease burden in tuberous sclerosis and comparison with the population with idiopathic autism spectrum disorder: an investigation conducted through questionnaires and clinical data collection in the pediatric population.,2025,https://europepmc.org/article/PMC/PMC12847237,41614107,yes,yes - free full text in PMC/Europe PMC (not read),abstract only,batch 1
Angelman syndrome,fragile X syndrome,Angelman syndrome,fragile X syndrome,rare,rare,phenotype,similar,0.80,Cross-syndrome comparison: ASD symptom profiles are similar in AS and FXS,,original research (PubMed pub type),,"Autism Symptoms in Children and Young Adults With Fragile X Syndrome, Angelman Syndrome, Tuberous Sclerosis Complex, and Neurofibromatosis Type 1: A Cross-Syndrome Comparison.",2022,https://europepmc.org/article/PMC/PMC9149157,35651825,yes,yes - free full text in PMC/Europe PMC (not read),abstract only,batch 1
neurofibromatosis type 1,tuberous sclerosis complex,neurofibromatosis,tuberous sclerosis complex,rare,rare,phenotype,similar,0.80,"Cross-syndrome comparison: ASD symptom profiles are similar in NF1 and TSC, possibly reflecting shared neurobiology (mTOR/Ras)",,original research (PubMed pub type),,"Autism Symptoms in Children and Young Adults With Fragile X Syndrome, Angelman Syndrome, Tuberous Sclerosis Complex, and Neurofibromatosis Type 1: A Cross-Syndrome Comparison.",2022,https://europepmc.org/article/PMC/PMC9149157,35651825,yes,yes - free full text in PMC/Europe PMC (not read),abstract only,batch 1
Cushing disease,pseudo-Cushing syndrome,Cushing disease,pseudo-Cushing syndrome,rare,common,other (biomarker),related but distinct,0.40,"The 4-mg IV dexamethasone suppression test separates Cushing disease from pseudo-Cushing (100% sensitivity, 83% specificity)",,original research (PubMed pub type),,Performance of the 4-mg intravenous dexamethasone suppression test in differentiating Cushing disease from pseudo-Cushing syndrome.,2016,https://doi.org/10.1016/j.ando.2015.11.001,26656734,no,no - subscription/paywalled,abstract only,batch 1
Cushing disease,pseudo-Cushing state,Cushing disease,pseudo-Cushing syndrome,rare,common,other (biomarker),related but distinct,0.40,hCRH and desmopressin tests perform similarly and agree well in separating CD from pseudo-Cushing,,original research (PubMed pub type),,Corticotrophin-releasing hormone and desmopressin tests in the differential diagnosis between Cushing's disease and pseudo-Cushing state: a comparative study.,2011,https://doi.org/10.1111/j.1365-2265.2011.04096.x,21554373,no,no - subscription/paywalled,abstract only,batch 1
acromegaly,type 2 diabetes,acromegaly,diabetes mellitus,rare,common,pathways,related but distinct,0.40,"Review: GH excess causes insulin resistance in lean patients, a mechanism different from obesity-driven T2D",,review (PubMed pub type),,"Diabetes mellitus in patients with acromegaly: pathophysiology, clinical challenges and management.",2024,https://doi.org/10.1038/s41574-024-00993-x,38844688,no,no - subscription/paywalled,abstract only,batch 1
acromegaly,type 2 diabetes,acromegaly,diabetes mellitus,rare,common,epidemiology,related but distinct,0.40,"Acromegaly prevalence was 0.6% among hospitalised T2D patients, higher than expected; IGF-1 screening suggested",,original research (PubMed pub type),,The prevalence of acromegaly in hospitalized patients with type 2 diabetes.,2015,https://doi.org/10.1507/endocrj.ej14-0254,25284247,no,no - subscription/paywalled,abstract only,batch 1
congenital lipodystrophy,type 2 diabetes / metabolic syndrome,congenital lipodystrophy,diabetes mellitus,rare,common,genes; pathways,similar,0.90,"Adipose expression of lipodystrophy genes is altered in metabolic syndrome, linking monogenic lipodystrophy genes to IR/T2D",,original research (PubMed pub type),,"Exploring lipodystrophy gene expression in adipocytes: unveiling insights into the pathogenesis of insulin resistance, type 2 diabetes, and clustering diseases (metabolic syndrome) in Asian Indians.",2024,https://europepmc.org/article/PMC/PMC11496143,39444451,yes,yes - free full text in PMC/Europe PMC (not read),abstract only,batch 1
amyotrophic lateral sclerosis,Parkinson disease,amyotrophic lateral sclerosis,Parkinson disease,rare,common,phenotype,similar,0.80,"Pharyngeal swallow events are prolonged in both, with a similar but greater prolongation in ALS",,original research (PubMed pub type),,"Differences in pharyngeal swallow event timing: Healthy aging, Parkinson disease, and amyotrophic lateral sclerosis.",2023,https://europepmc.org/article/PMC/PMC10116960,37090868,yes,yes - free full text in PMC/Europe PMC (not read),abstract only,batch 1
amyotrophic lateral sclerosis,Parkinson disease,amyotrophic lateral sclerosis,Parkinson disease,rare,common,phenotype,related but distinct,0.40,Maximum tongue pressure is reduced in ALS but not in PD beyond ageing,,original research (PubMed pub type),,"Comparison of Lingual Pressure Generation Capacity in Parkinson Disease, Amyotrophic Lateral Sclerosis, and Healthy Aging.",2022,https://europepmc.org/article/PMC/PMC9907496,35858265,free full text in PMC,yes - free full text in PMC/Europe PMC (not read),abstract only,batch 1
Gaucher disease,dementia with Lewy bodies,Gaucher disease,dementia with Lewy bodies,rare,common,genes; pathways,similar,0.90,"GBA1 mutants linked to Gaucher, PD and DLB raise alpha-synuclein accumulation, a biochemical link to synucleinopathy risk",,original research (PubMed pub type),,"Acid β-glucosidase mutants linked to Gaucher disease, Parkinson disease, and Lewy body dementia alter α-synuclein processing.",2011,https://doi.org/10.1002/ana.22400,21472771,no,yes - free full text at publisher (not read),abstract only,batch 1
Niemann-Pick disease type C,schizophrenia,Niemann-Pick disease type C,schizophrenia,rare,common,phenotype,similar,0.80,"Review: psychosis in NPC is often indistinguishable from schizophrenia, causing misdiagnosis",,review (PubMed pub type),,Psychosis symptoms associated with Niemann-Pick disease type C.,2021,https://doi.org/10.1097/ypg.0000000000000286,34133410,no,no - subscription/paywalled,abstract only,batch 1
Niemann-Pick disease type C,schizophrenia,Niemann-Pick disease type C,schizophrenia,rare,common,other (biomarker),related but distinct,0.40,"Schizophrenia patients with neurological signs screened with NPC biomarkers: none confirmed as NPC, though some had NPC-like features",,original research (PubMed pub type),,The possibility of patients with adult-onset Niemann-Pick disease type C in cases diagnosed with schizophrenia: Analysis of NPC novel biomarkers.,2026,https://doi.org/10.1016/j.jpsychires.2026.01.009,41520538,no,no - subscription/paywalled,abstract only,batch 1
spinocerebellar ataxia type 3,Parkinson disease,spinocerebellar ataxia,Parkinson disease,rare,common,phenotype; genes,similar,0.85,SCA3/MJD with low-range repeat expansions presented as levodopa-responsive parkinsonism resembling PD in families of African origin,,original research (PubMed pub type),,Spinocerebellar ataxia type 3 phenotypically resembling parkinson disease in a black family.,2001,https://doi.org/10.1001/archneur.58.2.296,11176969,no,no - subscription/paywalled,abstract only,batch 1
Machado-Joseph disease (SCA3),Parkinson disease,spinocerebellar ataxia,Parkinson disease,rare,common,phenotype,related but distinct,0.40,Linear pallidal T2 hyperintensity is more frequent in MJD than PD under age 60 but also occurs in PD,,comparative study (PubMed pub type),,"Linear T2 hyperintensity along the medial margin of the globus pallidus in patients with Machado-Joseph disease and Parkinson disease, and in healthy subjects.",2007,https://europepmc.org/article/PMC/PMC8134240,17898197,free full text in PMC,yes - free full text in PMC/Europe PMC (not read),abstract only,batch 1
spinocerebellar ataxia type 3,Parkinson disease,spinocerebellar ataxia,Parkinson disease,rare,common,phenotype,similar,0.80,Both show impaired chewing/swallowing and facial thermal asymmetry compared with controls,,comparative study (PubMed pub type),,Thermal Facial Profile and Orofacial Myofunctional Aspects in Movement Disorder Patients: Comparison Between Parkinson Disease and Spinocerebellar Ataxia Type 3.,2024,https://doi.org/10.1111/joor.13850,39305028,no,no - subscription/paywalled,abstract only,batch 1
primary ciliary dyskinesia,asthma,primary ciliary dyskinesia,asthma,rare,common,genes,similar,0.85,A PCD-gene genetic risk score (incl. DNAH5 eQTL) is associated with adult-onset asthma,,original research (PubMed pub type),,The primary ciliary dyskinesia-related genetic risk score is associated with susceptibility to adult-onset asthma.,2024,https://doi.org/10.1371/journal.pone.0300000,38457400,no,yes - free full text at publisher (not read),abstract only,batch 1
cystic fibrosis,asthma,cystic fibrosis,asthma,rare,common,pathways,related but distinct,0.40,"BAL exosome proteomes differ, with pro-inflammatory cargo in CF compared with asthma",,comparative study (PubMed pub type),,"Comparative proteomics of respiratory exosomes in cystic fibrosis, primary ciliary dyskinesia and asthma.",2018,https://doi.org/10.1016/j.jprot.2018.07.001,30032860,no,no - subscription/paywalled,abstract only,batch 1
primary ciliary dyskinesia,asthma,primary ciliary dyskinesia,asthma,rare,common,pathways,related but distinct,0.40,"BAL exosome proteomes differ, with pro-inflammatory cargo in PCD compared with asthma",,comparative study (PubMed pub type),,"Comparative proteomics of respiratory exosomes in cystic fibrosis, primary ciliary dyskinesia and asthma.",2018,https://doi.org/10.1016/j.jprot.2018.07.001,30032860,no,no - subscription/paywalled,abstract only,batch 1
cystic fibrosis,primary ciliary dyskinesia,cystic fibrosis,primary ciliary dyskinesia,rare,rare,pathways,similar,0.85,Both CF and PCD exosomes carry pro-inflammatory proteins that may spread lung damage,,comparative study (PubMed pub type),,"Comparative proteomics of respiratory exosomes in cystic fibrosis, primary ciliary dyskinesia and asthma.",2018,https://doi.org/10.1016/j.jprot.2018.07.001,30032860,no,no - subscription/paywalled,abstract only,batch 1
schwannomatosis,neurofibromatosis type 2,schwannomatosis,neurofibromatosis,rare,rare,phenotype,related but distinct,0.40,"Spinal schwannomas differ (male predominance, lumbar location in schwannomatosis), though the two are sometimes hard to separate clinically",,comparative study (PubMed pub type),,Clinical features of spinal schwannomas in 65 patients with schwannomatosis compared with 831 with solitary schwannomas and 102 with neurofibromatosis Type 2: a retrospective study at a single institution.,2016,https://doi.org/10.3171/2015.3.spine141145,26407091,no,no - subscription/paywalled,abstract only,batch 1
tuberous sclerosis complex,von Hippel-Lindau disease,tuberous sclerosis complex,von Hippel-Lindau disease,rare,rare,phenotype; pathways; treatment,similar,0.90,"Review: similar renal phenotypes, shared signalling components (mTOR/HIF) and overlapping therapy",,review (PubMed pub type),,Renal involvement in tuberous sclerosis complex and von Hippel-Lindau disease: shared disease mechanisms?,2009,https://doi.org/10.1038/ncpneph1032,19240728,no,no - subscription/paywalled,abstract only,batch 1
classical homocystinuria,Marfan syndrome,classical homocystinuria,Marfan syndrome,rare,rare,phenotype,related but distinct,0.40,Adult siblings with Marfanoid habitus but negative Marfan testing had CBS homocystinuria; responded to betaine and diet,,case report (PubMed pub type),,Think classical homocystinuria if the genetic test did not confirm Marfan syndrome: Late diagnosis and phenotypic variability in adult siblings with classical homocystinuria.,2025,https://europepmc.org/article/PMC/PMC12549521,41142853,yes,yes - free full text in PMC/Europe PMC (not read),abstract only,batch 1
myotonic dystrophy type 1,myotonic dystrophy type 2,myotonic dystrophy,myotonic dystrophy,rare,rare,phenotype,related but distinct,0.40,DM1 shows more cortical thinning and wider white-matter integrity loss than DM2,,comparative study (PubMed pub type),,Greater cortical thinning and microstructural integrity loss in myotonic dystrophy type 1 compared to myotonic dystrophy type 2.,2024,https://europepmc.org/article/PMC/PMC11319366,38896263,yes,yes - free full text in PMC/Europe PMC (not read),abstract only,batch 1
myotonic dystrophy type 2,myotonic dystrophy type 1,myotonic dystrophy,myotonic dystrophy,rare,rare,phenotype,similar,0.80,Peripheral nerve involvement is similarly frequent (~27%) and mostly subclinical in DM2 and DM1,,original research (PubMed pub type),,Peripheral nerve involvement in myotonic dystrophy type 2 - similar or different than in myotonic dystrophy type 1?,2015,https://doi.org/10.1016/j.pjnns.2015.04.008,26048604,no,no - subscription/paywalled,abstract only,batch 1
myotonic dystrophy type 1,myotonic dystrophy type 2,myotonic dystrophy,myotonic dystrophy,rare,rare,phenotype,related but distinct,0.40,Muscle biopsy: type 1 fibre atrophy in DM1 vs preferential type 2 fibre atrophy and nuclear clumps in DM2,,comparative study (PubMed pub type),,Histopathological differences of myotonic dystrophy type 1 (DM1) and PROMM/DM2.,2003,https://doi.org/10.1212/01.wnl.0000065898.61358.09,12796551,no,no - subscription/paywalled,abstract only,batch 1
spinal and bulbar muscular atrophy,amyotrophic lateral sclerosis,spinal and bulbar muscular atrophy,amyotrophic lateral sclerosis,rare,rare,phenotype,related but distinct,0.40,"Muscle ultrasound: SBMA fasciculations predominate in tongue/distal limbs, ALS fasciculations are more diffuse and intense",,original research (PubMed pub type),,Different patterns of fasciculation in spinal and bulbar muscular atrophy and amyotrophic lateral sclerosis: a muscle ultrasonographic study.,2025,https://europepmc.org/article/PMC/PMC12035469,40297747,yes,yes - free full text in PMC/Europe PMC (not read),abstract only,batch 1
spinal and bulbar muscular atrophy,amyotrophic lateral sclerosis,spinal and bulbar muscular atrophy,amyotrophic lateral sclerosis,rare,rare,phenotype,related but distinct,0.40,Low sensory nerve action potential amplitudes separate SBMA from ALS (cut-offs given),,original research (PubMed pub type),,Discrimination of spinal and bulbar muscular atrophy from amyotrophic lateral sclerosis using sensory nerve action potentials.,2012,https://doi.org/10.1002/mus.22291,22246870,no,no - subscription/paywalled,abstract only,batch 1
chorea-acanthocytosis,Huntington disease,chorea-acanthocytosis,Huntington disease,rare,rare,phenotype,related but distinct,0.40,Case and review: clinical and radiological overlap; orofacial dyskinesia and acanthocytes point to ChAc,,case report (PubMed pub type),,Chorea-acanthocytosis: a mimicker of Huntington disease case report and review of the literature.,2006,https://doi.org/10.1097/01.nrl.0000245817.18773.f4,17122731,no,no - subscription/paywalled,abstract only,batch 1
McLeod syndrome,Huntington disease,McLeod syndrome,Huntington disease,rare,rare,phenotype; genes,related but distinct,0.45,Review: XK-related McLeod syndrome shares important similarities with HD but has distinct haematological and neuromuscular features,,review (PubMed pub type),,Molecular Basis and Clinical Overview of McLeod Syndrome Compared With Other Neuroacanthocytosis Syndromes: A Review.,2018,https://doi.org/10.1001/jamaneurol.2018.2166,30128557,no,no - subscription/paywalled,abstract only,batch 1
late-onset Tay-Sachs disease,late-onset Sandhoff disease,Tay-Sachs disease,Sandhoff disease,rare,rare,phenotype,related but distinct,0.40,Severe length-dependent sensory neuropathy in all LOSD but not LOTS; lower cerebellar volume in LOTS,,original research (PubMed pub type),,Similarities and differences in the late-onset GM2 gangliosidoses: Tay-Sachs and Sandhoff diseases.,2026,https://europepmc.org/article/PMC/PMC13433390,42547667,yes,yes - free full text in PMC/Europe PMC (not read),abstract only,batch 1
late-onset Tay-Sachs disease,late-onset Sandhoff disease,Tay-Sachs disease,Sandhoff disease,rare,rare,phenotype,related but distinct,0.40,DTI tractography shows a greater cerebellar pathology burden in LOTS than LOSD,,original research (PubMed pub type),,"Late-onset GM2 gangliosidosis: magnetic resonance imaging, diffusion tensor imaging, and correlational fiber tractography differentiate Tay-Sachs and Sandhoff diseases.",2025,https://europepmc.org/article/PMC/PMC12018622,40266357,yes,yes - free full text in PMC/Europe PMC (not read),abstract only,batch 1
mucopolysaccharidosis type III,autism spectrum disorder,mucopolysaccharidosis,autism spectrum disorder,rare,common,phenotype,similar,0.80,MPS III is often first misdiagnosed as ASD/ADHD/developmental delay; screening advised,,review (PubMed pub type),,"Mucopolysaccharidosis type III (Sanfilippo syndrome) and misdiagnosis of idiopathic developmental delay, attention deficit/hyperactivity disorder or autism spectrum disorder.",2013,https://europepmc.org/article/PMC/PMC3654162,23336697,yes,yes - free full text in PMC/Europe PMC (not read),abstract only,batch 1
mucopolysaccharidosis type III,autism spectrum disorder,mucopolysaccharidosis,autism spectrum disorder,rare,common,phenotype,similar,0.80,"Systematic review: ASD-like communication difficulties are common in MPS III, while restricted/repetitive behaviours are less reported",,systematic review (PubMed pub type),,Symptoms of Autism Spectrum Disorder (ASD) in Individuals with Mucopolysaccharide Disease Type III (Sanfilippo Syndrome): A Systematic Review.,2017,https://europepmc.org/article/PMC/PMC5633638,28856504,yes,yes - free full text in PMC/Europe PMC (not read),abstract only,batch 1
Aicardi-Goutieres syndrome,systemic lupus erythematosus (familial chilblain lupus),Aicardi-Goutieres syndrome,systemic lupus erythematosus,rare,rare,genes; pathways,similar,0.90,"Dominant TREX1 mutations in AGS and familial chilblain lupus impair dsDNA degradation, a shared immune-activation pathway",,original research (PubMed pub type),,Dominant mutation of the TREX1 exonuclease gene in lupus and Aicardi-Goutieres syndrome.,2011,https://europepmc.org/article/PMC/PMC3173215,21808053,free full text in PMC,yes - free full text in PMC/Europe PMC (not read),abstract only,batch 1
cryopyrin-associated periodic syndrome,Schnitzler syndrome,cryopyrin-associated periodic syndrome,Schnitzler syndrome,rare,rare,phenotype; treatment,related but distinct,0.45,"Review: both urticarial autoinflammatory diseases respond to IL-1 blockade, but SchS is acquired, adult-onset and not NLRP3-related",,review (PubMed pub type),,"Similarities and differences in autoinflammatory diseases with urticarial rash, cryopyrin-associated periodic syndrome and Schnitzler syndrome.",2023,https://doi.org/10.1016/j.alit.2023.02.005,36906447,no,yes - free full text at publisher (not read),abstract only,batch 1
IgA nephropathy,Alport syndrome,IgA nephropathy,Alport syndrome,rare,rare,phenotype; genes,related but distinct,0.45,"Systematic review of coexisting IgAN and Alport: heterogeneous, often poor kidney outcome, with both immune and structural injury",,original research (PubMed pub type),,Systematic Review of IgA Nephropathy Coexisting With Alport Syndrome.,2026,https://europepmc.org/article/PMC/PMC13101439,42027550,yes,yes - free full text in PMC/Europe PMC (not read),abstract only,batch 1
Alport syndrome,IgA nephropathy,Alport syndrome,IgA nephropathy,rare,rare,phenotype,related but distinct,0.40,Case: Alport misdiagnosed as IgAN because of family history; EM and audiometry/eye exam differentiate,,case report (PubMed pub type),,Alport syndrome misdiagnosed with IgA nephropathy from familial history: a case report and brief review.,2023,https://europepmc.org/article/PMC/PMC10105455,37059980,yes,yes - free full text in PMC/Europe PMC (not read),abstract only,batch 1
minimal change disease,focal segmental glomerulosclerosis,minimal change disease,focal segmental glomerulosclerosis,rare,rare,other (biomarker),related but distinct,0.40,Serum albumin-to-globulin ratio: above 1.0 favours secondary FSGS; very low ratios typify MCD,,original research (PubMed pub type),,Serum Protein Electrophoresis and the Albumin-to-Globulin Ratio in the Differential Diagnosis of Minimal Change Disease and Focal Segmental Glomerulosclerosis.,2026,https://europepmc.org/article/PMC/PMC13024677,41898363,yes,yes - free full text in PMC/Europe PMC (not read),abstract only,batch 1
minimal change disease,focal segmental glomerulosclerosis,minimal change disease,focal segmental glomerulosclerosis,rare,rare,pathways,related but distinct,0.40,"snRNA-seq of proximal tubules: SLC7A8 is raised in early MCD vs FSGS, a candidate discriminator",,original research (PubMed pub type),,Differential early tubular injury in minimal Change disease and Focal segmental Glomerulosclerosis: A Multifaceted analysis.,2026,https://doi.org/10.1016/j.gene.2026.150043,41666944,no,no - subscription/paywalled,abstract only,batch 1
C3 glomerulopathy,atypical hemolytic uremic syndrome,C3 glomerulopathy,atypical hemolytic uremic syndrome,rare,rare,pathways,similar,0.85,"Alternative complement pathway activation persists in both after TMA, more pronounced in C3G",,original research (PubMed pub type),,[Comparative characteristics of the complement system in patients with C3-glomerulopathy and atypical hemolytic uremic syndrome of chronic course who suffered an acute episode of thrombotic microangiopathy].,2023,https://doi.org/10.26442/00403660.2023.06.202269,38158966,no,no - subscription/paywalled,abstract only,batch 1
C3 glomerulopathy,atypical hemolytic uremic syndrome,C3 glomerulopathy,atypical hemolytic uremic syndrome,rare,rare,treatment,related but distinct,0.40,"Rapid review: terminal complement blockade works in aHUS, but evidence in C3G is weak, where factor B inhibition is emerging",,review (PubMed pub type),,Complement-targeted therapies for C3 glomerulopathy and atypical hemolytic uremic syndrome: a time-limited rapid systematic review with narrative synthesis.,2026,https://europepmc.org/article/PMC/PMC13487681,42621905,yes,yes - free full text in PMC/Europe PMC (not read),abstract only,batch 1
hereditary spherocytosis,pyruvate kinase deficiency,hereditary spherocytosis,pyruvate kinase deficiency,rare,rare,other (diagnostics),related but distinct,0.40,Sysmex red-cell/reticulocyte parameters screen and separate HS and PK deficiency (100% sensitivity),,original research (PubMed pub type),,Screening of hereditary spherocytosis and pyruvate kinase deficiency by automated blood count using erythrocytic and reticulocytic parameters.,2018,https://doi.org/10.1111/ijlh.12906,30184319,no,no - subscription/paywalled,abstract only,batch 1
Diamond-Blackfan anemia,Shwachman-Diamond syndrome,Diamond-Blackfan anemia,Shwachman-Diamond syndrome,rare,rare,pathways,related but distinct,0.40,"Yeast models: both are ribosomopathies, but with distinct 60S/40S maturation defects that may explain divergent clinical pictures",,comparative study (PubMed pub type),,Distinct ribosome maturation defects in yeast models of Diamond-Blackfan anemia and Shwachman-Diamond syndrome.,2010,https://europepmc.org/article/PMC/PMC2805733,19713223,free full text in PMC,yes - free full text in PMC/Europe PMC (not read),abstract only,batch 1
Shwachman-Diamond syndrome,5q- myelodysplastic syndrome,Shwachman-Diamond syndrome,5q- myelodysplastic syndrome,rare,rare,pathways,similar,0.85,Review: both are ribosomopathies (SBDS/60S vs RPS14/40S) with impaired haematopoiesis and leukaemia risk,,review (PubMed pub type),,Non-Diamond Blackfan anemia disorders of ribosome function: Shwachman Diamond syndrome and 5q- syndrome.,2011,https://europepmc.org/article/PMC/PMC3072806,21435510,free full text in PMC,yes - free full text in PMC/Europe PMC (not read),abstract only,batch 1
polycythemia vera,essential thrombocythemia,polycythemia vera,essential thrombocythemia,rare,rare,treatment,similar,0.80,"Phase 3 trial: pegylated IFN-alpha and hydroxyurea were both effective, with no difference in thrombosis or progression in high-risk PV/ET",,randomised controlled trial (PubMed pub type),,A randomized phase 3 trial of interferon-α vs hydroxyurea in polycythemia vera and essential thrombocythemia.,2022,https://europepmc.org/article/PMC/PMC9101248,35007321,yes,yes - free full text in PMC/Europe PMC (not read),abstract only,batch 1
IgM multiple myeloma,Waldenstrom macroglobulinemia,multiple myeloma,Waldenstrom macroglobulinemia,rare,rare,genes; phenotype,related but distinct,0.45,"Gene expression shows IgM MM resembles other MM, not WM; the two differ in prognosis",,original research (PubMed pub type),,Clinical Presentation and Gene Expression Profiling of Immunoglobulin M Multiple Myeloma Compared With Other Myeloma Subtypes and Waldenström Macroglobulinemia.,2018,https://europepmc.org/article/PMC/PMC6180798,30241189,yes,yes - free full text in PMC/Europe PMC (not read),abstract only,batch 1
IgM multiple myeloma,Waldenstrom macroglobulinemia,multiple myeloma,Waldenstrom macroglobulinemia,rare,rare,phenotype; treatment,related but distinct,0.45,Two cases with the same marrow histology but different behaviour/cytogenetics; full work-up needed to choose treatment,,case report (PubMed pub type),,Immunoglobulin M (IgM) multiple myeloma versus Waldenström macroglobulinemia: diagnostic challenges and therapeutic options: two case reports.,2020,https://europepmc.org/article/PMC/PMC7310052,32564775,yes,yes - free full text in PMC/Europe PMC (not read),abstract only,batch 1
mycosis fungoides,psoriasis,mycosis fungoides,psoriasis,rare,common,other (biomarker),related but distinct,0.40,Spatial single-cell transcriptomics: granulysin and FYB1 separate early MF from psoriasis (AUC 0.86/0.79),,comparative study (PubMed pub type),,Spatially Resolved Single-Cell Transcriptome Analysis of Mycosis Fungoides Reveals Distinct Biomarkers GNLY and FYB1 Compared With Psoriasis and Chronic Spongiotic Dermatitis.,2025,https://doi.org/10.1016/j.modpat.2024.100681,39675427,no,no - subscription/paywalled,abstract only,batch 1
mycosis fungoides,psoriasis,mycosis fungoides,psoriasis,rare,common,phenotype,related but distinct,0.40,Dermoscopy with UV mode shows distinct vascular and scale patterns in early MF vs psoriasis,,comparative study (PubMed pub type),,"Patterns and pitfalls: Dermoscopic differentiation of early-stage mycosis fungoides, atopic dermatitis, and psoriasis.",2026,https://doi.org/10.1016/j.jaad.2025.12.049,41419138,no,no - subscription/paywalled,abstract only,batch 1
mycosis fungoides,atopic dermatitis,mycosis fungoides,atopic dermatitis,rare,common,phenotype,related but distinct,0.40,Dermoscopy with UV mode shows distinct features in early MF vs atopic dermatitis,,comparative study (PubMed pub type),,"Patterns and pitfalls: Dermoscopic differentiation of early-stage mycosis fungoides, atopic dermatitis, and psoriasis.",2026,https://doi.org/10.1016/j.jaad.2025.12.049,41419138,no,no - subscription/paywalled,abstract only,batch 1
generalized pustular psoriasis,plaque psoriasis,psoriasis,psoriasis,rare,common,epidemiology,related but distinct,0.40,Meta-analysis: all-cause mortality in GPP is 2-3 times that of plaque psoriasis,,original research (PubMed pub type),,Comparison of All-Cause Mortality in Generalized Pustular Psoriasis and Plaque Psoriasis: A Systematic Review and Meta-Analysis.,2026,https://europepmc.org/article/PMC/PMC12873048,41205050,yes,yes - free full text in PMC/Europe PMC (not read),abstract only,batch 1
generalized pustular psoriasis,psoriasis vulgaris,psoriasis,psoriasis,rare,common,pathways,related but distinct,0.40,Tissue proteomics: MMP9 is much higher in GPP than PV and falls after IL-36 inhibition,,original research (PubMed pub type),,Proteomic Profiling and Clinical Insights: The Role of MMP9 in Differentiating Psoriasis Vulgaris from Generalized Pustular Psoriasis.,2025,https://europepmc.org/article/PMC/PMC11920628,40109654,yes,yes - free full text in PMC/Europe PMC (not read),abstract only,batch 1
xeroderma pigmentosum,Cockayne syndrome,xeroderma pigmentosum,Cockayne syndrome,rare,rare,genes; phenotype,related but distinct,0.45,"Both are nucleotide-excision-repair disorders with overlapping genes, but XP shows primary neuronal degeneration and very high skin-cancer risk while CS shows reduced myelination",,review (PubMed pub type),,"Xeroderma pigmentosum, trichothiodystrophy and Cockayne syndrome: a complex genotype-phenotype relationship.",2007,https://europepmc.org/article/PMC/PMC2288663,17276014,free full text in PMC,yes - free full text in PMC/Europe PMC (not read),abstract only,batch 1
xeroderma pigmentosum,trichothiodystrophy,xeroderma pigmentosum,trichothiodystrophy,rare,rare,genes; phenotype,related but distinct,0.45,Shared NER/TFIIH genes but divergent phenotypes: cancer-prone XP vs dysmyelinating TTD,,review (PubMed pub type),,"Xeroderma pigmentosum, trichothiodystrophy and Cockayne syndrome: a complex genotype-phenotype relationship.",2007,https://europepmc.org/article/PMC/PMC2288663,17276014,free full text in PMC,yes - free full text in PMC/Europe PMC (not read),abstract only,batch 1
ataxia-telangiectasia,Nijmegen breakage syndrome,ataxia-telangiectasia,Nijmegen breakage syndrome,rare,rare,pathways,similar,0.85,"ATM phosphorylates NBS1 after DNA damage, a biochemical link between two diseases with overlapping cellular phenotypes",,original research (PubMed pub type),,Functional link between ataxia-telangiectasia and Nijmegen breakage syndrome gene products.,2000,https://doi.org/10.1038/35013083,10839544,no,no - subscription/paywalled,abstract only,batch 1
Nijmegen breakage syndrome,ataxia-telangiectasia,Nijmegen breakage syndrome,ataxia-telangiectasia,rare,rare,pathways,related but distinct,0.40,"Both cell types are radiosensitive, but NBS cells recover from potentially lethal damage and have different p53 kinetics from AT cells",,comparative study (PubMed pub type),,Differing responses of Nijmegen breakage syndrome and ataxia telangiectasia cells to ionizing radiation.,2002,https://doi.org/10.1667/0033-7587(2002)158[0319:dronbs]2.0.co;2,12175309,no,no - subscription/paywalled,abstract only,batch 1
ataxia-telangiectasia,Nijmegen breakage syndrome,ataxia-telangiectasia,Nijmegen breakage syndrome,rare,rare,other (biomarker),similar,0.80,"Redox homeostasis is disturbed in both, with reduced CoQ10 in both patient groups",,comparative study (PubMed pub type),,Comparison of Selected Parameters of Redox Homeostasis in Patients with Ataxia-Telangiectasia and Nijmegen Breakage Syndrome.,2017,https://europepmc.org/article/PMC/PMC5804414,29456787,yes,yes - free full text in PMC/Europe PMC (not read),abstract only,batch 1
Wolfram syndrome,type 1 diabetes,Wolfram syndrome,diabetes mellitus,rare,common,phenotype,related but distinct,0.40,"Diabetes in Wolfram is more easily controlled, with a trend to fewer microvascular complications than matched T1D",,comparative study (PubMed pub type),,"Microvascular diabetes complications in Wolfram syndrome (diabetes insipidus, diabetes mellitus, optic atrophy, and deafness [DIDMOAD]): an age- and duration-matched comparison with common type 1 diabetes.",2007,https://doi.org/10.2337/dc07-0380,17536072,no,yes - free full text at publisher (not read),abstract only,batch 1
Wolfram syndrome,type 1 diabetes,Wolfram syndrome,diabetes mellitus,rare,common,phenotype,related but distinct,0.40,"CGM shows lower glycaemic variability in Wolfram than T1D, possibly from residual insulin secretion",,comparative study (PubMed pub type),,Glycemic variability in patients with Wolfram syndrome is lower than in type 1 diabetes.,2015,https://europepmc.org/article/PMC/PMC4628085,25916214,yes,yes - free full text in PMC/Europe PMC (not read),abstract only,batch 1
Alstrom syndrome,Bardet-Biedl syndrome,Alstrom syndrome,Bardet-Biedl syndrome,rare,rare,genes,related but distinct,0.40,Clinical overlap in early retinal degeneration with obesity; systematic ciliopathy gene sequencing (ALMS1 vs BBS genes) separates them,,original research (PubMed pub type),,Differentiating Alström from Bardet-Biedl syndrome (BBS) using systematic ciliopathy genes sequencing.,2012,https://doi.org/10.3109/13816810.2011.620055,22004009,no,no - subscription/paywalled,abstract only,batch 1
Bardet-Biedl syndrome,Alstrom syndrome,Bardet-Biedl syndrome,Alstrom syndrome,rare,rare,pathways,related but distinct,0.40,Zebrafish transcriptomes show shared pathways plus divergent ones (a pancreatic deficit only in the Alström model),,original research (PubMed pub type),,Whole organism transcriptome analysis of zebrafish models of Bardet-Biedl Syndrome and Alström Syndrome provides mechanistic insight into shared and divergent phenotypes.,2016,https://europepmc.org/article/PMC/PMC4855444,27142762,yes,yes - free full text in PMC/Europe PMC (not read),abstract only,batch 1
Prader-Willi syndrome,Bardet-Biedl syndrome,Prader-Willi syndrome,Bardet-Biedl syndrome,rare,rare,other (biomarker),similar,0.80,Fasting ghrelin and GLP-1 did not differ in PWS or BBS from obese or lean peers,,original research (PubMed pub type),,Serum Ghrelin and Glucagon-like Peptide 1 Levels in Children with Prader-Willi and Bardet-Biedl Syndromes,2024,https://europepmc.org/article/PMC/PMC11590730,38099591,yes,yes - free full text in PMC/Europe PMC (not read),abstract only,batch 1
Prader-Willi syndrome,Bardet-Biedl syndrome,Prader-Willi syndrome,Bardet-Biedl syndrome,rare,rare,pathways; other (biomarker),similar,0.90,Serum alpha-MSH is lower in both PWS and BBS than in obese and lean controls (melanocortin pathway),,original research (PubMed pub type),,"Serum alpha-melanocyte-stimulating hormone (a-MSH), brain-derived neurotrophic factor (BDNF), and agouti-related protein (AGRP) levels in children with Prader-Willi or Bardet-Biedl syndromes.",2022,https://doi.org/10.1007/s40618-021-01737-8,35098494,no,no - subscription/paywalled,abstract only,batch 1
Lowe syndrome,Dent disease 2,Lowe syndrome,Dent disease,rare,rare,genes,related but distinct,0.40,Same gene (OCRL): an alternative isoform starting at exon 8 explains the milder Dent-2 vs Lowe phenotype,,original research (PubMed pub type),,Identification of novel OCRL isoforms associated with phenotypic differences between Dent disease-2 and Lowe syndrome.,2022,https://doi.org/10.1093/ndt/gfab274,34586410,no,yes - free full text at publisher (not read),abstract only,batch 1
Dent disease 2,Lowe syndrome,Dent disease,Lowe syndrome,rare,rare,genes; phenotype,related but distinct,0.45,"Genotype–phenotype review: DD2 is distinct from Lowe, though five OCRL mutations cause both",,original research (PubMed pub type),,Genotype Phenotype Correlation in Dent Disease 2 and Review of the Literature: OCRL Gene Pleiotropism or Extreme Phenotypic Variability of Lowe Syndrome?,2021,https://europepmc.org/article/PMC/PMC8535715,34680992,yes,yes - free full text in PMC/Europe PMC (not read),abstract only,batch 1
Loeys-Dietz syndrome,Shprintzen-Goldberg syndrome,Loeys-Dietz syndrome,Shprintzen-Goldberg syndrome,rare,rare,phenotype; genes,related but distinct,0.45,Multimodal craniofacial phenotyping across TGF-beta-opathies; most severe with TGFBR2 (LDS) and SKI (SGS),,original research (PubMed pub type),,Loeys-Dietz and Shprintzen-Goldberg syndromes: analysis of TGF-β-opathies with craniofacial manifestations using an innovative multimodality method.,2022,https://europepmc.org/article/PMC/PMC9554024,34916229,yes,yes - free full text in PMC/Europe PMC (not read),abstract only,batch 1
polyarteritis nodosa,deficiency of adenosine deaminase 2,polyarteritis nodosa,deficiency of adenosine deaminase 2,rare,rare,phenotype; treatment,related but distinct,0.45,"DADA2 had earlier onset (4 vs 11 yrs), more consanguinity and good anti-TNF response; classic PAN may need other biologics",,original research (PubMed pub type),,Pediatric-Onset Polyarteritis Nodosa and Deficiency of Adenosine Deaminase 2: Clinical Overlap and Divergence.,2025,https://doi.org/10.1097/rhu.0000000000002270,40815801,no,no - subscription/paywalled,abstract only,batch 1
Behcet disease,familial Mediterranean fever,Behcet disease,familial Mediterranean fever,rare,rare,genes,similar,0.85,Review: pathogenic MEFV variants (esp. M694V) raise BD risk where both are common; possible shared inflammasome mechanism,,review (PubMed pub type),,"Behçet disease, familial Mediterranean fever and MEFV variations: More than just an association.",2023,https://doi.org/10.1016/j.clim.2023.109630,37216220,no,no - subscription/paywalled,abstract only,batch 1
Behcet disease,familial Mediterranean fever,Behcet disease,familial Mediterranean fever,rare,rare,genes,similar,0.85,Targeted resequencing: the FMF mutation MEFV M694V confers BD risk in Turks (OR 2.65),,original research (PubMed pub type),,Targeted resequencing implicates the familial Mediterranean fever gene MEFV and the toll-like receptor 4 gene TLR4 in Behçet disease.,2013,https://europepmc.org/article/PMC/PMC3657824,23633568,free full text in PMC,yes - free full text in PMC/Europe PMC (not read),abstract only,batch 1
VEXAS syndrome,idiopathic relapsing polychondritis,VEXAS syndrome,relapsing polychondritis,rare,rare,phenotype; genes,related but distinct,0.45,"VEXAS-RP is male (96% vs 30%), older, with more fever, skin, eye, lung and heart involvement and MDS than idiopathic RP",,multicentre study (PubMed pub type),,Comparison between idiopathic and VEXAS-relapsing polychondritis: analysis of a French case series of 95 patients.,2022,https://europepmc.org/article/PMC/PMC9315905,35868738,yes,yes - free full text in PMC/Europe PMC (not read),abstract only,batch 1
granulomatosis with polyangiitis,relapsing polychondritis,granulomatosis with polyangiitis,relapsing polychondritis,rare,rare,phenotype,related but distinct,0.40,"Chest CT: subglottic involvement favours GPA, diffuse airway involvement favours RP; posterior membrane sparing is non-specific",,original research (PubMed pub type),,Differentiating tracheobronchial involvement in granulomatosis with polyangiitis and relapsing polychondritis on chest CT: a cohort study.,2022,https://europepmc.org/article/PMC/PMC9615207,36307863,yes,yes - free full text in PMC/Europe PMC (not read),abstract only,batch 1
chronic beryllium disease,sarcoidosis,chronic beryllium disease,sarcoidosis,rare,rare,phenotype; other (biomarker),related but distinct,0.45,BeLPT detected CBD in 41% of exposed granulomatous patients; CBD had lower FVC and more restriction than sarcoidosis,,original research (PubMed pub type),,Beryllium Lymphocyte Proliferation Test: Differential Diagnosis of Sarcoidosis and Chronic Beryllium Disease.,2025,https://europepmc.org/article/PMC/PMC12831088,40609857,yes,yes - free full text in PMC/Europe PMC (not read),abstract only,batch 1
sarcoidosis,chronic beryllium disease,sarcoidosis,chronic beryllium disease,rare,rare,phenotype,similar,0.80,Review: lung-predominant sarcoidosis can be clinically and pathologically indistinguishable from CBD without exposure history and BeLPT,,review (PubMed pub type),,Sarcoidosis and chronic beryllium disease: similarities and differences.,2014,https://doi.org/10.1055/s-0034-1377059,25007084,no,no - subscription/paywalled,abstract only,batch 1
pulmonary Langerhans cell histiocytosis,lymphangioleiomyomatosis,Langerhans cell histiocytosis,lymphangioleiomyomatosis,rare,rare,genes,similar,0.85,"Loss of heterozygosity of TSC2 in circulating cells is found in PLCH as well as LAM, so it is not LAM-specific",,original research (PubMed pub type),,Pulmonary Langerhans Cell Histiocytosis and Lymphangioleiomyomatosis Have Circulating Cells With Loss of Heterozygosity of the TSC2 Gene.,2022,https://europepmc.org/article/PMC/PMC9470734,35231481,free full text in PMC,yes - free full text in PMC/Europe PMC (not read),abstract only,batch 1
lymphangioleiomyomatosis,pulmonary Langerhans cell histiocytosis,lymphangioleiomyomatosis,Langerhans cell histiocytosis,rare,rare,phenotype,similar,0.80,"Review: similar cystic radiology, age of onset and possible extrapulmonary involvement despite distinct pathogenesis",,review (PubMed pub type),,New insights in lymphangioleiomyomatosis and pulmonary Langerhans cell histiocytosis.,2017,https://europepmc.org/article/PMC/PMC9488980,28954765,yes,yes - free full text in PMC/Europe PMC (not read),abstract only,batch 1
fibrotic hypersensitivity pneumonitis,idiopathic pulmonary fibrosis,fibrotic hypersensitivity pneumonitis,idiopathic pulmonary fibrosis,rare,rare,phenotype,related but distinct,0.40,"CT features (GGO with traction bronchiectasis, upper-lung peribronchovascular opacities, random distribution) separate fHP from IPF",,original research (PubMed pub type),,Validation of a computed tomography diagnostic model for differentiating fibrotic hypersensitivity pneumonitis from idiopathic pulmonary fibrosis.,2024,https://doi.org/10.1016/j.resinv.2024.07.002,38996781,no,no - subscription/paywalled,abstract only,batch 1
fibrotic hypersensitivity pneumonitis,idiopathic pulmonary fibrosis,fibrotic hypersensitivity pneumonitis,idiopathic pulmonary fibrosis,rare,rare,other (biomarker),related but distinct,0.40,Plasma proteomics plus machine learning separate fHP from IPF (71% accuracy on test set),,original research (PubMed pub type),,Plasma proteomics and machine learning deliver non-invasive distinction between fibrotic hypersensitivity pneumonitis and idiopathic pulmonary fibrosis.,2026,https://doi.org/10.1186/s12967-026-08643-8,42469859,no,no - subscription/paywalled,abstract only,batch 1
narcolepsy with cataplexy,Kleine-Levin syndrome,narcolepsy,Kleine-Levin syndrome,rare,rare,other (biomarker),related but distinct,0.40,CSF hypocretin-1 is low in narcolepsy-cataplexy but not consistently low in KLS,,original research (PubMed pub type),,"CSF hypocretin-1 levels in narcolepsy, Kleine-Levin syndrome, and other hypersomnias and neurological conditions.",2003,https://europepmc.org/article/PMC/PMC1757412,14638887,free full text in PMC,yes - free full text in PMC/Europe PMC (not read),abstract only,batch 1
narcolepsy with cataplexy,idiopathic hypersomnia,narcolepsy,idiopathic hypersomnia,rare,rare,other (biomarker),related but distinct,0.40,Low CSF hypocretin-1 typifies narcolepsy-cataplexy; levels are normal in idiopathic hypersomnia,,original research (PubMed pub type),,"CSF hypocretin-1 levels in narcolepsy, Kleine-Levin syndrome, and other hypersomnias and neurological conditions.",2003,https://europepmc.org/article/PMC/PMC1757412,14638887,free full text in PMC,yes - free full text in PMC/Europe PMC (not read),abstract only,batch 1
CDKL5 deficiency disorder,Rett syndrome,CDKL5 deficiency disorder,Rett syndrome,rare,rare,phenotype,related but distinct,0.40,"International data: epilepsy and GI problems more common, scoliosis and breathing problems less common in CDD than Rett, supporting a separate disorder",,original research (PubMed pub type),,Prevalence and onset of comorbidities in the CDKL5 disorder differ from Rett syndrome.,2016,https://europepmc.org/article/PMC/PMC4832563,27080038,yes,yes - free full text in PMC/Europe PMC (not read),abstract only,batch 1
Rett syndrome,CDKL5 deficiency disorder,Rett syndrome,CDKL5 deficiency disorder,rare,rare,phenotype; pathways,related but distinct,0.45,"Review: overlapping but contrasting clinical, synaptic, seizure and sleep features of MECP2 vs CDKL5 loss",,review (PubMed pub type),,Rett Syndrome and CDKL5 Deficiency Disorder: From Bench to Clinic.,2019,https://europepmc.org/article/PMC/PMC6834180,31618813,yes,yes - free full text in PMC/Europe PMC (not read),abstract only,batch 1
MECP2 duplication syndrome,Rett syndrome,MECP2 duplication syndrome,Rett syndrome,rare,rare,pathways,similar,0.85,"Oxidative stress is raised in both MECP2 gain-of-function (MDS) and loss-of-function (Rett), with overlapping symptoms",,comparative study (PubMed pub type),,MECP2 Duplication Syndrome: Evidence of Enhanced Oxidative Stress. A Comparison with Rett Syndrome.,2016,https://europepmc.org/article/PMC/PMC4773238,26930212,yes,yes - free full text in PMC/Europe PMC (not read),abstract only,batch 1
Rett syndrome,MECP2 duplication syndrome,Rett syndrome,MECP2 duplication syndrome,rare,rare,genes; treatment,related but distinct,0.45,Review: opposite MeCP2 dosage disorders with partly shared phenotypes; therapy pipelines for each,,review (PubMed pub type),,Rett Syndrome and MECP2 Duplication Syndrome: Disorders of MeCP2 Dosage.,2022,https://europepmc.org/article/PMC/PMC9719276,36471747,yes,yes - free full text in PMC/Europe PMC (not read),abstract only,batch 1
Smith-Magenis syndrome,Potocki-Lupski syndrome,Smith-Magenis syndrome,Potocki-Lupski syndrome,rare,rare,genes; other (epigenetics),related but distinct,0.45,Reciprocal 17p11.2 deletion/duplication disorders have distinct but interconnected DNA-methylation episignatures,,original research (PubMed pub type),,DNA methylation episignature for Smith-Magenis and Potocki-Lupski syndromes: a mirror perspective.,2026,https://doi.org/10.1038/s41431-025-01956-0,41028553,no,no - subscription/paywalled,abstract only,batch 1
Smith-Magenis syndrome,Potocki-Lupski syndrome,Smith-Magenis syndrome,Potocki-Lupski syndrome,rare,rare,genes; phenotype,related but distinct,0.45,Review: reciprocal RAI1-dosage disorders with different clinical and behavioural phenotypes,,review (PubMed pub type),,Neurodevelopmental Disorders Associated with Abnormal Gene Dosage: Smith-Magenis and Potocki-Lupski Syndromes.,2015,https://europepmc.org/article/PMC/PMC4918721,27617127,yes,yes - free full text in PMC/Europe PMC (not read),abstract only,batch 1
Williams syndrome,7q11.23 duplication syndrome,Williams syndrome,7q11.23 duplication syndrome,rare,rare,genes; phenotype,related but distinct,0.45,Reciprocal CNVs with contrasting syndromic features; haploid/triploid genotypes are linked to aortic arteriopathy,,original research (PubMed pub type),,A method for determining haploid and triploid genotypes and their association with vascular phenotypes in Williams syndrome and 7q11.23 duplication syndrome.,2018,https://europepmc.org/article/PMC/PMC5883342,29614955,yes,yes - free full text in PMC/Europe PMC (not read),abstract only,batch 1
16p11.2 deletion,16p11.2 duplication,16p11.2 deletion,16p11.2 duplication,rare,rare,phenotype; genes,related but distinct,0.45,DTI shows reciprocal (opposite) white-matter changes in deletion vs duplication carriers despite similar cognitive/behavioural deficits,,original research (PubMed pub type),,Reciprocal white matter alterations due to 16p11.2 chromosomal deletions versus duplications.,2016,https://europepmc.org/article/PMC/PMC6867519,27219475,free full text in PMC,yes - free full text in PMC/Europe PMC (not read),abstract only,batch 1
16p11.2 deletion,16p11.2 duplication,16p11.2 deletion,16p11.2 duplication,rare,rare,phenotype,similar,0.80,Both groups have pronounced sensory-processing differences (71% of duplication carriers unusually sensitive),,original research (PubMed pub type),,Sensory processing in 16p11.2 deletion and 16p11.2 duplication.,2022,https://europepmc.org/article/PMC/PMC9826336,36053814,yes,yes - free full text in PMC/Europe PMC (not read),abstract only,batch 1
fragile X-associated tremor/ataxia syndrome,multiple system atrophy,fragile X-associated tremor/ataxia syndrome,multiple system atrophy,rare,rare,genes; epidemiology,related but distinct,0.45,EMSA: FMR1 premutations in only 0.94% of clinical MSA; FXTAS rarely confused with MSA; routine FMR1 testing not advised,,multicentre study (PubMed pub type),,The fragile X tremor ataxia syndrome in the differential diagnosis of multiple system atrophy: data from the EMSA Study Group.,2005,https://doi.org/10.1093/brain/awh535,15947063,no,no - subscription/paywalled,abstract only,batch 1
fragile X-associated tremor/ataxia syndrome,multiple system atrophy,fragile X-associated tremor/ataxia syndrome,multiple system atrophy,rare,rare,genes; epidemiology,related but distinct,0.45,Only 2 FMR1 premutation carriers in an MSA/related cohort; FXTAS is rare among MSA patients,,case report (PubMed pub type),,FMR1 premutations associated with fragile X-associated tremor/ataxia syndrome in multiple system atrophy.,2005,https://doi.org/10.1001/archneur.62.6.962,15956167,no,no - subscription/paywalled,abstract only,batch 1
spinocerebellar ataxia type 2,amyotrophic lateral sclerosis,spinocerebellar ataxia,amyotrophic lateral sclerosis,rare,rare,genes,similar,0.85,"ATXN2 CAG expansions link the two (full expansions cause SCA2, intermediate ones raise ALS risk); case of ALS decades after SCA2 onset",,case report (PubMed pub type),,Spinocerebellar ataxia type 2 followed by amyotrophic lateral sclerosis due to a pure CAG repeat expansion in ATXN2: a case report and literature review.,2025,https://doi.org/10.1007/s10072-025-08332-2,40581671,no,no - subscription/paywalled,abstract only,batch 1
paediatric multiple sclerosis,acute disseminated encephalomyelitis,multiple sclerosis,acute disseminated encephalomyelitis,common,rare,phenotype; other (biomarker),related but distinct,0.45,"Sex, age 11-17, CSF oligoclonal bands and occipital MRI lesion separate paediatric MS from monophasic ADEM (AUC 98%)",,original research (PubMed pub type),,"Oligoclonal bands, age 11-17 years, occipital lesion, and female sex differentiate pediatric multiple sclerosis from acute disseminated encephalomyelitis: A nationwide cohort study.",2022,https://doi.org/10.1016/j.msard.2022.104008,35863128,no,no - subscription/paywalled,abstract only,batch 1
paediatric-onset multiple sclerosis,acute disseminated encephalomyelitis,multiple sclerosis,acute disseminated encephalomyelitis,common,rare,phenotype,related but distinct,0.40,Diffusion basis spectrum imaging shows more axonal injury and less edema in POMS than ADEM,,original research (PubMed pub type),,Differentiating Pathology of Acute Disseminated Encephalomyelitis From Multiple Sclerosis in Children Using Diffusion Magnetic Resonance Biomarkers.,2025,https://europepmc.org/article/PMC/PMC12734242,40117898,yes,yes - free full text in PMC/Europe PMC (not read),abstract only,batch 1
neurosarcoidosis,multiple sclerosis,neurosarcoidosis,multiple sclerosis,rare,common,other (biomarker),related but distinct,0.40,"CSF pleocytosis, raised QAlb and no intrathecal IgG favour neurosarcoidosis; a positive MRZ reaction rules it out (>92% sens/spec)",,original research (PubMed pub type),,Differentiating neurosarcoidosis from multiple sclerosis using combined analysis of basic CSF parameters and MRZ reaction.,2023,https://europepmc.org/article/PMC/PMC10080049,37034091,yes,yes - free full text in PMC/Europe PMC (not read),abstract only,batch 1
neurosarcoidosis,multiple sclerosis,neurosarcoidosis,multiple sclerosis,rare,common,other (biomarker),similar,0.80,CSF flow-cytometry immune cell proportions did not separate neurosarcoidosis from MS (only leukocyte counts differed),,original research (PubMed pub type),,No differences in the proportions of immune cells in CSF of patients with neurosarcoidosis and multiple sclerosis.,2026,https://doi.org/10.1016/j.jocn.2025.111824,41443010,no,no - subscription/paywalled,abstract only,batch 1
Leber hereditary optic neuropathy,multiple sclerosis,Leber hereditary optic neuropathy,multiple sclerosis,rare,common,pathways; other (biomarker),related but distinct,0.45,"CSF proteomics: both show lower transthyretin dimer, but apolipoprotein A-IV is specifically up in LHON",,original research (PubMed pub type),,Differential cerebro spinal fluid proteome investigation of Leber hereditary optic neuropathy (LHON) and multiple sclerosis.,2008,https://doi.org/10.1016/j.jneuroim.2007.10.004,18061280,no,yes - free full text at publisher (not read),abstract only,batch 1
Leber hereditary optic neuropathy,multiple sclerosis,Leber hereditary optic neuropathy,multiple sclerosis,rare,common,genes; phenotype,similar,0.90,Review of LHON-MS (Harding disease): shared mitochondrial and imaging features suggest common pathology,,review (PubMed pub type),,A Comprehensive Review of Leber Hereditary Optic Neuropathy and Its Association with Multiple Sclerosis-Like Phenotypes Known as Harding's Disease.,2024,https://europepmc.org/article/PMC/PMC11296356,39100385,yes,yes - free full text in PMC/Europe PMC (not read),abstract only,batch 1
autoimmune pancreatitis,pancreatic ductal adenocarcinoma,autoimmune pancreatitis,pancreatic ductal adenocarcinoma,rare,rare,other (microbiome),related but distinct,0.40,Pancreatic tissue microbiome differs between type 1 AIP and PDAC (bacterial index AUC 0.91),,original research (PubMed pub type),,Distinct difference of pancreatic tissue-specific microbiome in autoimmune pancreatitis and pancreatic ductal adenocarcinoma.,2026,https://europepmc.org/article/PMC/PMC13194858,41927721,yes,yes - free full text in PMC/Europe PMC (not read),abstract only,batch 1
autoimmune pancreatitis,pancreatic ductal adenocarcinoma,autoimmune pancreatitis,pancreatic ductal adenocarcinoma,rare,rare,phenotype,related but distinct,0.40,Extracellular volume fraction on equilibrium CT helps separate AIP from PDAC,,original research (PubMed pub type),,Effective Extracellular Volume Fraction Determined by Equilibrium Contrast-Enhanced CT for Differentiating Autoimmune Pancreatitis from Pancreatic Ductal Adenocarcinoma.,2025,https://europepmc.org/article/PMC/PMC12346036,40804812,yes,yes - free full text in PMC/Europe PMC (not read),abstract only,batch 1
eosinophilic esophagitis,achalasia,eosinophilic esophagitis,achalasia,rare,rare,phenotype; epidemiology,related but distinct,0.45,"Population study: achalasia is diagnosed in a notable subset of EoE patients, often before or with EoE, so eosinophilia may be secondary",,comparative study (PubMed pub type),,Overlapping Esophageal Disorders: A Population-Based Comparative Study of Eosinophilic Esophagitis Patients Also Diagnosed With Achalasia.,2026,https://doi.org/10.1111/nmo.70208,41240319,no,no - subscription/paywalled,abstract only,batch 1
Hirschsprung disease,chronic intestinal pseudo-obstruction,Hirschsprung disease,chronic intestinal pseudo-obstruction,rare,rare,genes,related but distinct,0.40,Specific RET SNP alleles are associated with typical Hirschsprung disease but not with intestinal pseudo-obstruction or anorectal malformation,,comparative study (PubMed pub type),,"Polymorphisms of the RET gene in hirschsprung disease, anorectal malformation and intestinal pseudo-obstruction in Taiwan.",2010,https://doi.org/10.1016/s0929-6646(10)60019-8,20123584,no,no - subscription/paywalled,abstract only,batch 1
Alagille syndrome,biliary atresia,Alagille syndrome,biliary atresia,rare,rare,phenotype,related but distinct,0.40,"In infants under 3 months, cardiac anomalies, facial features, GGT, ultrasound and histology separate ALGS from BA; JAG1/NOTCH2 testing confirms",,comparative study (PubMed pub type),,Prompt distinction of Alagille syndrome and biliary Atresia in infants: a comparative study.,2025,https://europepmc.org/article/PMC/PMC12239444,40634917,yes,yes - free full text in PMC/Europe PMC (not read),abstract only,batch 1
progressive familial intrahepatic cholestasis,Alagille syndrome,progressive familial intrahepatic cholestasis,Alagille syndrome,rare,rare,pathways; phenotype,related but distinct,0.45,"Different lipoprotein metabolism: PFIC has high oxidised LDL and foam-cell formation, suggesting more atherosclerosis risk than ALGS",,original research (PubMed pub type),,Evaluation of risk for atherosclerosis in Alagille syndrome and progressive familial intrahepatic cholestasis: two congenital cholestatic diseases with different lipoprotein metabolisms.,2005,https://doi.org/10.1016/j.jpeds.2004.10.047,15756213,no,no - subscription/paywalled,abstract only,batch 1
glycogen storage disease type I,glycogen storage disease type III/VI/IX,glycogen storage disease,glycogen storage disease,rare,rare,phenotype,related but distinct,0.40,GSD I children have lower height SDS and higher lactate than GSD III/VI/IX; hyperlactataemia predicts growth impairment,,comparative study (PubMed pub type),,Growth impairment in glycogen storage disease type I versus types III/VI/IX: a cross-sectional study.,2025,https://europepmc.org/article/PMC/PMC12502152,41053679,yes,yes - free full text in PMC/Europe PMC (not read),abstract only,batch 1
glycogen storage disease type III,glycogen storage disease type I,glycogen storage disease,glycogen storage disease,rare,rare,pathways,related but distinct,0.40,"Alanine and gluconeogenic responses to meals differ, with enhanced gluconeogenesis in GSD III but not GSD I",,comparative study (PubMed pub type),,Amino acid disturbances in type III glycogenosis: differences from type I glycogenosis.,1983,https://doi.org/10.1016/0026-0495(83)90159-2,6336817,no,no - subscription/paywalled,abstract only,batch 1
fibrodysplasia ossificans progressiva / progressive osseous heteroplasia,non-hereditary heterotopic ossification,fibrodysplasia ossificans progressiva,non-hereditary heterotopic ossification,rare,common,pathways; phenotype,related but distinct,0.45,"Vascular patterning is conserved across HO types, but vascular parameters are higher in genetic HO (FOP/POH) than in non-hereditary HO",,comparative study (PubMed pub type),,Differential Vascularity in Genetic and Nonhereditary Heterotopic Ossification.,2019,https://doi.org/10.1177/1066896919857135,31250694,no,yes - free full text at publisher (not read),abstract only,batch 1
von Willebrand disease,hemophilia A,von Willebrand disease,hemophilia A,common,rare,phenotype,similar,0.80,Long-term joint outcome after joint bleeds is similar in VWD and moderate haemophilia A; type 3 VWD is as bad as severe HA,,comparative study (PubMed pub type),,Long-Term Outcome after Joint Bleeds in Von Willebrand Disease Compared to Haemophilia A: A Post Hoc Analysis.,2018,https://doi.org/10.1055/s-0038-1670704,30273954,no,yes - free full text at publisher (not read),abstract only,batch 1
von Willebrand disease type 2N,hemophilia A,von Willebrand disease,hemophilia A,rare,rare,other (diagnostics),related but distinct,0.40,Iranian VWD 2N patients were all misdiagnosed as haemophilia A; VWF:FVIIIB testing needed,,original research (PubMed pub type),,Are Iranian patients with von Willebrand disease type 2N properly differentiated from hemophilia A and do they receive appropriate treatment?,2020,https://doi.org/10.1097/mbc.0000000000000932,32815913,no,no - subscription/paywalled,abstract only,batch 1
vaccine-induced immune thrombotic thrombocytopenia,heparin-induced thrombocytopenia,vaccine-induced immune thrombotic thrombocytopenia,heparin-induced thrombocytopenia,rare,rare,other (biomarker),related but distinct,0.40,"Fluid-phase EIA: classic HIT sera react to PF4/heparin, VITT sera to PF4 alone, giving opposite profiles",,original research (PubMed pub type),,"Investigation of anti-PF4 versus anti-PF4/heparin reactivity using fluid-phase enzyme immunoassay for 4 anti-PF4 disorders: classic heparin-induced thrombocytopenia (HIT), autoimmune HIT, vaccine-induced immune thrombotic thrombocytopenia, and spontaneous HIT.",2023,https://doi.org/10.1016/j.jtha.2023.04.034,37182698,no,no - subscription/paywalled,abstract only,batch 1
heparin-induced thrombocytopenia,vaccine-induced immune thrombotic thrombocytopenia,heparin-induced thrombocytopenia,vaccine-induced immune thrombotic thrombocytopenia,rare,rare,pathways,similar,0.85,Review: both are anti-PF4 platelet-activating disorders with shared and distinct thrombosis mechanisms,,review (PubMed pub type),,Mechanisms of Thrombosis in Heparin-Induced Thrombocytopenia and Vaccine-Induced Immune Thrombotic Thrombocytopenia.,2023,https://doi.org/10.1055/s-0043-1761269,36706782,no,no - subscription/paywalled,abstract only,batch 1
catastrophic antiphospholipid syndrome,thrombotic thrombocytopenic purpura,catastrophic antiphospholipid syndrome,thrombotic thrombocytopenic purpura,rare,rare,phenotype; treatment,related but distinct,0.45,"Case and comparison: both respond to plasmapheresis, but anticoagulation (key in CAPS) could be disastrous in TTP",,case report (PubMed pub type),,Relapsing catastrophic antiphospholipid antibody syndrome: a mimic for thrombotic thrombocytopenic purpura?,1999,https://doi.org/10.1177/096120339900800613,10483019,no,no - subscription/paywalled,abstract only,batch 1
Erdheim-Chester disease,Rosai-Dorfman disease,Erdheim-Chester disease,Rosai-Dorfman disease,rare,rare,phenotype; genes,similar,0.85,Mixed ECD with Rosai-Dorfman-like lesions (MAP2K1-associated entity) shares features of both histiocytoses,,case report (PubMed pub type),,"Erdheim-Chester disease with Rosai-Dorfman-like lesions: treatment with methotrexate, anakinra and upadacitinib.",2023,https://europepmc.org/article/PMC/PMC9884847,36693681,yes,yes - free full text in PMC/Europe PMC (not read),abstract only,batch 1
common variable immunodeficiency,X-linked agammaglobulinemia,common variable immunodeficiency,X-linked agammaglobulinemia,rare,rare,phenotype,related but distinct,0.40,"Low BMD in 40.5% of CVID vs 15.8% of XLA, reflecting CVID-specific lymphoproliferative/endocrine disease",,comparative study (PubMed pub type),,Comparison of Bone Mineral Density in Common Variable Immunodeficiency and X-Linked Agammaglobulinaemia Patients.,2017,https://doi.org/10.2174/1871530317666170612093906,28606051,no,no - subscription/paywalled,abstract only,batch 1
common variable immunodeficiency,X-linked agammaglobulinemia,common variable immunodeficiency,X-linked agammaglobulinemia,rare,rare,phenotype,related but distinct,0.40,Screening endoscopy: frequent GI pathology in CVID; XLA patients had colorectal adenomas at a young age,,original research (PubMed pub type),,Outcome of screening endoscopy in common variable immunodeficiency disorder and X-linked agammaglobulinemia.,2013,https://doi.org/10.1055/s-0032-1326078,23325698,no,no - subscription/paywalled,abstract only,batch 1
Wiskott-Aldrich syndrome,immune thrombocytopenia,Wiskott-Aldrich syndrome,immune thrombocytopenia,rare,rare,phenotype,related but distinct,0.40,Case: WAS initially diagnosed as CMV-associated ITP; consider WAS in refractory infant ITP,,case report (PubMed pub type),,Wiskott-Aldrich syndrome that was initially diagnosed as immune thrombocytopenic purpura secondary to a cytomegalovirus infection.,2018,https://europepmc.org/article/PMC/PMC5768273,29348920,yes,yes - free full text in PMC/Europe PMC (not read),abstract only,batch 1
hyper-IgE syndrome (STAT3/DOCK8),severe atopic dermatitis,hyper-IgE syndrome,atopic dermatitis,rare,common,phenotype; other (biomarker),related but distinct,0.45,"Recurrent pneumonia, facial features, retained teeth, abscesses (STAT3) or candidiasis/herpes and low T cells (DOCK8) separate HIES from severe AD",,original research (PubMed pub type),,A set of clinical and laboratory markers differentiates hyper-IgE syndrome from severe atopic dermatitis.,2021,https://doi.org/10.1016/j.clim.2020.108645,33301882,no,no - subscription/paywalled,abstract only,batch 1
DOCK8/STAT3 deficiency,atopic dermatitis,hyper-IgE syndrome,atopic dermatitis,rare,common,phenotype,related but distinct,0.40,Atypical eczema locations plus lymphocyte subsets separate DOCK8/STAT3 deficiency from AD,,multicentre study (PubMed pub type),,Atypical Localization of Eczema Discriminates DOCK8 or STAT3 Deficiencies from Atopic Dermatitis.,2023,https://doi.org/10.1007/s10875-023-01554-z,37507632,no,yes - free full text at publisher (not read),abstract only,batch 1
thyrotoxic periodic paralysis,idiopathic hypokalemic periodic paralysis,thyrotoxic periodic paralysis,idiopathic hypokalemic periodic paralysis,rare,rare,phenotype,similar,0.80,Clinical features and rebound hyperkalaemia are similar; serum potassium is lower in TPP,,original research (PubMed pub type),,Comparative study of thyrotoxic periodic paralysis from idiopathic hypokalemic periodic paralysis: An experience from India.,2012,https://europepmc.org/article/PMC/PMC3424795,22919190,yes,yes - free full text in PMC/Europe PMC (not read),abstract only,batch 1
catecholaminergic polymorphic ventricular tachycardia,long QT syndrome type 1,catecholaminergic polymorphic ventricular tachycardia,long QT syndrome,rare,rare,phenotype; genes,related but distinct,0.45,CPVT often misdiagnosed as LQT1; a modified Schwartz score using early-recovery QTc separates them,,original research (PubMed pub type),,Differential Diagnosis Between Catecholaminergic Polymorphic Ventricular Tachycardia and Long QT Syndrome Type 1　- Modified Schwartz Score.,2018,https://doi.org/10.1253/circj.cj-17-1032,29925740,no,no - subscription/paywalled,abstract only,batch 1
Danon disease,hypertrophic cardiomyopathy,Danon disease,hypertrophic cardiomyopathy,rare,common,genes; phenotype,related but distinct,0.45,Danon (LAMP2) is often misdiagnosed as HCM; LAMP2 should be on HCM gene panels,,case report (PubMed pub type),,Clinical utility of genetic testing in the early diagnosis of Danon disease mimicking hypertrophic cardiomyopathy: a case report.,2020,https://europepmc.org/article/PMC/PMC7132987,32248794,yes,yes - free full text in PMC/Europe PMC (not read),abstract only,batch 1
left ventricular noncompaction (dilated),dilated cardiomyopathy,left ventricular noncompaction,dilated cardiomyopathy,rare,common,epidemiology; phenotype,similar,0.85,"After adjusting for heart-failure severity, long-term outcomes did not differ between dilated LVNC and DCM",,original research (PubMed pub type),,Long-Term Outcomes in Patients with Dilated Left Ventricular Non-Compaction Versus Dilated Cardiomyopathy: A Propensity Score Matching Study.,2026,https://europepmc.org/article/PMC/PMC13607913,42783013,yes,yes - free full text in PMC/Europe PMC (not read),abstract only,batch 1
noncompaction cardiomyopathy,dilated cardiomyopathy,left ventricular noncompaction,dilated cardiomyopathy,rare,common,phenotype,related but distinct,0.40,Aortic stiffness is higher in NCCM than in matched DCM,,original research (PubMed pub type),,Decreased Aortic Elasticity in Noncompaction Cardiomyopathy Compared to Dilated Cardiomyopathy.,2025,https://europepmc.org/article/PMC/PMC12386488,40863369,yes,yes - free full text in PMC/Europe PMC (not read),abstract only,batch 1
left ventricular noncompaction,dilated cardiomyopathy,left ventricular noncompaction,dilated cardiomyopathy,rare,common,phenotype,related but distinct,0.40,CMR strain plus trabecular fractal analysis separate LVNC from DCM,,original research (PubMed pub type),,Diagnostic utility of cardiac magnetic resonance-derived myocardial strain and fractal analysis in differentiating left ventricular noncompaction from dilated cardiomyopathy.,2026,https://europepmc.org/article/PMC/PMC13097976,41820898,yes,yes - free full text in PMC/Europe PMC (not read),abstract only,batch 1
giant cell myocarditis,cardiac sarcoidosis,giant cell myocarditis,cardiac sarcoidosis,rare,rare,phenotype,similar,0.80,"CMR findings are qualitatively indistinguishable, though GCM is clinically more acute with smaller LGE mass when matched",,original research (PubMed pub type),,Cardiac magnetic resonance in giant cell myocarditis: a matched comparison with cardiac sarcoidosis.,2023,https://europepmc.org/article/PMC/PMC10029848,36624560,yes,yes - free full text in PMC/Europe PMC (not read),abstract only,batch 1
giant cell myocarditis,cardiac sarcoidosis,giant cell myocarditis,cardiac sarcoidosis,rare,rare,phenotype,similar,0.80,Blinded CMR appearance is highly similar; GCM is clinically more severe (higher troponin),,original research (PubMed pub type),,Phenotyping of giant cell myocarditis versus cardiac sarcoidosis using cardiovascular magnetic resonance.,2023,https://doi.org/10.1016/j.ijcard.2023.131143,37364717,no,no - subscription/paywalled,abstract only,batch 1
giant cell myocarditis,cardiac sarcoidosis,giant cell myocarditis,cardiac sarcoidosis,rare,rare,epidemiology,related but distinct,0.40,"TriNetX: GCM has higher mortality but lower HF, VT, AV block and AF risk than CS",,comparative study (PubMed pub type),,Cardiovascular outcomes among giant cell myocarditis compared with cardiac sarcoidosis: A propensity score-matched analysis.,2025,https://doi.org/10.1016/j.pcad.2024.11.002,39557143,no,no - subscription/paywalled,abstract only,batch 1
pulmonary veno-occlusive disease,pulmonary arterial hypertension,pulmonary veno-occlusive disease,pulmonary arterial hypertension,rare,rare,other (biomarker),related but distinct,0.40,GDF15 separates PVOD from other PAH forms and predicts outcome,,letter (PubMed pub type),,GDF15 is a putative biomarker for distinguishing pulmonary veno-occlusive disease and pulmonary arterial hypertension.,2026,https://europepmc.org/article/PMC/PMC12807463,41264364,yes,yes - free full text in PMC/Europe PMC (not read),abstract only,batch 1
pulmonary veno-occlusive disease,idiopathic pulmonary arterial hypertension,pulmonary veno-occlusive disease,pulmonary arterial hypertension,rare,rare,phenotype; treatment,related but distinct,0.45,"Review: similar presentation and haemodynamics, but PVOD has worse prognosis, lower DLCO and risk of pulmonary oedema with PAH drugs",,review (PubMed pub type),,Idiopathic pulmonary arterial hypertension and pulmonary veno-occlusive disease: similarities and differences.,2009,https://doi.org/10.1055/s-0029-1233310,19634080,no,no - subscription/paywalled,abstract only,batch 1
pulmonary veno-occlusive disease,pulmonary arterial hypertension,pulmonary veno-occlusive disease,pulmonary arterial hypertension,rare,rare,pathways; phenotype,related but distinct,0.45,Wreath-like adventitial smooth-muscle proliferation and reduced GCN2 expression mark PVOD vs PAH,,original research (PubMed pub type),,Unique wreath-like smooth muscle proliferation of the pulmonary vasculature in pulmonary veno-occlusive disease versus pulmonary arterial hypertension.,2020,https://doi.org/10.1016/j.jfma.2019.05.019,31202500,no,yes - free full text at publisher (not read),abstract only,batch 1
choroideremia,retinitis pigmentosa,choroideremia,retinitis pigmentosa,rare,rare,phenotype,related but distinct,0.40,"OCT transition zones are more abrupt in CHM than RP, suggesting distinct progression patterns",,comparative study (PubMed pub type),,Transition zones between healthy and diseased retina in choroideremia (CHM) and Stargardt disease (STGD) as compared to retinitis pigmentosa (RP).,2011,https://europepmc.org/article/PMC/PMC3341121,22076985,free full text in PMC,yes - free full text in PMC/Europe PMC (not read),abstract only,batch 1
Stargardt disease,retinitis pigmentosa,Stargardt disease,retinitis pigmentosa,rare,rare,phenotype,related but distinct,0.40,OCT transition zones differ: more abrupt in STGD than RP,,comparative study (PubMed pub type),,Transition zones between healthy and diseased retina in choroideremia (CHM) and Stargardt disease (STGD) as compared to retinitis pigmentosa (RP).,2011,https://europepmc.org/article/PMC/PMC3341121,22076985,free full text in PMC,yes - free full text in PMC/Europe PMC (not read),abstract only,batch 1
Best vitelliform macular dystrophy,age-related macular degeneration,Best vitelliform macular dystrophy,age-related macular degeneration,rare,common,genes,unrelated,0.05,VMD2 mutations occur in Best disease and adult vitelliform dystrophy but none were found in 200 AMD patients,,original research (PubMed pub type),,Mutations in the VMD2 gene are associated with juvenile-onset vitelliform macular dystrophy (Best disease) and adult vitelliform macular dystrophy but not age-related macular degeneration.,2000,https://doi.org/10.1038/sj.ejhg.5200447,10854112,no,yes - free full text at publisher (not read),abstract only,batch 1
Best vitelliform macular dystrophy,adult-onset vitelliform macular dystrophy,Best vitelliform macular dystrophy,adult-onset vitelliform macular dystrophy,rare,rare,genes,similar,0.85,"The same VMD2 mutations occur in Best disease and AVMD, suggesting overlapping aetiology",,original research (PubMed pub type),,Mutations in the VMD2 gene are associated with juvenile-onset vitelliform macular dystrophy (Best disease) and adult vitelliform macular dystrophy but not age-related macular degeneration.,2000,https://doi.org/10.1038/sj.ejhg.5200447,10854112,no,yes - free full text at publisher (not read),abstract only,batch 1
Best vitelliform macular dystrophy,age-related macular degeneration,Best vitelliform macular dystrophy,age-related macular degeneration,rare,common,genes,unrelated,0.05,Bestrophin mutations do not play a significant role in AMD predisposition (259 AMD patients),,original research (PubMed pub type),,Evaluation of the Best disease gene in patients with age-related macular degeneration and other maculopathies.,1999,https://doi.org/10.1007/s004390050986,10453731,no,no - subscription/paywalled,abstract only,batch 1
sympathetic ophthalmia,Vogt-Koyanagi-Harada disease,sympathetic ophthalmia,Vogt-Koyanagi-Harada disease,rare,rare,phenotype,related but distinct,0.40,"Extraocular manifestations are much rarer in SO (24% vs 85%), with worse visual outcome and different disease evolution",,comparative study (PubMed pub type),,Comparison of Clinical Features and Visual Outcome between Sympathetic Ophthalmia and Vogt-Koyanagi-Harada Disease in Chinese Patients.,2019,https://doi.org/10.1016/j.ophtha.2019.03.049,30959067,no,yes - free full text at publisher (not read),abstract only,batch 1
Vogt-Koyanagi-Harada disease,sympathetic ophthalmia,Vogt-Koyanagi-Harada disease,sympathetic ophthalmia,rare,rare,epidemiology,related but distinct,0.40,"Review: shared T-cell granulomatous uveitis, but different sex predilection (female VKH vs male trauma-related SO)",,review (PubMed pub type),,Gender differences in vogt-koyanagi-harada disease and sympathetic ophthalmia.,2014,https://europepmc.org/article/PMC/PMC3964687,24734166,yes,yes - free full text in PMC/Europe PMC (not read),abstract only,batch 1
hereditary transthyretin amyloid polyneuropathy,chronic inflammatory demyelinating polyneuropathy,amyloidosis,chronic inflammatory demyelinating polyneuropathy,rare,rare,phenotype,related but distinct,0.40,"Nerve ultrasound: TTR-FAP shows milder, less variable enlargement than CIDP",,original research (PubMed pub type),,Nerve Ultrasound Comparison Between Transthyretin Familial Amyloid Polyneuropathy and Chronic Inflammatory Demyelinating Polyneuropathy.,2021,https://europepmc.org/article/PMC/PMC7953716,33716932,yes,yes - free full text in PMC/Europe PMC (not read),abstract only,batch 1
hereditary transthyretin amyloid polyneuropathy,chronic inflammatory demyelinating polyneuropathy,amyloidosis,chronic inflammatory demyelinating polyneuropathy,rare,rare,phenotype,related but distinct,0.40,Sudomotor electrochemical skin conductance is much lower in TTR-FAP and separates it from CIDP,,original research (PubMed pub type),,Quantitative sudomotor test helps differentiate transthyretin familial amyloid polyneuropathy from chronic inflammatory demyelinating polyneuropathy.,2020,https://doi.org/10.1016/j.clinph.2020.01.022,32217467,no,no - subscription/paywalled,abstract only,batch 1
POEMS syndrome,chronic inflammatory demyelinating polyneuropathy,POEMS syndrome,chronic inflammatory demyelinating polyneuropathy,rare,rare,other (biomarker),related but distinct,0.40,Thrombocytosis in 53.7% of POEMS vs 1.5% of CIDP,,original research (PubMed pub type),,Thrombocytosis distinguishes POEMS syndrome from chronic inflammatory demyelinating polyneuropathy.,2015,https://doi.org/10.1002/mus.24768,26179010,no,no - subscription/paywalled,abstract only,batch 1
POEMS syndrome,chronic inflammatory demyelinating polyneuropathy,POEMS syndrome,chronic inflammatory demyelinating polyneuropathy,rare,rare,phenotype,related but distinct,0.40,Nerve ultrasound: more homogeneous enlargement in POEMS; with conduction block gives 93% sensitivity,,original research (PubMed pub type),,Nerve Ultrasound Performances in Differentiating POEMS Syndrome from CIDP.,2022,https://europepmc.org/article/PMC/PMC9226218,35257327,free full text in PMC,yes - free full text in PMC/Europe PMC (not read),abstract only,batch 1
motor neuron disease,multifocal motor neuropathy,amyotrophic lateral sclerosis,multifocal motor neuropathy,rare,rare,other (biomarker),related but distinct,0.40,Serum NfL and CSF pNfH are much higher in MND than MMN,,original research (PubMed pub type),,Diagnostic value of neurofilaments in differentiating motor neuron disease from multifocal motor neuropathy.,2024,https://europepmc.org/article/PMC/PMC11233354,38683209,yes,yes - free full text in PMC/Europe PMC (not read),abstract only,batch 1
multifocal motor neuropathy,amyotrophic lateral sclerosis (LMN-dominant),multifocal motor neuropathy,amyotrophic lateral sclerosis,rare,rare,other (biomarker),related but distinct,0.40,Serum NfL is much lower in MMN than LMN-dominant ALS (20.7 vs 59.4 pg/mL),,original research (PubMed pub type),,Multifocal motor neuropathy as a mimic of amyotrophic lateral sclerosis: Serum neurofilament light chain as a reliable diagnostic biomarker.,2024,https://doi.org/10.1002/mus.28054,38334356,no,no - subscription/paywalled,abstract only,batch 1
multifocal motor neuropathy,amyotrophic lateral sclerosis,multifocal motor neuropathy,amyotrophic lateral sclerosis,rare,rare,phenotype,related but distinct,0.40,"Muscle ultrasound: fasciculations are less frequent in MMN, and absent in tongue/trunk",,original research (PubMed pub type),,Difference in distribution of fasciculations between multifocal motor neuropathy and amyotrophic lateral sclerosis.,2020,https://doi.org/10.1016/j.clinph.2020.08.021,33137570,no,no - subscription/paywalled,abstract only,batch 1
behavioural variant frontotemporal dementia,Alzheimer disease,behavioural variant frontotemporal dementia,Alzheimer disease,rare,common,phenotype,related but distinct,0.40,Pupillometry during cognitive tasks: smaller pupil dilation in bvFTD than AD,,original research (PubMed pub type),,Pupillometry as a Differential Indicator of Cognitive Processing in Alzheimer Disease and Behavioral Variant Frontotemporal Dementia.,2026,https://doi.org/10.1097/wad.0000000000000725,42184234,no,no - subscription/paywalled,abstract only,batch 1
sporadic/familial hemiplegic migraine,migraine with typical aura,hemiplegic migraine,migraine with aura,rare,common,phenotype,related but distinct,0.40,Sporadic HM is clinically identical to familial HM and significantly different from migraine with typical aura,,original research (PubMed pub type),,Evidence for a separate type of migraine with aura: sporadic hemiplegic migraine.,2003,https://doi.org/10.1212/01.wnl.0000046524.25369.7d,12601098,no,no - subscription/paywalled,abstract only,batch 1
familial hemiplegic migraine,migraine with aura,hemiplegic migraine,migraine with aura,rare,common,genes,unrelated,0.05,"A 19p13 susceptibility locus for migraine with aura is most likely not CACNA1A, the FHM gene",,original research (PubMed pub type),,Migraine with aura susceptibility locus on chromosome 19p13 is distinct from the familial hemiplegic migraine locus.,2001,https://doi.org/10.1006/geno.2001.6665,11735221,no,no - subscription/paywalled,abstract only,batch 1
osteogenesis imperfecta (mild adult),early-onset osteoporosis,osteogenesis imperfecta,osteoporosis,rare,common,phenotype,similar,0.80,HR-pQCT: mild OI shows only minor microstructural differences from mutation-negative early-onset osteoporosis,,comparative study (PubMed pub type),,Comparison of Bone Microarchitecture Between Adult Osteogenesis Imperfecta and Early-Onset Osteoporosis.,2018,https://doi.org/10.1007/s00223-018-0447-8,29946973,no,no - subscription/paywalled,abstract only,batch 1
osteogenesis imperfecta,postmenopausal osteoporosis,osteogenesis imperfecta,osteoporosis,rare,common,genes,similar,0.85,An OI-type COL1A2 mutation in a woman with postmenopausal osteoporosis suggests genotypic/phenotypic overlap,,case report (PubMed pub type),,Mutation in a gene for type I procollagen (COL1A2) in a woman with postmenopausal osteoporosis: evidence for phenotypic and genotypic overlap with mild osteogenesis imperfecta.,1991,https://europepmc.org/article/PMC/PMC51885,2052622,free full text in PMC,yes - free full text in PMC/Europe PMC (not read),abstract only,batch 1
alkaptonuria,osteoarthritis,alkaptonuria,osteoarthritis,rare,common,pathways; treatment,similar,0.90,Review: AKU osteoarthropathy (nitisinone-treatable) offers mechanistic lessons for common OA,,review (PubMed pub type),,Development of an Effective Therapy for Alkaptonuria - Lessons for Osteoarthritis.,2021,https://europepmc.org/article/PMC/PMC9524786,36465977,yes,yes - free full text in PMC/Europe PMC (not read),abstract only,batch 1
eosinophilic granulomatosis with polyangiitis,severe asthma,eosinophilic granulomatosis with polyangiitis,asthma,rare,common,phenotype,related but distinct,0.40,"HRCT (centrilobular nodules, tree-in-bud, higher total score) separates EGPA from severe asthma",,original research (PubMed pub type),,Retrospective comparison of high-resolution computed tomography of eosinophilic granulomatosis with polyangiitis with severe asthma.,2021,https://europepmc.org/article/PMC/PMC8267300,34277783,yes,yes - free full text in PMC/Europe PMC (not read),abstract only,batch 1
eosinophilic granulomatosis with polyangiitis,asthma,eosinophilic granulomatosis with polyangiitis,asthma,rare,common,epidemiology,related but distinct,0.40,US claims: clinical and economic burden is significantly higher in EGPA than matched asthma,,original research (PubMed pub type),,Retrospective Analysis of the Burden of Illness of Eosinophilic Granulomatosis With Polyangiitis (EGPA) Versus Asthma in Commercially Insured US Patients.,2023,https://europepmc.org/article/PMC/PMC10440019,37605658,yes,yes - free full text in PMC/Europe PMC (not read),abstract only,batch 1
allergic bronchopulmonary aspergillosis,severe asthma,allergic bronchopulmonary aspergillosis,asthma,rare,common,pathways; phenotype,related but distinct,0.45,EAACI report: similar pathobiology and overlapping symptoms but distinct burden and biomarkers,,review (PubMed pub type),,Fungal-Driven Airways Dis-Immunity From Asthma to Allergic Bronchopulmonary Aspergillosis: Dissecting Similarities and Differences. An EAACI Task Force Report.,2025,https://europepmc.org/article/PMC/PMC12666763,40751367,yes,yes - free full text in PMC/Europe PMC (not read),abstract only,batch 1
adult-onset Still disease,seronegative rheumatoid arthritis,Still disease,rheumatoid arthritis,rare,common,phenotype,similar,0.80,Clustering: about 20% of seronegative RA overlaps with a Still-like hyperinflammatory phenotype,,original research (PubMed pub type),,Clustering reveals diagnostic overlap between Still's disease and a hyperinflammatory subset of seronegative rheumatoid arthritis.,2026,https://europepmc.org/article/PMC/PMC13031936,41735429,yes,yes - free full text in PMC/Europe PMC (not read),abstract only,batch 1
adult-onset Still disease,rheumatoid arthritis,Still disease,rheumatoid arthritis,rare,common,phenotype,related but distinct,0.40,Wrist radiographs: pericapitate changes without radiocarpal involvement are frequent in AOSD but unusual in RA,,comparative study (PubMed pub type),,"Carpal alterations in adult-onset Still disease, juvenile chronic arthritis, and adult-onset rheumatoid arthritis: comparative study.",1987,https://doi.org/10.1148/radiology.165.2.3659381,3659381,no,no - subscription/paywalled,abstract only,batch 1
Hutchinson-Gilford progeria syndrome,cardiovascular ageing / atherosclerosis,Hutchinson-Gilford progeria syndrome,atherosclerosis,rare,common,pathways,similar,0.85,HGPS vascular smooth muscle cells share defects (e.g. loss of H4K16 acetylation) with aged donor coronary VSMCs,,original research (PubMed pub type),,Progeria-based vascular model identifies networks associated with cardiovascular aging and disease.,2024,https://europepmc.org/article/PMC/PMC11258467,38576084,yes,yes - free full text in PMC/Europe PMC (not read),abstract only,batch 1
Hutchinson-Gilford progeria syndrome,atherosclerosis,Hutchinson-Gilford progeria syndrome,atherosclerosis,rare,common,pathways,similar,0.85,"Progerin-driven VSMC changes promote endothelial-to-mesenchymal transition via TGFbeta1/SMAD3, a process also in atherogenesis",,original research (PubMed pub type),,Endothelial-to-Mesenchymal Transition Contributes to Accelerated Atherosclerosis in Hutchinson-Gilford Progeria Syndrome.,2024,https://doi.org/10.1161/circulationaha.123.065768,39206565,no,no - subscription/paywalled,abstract only,batch 1
primary aldosteronism,Gitelman syndrome,primary aldosteronism,Gitelman syndrome,common,rare,phenotype,related but distinct,0.40,"Case: PA with severe hypomagnesaemia mimicking Gitelman, cured by adrenalectomy",,case report (PubMed pub type),,Uncommon presentation of primary hyperaldosteronism with severe hypomagnesemia: a Gitelman syndrome mimic.,2019,https://europepmc.org/article/PMC/PMC6746263,31498018,yes,yes - free full text in PMC/Europe PMC (not read),abstract only,batch 1
Wilson disease,primary sclerosing cholangitis,Wilson disease,primary sclerosing cholangitis,rare,rare,phenotype; other (biomarker),related but distinct,0.45,Metallothionein IHC scoring separates paediatric Wilson disease from histological mimics including PSC,,original research (PubMed pub type),,Critical Analysis of Metallothionein Immunohistochemistry for Diagnosis of Pediatric Wilson Disease: Histologic Scoring Facilitates Distinction from Clinical Mimics.,2026,https://europepmc.org/article/PMC/PMC13605009,42793682,yes,yes - free full text in PMC/Europe PMC (not read),abstract only,batch 1
Wilson disease,metabolic dysfunction-associated steatotic liver disease,Wilson disease,metabolic dysfunction-associated steatotic liver disease,rare,common,phenotype; other (biomarker),related but distinct,0.45,Metallothionein IHC scoring separates paediatric Wilson disease from MASLD,,original research (PubMed pub type),,Critical Analysis of Metallothionein Immunohistochemistry for Diagnosis of Pediatric Wilson Disease: Histologic Scoring Facilitates Distinction from Clinical Mimics.,2026,https://europepmc.org/article/PMC/PMC13605009,42793682,yes,yes - free full text in PMC/Europe PMC (not read),abstract only,batch 1
logopenic primary progressive aphasia,Alzheimer disease,logopenic primary progressive aphasia,Alzheimer disease,rare,common,phenotype,related but distinct,0.40,Acoustic markers from sentence repetition separate lvPPA from typical AD,,original research (PubMed pub type),,Logogenic Primary Progressive Aphasia or Alzheimer Disease: Contribution of Acoustic Markers in Early Differential Diagnosis.,2022,https://europepmc.org/article/PMC/PMC9316974,35888023,yes,yes - free full text in PMC/Europe PMC (not read),abstract only,batch 1
primary progressive aphasia (AD pathology),amnestic Alzheimer dementia,Alzheimer disease,Alzheimer disease,rare,common,phenotype,related but distinct,0.40,"Despite shared AD pathology, memory is spared longer in PPA-AD than amnestic DAT-AD",,original research (PubMed pub type),,Memory Resilience in Alzheimer Disease With Primary Progressive Aphasia.,2021,https://europepmc.org/article/PMC/PMC8105903,33441454,free full text in PMC,yes - free full text in PMC/Europe PMC (not read),abstract only,batch 1
cardiac amyloidosis,cardiac sarcoidosis,amyloidosis,cardiac sarcoidosis,rare,rare,phenotype; treatment,related but distinct,0.45,"Distinct imaging profiles, arrhythmic risk and treatments (disease-modifying therapy vs immunosuppression/ICD)",,original research (PubMed pub type),,A Comparative Analysis of Cardiac Amyloidosis and Cardiac Sarcoidosis: A Single-Center Experience.,2025,https://europepmc.org/article/PMC/PMC12429141,40943826,yes,yes - free full text in PMC/Europe PMC (not read),abstract only,batch 1
sarcoidosis,AL amyloidosis,sarcoidosis,amyloidosis,rare,rare,phenotype,similar,0.80,"Salivary gland ultrasound features are shared by sarcoidosis, AL amyloidosis and Sjögren's, so they can mimic each other",,comparative study (PubMed pub type),,"Comparison of Ultrasound Features of Major Salivary Glands in Sarcoidosis, Amyloidosis, and Sjögren's Syndrome.",2020,https://doi.org/10.1002/acr.24029,31309727,no,yes - free full text at publisher (not read),abstract only,batch 1
lymphangioleiomyomatosis,COPD,lymphangioleiomyomatosis,COPD,rare,common,phenotype,related but distinct,0.40,"Daily physical activity is lower in LAM than in COPD, indicating a disease-specific impact",,letter (PubMed pub type),,Reduced physical activity in lymphangioleiomyomatosis compared with COPD and healthy controls: disease-specific impact and clinical correlates.,2016,https://doi.org/10.1136/thoraxjnl-2015-207852,26968971,no,yes - free full text at publisher (not read),abstract only,batch 1
lymphangioleiomyomatosis,COPD,lymphangioleiomyomatosis,COPD,rare,common,treatment,similar,0.80,Pulmonary rehabilitation gives LAM patients gains comparable to a COPD cohort,,letter (PubMed pub type),,Benefits of pulmonary rehabilitation in patients with advanced lymphangioleiomyomatosis (LAM) compared with COPD - a retrospective analysis.,2020,https://europepmc.org/article/PMC/PMC7507679,32962746,yes,yes - free full text in PMC/Europe PMC (not read),abstract only,batch 1
lymphangioleiomyomatosis,COPD,lymphangioleiomyomatosis,COPD,rare,common,other (biomarker),related but distinct,0.40,"Exhaled VOC breathomics separates LAM, COPD, asthma and CF",,original research (PubMed pub type),,"Cross-Disease Breathomics by PTR-TOF-MS: Multiclass Machine Learning and Network Remodeling Across Asthma, COPD, Cystic Fibrosis, and Lymphangioleiomyomatosis.",2026,https://europepmc.org/article/PMC/PMC13116732,42074127,yes,yes - free full text in PMC/Europe PMC (not read),abstract only,batch 1
cystic fibrosis,COPD,cystic fibrosis,COPD,rare,common,other (biomarker),related but distinct,0.40,Exhaled VOC breathomics shows disease-specific metabolite networks in CF vs COPD,,original research (PubMed pub type),,"Cross-Disease Breathomics by PTR-TOF-MS: Multiclass Machine Learning and Network Remodeling Across Asthma, COPD, Cystic Fibrosis, and Lymphangioleiomyomatosis.",2026,https://europepmc.org/article/PMC/PMC13116732,42074127,yes,yes - free full text in PMC/Europe PMC (not read),abstract only,batch 1
Rett syndrome,autism spectrum disorder,Rett syndrome,autism spectrum disorder,rare,common,other (biomarker),related but distinct,0.40,Wearable autonomic biomarkers and machine learning separate females with Rett from females with ASD (95%),,original research (PubMed pub type),,Differentiating Females with Rett Syndrome and Those with Multi-Comorbid Autism Spectrum Disorder Using Physiological Biomarkers: A Novel Approach.,2020,https://europepmc.org/article/PMC/PMC7563706,32887357,yes,yes - free full text in PMC/Europe PMC (not read),abstract only,batch 1
Rett syndrome,autism spectrum disorder,Rett syndrome,autism spectrum disorder,rare,common,other (biomarker),related but distinct,0.40,Serum lactonase and Lp-PLA2 are lower in ASD than Rett and discriminate them in females (AUC up to 0.88),,original research (PubMed pub type),,Lactonase Activity and Lipoprotein-Phospholipase A2 as Possible Novel Serum Biomarkers for the Differential Diagnosis of Autism Spectrum Disorders and Rett Syndrome: Results from a Pilot Study.,2017,https://europepmc.org/article/PMC/PMC5727786,29317982,yes,yes - free full text in PMC/Europe PMC (not read),abstract only,batch 1
Rett syndrome,autism spectrum disorder,Rett syndrome,autism spectrum disorder,rare,common,genes; phenotype,similar,0.90,Review: Rett is classed with autism; MECP2 dysfunction appears in other autism-related conditions,,review (PubMed pub type),,The relationship of Rett syndrome and MECP2 disorders to autism.,2012,https://europepmc.org/article/PMC/PMC3513680,23226951,yes,yes - free full text in PMC/Europe PMC (not read),abstract only,batch 1
Smith-Magenis syndrome,Angelman syndrome,Smith-Magenis syndrome,Angelman syndrome,rare,rare,phenotype,related but distinct,0.40,"Sleep disturbance differs in prevalence, severity and correlates across SMS, AS, ASD and TSC",,comparative study (PubMed pub type),,"A cross-syndrome cohort comparison of sleep disturbance in children with Smith-Magenis syndrome, Angelman syndrome, autism spectrum disorder and tuberous sclerosis complex.",2018,https://europepmc.org/article/PMC/PMC5831859,29490614,yes,yes - free full text in PMC/Europe PMC (not read),abstract only,batch 1
Angelman syndrome,autism spectrum disorder,Angelman syndrome,autism spectrum disorder,rare,common,phenotype,related but distinct,0.40,Sleep disturbance profiles and mechanisms differ between AS and ASD,,comparative study (PubMed pub type),,"A cross-syndrome cohort comparison of sleep disturbance in children with Smith-Magenis syndrome, Angelman syndrome, autism spectrum disorder and tuberous sclerosis complex.",2018,https://europepmc.org/article/PMC/PMC5831859,29490614,yes,yes - free full text in PMC/Europe PMC (not read),abstract only,batch 1
Cornelia de Lange syndrome,autism spectrum disorder,Cornelia de Lange syndrome,autism spectrum disorder,rare,common,phenotype,similar,0.80,"Sociability scores in CdLS, like ASD and FXS, are lower than in Angelman, Down and Rubinstein-Taybi",,comparative study (PubMed pub type),,"A Comparative Study of Sociability in Angelman, Cornelia de Lange, Fragile X, Down and Rubinstein Taybi Syndromes and Autism Spectrum Disorder.",2016,https://doi.org/10.1352/1944-7558-121.6.465,27802104,no,no - subscription/paywalled,abstract only,batch 1
Angelman syndrome,autism spectrum disorder,Angelman syndrome,autism spectrum disorder,rare,common,phenotype,related but distinct,0.40,Sociability is significantly higher in Angelman than in ASD,,comparative study (PubMed pub type),,"A Comparative Study of Sociability in Angelman, Cornelia de Lange, Fragile X, Down and Rubinstein Taybi Syndromes and Autism Spectrum Disorder.",2016,https://doi.org/10.1352/1944-7558-121.6.465,27802104,no,no - subscription/paywalled,abstract only,batch 1
neurofibromatosis type 1,autism spectrum disorder,neurofibromatosis,autism spectrum disorder,rare,common,genes,similar,0.85,NF1-locus intronic repeat polymorphisms are associated with autism in a Japanese population,,original research (PubMed pub type),,Association between the neurofibromatosis-1 (NF1) locus and autism in the Japanese population.,2004,https://doi.org/10.1002/ajmg.b.20119,15389774,no,no - subscription/paywalled,abstract only,batch 1
neurofibromatosis type 1,autism spectrum disorder,neurofibromatosis,autism spectrum disorder,rare,common,phenotype; epidemiology,similar,0.85,Large international cohort: high autism prevalence and impairing subthreshold traits in NF1; early screening recommended,,original research (PubMed pub type),,"Autism in neurofibromatosis type 1: prevalence, phenotype and clinical implications.",2026,https://europepmc.org/article/PMC/PMC13617810,42387549,yes,yes - free full text in PMC/Europe PMC (not read),abstract only,batch 1
Prader-Willi syndrome,essential obesity,Prader-Willi syndrome,essential obesity,rare,common,pathways; other (metabolomics),related but distinct,0.45,28 metabolites (mainly phosphatidylcholines and lysoPCs) are higher in PWS than essential obesity,,comparative study (PubMed pub type),,Metabolomic profiling of Prader-Willi syndrome compared with essential obesity.,2024,https://europepmc.org/article/PMC/PMC11133515,38812813,yes,yes - free full text in PMC/Europe PMC (not read),abstract only,batch 1
Prader-Willi syndrome,essential obesity,Prader-Willi syndrome,essential obesity,rare,common,phenotype,related but distinct,0.40,"At matched BMI, PWS adults have higher total and HDL cholesterol and a more favourable lipid profile",,original research (PubMed pub type),,"Comparison of Body Composition, Basal Metabolic Rate and Metabolic Outcomes of Adults with Prader-Willi Syndrome and Age- and BMI-Matched Patients with Essential Obesity.",2025,https://europepmc.org/article/PMC/PMC12027937,40283476,yes,yes - free full text in PMC/Europe PMC (not read),abstract only,batch 1
Prader-Willi syndrome,essential obesity,Prader-Willi syndrome,essential obesity,rare,common,other (epigenetics),similar,0.80,No accelerated epigenetic ageing in PWS compared with essential obesity,,original research (PubMed pub type),,Epigenetic Age in Prader-Willi Syndrome and Essential Obesity: A Comparison with Chronological and Vascular Ages.,2025,https://europepmc.org/article/PMC/PMC11900933,40094938,yes,yes - free full text in PMC/Europe PMC (not read),abstract only,batch 1
Cornelia de Lange syndrome,fragile X syndrome,Cornelia de Lange syndrome,fragile X syndrome,rare,rare,phenotype,related but distinct,0.40,"ASD characteristics have similar overall severity but diverge over 2.5 years (FXS improve, CdLS stable)",,original research (PubMed pub type),,"Contrasting age related changes in autism spectrum disorder phenomenology in Cornelia de Lange, Fragile X, and Cri du Chat syndromes: Results from a 2.5 year follow-up.",2015,https://doi.org/10.1002/ajmg.c.31438,25989416,no,yes - free full text at publisher (not read),abstract only,batch 1
Smith-Lemli-Opitz syndrome,autism spectrum disorder,Smith-Lemli-Opitz syndrome,autism spectrum disorder,rare,common,phenotype; pathways,similar,0.85,"Most children with SLOS meet criteria for ASD, linking cholesterol metabolism to autism",,original research (PubMed pub type),,The near universal presence of autism spectrum disorders in children with Smith-Lemli-Opitz syndrome.,2006,https://doi.org/10.1002/ajmg.a.31294,16761297,no,no - subscription/paywalled,abstract only,batch 1
autism spectrum disorder,Smith-Lemli-Opitz syndrome,autism spectrum disorder,Smith-Lemli-Opitz syndrome,common,rare,other (diagnostics),unrelated,0.05,Audit of 988 tests: isolated autism is not an appropriate indication for SLOS (7-DHC) testing,,original research (PubMed pub type),,Isolated autism is not an indication for Smith-Lemli-Opitz syndrome biochemical testing.,2022,https://doi.org/10.1111/jpc.15795,34773316,no,no - subscription/paywalled,abstract only,batch 1
cystic fibrosis,primary ciliary dyskinesia,cystic fibrosis,primary ciliary dyskinesia,rare,rare,genes; phenotype,similar,0.90,"Letter: CF and PCD share more with each other (mucociliary clearance defect, bronchiectasis, upper-airway disease) than with other bronchiectasis causes; proposes grouping them as 'primary mucociliary diseases'",,letter (PubMed pub type),,Cystic Fibrosis and Primary Ciliary Dyskinesia Share Extensive Similarities: Is It Time to Place Them Under a Common Umbrella?,2025,https://europepmc.org/article/PMC/PMC12606690,41222041,yes,yes - full text read,full text (open access),batch 1
Duchenne muscular dystrophy,Becker muscular dystrophy,Duchenne muscular dystrophy,Becker muscular dystrophy,rare,rare,genes,related but distinct,0.40,"Editorial: both are caused by DMD variants (different severity of one genetic disorder) yet remain separate entities, e.g. in ICD-11",,original research (PubMed pub type),,The Persistence of Duchenne vs Becker Muscular Dystrophies: Vive la Difference?,2025,https://europepmc.org/article/PMC/PMC11655166,39703463,yes,yes - full text read,full text (open access),batch 1
Gaucher disease type 1,multiple myeloma,Gaucher disease,multiple myeloma,rare,rare,epidemiology; genes,related but distinct,0.45,"In 1004 smoldering/active myeloma patients, undiagnosed GD1 prevalence was 0.09% and GBA heterozygosity 1.3%; GD1 carries a reported 5.9-51x MM risk",,letter (PubMed pub type),,"Prevalence of type I Gaucher disease in patients with smoldering or multiple myeloma: Results from the prospective, observational CHAGAL study.",2025,https://europepmc.org/article/PMC/PMC11754764,39850649,yes,yes - full text read,full text (open access),batch 1
alpha-1 antitrypsin deficiency,COPD,alpha-1 antitrypsin deficiency,COPD,rare,common,other (biomarker); pathways,similar,0.85,"SomaScan proteomics (5,924 subjects): 68 of 98 DLCO-associated proteins in PiZZ AATD also associate in COPD; a shared emphysema protein score predicts emphysema in both",,meta-analysis (PubMed pub type),,Unique and shared systemic biomarkers for emphysema in Alpha-1 Antitrypsin deficiency and chronic obstructive pulmonary disease.,2022,https://europepmc.org/article/PMC/PMC9507992,36155958,yes,yes - free full text in PMC/Europe PMC (not read),abstract only,batch 1
anti-NMDA receptor encephalitis,schizophrenia spectrum disorders,anti-NMDA receptor encephalitis,schizophrenia,rare,common,phenotype,similar,0.80,"Post-acute cognitive-psychiatric symptoms of anti-NMDAR encephalitis resembled stabilised schizophrenia, but only the encephalitis patients improved over time",,original research (PubMed pub type),,Clinical characterisation of patients in the post-acute stage of anti-NMDA receptor encephalitis: a prospective cohort study and comparison with patients with schizophrenia spectrum disorders.,2022,https://doi.org/10.1016/s1474-4422(22)00299-x,36115362,no,no - subscription/paywalled,abstract only,batch 1
anti-NMDA receptor encephalitis,schizophrenia,anti-NMDA receptor encephalitis,schizophrenia,rare,common,phenotype,related but distinct,0.40,"Treated anti-NMDAR encephalitis patients differed from schizophrenia in working-memory performance, and cognition approached normal over time",,original research (PubMed pub type),,Cognitive outcomes and performance of patients diagnosed and treated for N-Methyl-D-Aspartate receptor antibody-mediated (NMDAR) encephalitis compared with patients with schizophrenia and healthy controls.,2025,https://doi.org/10.1016/j.pscychresns.2025.111983,40188787,no,no - subscription/paywalled,abstract only,batch 1
hypermobile Ehlers-Danlos syndrome,ME/CFS,Ehlers-Danlos syndrome,ME/CFS,rare,common,phenotype,related but distinct,0.40,"Autonomic testing: hEDS patients had more severe peripheral neurodegeneration than ME/CFS, which closely resembled long COVID",,original research (PubMed pub type),,Shared autonomic phenotype of long COVID and myalgic encephalomyelitis/chronic fatigue syndrome.,2026,https://europepmc.org/article/PMC/PMC12829881,41576003,yes,yes - free full text in PMC/Europe PMC (not read),abstract only,batch 1
hypermobile Ehlers-Danlos syndrome,long COVID,Ehlers-Danlos syndrome,long COVID,rare,common,phenotype,related but distinct,0.40,Autonomic testing: hEDS showed more severe small-fibre/peripheral neurodegeneration than long COVID patients,,original research (PubMed pub type),,Shared autonomic phenotype of long COVID and myalgic encephalomyelitis/chronic fatigue syndrome.,2026,https://europepmc.org/article/PMC/PMC12829881,41576003,yes,yes - free full text in PMC/Europe PMC (not read),abstract only,batch 1
Glanzmann thrombasthenia,Bernard-Soulier syndrome,Glanzmann thrombasthenia,Bernard-Soulier syndrome,rare,rare,phenotype,related but distinct,0.40,"Both cause severe mucocutaneous bleeding with poor QoL, but bleeding scores differ significantly (ISTH-BAT higher in GT)",Ambispective natural history study of two inherited platelet function disorders; menorrhagia in all reproductive-age females; mean ISTH-BAT differed between GT and BSS (P=0.016); platelet transfusion main treatment; 13 bleeding deaths 2000-2025 mostly due to lack of access to treatment; weak link between QoL and bleeding score.,observational cohort (ambispective),"GT and BSS patients, India",Natural history &amp; quality of life in Glanzmann thrombasthenia &amp; Bernard Soulier syndrome: An observational study from India.,2025,https://europepmc.org/article/PMC/PMC12624748,41100648,open access,yes - free full text in PMC/Europe PMC (not read),abstract only,batch 2
Bernard-Soulier syndrome,Glanzmann thrombasthenia,Bernard-Soulier syndrome,Glanzmann thrombasthenia,rare,rare,phenotype,related but distinct,0.40,"Automated immunofluorescence separates BSS (absent CD42b/GPIb-alpha, macrothrombocytopenia) from GT (absent CD41/CD61)",Proof-of-concept automated quantitative immunofluorescence microscopy on blood smears; distinct fluorescence patterns separated each disorder from controls; confirmed by flow cytometry and genetics; proposed where flow cytometry is unavailable.,diagnostic method study,"BSS, GT patients and healthy controls",Automated Quantitative Immunofluorescence Microscopy Approach for Diagnosis of Hereditary Thrombopathies: A Proof of Concept Using Bernard-Soulier Syndrome and Glanzmann Thrombasthenia.,2025,https://europepmc.org/article/PMC/PMC12192073,40565512,open access,yes - free full text in PMC/Europe PMC (not read),abstract only,batch 2
primary myelofibrosis,essential thrombocythemia,primary myelofibrosis,essential thrombocythemia,rare,rare,phenotype,related but distinct,0.40,"Age >=60, splenomegaly and raised LDH form a simple score separating prefibrotic PMF from ET","Development (n=229) and internal validation (n=235) cohorts; splenomegaly RR 13.2, age RR 2.2, LDH RR 2.8; score >=3 gave PPV 88.2% for prePMF; distinction matters because prognosis and treatment differ.",retrospective cohort with validation,"464 (289 ET, 175 prePMF)",Easily Applicable Predictive Score for Differential Diagnosis of Prefibrotic Primary Myelofibrosis from Essential Thrombocythemia.,2023,https://europepmc.org/article/PMC/PMC10452817,37627208,open access,yes - free full text in PMC/Europe PMC (not read),abstract only,batch 2
essential thrombocythemia,primary myelofibrosis,essential thrombocythemia,primary myelofibrosis,rare,rare,genes,related but distinct,0.40,"Same driver-mutation frequencies but higher JAK2V617F allele burden, worse survival and more splanchnic thrombosis in prefibrotic PMF than ET","All patients genotyped for JAK2/CALR/MPL with allele burden; prePMF-T older with higher leukocytes and shorter overall, leukaemia-free and thrombosis-free survival; ET had more ischaemic stroke; authors conclude two distinct entities.",retrospective cohort,"363 (258 ET, 105 prePMF-T)",Comparison of Clinical and Molecular Features Between Patients With Essential Thrombocythemia and Early/Prefibrotic Primary Myelofibrosis Presenting With Thrombocytosis in Taiwan.,2023,https://doi.org/10.1093/ajcp/aqac173,36857745,not open access,no - subscription/paywalled,abstract only,batch 2
systemic mastocytosis,hereditary alpha-tryptasemia,systemic mastocytosis,hereditary alpha-tryptasemia,rare,common,other,related but distinct,0.40,"Ratios of basal tryptase to urinary histamine metabolites (NMH, MIMA) identify HaT independent of SM status","Validated LC-MS/MS assay for histamine, N-methylhistamine and MIMA; BST/NMH and BST/MIMA ratio cut-offs predicted HaT with ~90% sensitivity and ~86% specificity; co-occurring SM+HaT may increase mediator symptom severity.",diagnostic validation study (LC-MS/MS),SM and HaT patients,Histamine metabolite to basal serum tryptase ratios in systemic mastocytosis and hereditary alpha tryptasemia using a validated LC-MS/MS approach.,2025,https://doi.org/10.1515/cclm-2025-0189,40420654,not open access,no - subscription/paywalled,abstract only,batch 2
Evans syndrome,immune thrombocytopenia,Evans syndrome,immune thrombocytopenia,rare,rare,treatment,related but distinct,0.40,Long-term remission after splenectomy is lower in Evans syndrome (42.8%) than ITP (70.1%),23-year review; initial response similar (85.7% vs 90.9%) but 42.8% of Evans patients relapsed within a year; splenectomy still acceptable for some Evans patients.,retrospective single-centre cohort,"84 splenectomies (77 ITP, 7 Evans)",Long-term remission rates after splenectomy in adults with Evans syndrome compared to immune thrombocytopenia: A single-center retrospective study.,2020,https://europepmc.org/article/PMC/PMC7023892,31594025,free in PMC,yes - free full text in PMC/Europe PMC (not read),abstract only,batch 2
immune thrombocytopenia,Evans syndrome,immune thrombocytopenia,Evans syndrome,rare,rare,epidemiology,related but distinct,0.40,"Familial autoimmunity is common in both; linked to developing ITP rather than chronicity, and reported by 57% of Evans patients",Chart review and Utah Population Database; autoimmunity in relatives of ITP patients raised vs controls (OR 1.69); not raised for chronic ITP; ES too small for population analysis.,retrospective cohort + population database,"266 ITP, 21 ES",Familial autoimmunity and risk of developing immune thrombocytopenia and Evans syndrome.,2024,https://doi.org/10.1002/pbc.31239,39096193,not open access,no - subscription/paywalled,abstract only,batch 2
congenital dyserythropoietic anemia,hereditary spherocytosis,congenital dyserythropoietic anemia,hereditary spherocytosis,rare,rare,phenotype,related but distinct,0.40,Flow-cytometric RDW/HDW and CHDW/CHDWr ratios separate CDA II from HS (89% sensitivity),"CDA II often misdiagnosed as HS (haemolysis, splenomegaly, osmotic fragility, microspherocytes); RDW/HDW >5.34 gave 89% sens/70% spec; CHDW/CHDWr <0.98 gave 89% sens/80% spec; accurate diagnosis prevents iron overload.",diagnostic case-control study,"10 CDA II, 18 HS, 50 controls",Flow-cytometric analysis of erythrocytes and reticulocytes in congenital dyserythropoietic anaemia type II (CDA II): value in differential diagnosis with hereditary spherocytosis.,2001,https://doi.org/10.1046/j.1365-2257.2001.00354.x,11422224,not open access,no - subscription/paywalled,abstract only,batch 2
congenital dyserythropoietic anemia,hereditary spherocytosis,congenital dyserythropoietic anemia,hereditary spherocytosis,rare,rare,phenotype,related but distinct,0.40,Raised red-cell CD44 binding (96% of CDA II) plus EMA test can screen CDA II vs HS,13 antibodies against 8 RBC membrane proteins; 57% of CDA II gave positive/grey EMA binding results that mimic HS; anti-CD44 fluorescence raised in 96% of CDA II; confirm with marrow or SEC23B sequencing.,diagnostic flow cytometry study,"CDA II, HS, controls, cord blood",CD44 as a Potential Screening Marker for Preliminary Differentiation Between Congenital Dyserythropoietic Anemia Type II and Hereditary Spherocytosis.,2018,https://doi.org/10.1002/cyto.b.21488,27784127,not open access,yes - free full text at publisher (not read),abstract only,batch 2
autoimmune lymphoproliferative syndrome,Evans syndrome,autoimmune lymphoproliferative syndrome,Evans syndrome,rare,rare,phenotype,related but distinct,0.40,47% of children with Evans syndrome have ALPS; double-negative T cells >=5% predict ALPS (PPV 94%),Measured DNT cells and Fas-mediated apoptosis; no patient with DNTs <2.5% had ALPS; severe cytopenias and high immunoglobulins also predicted ALPS; recommends DNT screening for all paediatric ES.,multicentre cohort,"45 children, 22 institutions",Identifying autoimmune lymphoproliferative syndrome in children with Evans syndrome: a multi-institutional study.,2010,https://doi.org/10.1182/blood-2009-08-239525,20068224,not open access,yes - free full text at publisher (not read),abstract only,batch 2
Evans syndrome,autoimmune lymphoproliferative syndrome,Evans syndrome,autoimmune lymphoproliferative syndrome,rare,rare,phenotype,related but distinct,0.40,"7/12 children with Evans syndrome had raised DNT cells, 6 with defective Fas apoptosis confirming ALPS","Overlap of autoimmune cytopenias, organomegaly and lymphadenopathy; DNT flow cytometry proposed as sensitive first-line screen; therapeutic implications.",case series,12 children with ES,Unmasking Evans syndrome: T-cell phenotype and apoptotic response reveal autoimmune lymphoproliferative syndrome (ALPS).,2005,https://doi.org/10.1182/blood-2004-09-3542,15542578,not open access,yes - free full text at publisher (not read),abstract only,batch 2
IPEX syndrome,APECED,IPEX syndrome,APECED,rare,rare,other,related but distinct,0.40,"Anti-AIE-75 autoantibodies are specific to IPEX and anti-TPH-1 to APECED, reflecting peripheral vs central tolerance defects",Tested each disease's marker autoantibodies in the other disease; confirmed specificity of anti-AIE-75 (IPEX) and anti-TPH-1 (APECED); anti-villin seen in some APECED.,case-control serology study,IPEX and APECED patients,Disease specificity of anti-tryptophan hydroxylase-1 and anti-AIE-75 autoantibodies in APECED and IPEX syndrome.,2015,https://doi.org/10.1016/j.clim.2014.10.010,25463430,not open access,no - subscription/paywalled,abstract only,batch 2
APECED,IPEX syndrome,APECED,IPEX syndrome,rare,rare,pathways,related but distinct,0.40,Review: AIRE (central tolerance) vs FOXP3 (Treg/peripheral tolerance) defects give different target organs and autoantigens; IPEX is earlier and more severe,"Both are monogenic multi-organ autoimmunity; differences in clinical features and autoantibody profiles, including different small-intestinal target antigens.",review,NA,[Difference in target antigens between central tolerance and peripheral tolerance deficiencies].,2015,https://doi.org/10.2177/jsci.38.142,26213192,not open access,yes - free full text at publisher (not read),abstract only,batch 2
hyper-IgM syndrome,common variable immunodeficiency,hyper-IgM syndrome,common variable immunodeficiency,rare,rare,phenotype,related but distinct,0.40,"Case with raised IgM, neutropenia and impaired class switching fitting features of both HIGM4 and CVID","Normal CD40/CD40L/AID/UNG; low atypical B cells, few switched memory B cells, raised BLyS; authors call for better understanding of the link between the two diseases.",case report,1,"Hyper-IgM, neutropenia, mild infections and low response to polyclonal stimulation: hyper-IgM syndrome or common variable immunodeficiency?",2011,https://doi.org/10.1177/039463201102400416,22230404,not open access,no - subscription/paywalled,abstract only,batch 2
chronic granulomatous disease,Crohn disease,chronic granulomatous disease,Crohn disease,rare,common,phenotype,related but distinct,0.40,CGD colitis has far fewer CD68+ macrophages than Crohn colitis (242 vs 1104 cells/mm2) despite near-identical granulomatous histology,Immunostaining for multiple inflammatory cell markers; only CD68 differed significantly; proposed as a simple tool to identify CGD in colonic inflammation.,comparative histology study,"6 CGD, Crohn and control biopsies",CD68 expression is markedly different in Crohn's disease and the colitis associated with chronic granulomatous disease.,2009,https://doi.org/10.1002/ibd.20890,19229980,not open access,no - subscription/paywalled,abstract only,batch 2
chronic granulomatous disease,Crohn disease,chronic granulomatous disease,Crohn disease,rare,common,phenotype,related but distinct,0.40,CGD presented as early-onset Crohn disease with skin lesions; Serratia isolation prompted correct diagnosis,5-year-old with presumed Crohn and extraintestinal features; granulomas on histology; consider immune deficiency in early-onset IBD with opportunistic infections.,case report,1,Chronic granulomatous disease mimicking early-onset Crohn's disease with cutaneous manifestations.,2014,https://europepmc.org/article/PMC/PMC4097086,24947584,open access,yes - free full text in PMC/Europe PMC (not read),abstract only,batch 2
familial Mediterranean fever,TRAPS,familial Mediterranean fever,TRAPS,rare,rare,treatment,similar,0.80,"AIDAI disease-activity scores fall similarly on canakinumab in crFMF, MKD and TRAPS, with disease-specific thresholds","Daily AIDAI questionnaires; high scores in first 4 weeks then decline; optimal inactive-disease cut-offs 12.0 (FMF), 9.6 (MKD), 15.5 (TRAPS) with sens/spec mostly >75%.",post-hoc analysis of phase III trial (CLUSTER),"60 crFMF, 70 MKD, 43 TRAPS","Use of the Auto-inflammatory Disease Activity Index to monitor disease activity in patients with colchicine-resistant Familial Mediterranean Fever, Mevalonate Kinase Deficiency, and TRAPS treated with canakinumab.",2022,https://doi.org/10.1016/j.jbspin.2022.105448,35944600,not open access,no - subscription/paywalled,abstract only,batch 2
familial Mediterranean fever,mevalonate kinase deficiency,familial Mediterranean fever,mevalonate kinase deficiency,rare,rare,treatment,similar,0.80,"AIDAI disease-activity scores fall similarly on canakinumab in crFMF, MKD and TRAPS, with disease-specific thresholds","Daily AIDAI questionnaires; high scores in first 4 weeks then decline; optimal inactive-disease cut-offs 12.0 (FMF), 9.6 (MKD), 15.5 (TRAPS) with sens/spec mostly >75%.",post-hoc analysis of phase III trial (CLUSTER),"60 crFMF, 70 MKD, 43 TRAPS","Use of the Auto-inflammatory Disease Activity Index to monitor disease activity in patients with colchicine-resistant Familial Mediterranean Fever, Mevalonate Kinase Deficiency, and TRAPS treated with canakinumab.",2022,https://doi.org/10.1016/j.jbspin.2022.105448,35944600,not open access,no - subscription/paywalled,abstract only,batch 2
mevalonate kinase deficiency,TRAPS,mevalonate kinase deficiency,TRAPS,rare,rare,treatment,similar,0.80,"AIDAI disease-activity scores fall similarly on canakinumab in crFMF, MKD and TRAPS, with disease-specific thresholds","Daily AIDAI questionnaires; high scores in first 4 weeks then decline; optimal inactive-disease cut-offs 12.0 (FMF), 9.6 (MKD), 15.5 (TRAPS) with sens/spec mostly >75%.",post-hoc analysis of phase III trial (CLUSTER),"60 crFMF, 70 MKD, 43 TRAPS","Use of the Auto-inflammatory Disease Activity Index to monitor disease activity in patients with colchicine-resistant Familial Mediterranean Fever, Mevalonate Kinase Deficiency, and TRAPS treated with canakinumab.",2022,https://doi.org/10.1016/j.jbspin.2022.105448,35944600,not open access,no - subscription/paywalled,abstract only,batch 2
mevalonate kinase deficiency,familial Mediterranean fever,mevalonate kinase deficiency,familial Mediterranean fever,rare,rare,phenotype,related but distinct,0.40,"In an FMF-endemic region, MKD patients with atypical periodic fever (early onset, lymphadenopathy, rash, diarrhoea) should be tested for MVK even if they carry MEFV variants",Median onset 6 months; 7 also had MEFV exon-10 variant; 57.5% homozygous V377I; cytopenia during episodes in 54.5%; 91% had attack triggers.,retrospective single-centre cohort,33 children with MKD,Mevalonate kinase deficiency in a familial Mediterranean fever endemic region: a single-center experience.,2025,https://doi.org/10.24953/turkjpediatr.2025.6015,40925030,not open access,no - subscription/paywalled,abstract only,batch 2
familial Mediterranean fever,mevalonate kinase deficiency,familial Mediterranean fever,mevalonate kinase deficiency,rare,rare,genes,similar,0.85,Arabic kindred carrying both MEFV and MVK mutations shows overlapping FMF and HIDS features,Siblings homozygous MVK V377I plus compound MEFV mutations; variable phenotypes from asymptomatic to severe; digenic inheritance may explain atypical overlap.,family case report,1 kindred,Overlap of familial Mediterranean fever and hyper-IgD syndrome in an Arabic kindred.,2015,https://doi.org/10.1007/s10875-015-0140-x,25708585,not open access,no - subscription/paywalled,abstract only,batch 2
PFAPA syndrome,familial Mediterranean fever,PFAPA syndrome,familial Mediterranean fever,rare,rare,other,related but distinct,0.40,Serum galectin-3 is lower in PFAPA than FMF both during flares and attack-free periods,"ELISA galectin-3; PFAPA attack-free 1.794 vs FMF attack-free 2.797 ng/ml (p=0.01); PFAPA lower than controls, strep pharyngitis and FMF attacks; no difference between CAPS and attack-free PFAPA; proposed as differentiating biomarker.",observational case-control biomarker study,"36 PFAPA, 39 FMF, 8 CAPS, 4 strep pharyngitis, 17 controls","Galectin-3: a new biomarker for differentiating periodic fever, adenitis, pharyngitis, aphthous stomatitis (PFAPA) syndrome from familial Mediterranean fever?",2022,https://doi.org/10.1007/s00296-021-04827-1,33709179,not open access,no - subscription/paywalled,abstract only,batch 2
familial Mediterranean fever,PFAPA syndrome,familial Mediterranean fever,PFAPA syndrome,rare,rare,phenotype,related but distinct,0.40,"Review of shared features and main differences; ethnicity, attack regularity and upper-airway involvement help differentiate in FMF-endemic regions","FMF is the most common autoinflammatory disease, followed by PFAPA; biologics proposed as alternative for non-responders to classic treatment (colchicine / corticosteroids / tonsillectomy) in both.",review,NA,"Familial Mediterranean fever and periodic fever, aphthous stomatitis, pharyngitis, and adenitis (PFAPA) syndrome: shared features and main differences.",2019,https://doi.org/10.1007/s00296-018-4105-2,30019226,not open access,no - subscription/paywalled,abstract only,batch 2
Blau syndrome,sarcoidosis,Blau syndrome,sarcoidosis,rare,rare,genes,related but distinct,0.40,"Both show noncaseating granulomas, but Blau/early-onset sarcoidosis is NOD2 gain-of-function with onset <5 y (rash, arthritis, uveitis) while systemic sarcoidosis is polygenic, adult and pulmonary","Framework to distinguish the two clinically; covers differences in genetics, pathogenesis, management, prognosis and outcomes.",review,NA,Distinguishing Blau Syndrome from Systemic Sarcoidosis.,2021,https://europepmc.org/article/PMC/PMC9762981,33560445,free in PMC,yes - free full text in PMC/Europe PMC (not read),abstract only,batch 2
early-onset sarcoidosis,Blau syndrome,Blau syndrome,Blau syndrome,rare,rare,genes,similar,0.85,"9/10 Japanese early-onset sarcoidosis cases carried CARD15/NOD2 missense mutations with constitutive NF-kB activation, the same aetiology as Blau syndrome",Mutations included R334W (also in Blau) and novel variants; all six variants raised basal NF-kB activity; EOS and Blau share a common genetic cause.,genetic case series,10 EOS cases,Early-onset sarcoidosis and CARD15 mutations with constitutive nuclear factor-kappaB activation: common genetic etiology with Blau syndrome.,2005,https://doi.org/10.1182/blood-2004-07-2972,15459013,not open access,yes - free full text at publisher (not read),abstract only,batch 2
antisynthetase syndrome,idiopathic pulmonary fibrosis,antisynthetase syndrome,idiopathic pulmonary fibrosis,rare,rare,phenotype,related but distinct,0.40,"ASyS-ILD presenting to respiratory clinics differs clinicoserologically from IPF; extended myositis serology needed in ILD, especially in younger women",Treatment of CTD-ILD and IPF differs widely; respiratory-presenting ASyS had more non-Jo-1 antibodies and less myositis than rheumatology-presenting ASyS but similar lung physiology; HRCT and outcomes similar for Jo-1 vs non-Jo-1.,retrospective multicentre observational cohort,ASyS-ILD (52 via respiratory) vs IPF and rheumatology ASyS,Clinicoserological features of antisynthetase syndrome (ASyS)-associated interstitial lung disease presenting to respiratory services: comparison with idiopathic pulmonary fibrosis and ASyS diagnosed in rheumatology services.,2021,https://europepmc.org/article/PMC/PMC7798409,33419741,open access,yes - free full text in PMC/Europe PMC (not read),abstract only,batch 2
Takayasu arteritis,giant cell arteritis,Takayasu arteritis,giant cell arteritis,rare,rare,pathways,related but distinct,0.40,"B-cell and autoantibody responses are strongest in Takayasu, intermediate in large-vessel GCA and least in cranial GCA, despite shared T-cell/macrophage granulomatous inflammation",Large-vessel GCA overlaps with late-onset TAK; TAK shows B-cell infiltration and tertiary lymphoid organs; LV-GCA aortic lesions also show TLOs; autoantibody profiles appear distinct; implications for LVV subtyping and personalised therapy.,comparative review,NA,Autoantibodies and B Cells in Takayasu Arteritis and Giant Cell Arteritis: Comparative Insights into Large-Vessel Vasculitis.,2026,https://doi.org/10.1620/tjem.2026.j008,41672504,not open access,no - subscription/paywalled,abstract only,batch 2
giant cell arteritis,polymyalgia rheumatica,giant cell arteritis,polymyalgia rheumatica,rare,common,pathways,related but distinct,0.40,"Active PMR and GCA share only a small immune-activation plasma proteome signature (13 proteins); PMR shows erythrocyte/muscle-contraction changes, GCA mitochondrial and clotting changes","S100A12 raised in plasma and in temporal artery biopsies of both; VWF and TUBB in active GCA, SLC4A1/SPTA1/MYLK in active PMR; candidate classification markers.",pilot proteomics case-control study,"15 PMR, 13 GCA",Plasma proteome differences between giant cell arteritis and polymyalgia rheumatica: a pilot study.,2026,https://europepmc.org/article/PMC/PMC13587367,42387612,open access,yes - free full text in PMC/Europe PMC (not read),abstract only,batch 2
polymyalgia rheumatica,giant cell arteritis,polymyalgia rheumatica,giant cell arteritis,common,rare,pathways,similar,0.85,"Macrophage marker and cytokine profiles (CD68, CD64, CD86, CD206, GM-CSF, IL-6, IL-23, IFN-g, TNF) are comparable in PMR bursae and GCA arteries; only FR-beta higher in GCA",Supports PMR and GCA as one disease spectrum and points to shared therapeutic targets.,comparative immunohistochemistry study,"11 PMR bursa biopsies, 14 GCA temporal artery biopsies",Overlapping macrophage immune profiles in polymyalgia rheumatica and giant cell arteritis.,2026,https://doi.org/10.1093/rheumatology/keaf629,41401110,not open access,no - subscription/paywalled,abstract only,batch 2
mixed connective tissue disease,systemic lupus erythematosus,mixed connective tissue disease,systemic lupus erythematosus,rare,rare,other,related but distinct,0.40,Double positivity for anti-Sm/RNP common motif and anti-RNP associates with arthritis and Raynaud and with classifiable MCTD or SLE,Multiplex bead assay; anti-Sm/RNP titres AUC ~0.67 for inflammatory arthritis and Raynaud; ORs for MCTD and SLE higher with double positivity than anti-RNP alone.,retrospective cohort (serology),133 patients with suspected CTD,Association of Combined Autoreactivity to Sm/RNP Common Motif and U1 RNP With Mixed Connective Tissue Disease and Systemic Lupus Erythematosus.,2024,https://europepmc.org/article/PMC/PMC11638137,39270208,open access,yes - free full text in PMC/Europe PMC (not read),abstract only,batch 2
systemic lupus erythematosus,mixed connective tissue disease,systemic lupus erythematosus,mixed connective tissue disease,rare,rare,other,related but distinct,0.40,"Anti-U1-RNP is found in 13-30% of SLE cohorts and brings MCTD-like features; anti-70kDa U1-RNP, anti-Sm-D and IgM vs IgG serotype may discriminate SLE from MCTD","Anti-U1-RNP+ SLE linked to Raynaud, musculoskeletal and lung involvement and capillaroscopy changes; awareness may allow earlier diagnosis of complications such as PAH.",review,NA,The impact of anti-U1-RNP positivity: systemic lupus erythematosus versus mixed connective tissue disease.,2018,https://doi.org/10.1007/s00296-018-4059-4,29796907,not open access,no - subscription/paywalled,abstract only,batch 2
Kikuchi-Fujimoto disease,systemic lupus erythematosus,Kikuchi-Fujimoto disease,systemic lupus erythematosus,rare,rare,phenotype,related but distinct,0.40,"Kikuchi disease mimics SLE (fever, lymphadenopathy, abnormal serology) and should be considered to avoid unnecessary work-up and treatment",35-year-old woman referred with axillary lymphadenopathy and suspected SLE after malignancy excluded; KFD thought to be a T-cell/histiocyte response to infection.,case report,1,Kikuchi-Fujimoto Disease: A Differential for When It is Not Systemic Lupus Erythematosus.,2022,https://europepmc.org/article/PMC/PMC9363934,35968155,open access,yes - free full text in PMC/Europe PMC (not read),abstract only,batch 2
systemic juvenile idiopathic arthritis,adult-onset Still disease,Still disease,Still disease,rare,rare,phenotype,similar,0.80,sJIA and AOSD are strongly similar and differ mainly in classification criteria; requiring arthritis delays sJIA diagnosis,ILAR criteria need arthritis whereas Yamaguchi criteria for AOSD need only arthralgia; argues criteria revision for earlier diagnosis.,comparative literature review (letter),NA,Systemic juvenile idiopathic arthritis versus adult-onset Still´s disease: the pertinence of changing the current classification criteria.,2020,https://pubmed.ncbi.nlm.nih.gov/32895357,32895357,not open access,no - no full-text link found,abstract only,batch 2
systemic juvenile idiopathic arthritis,adult-onset Still disease,Still disease,Still disease,rare,rare,treatment,similar,0.80,"Anakinra shows excellent long-term retention in both sJIA and AOSD, with early first-line use predicting better survival on drug",Retention rate high at 12-60 months; adverse events (HR 3.0) and longer treatment delay linked to discontinuation; steroid- and cDMARD-sparing effects.,retrospective multicentre cohort,"61 sJIA, 76 AOSD (25 Italian centres)",Anakinra Drug Retention Rate and Predictive Factors of Long-Term Response in Systemic Juvenile Idiopathic Arthritis and Adult Onset Still Disease.,2019,https://europepmc.org/article/PMC/PMC6715768,31507416,open access,yes - free full text in PMC/Europe PMC (not read),abstract only,batch 2
inclusion body myositis,polymyositis,inclusion body myositis,polymyositis,rare,rare,other,related but distinct,0.40,"[18F]florbetapir amyloid PET uptake is higher in IBM than PM (SUVR 1.45 vs 1.01); SUVR>=1.28 gave 80% sensitivity, 100% specificity for IBM","Many IBM patients initially misdiagnosed as PM; amyloid PET could aid diagnosis, trial entry and avoid harmful immunosuppression.",observational imaging study,"10 IBM, 6 PM",[18F]Florbetapir positron emission tomography: identification of muscle amyloid in inclusion body myositis and differentiation from polymyositis.,2019,https://europepmc.org/article/PMC/PMC6517800,30760470,open access,yes - free full text in PMC/Europe PMC (not read),abstract only,batch 2
inclusion body myositis,polymyositis,inclusion body myositis,polymyositis,rare,rare,phenotype,related but distinct,0.40,Endomysial fibroblasts invade myofibres through a broken basement membrane in PM but stay sheathed by intact basement membrane in sIBM,"Immunofluorescence for CD90, CD34, CD105, procollagen I, perlecan plus electron microscopy; fibroblast accumulation in both, invasion pattern differs.",comparative histology/ultrastructure study,35 biopsies,Invasive fibroblasts: fundamental difference between sporadic inclusion body myositis and polymyositis.,2014,https://doi.org/10.1002/mus.23898,23649793,not open access,no - subscription/paywalled,abstract only,batch 2
limb-girdle muscular dystrophy,facioscapulohumeral muscular dystrophy,limb-girdle muscular dystrophy,facioscapulohumeral muscular dystrophy,rare,rare,other,related but distinct,0.40,"Circulating miRNAs (miR-122-5p, miR-192-5p, miR-323-3p) differ from controls in all dystrophies, but each dystrophy shows its own miRNA pattern",Plasma small-RNA-seq then qPCR; correlation of miRs with CK and vitamin D only in LGMD; proposed LGMD signature.,case-control biomarker study,6 LGMD + controls; DMD and FSHD validation groups,"Identification of circulating miRNAs differentially expressed in patients with Limb-girdle, Duchenne or facioscapulohumeral muscular dystrophies.",2022,https://europepmc.org/article/PMC/PMC9793535,36575500,open access,yes - free full text in PMC/Europe PMC (not read),abstract only,batch 2
limb-girdle muscular dystrophy,Duchenne muscular dystrophy,limb-girdle muscular dystrophy,Duchenne muscular dystrophy,rare,rare,other,related but distinct,0.40,"Circulating miRNAs (miR-122-5p, miR-192-5p, miR-323-3p) differ from controls in all dystrophies, but each dystrophy shows its own miRNA pattern",Plasma small-RNA-seq then qPCR; correlation of miRs with CK and vitamin D only in LGMD; proposed LGMD signature.,case-control biomarker study,6 LGMD + controls; DMD and FSHD validation groups,"Identification of circulating miRNAs differentially expressed in patients with Limb-girdle, Duchenne or facioscapulohumeral muscular dystrophies.",2022,https://europepmc.org/article/PMC/PMC9793535,36575500,open access,yes - free full text in PMC/Europe PMC (not read),abstract only,batch 2
Duchenne muscular dystrophy,facioscapulohumeral muscular dystrophy,Duchenne muscular dystrophy,facioscapulohumeral muscular dystrophy,rare,rare,other,related but distinct,0.40,"Circulating miRNAs (miR-122-5p, miR-192-5p, miR-323-3p) differ from controls in all dystrophies, but each dystrophy shows its own miRNA pattern",Plasma small-RNA-seq then qPCR; correlation of miRs with CK and vitamin D only in LGMD; proposed LGMD signature.,case-control biomarker study,6 LGMD + controls; DMD and FSHD validation groups,"Identification of circulating miRNAs differentially expressed in patients with Limb-girdle, Duchenne or facioscapulohumeral muscular dystrophies.",2022,https://europepmc.org/article/PMC/PMC9793535,36575500,open access,yes - free full text in PMC/Europe PMC (not read),abstract only,batch 2
facioscapulohumeral muscular dystrophy,limb-girdle muscular dystrophy,facioscapulohumeral muscular dystrophy,limb-girdle muscular dystrophy,rare,rare,treatment,similar,0.80,"12 weeks of moderate resistance training improved quality of life and psychological health similarly across FSHD, Becker and LGMD","Self-reported HRQoL, depression, anxiety and self-esteem measured at baseline, after control period and after training; supports including resistance training in management.",interventional study (pre-post with control period),"17 (6 FSHD, 6 LGMD, 5 BMD)","The effects of 12 weeks' resistance training on psychological parameters and quality of life in adults with Facioscapulohumeral, Becker, and Limb-girdle dystrophies.",2022,https://doi.org/10.1080/09638288.2021.1955306,34340613,not open access,no - subscription/paywalled,abstract only,batch 2
facioscapulohumeral muscular dystrophy,Becker muscular dystrophy,facioscapulohumeral muscular dystrophy,Becker muscular dystrophy,rare,rare,treatment,similar,0.80,"12 weeks of moderate resistance training improved quality of life and psychological health similarly across FSHD, Becker and LGMD","Self-reported HRQoL, depression, anxiety and self-esteem measured at baseline, after control period and after training; supports including resistance training in management.",interventional study (pre-post with control period),"17 (6 FSHD, 6 LGMD, 5 BMD)","The effects of 12 weeks' resistance training on psychological parameters and quality of life in adults with Facioscapulohumeral, Becker, and Limb-girdle dystrophies.",2022,https://doi.org/10.1080/09638288.2021.1955306,34340613,not open access,no - subscription/paywalled,abstract only,batch 2
Becker muscular dystrophy,limb-girdle muscular dystrophy,Becker muscular dystrophy,limb-girdle muscular dystrophy,rare,rare,treatment,similar,0.80,"12 weeks of moderate resistance training improved quality of life and psychological health similarly across FSHD, Becker and LGMD","Self-reported HRQoL, depression, anxiety and self-esteem measured at baseline, after control period and after training; supports including resistance training in management.",interventional study (pre-post with control period),"17 (6 FSHD, 6 LGMD, 5 BMD)","The effects of 12 weeks' resistance training on psychological parameters and quality of life in adults with Facioscapulohumeral, Becker, and Limb-girdle dystrophies.",2022,https://doi.org/10.1080/09638288.2021.1955306,34340613,not open access,no - subscription/paywalled,abstract only,batch 2
oculopharyngeal muscular dystrophy,myasthenia gravis,oculopharyngeal muscular dystrophy,myasthenia gravis,rare,rare,phenotype,related but distinct,0.40,OPMD and AChR-antibody MG coexisted in one patient; muscle degeneration may break tolerance and trigger autoantibodies,Both cause ptosis and bulbar weakness but have different pathophysiology and treatment; association of MG with genetic myopathies may not be coincidental.,case report,1,Oculopharyngeal muscular dystrophy coexisting with myasthenia gravis.,2022,https://doi.org/10.1136/practneurol-2022-003429,35534195,not open access,no - subscription/paywalled,abstract only,batch 2
myasthenia gravis,oculopharyngeal muscular dystrophy,myasthenia gravis,oculopharyngeal muscular dystrophy,rare,rare,phenotype,related but distinct,0.40,Treatment-resistant weakness in long-standing MG was due to genetically proven OPMD,45-year-old with antibody-positive MG since 16; new refractory weakness should prompt work-up for other neuromuscular disorders including OPMD.,case report,1,Oculopharyngeal muscular dystrophy as a cause of progression of weakness in antibody positive myasthenia gravis.,2013,https://europepmc.org/article/PMC/PMC4181576,23453859,free in PMC,yes - free full text in PMC/Europe PMC (not read),abstract only,batch 2
Morvan syndrome,amyotrophic lateral sclerosis,Morvan syndrome,amyotrophic lateral sclerosis,rare,rare,phenotype,related but distinct,0.40,"Morvan syndrome (CASPR2 antibodies) mimicked ALS with frontotemporal dementia; EMG, polysomnography and antibody testing were needed to separate them","76-year-old with cognitive decline, cramps, hyponatraemia and frontotemporal atrophy; EMG showed myokymia/neuromyotonia; absent REM/N3 sleep; possible link to prostate adenocarcinoma.",case report,1,A Case of Morvan Syndrome Mimicking Amyotrophic Lateral Sclerosis With Frontotemporal Dementia.,2016,https://doi.org/10.1097/cnd.0000000000000118,27224435,not open access,no - subscription/paywalled,abstract only,batch 2
dopa-responsive dystonia,early-onset Parkinson disease,dopa-responsive dystonia,Parkinson disease,rare,rare,genes,related but distinct,0.40,A DRD phenotype can be caused by GCH1 (DYT5a) or PARK2 (early-onset PD) mutations; genetic testing for both is needed,"Childhood/adolescent lower-limb dystonia with gait problems; GCH1 point mutations or rearrangements in 3 families, PARK2 in 1; DRD may come with parkinsonism.",family genotype-phenotype study,4 families,Dopa-responsive dystonia or early-onset Parkinson disease - Genotype-phenotype correlation.,2017,https://doi.org/10.1016/j.pjnns.2016.07.013,27667361,not open access,no - subscription/paywalled,abstract only,batch 2
dopa-responsive dystonia,cerebral palsy,dopa-responsive dystonia,cerebral palsy,rare,common,phenotype,related but distinct,0.40,"Five children labelled as spastic diplegia/cerebral palsy had low CSF biopterin/neopterin/HVA and normalised on levodopa, confirming DRD",Normal perinatal course and cognition; pyramidal and extrapyramidal signs; levodopa abolished 'spasticity' and extensor plantars within 6 months; consider DRD in atypical CP.,case series,5,Dopa-responsive dystonia simulating cerebral palsy.,1994,https://doi.org/10.1016/0887-8994(94)90109-0,7880338,not open access,no - subscription/paywalled,abstract only,batch 2
dopa-responsive dystonia,cerebral palsy,dopa-responsive dystonia,cerebral palsy,rare,common,phenotype,related but distinct,0.40,Woman with novel GCH1 start-codon mutation was misdiagnosed with cerebral palsy for over 10 years and walked again on low-dose levodopa,Wheelchair-bound state reversed by levodopa; residual thoracolumbar scoliosis due to late diagnosis; reinforces differential diagnosis of DRD vs CP.,case report,1,Dopa-responsive dystonia with a novel initiation codon mutation in the GCH1 gene misdiagnosed as cerebral palsy.,2011,https://europepmc.org/article/PMC/PMC3172666,21935284,open access,yes - free full text in PMC/Europe PMC (not read),abstract only,batch 2
Lafora disease,Unverricht-Lundborg disease,Lafora disease,Unverricht-Lundborg disease,rare,rare,phenotype,related but distinct,0.40,"Photosensitivity is more frequent and severe in Lafora disease than ULD, with shorter photoparoxysmal latency and less response to blue lenses","Both show photic reflex myoclonus and larger, delayed flash-evoked responses vs controls; LD suggests occipital hyperexcitability with deficient inhibition; PRM reflects large-scale cortical-subcortical network dysfunction.",comparative cohort (EEG/evoked potentials),"26 LD, 51 EPM1A",Photosensitivity in Lafora and Unverricht-Lundborg progressive myoclonic epilepsies.,2026,https://doi.org/10.1002/epi.70407,42501323,not open access,no - subscription/paywalled,abstract only,batch 2
Unverricht-Lundborg disease,Lafora disease,Unverricht-Lundborg disease,Lafora disease,rare,rare,phenotype,related but distinct,0.40,Both show sensorimotor cortex hyperexcitability but with different profiles: enlarged P25-N33 SEPs and enhanced long-loop reflexes in ULD vs giant medium-latency SEPs in Lafora,"SSEPs, long-loop reflexes and conditioned TMS; early facilitation in ULD vs delayed, prolonged facilitation in LBD; LBD indicates more severe loss of inhibition.",comparative neurophysiology study,"8 LBD, 10 ULD",Sensorimotor cortex excitability in Unverricht-Lundborg disease and Lafora body disease.,2004,https://doi.org/10.1212/01.wnl.0000147475.71345.aa,15623692,not open access,no - subscription/paywalled,abstract only,batch 2
Lafora disease,Unverricht-Lundborg disease,Lafora disease,Unverricht-Lundborg disease,rare,rare,genes,unrelated,0.05,"Linkage to the EPM1 (ULD) locus on 21q22.3 was excluded in Lafora families, so the two PMEs have different genetic causes",Three polymorphic markers flanking EPM1 used; supports molecular genetic testing for differential diagnosis.,genetic linkage study,3 North-African pedigrees,Lafora disease is not linked to the Unverricht-Lundborg locus.,1995,https://doi.org/10.1002/ajmg.1320600114,7485240,not open access,no - subscription/paywalled,abstract only,batch 2
Kearns-Sayre syndrome,chronic progressive external ophthalmoplegia,Kearns-Sayre syndrome,chronic progressive external ophthalmoplegia,rare,rare,phenotype,similar,0.80,Sensorineural (cochlear) hearing loss affected 10/17 patients with CPEO or KSS from mtDNA deletion or A3243G,"Pure-tone and speech audiometry plus OAE; 5 symptomatic mild-moderate high-frequency loss, 5 subclinical; both groups at high risk of hearing deficits.",cross-sectional audiology study,"17 (14 mtDNA deletion, 3 A3243G)",Sensorineural hearing loss in patients with chronic progressive external ophthalmoplegia or Kearns-Sayre syndrome.,2005,https://doi.org/10.1007/s00415-005-0827-7,15827867,not open access,no - subscription/paywalled,abstract only,batch 2
chronic progressive external ophthalmoplegia,Kearns-Sayre syndrome,chronic progressive external ophthalmoplegia,Kearns-Sayre syndrome,rare,rare,genes,similar,0.85,"Large-scale mtDNA deletions (3-8 kb) occur in both CPEO and KSS, and A3243G can also cause KSS","Southern blot, PCR-RFLP and sequencing of muscle mtDNA; 5 novel deletions; mutant load 37.6-87%.",genetic case series,"11 Chinese patients (7 CPEO, 4 KSS)",[Mitochondrial DNA mutations in patients with chronic progressive external ophthalmoplegia and Kearns-Sayre syndrome].,2003,https://pubmed.ncbi.nlm.nih.gov/12903032,12903032,not open access,no - no full-text link found,abstract only,batch 2
Leigh syndrome,MELAS,Leigh syndrome,MELAS,rare,rare,genes,similar,0.85,The mtDNA ND5 G13513A mutation is a common cause of both MELAS and Leigh syndrome,"3 had MELAS, 9 Leigh; ragged-red fibres rare, SDH-reactive vessels common; complex I deficiency mild and inconsistent; high mutation load in muscle and blood.",case series + literature comparison,12 new + 14 published patients,The G13513A mutation in the ND5 gene of mitochondrial DNA as a common cause of MELAS or Leigh syndrome: evidence from 12 cases.,2008,https://doi.org/10.1001/archneurol.2007.67,18332249,not open access,yes - free full text at publisher (not read),abstract only,batch 2
Leigh syndrome,MELAS,Leigh syndrome,MELAS,rare,rare,genes,similar,0.85,Heteroplasmic MT-ND3 m.10158T>C caused an age-dependent evolution from Leigh syndrome to MELAS in one child,"Brainstem/basal ganglia lesions in infancy, then at 4 years multiple white-matter-predominant cerebral lesions with seizures; implies age-dependent role of complex I.",case report,1,Transition from Leigh syndrome to MELAS syndrome in a patient with heteroplasmic MT-ND3 m.10158T>C.,2019,https://doi.org/10.1016/j.braindev.2019.05.006,31178082,not open access,no - subscription/paywalled,abstract only,batch 2
MERRF,MELAS,MERRF,MELAS,rare,rare,genes,similar,0.85,"Family with double heteroplasmic mtDNA mutations (m.8356T>C MERRF + m.3243A>G MELAS) showed MERRF, MERRF/MELAS overlap and carrier phenotypes",Proposed course starts as MERRF and evolves to MELAS; whole mtDNA sequenced; first double heteroplasmic pathogenic mutation report.,family genetic study,4 family members,MERRF/MELAS overlap syndrome: a double pathogenic mutation in mitochondrial tRNA genes.,2010,https://doi.org/10.1136/jmg.2009.072058,20610441,not open access,yes - free full text at publisher (not read),abstract only,batch 2
MERRF,MELAS,MERRF,MELAS,rare,rare,genes,similar,0.85,"m.3291T>C in MT-TL1 caused a MERRF/MELAS overlap with ataxia, myoclonus, stroke-like episodes and lactic acidosis",Maternal heteroplasmic inheritance; fibroblast respiration showed mitochondrial dysfunction; first report of this mutation with overlap syndrome.,case report + functional study,1 proband and family,MERRF/MELAS overlap syndrome due to the m.3291T>C mutation.,2014,https://doi.org/10.1007/s11011-013-9464-5,24338029,not open access,no - subscription/paywalled,abstract only,batch 2
X-linked adrenoleukodystrophy,Krabbe disease,X-linked adrenoleukodystrophy,Krabbe disease,rare,rare,phenotype,related but distinct,0.40,"Pontomedullary corticospinal tract involvement on MRI is common in X-ALD but absent in other leukodystrophies (Krabbe, Alexander, MLD, Pelizaeus-Merzbacher, Canavan)",Highly significant difference in frequency; sign aids radiological diagnosis of ALD.,retrospective imaging comparison,"10 X-ALD, 10 other leukodystrophies",Involvement of the pontomedullary corticospinal tracts: a useful finding in the diagnosis of X-linked adrenoleukodystrophy.,1997,https://europepmc.org/article/PMC/PMC8337858,9010525,free in PMC,yes - free full text in PMC/Europe PMC (not read),abstract only,batch 2
X-linked adrenoleukodystrophy,Alexander disease,X-linked adrenoleukodystrophy,Alexander disease,rare,rare,phenotype,related but distinct,0.40,"Pontomedullary corticospinal tract involvement on MRI is common in X-ALD but absent in other leukodystrophies (Krabbe, Alexander, MLD, Pelizaeus-Merzbacher, Canavan)",Highly significant difference in frequency; sign aids radiological diagnosis of ALD.,retrospective imaging comparison,"10 X-ALD, 10 other leukodystrophies",Involvement of the pontomedullary corticospinal tracts: a useful finding in the diagnosis of X-linked adrenoleukodystrophy.,1997,https://europepmc.org/article/PMC/PMC8337858,9010525,free in PMC,yes - free full text in PMC/Europe PMC (not read),abstract only,batch 2
X-linked adrenoleukodystrophy,metachromatic leukodystrophy,X-linked adrenoleukodystrophy,metachromatic leukodystrophy,rare,rare,phenotype,related but distinct,0.40,"Pontomedullary corticospinal tract involvement on MRI is common in X-ALD but absent in other leukodystrophies (Krabbe, Alexander, MLD, Pelizaeus-Merzbacher, Canavan)",Highly significant difference in frequency; sign aids radiological diagnosis of ALD.,retrospective imaging comparison,"10 X-ALD, 10 other leukodystrophies",Involvement of the pontomedullary corticospinal tracts: a useful finding in the diagnosis of X-linked adrenoleukodystrophy.,1997,https://europepmc.org/article/PMC/PMC8337858,9010525,free in PMC,yes - free full text in PMC/Europe PMC (not read),abstract only,batch 2
X-linked adrenoleukodystrophy,Pelizaeus-Merzbacher disease,X-linked adrenoleukodystrophy,Pelizaeus-Merzbacher disease,rare,rare,phenotype,related but distinct,0.40,"Pontomedullary corticospinal tract involvement on MRI is common in X-ALD but absent in other leukodystrophies (Krabbe, Alexander, MLD, Pelizaeus-Merzbacher, Canavan)",Highly significant difference in frequency; sign aids radiological diagnosis of ALD.,retrospective imaging comparison,"10 X-ALD, 10 other leukodystrophies",Involvement of the pontomedullary corticospinal tracts: a useful finding in the diagnosis of X-linked adrenoleukodystrophy.,1997,https://europepmc.org/article/PMC/PMC8337858,9010525,free in PMC,yes - free full text in PMC/Europe PMC (not read),abstract only,batch 2
X-linked adrenoleukodystrophy,Canavan disease,X-linked adrenoleukodystrophy,Canavan disease,rare,rare,phenotype,related but distinct,0.40,"Pontomedullary corticospinal tract involvement on MRI is common in X-ALD but absent in other leukodystrophies (Krabbe, Alexander, MLD, Pelizaeus-Merzbacher, Canavan)",Highly significant difference in frequency; sign aids radiological diagnosis of ALD.,retrospective imaging comparison,"10 X-ALD, 10 other leukodystrophies",Involvement of the pontomedullary corticospinal tracts: a useful finding in the diagnosis of X-linked adrenoleukodystrophy.,1997,https://europepmc.org/article/PMC/PMC8337858,9010525,free in PMC,yes - free full text in PMC/Europe PMC (not read),abstract only,batch 2
vanishing white matter disease,metachromatic leukodystrophy,vanishing white matter disease,metachromatic leukodystrophy,rare,rare,phenotype,related but distinct,0.40,"Quantitative MRI (myelin water fraction, neurite density, free water) shows distinct profiles in VWM and MLD matching their different neuropathology, and correlates with clinical scores",3T multi-compartment relaxometry and multi-shell diffusion; proposed as monitoring tools and trial outcome measures.,prospective imaging case-control study,"VWM, MLD patients and controls (2020-2023)",Quantitative MRI distinguishes different leukodystrophies and correlates with clinical measures.,2025,https://europepmc.org/article/PMC/PMC11914348,39320477,open access,yes - free full text in PMC/Europe PMC (not read),abstract only,batch 2
Menkes disease,Wilson disease,Menkes disease,Wilson disease,rare,rare,genes,related but distinct,0.40,"ATP7A (Menkes) and ATP7B (Wilson) mutation spectra differ: ATP7B is 58% missense, ATP7A mostly truncating/splice, clustered in different functional regions",Copper ATPases share conserved signature domains; Menkes mutations concentrate between the last copper-binding domain and first transmembrane helix; 24.6% of Wilson mutations in ATP-binding domain.,comparative mutation-spectrum analysis,published point mutations,A comparison of the mutation spectra of Menkes disease and Wilson disease.,2004,https://doi.org/10.1007/s00439-003-1045-y,14579150,not open access,no - subscription/paywalled,abstract only,batch 2
Wilson disease,Menkes disease,Wilson disease,Menkes disease,rare,rare,genes,similar,0.85,The Wilson disease gene is a copper-transporting P-type ATPase very similar to the Menkes gene,Identified Wc1 (ATP7B) on 13q14.3 with six metal-binding regions like ATP7A; expressed in liver and kidney.,gene discovery study,2 WD patients (homozygous deletion),The Wilson disease gene is a putative copper transporting P-type ATPase similar to the Menkes gene.,1993,https://doi.org/10.1038/ng1293-327,8298639,not open access,no - subscription/paywalled,abstract only,batch 2
Menkes disease,Wilson disease,Menkes disease,Wilson disease,rare,rare,phenotype,similar,0.80,"Atypical Menkes (ATP7A) and Wilson (ATP7B) disease can converge phenotypically, with ataxia and movement disorders","Both copper transporters sit in the trans-Golgi network; ATP7A mutations range from Menkes to occipital horn syndrome and motor neuropathy; Wilson causes dystonia, ataxia and tremor.",brief report,NA,Phenotypic convergence of Menkes and Wilson disease.,2016,https://europepmc.org/article/PMC/PMC5114694,27878136,open access,yes - free full text in PMC/Europe PMC (not read),abstract only,batch 2
hereditary neuropathy with liability to pressure palsies,Charcot-Marie-Tooth disease,hereditary neuropathy with liability to pressure palsies,Charcot-Marie-Tooth disease,rare,rare,other,similar,0.80,Quality of life (SF-36) is as impaired in HNPP as in CMT1A; pain is the main independent predictor in HNPP,"Age/sex-matched; worse HNPP QoL linked to education, physical work, number of affected nerves, MRC, ONLS, pain, depression and fatigue; many factors treatable.",matched case-control study,"18 HNPP, 18 CMT1A",Quality of life in hereditary neuropathy with liability to pressure palsies is as impaired as in Charcot-Marie-Tooth disease type 1A.,2021,https://doi.org/10.1007/s13760-020-01355-w,32335868,not open access,no - subscription/paywalled,abstract only,batch 2
Charcot-Marie-Tooth disease,hereditary neuropathy with liability to pressure palsies,Charcot-Marie-Tooth disease,hereditary neuropathy with liability to pressure palsies,rare,rare,pathways,similar,0.85,PMP22 duplication (CMT1A) and deletion (HNPP) both disrupt molecular architecture at Schmidt-Lanterman incisures and nodes of Ranvier,"Altered PMP22 dosage disrupts adherens junction patterning and nodal subdomains; supports primary myelin dysfunction, not only secondary axon loss.",experimental mouse model study,CMT1A and HNPP mouse models,Aberrant Molecular Myelin Architecture in Charcot-Marie-Tooth Disease Type 1A and Hereditary Neuropathy With Liability to Pressure Palsies.,2026,https://europepmc.org/article/PMC/PMC12706824,41400104,open access,yes - free full text in PMC/Europe PMC (not read),abstract only,batch 2
Charcot-Marie-Tooth disease,hereditary neuropathy with liability to pressure palsies,Charcot-Marie-Tooth disease,hereditary neuropathy with liability to pressure palsies,rare,rare,phenotype,related but distinct,0.40,"Nerve ultrasound: CMT1 nerves are diffusely and symmetrically enlarged, whereas HNPP nerves enlarge only at entrapment sites",Bilateral upper and lower limb nerves; demyelinating forms larger than axonal; lower-limb ultrasound added little.,cross-sectional imaging study,70 CMT/HNPP patients,Different nerve ultrasound patterns in charcot-marie-tooth types and hereditary neuropathy with liability to pressure palsies.,2018,https://doi.org/10.1002/mus.25766,28802056,not open access,no - subscription/paywalled,abstract only,batch 2
moyamoya disease,intracranial atherosclerotic disease,moyamoya disease,intracranial atherosclerotic disease,rare,common,phenotype,related but distinct,0.40,"Vessel-wall MRI (smaller outer diameter, thinner wall) plus multi-delay ASL perfusion separates moyamoya disease from atherosclerotic moyamoya syndrome (AUC 0.94)",T1w-CUBE and multi-PLD 3D pCASL vs DSA/MRA; combined logistic model optimal.,prospective imaging study,"51 (26 MMD, 25 AS-MMS)",Can combined high-resolution vessel wall imaging and multiple post-labeling delay 3D pseudo-continuous arterial spin labeling differentiate moyamoya disease from atherosclerotic moyamoya syndrome?,2023,https://doi.org/10.1016/j.ejrad.2023.111184,37931375,not open access,no - subscription/paywalled,abstract only,batch 2
moyamoya disease,intracranial atherosclerotic disease,moyamoya disease,intracranial atherosclerotic disease,rare,common,phenotype,related but distinct,0.40,"After revascularisation, frontal cerebral hyperperfusion is more common and severe in adult moyamoya than atherosclerotic occlusive disease, and predicted by low preoperative CBF only in moyamoya",99mTc-ECD SPECT day 1 after surgery; preoperative CBF AUC 0.84 vs CVR 0.67 in MMD; neither predicted CHP in AOCD.,retrospective imaging cohort,"100 hemispheres (adult MMD, paediatric MMD, AOCD)",The Differences of Cerebral Hyperperfusion in Patients With Moyamoya Disease and Atherosclerotic Occlusive Cerebrovascular Disease Evaluated by 99m Tc-ECD SPECT One Day After Revascularization Surgery.,2025,https://doi.org/10.1097/rlu.0000000000005929,40524355,not open access,no - subscription/paywalled,abstract only,batch 2
Rasmussen encephalitis,focal cortical dysplasia,Rasmussen encephalitis,focal cortical dysplasia,rare,rare,phenotype,related but distinct,0.40,"Focal cortical dysplasia (ILAE IIId) accompanied Rasmussen encephalitis in 4/7 children, supporting acquired postmigratory FCD",Multifocal progression from inflammatory foci to cortical destruction; atypical hippocampal sclerosis in 5/7; all seizure-free after surgery.,clinicopathological case series,7 children (hemispherectomy),Clinico-pathological investigations of Rasmussen encephalitis suggest multifocal disease progression and associated focal cortical dysplasia.,2013,https://doi.org/10.1684/epd.2013.0555,23531608,not open access,no - subscription/paywalled,abstract only,batch 2
Creutzfeldt-Jakob disease,subacute sclerosing panencephalitis,Creutzfeldt-Jakob disease,subacute sclerosing panencephalitis,rare,rare,pathways,related but distinct,0.40,"Both brains show reduced gangliosides and phosphatidylethanolamine with raised cholesterol esters (more in SSPE), but specific B-pathway ganglioside loss and GD3 rise occur only in CJD",Cerebral cortex lipid composition; sphingomyelin increased in CJD; GD3 rise may reflect reactive astrocytes; fatty-acid changes may alter membrane function.,comparative post-mortem lipid analysis,"3 CJD, 1 SSPE",Alterations in brain gangliosides and other lipids of patients with Creutzfeldt-Jakob disease and subacute sclerosing panencephalitis (SSPE).,1984,https://pubmed.ncbi.nlm.nih.gov/6399079,6399079,not open access,no - no full-text link found,abstract only,batch 2
Dravet syndrome,West syndrome,Dravet syndrome,West syndrome,rare,rare,genes,similar,0.85,"GABRB3 mutations cause Dravet syndrome, infantile spasms and Lennox-Gastaut syndrome through a shared mechanism of impaired synaptic clustering of GABA-A receptors",High-throughput flow cytometry and synaptic studies; mutant beta3 subunits reduce gamma2 incorporation at synapses by different cellular mechanisms; degree of impairment may explain phenotypic heterogeneity.,experimental functional study,multiple GABRB3 variants; Gabrb3+/- mice,Synaptic clustering differences due to different GABRB3 mutations cause variable epilepsy syndromes.,2019,https://europepmc.org/article/PMC/PMC6776116,31435640,free in PMC,yes - free full text in PMC/Europe PMC (not read),abstract only,batch 2
Dravet syndrome,Lennox-Gastaut syndrome,Dravet syndrome,Lennox-Gastaut syndrome,rare,rare,genes,similar,0.85,"GABRB3 mutations cause Dravet syndrome, infantile spasms and Lennox-Gastaut syndrome through a shared mechanism of impaired synaptic clustering of GABA-A receptors",High-throughput flow cytometry and synaptic studies; mutant beta3 subunits reduce gamma2 incorporation at synapses by different cellular mechanisms; degree of impairment may explain phenotypic heterogeneity.,experimental functional study,multiple GABRB3 variants; Gabrb3+/- mice,Synaptic clustering differences due to different GABRB3 mutations cause variable epilepsy syndromes.,2019,https://europepmc.org/article/PMC/PMC6776116,31435640,free in PMC,yes - free full text in PMC/Europe PMC (not read),abstract only,batch 2
West syndrome,Lennox-Gastaut syndrome,West syndrome,Lennox-Gastaut syndrome,rare,rare,genes,similar,0.85,"GABRB3 mutations cause Dravet syndrome, infantile spasms and Lennox-Gastaut syndrome through a shared mechanism of impaired synaptic clustering of GABA-A receptors",High-throughput flow cytometry and synaptic studies; mutant beta3 subunits reduce gamma2 incorporation at synapses by different cellular mechanisms; degree of impairment may explain phenotypic heterogeneity.,experimental functional study,multiple GABRB3 variants; Gabrb3+/- mice,Synaptic clustering differences due to different GABRB3 mutations cause variable epilepsy syndromes.,2019,https://europepmc.org/article/PMC/PMC6776116,31435640,free in PMC,yes - free full text in PMC/Europe PMC (not read),abstract only,batch 2
Joubert syndrome,Meckel-Gruber syndrome,Joubert syndrome,Meckel-Gruber syndrome,rare,rare,genes,similar,0.85,"MKS1 and B9D1, previously only Meckel genes, cause mild Joubert syndrome; 13 of 24 known Joubert genes also cause Meckel syndrome","Expands genetic overlap between the mild molar-tooth ciliopathy and the lethal ciliopathy with kidney, liver and skeletal involvement.",case series (genetic),4 patients,Mutations in B9D1 and MKS1 cause mild Joubert syndrome: expanding the genetic overlap with the lethal ciliopathy Meckel syndrome.,2014,https://europepmc.org/article/PMC/PMC4113192,24886560,open access,yes - free full text in PMC/Europe PMC (not read),abstract only,batch 2
Meckel-Gruber syndrome,Joubert syndrome,Meckel-Gruber syndrome,Joubert syndrome,rare,rare,genes,similar,0.85,Joubert and Meckel-Gruber form one phenotypic spectrum (Meckel at the severe end); exome plus split-read CNV mapping raised diagnostic yield,Exome sequencing for all; novel AHI1 and TMEM237 deletions found and confirmed by WGS; PCR assays developed for cascade and prenatal testing.,diagnostic genetic cohort,26 patients,Enhanced diagnostic yield in Meckel-Gruber and Joubert syndrome through exome sequencing supplemented with split-read mapping.,2016,https://europepmc.org/article/PMC/PMC4700600,26729329,open access,yes - free full text in PMC/Europe PMC (not read),abstract only,batch 2
autosomal recessive polycystic kidney disease,nephronophthisis,autosomal recessive polycystic kidney disease,nephronophthisis,rare,rare,genes,similar,0.85,"MKS3/TMEM67 mutations produced a combined ciliopathy with ARPKD-like kidneys, nephronophthisis-like anaemia and Joubert-like brain features",Enlarged microcystic kidneys and early severe hypertension; early chronic anaemia; speech and oculomotor apraxia with subtle molar tooth sign; PKHD1 negative; consider MKS3 in ARPKD-like phenotypes.,case series (genetic + functional),3 children,"MKS3-related ciliopathy with features of autosomal recessive polycystic kidney disease, nephronophthisis, and Joubert Syndrome.",2009,https://europepmc.org/article/PMC/PMC2925444,19540516,free in PMC,yes - free full text in PMC/Europe PMC (not read),abstract only,batch 2
autosomal recessive polycystic kidney disease,Joubert syndrome,autosomal recessive polycystic kidney disease,Joubert syndrome,rare,rare,genes,similar,0.85,"MKS3/TMEM67 mutations produced a combined ciliopathy with ARPKD-like kidneys, nephronophthisis-like anaemia and Joubert-like brain features",Enlarged microcystic kidneys and early severe hypertension; early chronic anaemia; speech and oculomotor apraxia with subtle molar tooth sign; PKHD1 negative; consider MKS3 in ARPKD-like phenotypes.,case series (genetic + functional),3 children,"MKS3-related ciliopathy with features of autosomal recessive polycystic kidney disease, nephronophthisis, and Joubert Syndrome.",2009,https://europepmc.org/article/PMC/PMC2925444,19540516,free in PMC,yes - free full text in PMC/Europe PMC (not read),abstract only,batch 2
nephronophthisis,Joubert syndrome,nephronophthisis,Joubert syndrome,rare,rare,genes,similar,0.85,"MKS3/TMEM67 mutations produced a combined ciliopathy with ARPKD-like kidneys, nephronophthisis-like anaemia and Joubert-like brain features",Enlarged microcystic kidneys and early severe hypertension; early chronic anaemia; speech and oculomotor apraxia with subtle molar tooth sign; PKHD1 negative; consider MKS3 in ARPKD-like phenotypes.,case series (genetic + functional),3 children,"MKS3-related ciliopathy with features of autosomal recessive polycystic kidney disease, nephronophthisis, and Joubert Syndrome.",2009,https://europepmc.org/article/PMC/PMC2925444,19540516,free in PMC,yes - free full text in PMC/Europe PMC (not read),abstract only,batch 2
Liddle syndrome,primary aldosteronism,Liddle syndrome,primary aldosteronism,rare,common,phenotype,related but distinct,0.40,A family with early hypertension and hypokalaemia misdiagnosed as primary aldosteronism had Liddle syndrome due to a novel SCNN1B frameshift; amiloride was effective,41-gene monogenic hypertension panel; p.Pro613Glnfs deletes the ENaC PY motif; no SCNN1A/G mutations; consider LS in early-onset hypertension.,family genetic study,32 relatives (13 affected),Liddle syndrome misdiagnosed as primary aldosteronism resulting from a novel frameshift mutation of SCNN1B.,2018,https://europepmc.org/article/PMC/PMC6311463,30496127,open access,yes - free full text in PMC/Europe PMC (not read),abstract only,batch 2
Liddle syndrome,primary aldosteronism,Liddle syndrome,primary aldosteronism,rare,common,phenotype,related but distinct,0.40,Inaccurate aldosterone-renin ratio kits led to Liddle syndrome being misdiagnosed as primary aldosteronism; novel SCNN1G stop mutation found,Spironolactone ineffective; two ARR kits gave opposite results in genetically confirmed LS; gene testing essential.,family case study + assay comparison,1 family,Liddle syndrome misdiagnosed as primary aldosteronism is caused by inaccurate aldosterone-rennin detection while a novel <i>SCNN1G</i> mutation is discovered.,2022,https://doi.org/10.1080/08037051.2022.2088471,35723567,not open access,yes - free full text at publisher (not read),abstract only,batch 2
nephrogenic diabetes insipidus,central diabetes insipidus,diabetes insipidus,diabetes insipidus,rare,rare,genes,related but distinct,0.40,"A woman with X-linked nephrogenic DI (novel AVPR2 variant, skewed X-inactivation) belonged to a family with inherited central DI (AVP variant)","Review shows female XL-NDI always has skewed X-inactivation; severe forms from null mutations, milder from missense.",family case report + literature review,four-generation family; 23 published families,A female with X-linked Nephrogenic diabetes insipidus in a family with inherited central diabetes Insipidus: Case report and review of the literature.,2020,https://doi.org/10.1002/ajmg.a.61516,32073219,not open access,yes - free full text at publisher (not read),abstract only,batch 2
central diabetes insipidus,primary polydipsia,diabetes insipidus,primary polydipsia,rare,common,other,similar,0.80,"Anxiety, alexithymia and depression are similarly raised in AVP deficiency and primary polydipsia, so psychopathology should not be used to distinguish them","STAI, TAS-20, BDI and SF-36 questionnaires; no differences between patient groups (P=0.58, 0.90, 0.50); both worse than controls.",cross-sectional comparative study,"82 (39 AVP-D, 28 PP, 15 controls)",Psychopathological characteristics in patients with arginine vasopressin deficiency (central diabetes insipidus) and primary polydipsia compared to healthy controls.,2024,https://doi.org/10.1093/ejendo/lvae040,38551325,not open access,yes - free full text at publisher (not read),abstract only,batch 2
central diabetes insipidus,primary polydipsia,diabetes insipidus,primary polydipsia,rare,common,phenotype,related but distinct,0.40,Hypertonic-saline-stimulated copeptin combined with sodium dynamics and clinical cues distinguishes CDI from PP in children (cross-validated AUC 0.94),Penalised regression model with copeptin as strongest discriminator; 83.3% accuracy; test safe in children.,prospective diagnostic study,"24 children (11 CDI, 13 PP)",Beyond Biomarkers: Blending Copeptin and Clinical Cues to Distinguish Central Diabetes Insipidus from Primary Polydipsia in Children.,2025,https://europepmc.org/article/PMC/PMC12561882,41153850,open access,yes - free full text in PMC/Europe PMC (not read),abstract only,batch 2
central diabetes insipidus,primary polydipsia,diabetes insipidus,primary polydipsia,rare,common,phenotype,related but distinct,0.40,The normal T1 posterior pituitary bright spot was present in all primary polydipsia patients and absent in all central DI patients,1.5T T1 sagittal MRI without contrast; bright spot absent in 3/4 nephrogenic DI too; MRI may help differentiate.,diagnostic imaging study,18 polyuric patients + 92 controls,Use of T1-weighted MR imaging to differentiate between primary polydipsia and central diabetes insipidus.,1992,https://europepmc.org/article/PMC/PMC8335229,1414815,free in PMC,yes - free full text in PMC/Europe PMC (not read),abstract only,batch 2
primary biliary cholangitis,primary sclerosing cholangitis,primary biliary cholangitis,primary sclerosing cholangitis,rare,rare,phenotype,related but distinct,0.40,"Fatigue in non-cirrhotic PBC has a predominantly muscular phenotype unrelated to disease metrics, compared with PSC and controls; chronotype preserved","Fatigue Impact Scale, Epworth and MEQ-SA; age raised odds of muscular fatigue; daytime sleepiness low and similar across groups; suggests muscle-targeted interventions.",exploratory cross-sectional comparison,"non-cirrhotic PBC, PSC and matched controls",Fatigue and circadian rhythm in non-cirrhotic primary biliary cholangitis: An exploratory comparison with primary sclerosing cholangitis and healthy controls.,2026,https://europepmc.org/article/PMC/PMC12968687,41809483,open access,yes - free full text in PMC/Europe PMC (not read),abstract only,batch 2
primary biliary cholangitis,primary sclerosing cholangitis,primary biliary cholangitis,primary sclerosing cholangitis,rare,rare,phenotype,similar,0.80,"Eight women had a PBC-PSC overlap (cholestasis, AMA positive, bile duct strictures on MRCP), the rarest autoimmune liver overlap",Hospital Clínico Universidad de Chile 2021-2023; one small-duct PSC; recognising overlap matters because treatment and complication screening differ.,descriptive observational case series,8,[Hepatic Overlap Syndrome: Primary Sclerosing Cholangitis and Primary Biliary Cholangitis. Case Review].,2026,https://doi.org/10.4067/s0034-98872026000400533,42441677,not open access,no - subscription/paywalled,abstract only,batch 2
primary biliary cholangitis,autoimmune hepatitis,primary biliary cholangitis,autoimmune hepatitis,rare,rare,phenotype,similar,0.80,AIH-PBC overlap occurs in about 1-3% of PBC and 7% of AIH patients; AMA-negative overlap case with bullous pemphigoid deteriorated rapidly,"Multiple autoimmune syndrome; biopsy showed portal inflammation, necrosis and cholestasis; highlights need for early diagnosis.",case report,1,AMA-Negative Primary Biliary Cholangitis and Autoimmune Hepatitis Overlap Syndrome Presenting With Bullous Pemphigoid: A Case Report.,2025,https://europepmc.org/article/PMC/PMC12660015,41321881,open access,yes - free full text in PMC/Europe PMC (not read),abstract only,batch 2
Crigler-Najjar syndrome,Gilbert syndrome,Crigler-Najjar syndrome,Gilbert syndrome,rare,common,genes,related but distinct,0.40,"Coding-region UGT1A1 mutations (p.G71R, p.Y486D) are more linked to Crigler-Najjar II and promoter polymorphisms (A(TA)7TAA, c.-3279T>G) to Gilbert; hepatic iron deposition more common in CN-II",Serum bilirubin fluctuates so cannot reliably separate the two; compound polymorphisms + G71R more frequent in CN-II (P=0.001).,comparative genetic and histology cohort,95 Chinese patients (59 biopsied),Differences in UGT1A1 gene mutations and pathological liver changes between Chinese patients with Gilbert syndrome and Crigler-Najjar syndrome type II.,2017,https://europepmc.org/article/PMC/PMC5690788,29137095,open access,yes - free full text in PMC/Europe PMC (not read),abstract only,batch 2
Crigler-Najjar syndrome,Gilbert syndrome,Crigler-Najjar syndrome,Gilbert syndrome,rare,common,genes,similar,0.85,"A newborn with mixed pathogenic and polymorphic UGT1A1 variants moved from a CN-II-like to a Gilbert-like phenotype, supporting a clinical continuum","Jaundice in first 24 h needing repeated phototherapy, later normal bilirubin; CN-I, CN-II and Gilbert form a severity spectrum; long-term follow-up advised.",case report,1,Between Crigler-Najjar Syndrome Type II and Gilbert Syndrome: Expanding the Spectrum of Uridine Diphosphate Glucuronosyltransferase 1A1 (UGT1A1)-Related Hyperbilirubinemia.,2026,https://europepmc.org/article/PMC/PMC12875353,41658774,open access,yes - free full text in PMC/Europe PMC (not read),abstract only,batch 2
Crigler-Najjar syndrome,Gilbert syndrome,Crigler-Najjar syndrome,Gilbert syndrome,rare,common,genes,similar,0.85,Serum bilirubin varies continuously from Gilbert to Crigler-Najjar II with UGT1A1 genotype; many patients fall in an intermediate group,"Typical CN-2 12.9, intermediate 5.2 and typical GS 2.8 mg/dL bilirubin (P<0.0001); intermediate genotypes include p.[G71R;Y486D]/UGT1A1*7; clear clinical separation is difficult.",genotype-phenotype cohort,163 Japanese patients,Genotype of UGT1A1 and phenotype correlation between Crigler-Najjar syndrome type II and Gilbert syndrome.,2016,https://doi.org/10.1111/jgh.13071,26250421,not open access,no - subscription/paywalled,abstract only,batch 2
Dubin-Johnson syndrome,Rotor syndrome,Dubin-Johnson syndrome,Rotor syndrome,rare,rare,genes,related but distinct,0.40,Rotor syndrome (OATP1B1/B3 loss) presented like Dubin-Johnson (MRP2 loss); unbiased genetic testing resolved the diagnosis,42-year-old with conjugated hyperbilirubinaemia and raised copper but no Wilson disease; urinary coproporphyrin isomer I predominance; avoid unnecessary invasive tests.,case report,1,Rotor Syndrome Presenting as Dubin-Johnson Syndrome.,2022,https://europepmc.org/article/PMC/PMC9459587,36157610,open access,yes - free full text in PMC/Europe PMC (not read),abstract only,batch 2
Dubin-Johnson syndrome,Rotor syndrome,Dubin-Johnson syndrome,Rotor syndrome,rare,rare,phenotype,similar,0.80,"Review: Dubin-Johnson and Rotor are rare benign mixed hyperbilirubinaemias with typical urinary coproporphyrin profiles, needing no treatment",Precise diagnosis of inherited hyperbilirubinaemias avoids invasive investigation for suspected severe hepatobiliary disease.,review,NA,"Hyperbilirubinemia syndromes (Gilbert-Meulengracht, Crigler-Najjar, Dubin-Johnson, and Rotor syndrome).",2010,https://doi.org/10.1016/j.bpg.2010.07.007,20955959,not open access,no - subscription/paywalled,abstract only,batch 2
Gilbert syndrome,Crigler-Najjar syndrome,Gilbert syndrome,Crigler-Najjar syndrome,common,rare,genes,similar,0.85,Review: Gilbert syndrome is the mild end of a UGT1A1 glucuronidation-defect spectrum that includes fatal Crigler-Najjar syndrome,"Gilbert diagnosed by presentation, biochemistry and genotyping; relevant to drug toxicity risk.",review,NA,"Hyperbilirubinemia syndromes (Gilbert-Meulengracht, Crigler-Najjar, Dubin-Johnson, and Rotor syndrome).",2010,https://doi.org/10.1016/j.bpg.2010.07.007,20955959,not open access,no - subscription/paywalled,abstract only,batch 2
Budd-Chiari syndrome,sinusoidal obstruction syndrome,Budd-Chiari syndrome,sinusoidal obstruction syndrome,rare,rare,phenotype,related but distinct,0.40,"Both cause hepatic congestion and portal hypertension with similar imaging, but obstruction level (hepatic veins/IVC vs sinusoids), risk factors, treatment and prognosis differ",BCS is the main cause of post-sinusoidal portal hypertension; SOS causes sinusoidal portal hypertension; both can cause acute liver failure.,review,NA,Primary Budd-Chiari syndrome versus sinusoidal obstruction syndrome: a review.,2024,https://doi.org/10.1080/03007995.2023.2288909,38006404,not open access,no - subscription/paywalled,abstract only,batch 2
Peutz-Jeghers syndrome,juvenile polyposis syndrome,Peutz-Jeghers syndrome,juvenile polyposis syndrome,rare,rare,epidemiology,related but distinct,0.40,"Japanese nationwide survey: PJS prevalence 0.6/100,000 vs JPS 0.15/100,000; incidence 0.07 vs 0.02/100,000","Both autosomal dominant with high cancer risk; males 53.5% PJS, 59.6% JPS; first prevalence estimates for Japan.",nationwide epidemiological survey,"1077 responding facilities; ~701 PJS, ~188 JPS",Prevalence and Incidence of Peutz-Jeghers Syndrome and Juvenile Polyposis Syndrome in Japan: A Nationwide Epidemiological Survey in 2022.,2025,https://doi.org/10.1111/jgh.16839,39623880,not open access,yes - free full text at publisher (not read),abstract only,batch 2
Peutz-Jeghers syndrome,juvenile polyposis syndrome,Peutz-Jeghers syndrome,juvenile polyposis syndrome,rare,rare,phenotype,related but distinct,0.40,"Hamartomatous polyps differ: PJS polyps show widespread smooth-muscle proliferation; JPS polyps are large, eroded, oedematous with cystic glands and little smooth muscle",Characteristic polyp defined for each syndrome; sporadic hamartomas resemble JPS polyps but smaller.,blinded comparative histology study,"375 polyps (15 Cowden, 13 PJS, 12 JPS, 32 sporadic)","Morphologic characterization of hamartomatous gastrointestinal polyps in Cowden syndrome, Peutz-Jeghers syndrome, and juvenile polyposis syndrome.",2016,https://doi.org/10.1016/j.humpath.2015.10.002,26826408,not open access,no - subscription/paywalled,abstract only,batch 2
PTEN hamartoma tumor syndrome,Peutz-Jeghers syndrome,PTEN hamartoma tumor syndrome,Peutz-Jeghers syndrome,rare,rare,phenotype,related but distinct,0.40,"Cowden polyps are small, sessile, colonic with fibrotic lamina propria, smooth muscle and lymphoid follicles, unlike PJS polyps",Characteristic polyp defined for each syndrome; awareness may aid diagnosis.,blinded comparative histology study,"375 polyps (15 Cowden, 13 PJS, 12 JPS, 32 sporadic)","Morphologic characterization of hamartomatous gastrointestinal polyps in Cowden syndrome, Peutz-Jeghers syndrome, and juvenile polyposis syndrome.",2016,https://doi.org/10.1016/j.humpath.2015.10.002,26826408,not open access,no - subscription/paywalled,abstract only,batch 2
PTEN hamartoma tumor syndrome,juvenile polyposis syndrome,PTEN hamartoma tumor syndrome,juvenile polyposis syndrome,rare,rare,phenotype,related but distinct,0.40,"Cowden polyps are small and sessile with least dysplasia, whereas JPS polyps are large, eroded and inflamed with cystic glands",Characteristic polyp defined for each syndrome; awareness may aid diagnosis.,blinded comparative histology study,"375 polyps (15 Cowden, 13 PJS, 12 JPS, 32 sporadic)","Morphologic characterization of hamartomatous gastrointestinal polyps in Cowden syndrome, Peutz-Jeghers syndrome, and juvenile polyposis syndrome.",2016,https://doi.org/10.1016/j.humpath.2015.10.002,26826408,not open access,no - subscription/paywalled,abstract only,batch 2
Cowden syndrome,Bannayan-Riley-Ruvalcaba syndrome,PTEN hamartoma tumor syndrome,PTEN hamartoma tumor syndrome,rare,rare,genes,similar,0.85,BRRS is allelic to Cowden (both PTEN); macrocephaly is the most predictive feature of a PTEN mutation in both sexes,"Only 34% meeting CS criteria carried a mutation; sex-specific predictors (e.g. penile freckling, lipomas in males; endometrial and breast cancer in females); mutation prediction model built.",clinical genetics cohort,largest single cohort tested for PTEN,Predicting PTEN mutations: an evaluation of Cowden syndrome and Bannayan-Riley-Ruvalcaba syndrome clinical features.,2011,https://doi.org/10.1136/jmg.2011.088807,21659347,not open access,no - subscription/paywalled,abstract only,batch 2
PTEN hamartoma tumor syndrome,autism spectrum disorder,PTEN hamartoma tumor syndrome,autism spectrum disorder,rare,common,pathways,similar,0.85,Raised lactate associates with neurodevelopmental disorder in PTEN-mutant Cowden/BRRS and in idiopathic ASD; fumarate separates ASD from cancer phenotypes,TCA-cycle metabolites linked to cancer (reduced citrate in breast cancer) and ASD; SDHx variants in up to 10% modify cancer risk.,metabolomic case-control study with validation,PHTS cohort + 171 validation (idiopathic ASD enriched),Distinct Alterations in Tricarboxylic Acid Cycle Metabolites Associate with Cancer and Autism Phenotypes in Cowden Syndrome and Bannayan-Riley-Ruvalcaba Syndrome.,2019,https://europepmc.org/article/PMC/PMC6817552,31564436,open access,yes - free full text in PMC/Europe PMC (not read),abstract only,batch 2
Li-Fraumeni syndrome,hereditary breast and ovarian cancer,Li-Fraumeni syndrome,hereditary breast and ovarian cancer,rare,common,genes,related but distinct,0.40,"TP53 missense variants causing LFS lie in buried core residues, whereas variants seen only in hereditary breast cancer families are more surface-located; model separates them (C-statistic 0.78-0.84)","Logistic regression using predicted effects on protein conformation, compactness and protein-protein interactions; internally validated and well calibrated.",computational genotype-phenotype model,"48 TP53 variants (24 LFS, 24 HBC)",Association between Predicted Effects of <i>TP53</i> Missense Variants on Protein Conformation and Their Phenotypic Presentation as Li-Fraumeni Syndrome or Hereditary Breast Cancer.,2021,https://europepmc.org/article/PMC/PMC8231809,34198491,open access,yes - free full text in PMC/Europe PMC (not read),abstract only,batch 2
hereditary breast and ovarian cancer,Li-Fraumeni syndrome,hereditary breast and ovarian cancer,Li-Fraumeni syndrome,common,rare,phenotype,similar,0.80,Invasive lobular breast carcinoma is under-represented in both BRCA1 (HBOC) and TP53 (LFS) carriers,"BRCA1 OR 0.064 for ILC; TP53 OR 0.195 (not significant, power 38%); BRCA2 not reduced; ILC in a patient makes BRCA1/TP53 mutation unlikely.",retrospective cohort,3469 breast cancers,Low risk of invasive lobular carcinoma of the breast in carriers of BRCA1 (hereditary breast and ovarian cancer) and TP53 (Li-Fraumeni syndrome) germline mutations.,2019,https://doi.org/10.1111/tbj.13154,30414230,not open access,yes - free full text at publisher (not read),abstract only,batch 2
multiple endocrine neoplasia type 1,multiple endocrine neoplasia type 2,multiple endocrine neoplasia,multiple endocrine neoplasia,rare,rare,genes,related but distinct,0.40,Patient with germline MEN1 mutation also had MEN2-like pheochromocytoma and thick corneal nerves with no pathogenic RET variant,Only RET polymorphisms Gly691Ser and Arg982Cys found; suggests modifier variants or unrecognised links between menin and RET pathways.,case report,1,A patient with MEN1 typical features and MEN2-like features.,2016,https://europepmc.org/article/PMC/PMC5008851,27594983,free in PMC,yes - free full text in PMC/Europe PMC (not read),abstract only,batch 2
multiple endocrine neoplasia type 1,multiple endocrine neoplasia type 2,multiple endocrine neoplasia,multiple endocrine neoplasia,rare,rare,genes,related but distinct,0.40,"Review: MEN1, MEN2 and hereditary paraganglioma are clinically discernible and genetically distinct endocrine cancer syndromes","Covers presentation, management, gene discovery and molecular insights; multidisciplinary approach enables early diagnosis.",review,NA,"Endocrine cancer predisposition syndromes: hereditary paraganglioma, multiple endocrine neoplasia type 1, multiple endocrine neoplasia type 2, and hereditary thyroid cancer.",2010,https://doi.org/10.1016/j.hoc.2010.06.008,20816580,not open access,no - subscription/paywalled,abstract only,batch 2
von Hippel-Lindau disease,pheochromocytoma,von Hippel-Lindau disease,pheochromocytoma,rare,rare,phenotype,related but distinct,0.40,"VHL-related pheochromocytomas are more often adrenal, multifocal and noradrenergic and relapse more than sporadic ones",Adrenal 71.2% vs 49.0%; multiple lesions 76.3% vs 11.0%; noradrenaline 80.4% vs 43.2%; relapse 45.0% vs 15.3%; no genotype-phenotype link by mutation site; 5 novel mutations.,retrospective comparative cohort,90 VHL (59 with PPGL) vs 145 sporadic PPGL,Pheochromocytoma in von Hippel-Lindau Disease: Clinical Features and Comparison With Sporadic Pheochromocytoma.,2025,https://doi.org/10.1111/cen.15190,39722564,not open access,no - subscription/paywalled,abstract only,batch 2
Gorlin syndrome,multiple hereditary infundibulocystic basal cell carcinoma,Gorlin syndrome,multiple hereditary infundibulocystic basal cell carcinoma,rare,rare,pathways,similar,0.85,SUFU-associated Gorlin syndrome bridges classic nevoid BCC syndrome and MHIBCC; both reflect graded Hedgehog-pathway upregulation,"MHIBCC, sclerotic fibromas, childhood medulloblastoma or meningioma relatively specific to SUFU vs PTCH1 mutations.",case series,2,SUFU-associated Gorlin syndrome: Expanding the spectrum between classic nevoid basal cell carcinoma syndrome and multiple hereditary infundibulocystic basal cell carcinoma.,2023,https://doi.org/10.1111/ajd.14014,36825822,not open access,no - subscription/paywalled,abstract only,batch 2
fibrous dysplasia,Paget disease of bone,fibrous dysplasia,Paget disease of bone,rare,common,phenotype,related but distinct,0.40,"Imaging review of sclerotic craniofacial lesions emphasising features that differentiate fibrous dysplasia from Paget disease, hyperostotic meningioma and osteoma","Most findings incidental; symptoms arise from mass effect (proptosis, vision or hearing loss), deformity and pain.",review,NA,"Fibrous Dysplasia, Paget's Disease of Bone, and Other Uncommon Sclerotic Bone Lesions of the Craniofacial Bones.",2020,https://doi.org/10.1055/s-0039-3400292,33036044,not open access,no - subscription/paywalled,abstract only,batch 2
constitutional delay of growth and puberty,Kallmann syndrome,constitutional delay of growth and puberty,Kallmann syndrome,common,rare,genes,unrelated,0.05,Common pubertal-timing polygenic scores are strongly raised in constitutional delay of puberty but not at all in Kallmann syndrome,PGS effect d=0.67-0.85 in CDP (P<1e-10); KS no difference (d=0.03-0.05).,case-control genetic study,"80 CDP, 301 normosmic IHH, 348 KS + controls",Contributions of Common Genetic Variants to Constitutional Delay of Puberty and Idiopathic Hypogonadotropic Hypogonadism.,2024,https://europepmc.org/article/PMC/PMC11651688,38477512,free in PMC,yes - free full text in PMC/Europe PMC (not read),abstract only,batch 2
constitutional delay of growth and puberty,normosmic idiopathic hypogonadotropic hypogonadism,constitutional delay of growth and puberty,congenital hypogonadotropic hypogonadism,common,rare,genes,related but distinct,0.40,"Common pubertal-timing variants contribute strongly to CDP and only weakly to normosmic IHH, so their common-variant genetics are largely distinct","nIHH PGS male hallmarks d=0.20 (P=0.003), AAM d=0.10 (NS).",case-control genetic study,"80 CDP, 301 normosmic IHH, 348 KS + controls",Contributions of Common Genetic Variants to Constitutional Delay of Puberty and Idiopathic Hypogonadotropic Hypogonadism.,2024,https://europepmc.org/article/PMC/PMC11651688,38477512,free in PMC,yes - free full text in PMC/Europe PMC (not read),abstract only,batch 2
normosmic idiopathic hypogonadotropic hypogonadism,Kallmann syndrome,congenital hypogonadotropic hypogonadism,Kallmann syndrome,rare,rare,genes,related but distinct,0.40,Pubertal-timing polygenic scores are modestly raised in normosmic IHH but not in Kallmann syndrome,Suggests partial common-variant contribution to nIHH but none to KS.,case-control genetic study,"80 CDP, 301 normosmic IHH, 348 KS + controls",Contributions of Common Genetic Variants to Constitutional Delay of Puberty and Idiopathic Hypogonadotropic Hypogonadism.,2024,https://europepmc.org/article/PMC/PMC11651688,38477512,free in PMC,yes - free full text in PMC/Europe PMC (not read),abstract only,batch 2
constitutional delay of growth and puberty,Kallmann syndrome,constitutional delay of growth and puberty,Kallmann syndrome,common,rare,phenotype,related but distinct,0.40,CDGP is a benign normal variant while permanent hypogonadotropic hypogonadism (e.g. Kallmann) needs treatment; baseline or GnRH-stimulated gonadotropins cannot easily tell them apart,CDGP mainly males with short stature and delayed bone age and good final outcome; family history and examination give clues; imaging and genetics for pHH.,review,NA,Delayed puberty versus hypogonadism: a challenge for the pediatrician.,2018,https://europepmc.org/article/PMC/PMC6057016,29969875,open access,yes - free full text in PMC/Europe PMC (not read),abstract only,batch 2
Klinefelter syndrome,Kallmann syndrome,Klinefelter syndrome,Kallmann syndrome,common,rare,phenotype,related but distinct,0.40,Kallmann patients have higher appendicular lean mass than Klinefelter patients; FSH inversely predicts lean mass independent of testosterone,Sarcopenic obesity 6/29 Klinefelter vs 1/21 Kallmann; osteosarcopenic obesity only in Klinefelter; ALMI 8.37 vs 7.28 kg/m2 (P<0.001).,retrospective observational study (DXA),"50 (29 Klinefelter, 21 Kallmann)",Body Composition by DXA in Patients with Klinefelter and Kallmann Syndrome: The Kama Study.,2026,https://europepmc.org/article/PMC/PMC13016807,41073368,open access,yes - free full text in PMC/Europe PMC (not read),abstract only,batch 2
congenital hypogonadotropic hypogonadism,Klinefelter syndrome,congenital hypogonadotropic hypogonadism,Klinefelter syndrome,rare,common,other,related but distinct,0.40,Serum INSL3 is lower in untreated hypogonadotropic hypogonadism than untreated Klinefelter syndrome and behaves differently from testosterone,INSL3 low regardless of treatment in HH except some hCG-treated; low in testosterone-treated KS; INSL3 reflects Leydig function differently from testosterone.,two-centre cross-sectional study (LC-MS/MS),"103 HH, 82 KS",Serum insulin-like factor 3 quantification by LC-MS/MS in male patients with hypogonadotropic hypogonadism and Klinefelter syndrome.,2021,https://doi.org/10.1007/s12020-021-02609-0,33483888,not open access,no - subscription/paywalled,abstract only,batch 2
Laron syndrome,growth hormone deficiency,Laron syndrome,growth hormone deficiency,rare,rare,treatment,related but distinct,0.40,"Untreated Laron adults have small heads (HC -2.9 to -3.6 SD); IGF-I normalises head circumference but height gains only 1.5 SDS, whereas hGH in GHD normalises both",HC deficit smaller than height deficit in LS; IGF-I 150-200 ug/kg/day; GH-treated IGHD Ht SDS -4.8 to +1.6.,comparative clinical study,20 untreated + 13 treated LS; 15 congenital IGHD,Head circumference in untreated and IGF-I treated patients with Laron syndrome: comparison with untreated and hGH-treated children with isolated growth hormone deficiency.,2012,https://doi.org/10.1016/j.ghir.2012.02.005,22414926,not open access,no - subscription/paywalled,abstract only,batch 2
Laron syndrome,growth hormone deficiency,Laron syndrome,growth hormone deficiency,rare,rare,treatment,related but distinct,0.40,"With similar baseline deficits, 9 years of hGH in IGHD normalised foot length and height more (-1.4/-2.2 SDS) than IGF-I in Laron syndrome (-3.3/-3.9 SDS)",Difference may reflect earlier treatment start in IGHD; adult LS foot size small but less retarded than height.,comparative clinical study,"9 LS, 9 IGHD children + 15 untreated LS adults",Foot length before and during insulin-like growth factor-I treatment of children with laron syndrome compared to human growth hormone treatment of children with isolated growth hormone deficiency.,2007,https://doi.org/10.1515/jpem.2007.20.12.1325,18341092,not open access,no - subscription/paywalled,abstract only,batch 2
growth hormone deficiency,Laron syndrome,growth hormone deficiency,Laron syndrome,rare,rare,treatment,related but distinct,0.40,Both GH- and IGF-I-deficient patients have reduced muscle force and endurance; hGH restores it in IGHD more than IGF-I does in Laron syndrome,Computerised dynamometry of 4 muscle groups; 2 matched controls per patient; difference may reflect more marked muscle underdevelopment in LS or hormone action.,comparative clinical study with matched controls,"4 IGHD boys, 5 treated LS children, 8 untreated LS adults",Muscle force and endurance in untreated and human growth hormone or insulin-like growth factor-I-treated patients with growth hormone deficiency or Laron syndrome.,1997,https://doi.org/10.1159/000185429,9030966,not open access,no - subscription/paywalled,abstract only,batch 2
pseudohypoparathyroidism,hypoparathyroidism,pseudohypoparathyroidism,hypoparathyroidism,rare,rare,phenotype,related but distinct,0.40,"Serum PTH plus urinary cAMP response to parathyroid extract classified hypocalcaemic patients into idiopathic hypoparathyroidism (low PTH), PHP type I (high PTH, low cAMP) and type II","6 idiopathic HP, 18 PHP-I, 2 PHP-II, 14 pseudo-PHP; PTH could rise in PHP despite normocalcaemia, suggesting other drivers such as deficient 1,25-(OH)2D.",diagnostic comparative study,40 patients,"Pseudohypoparathyroidism and idiopathic hypoparathyroidism: relationship between serum calcium and parathyroid hormone levels and urinary cyclic adenosine-3',5'-monophosphate response to parathyroid extract.",1978,https://doi.org/10.1210/jcem-46-6-872,233700,not open access,no - subscription/paywalled,abstract only,batch 2
pseudohypoparathyroidism,hypoparathyroidism,pseudohypoparathyroidism,hypoparathyroidism,rare,rare,treatment,related but distinct,0.40,"Because distal tubules still respond to PTH in PHP (GNAS not imprinted there), less active vitamin D is needed and urinary calcium is lower than in PTH-deficient hypoparathyroidism",PHP type I has Gs-alpha deficiency in proximal tubules; TRPV5-mediated distal calcium reabsorption preserved.,review,NA,[Difference in the therapeutic response to active vitamin D3 between PTH-deficient hypoparathyroidism and pseudohypoparathyroidism].,2007,https://pubmed.ncbi.nlm.nih.gov/17660624,17660624,not open access,no - no full-text link found,abstract only,batch 2
Beckwith-Wiedemann syndrome,congenital hyperinsulinism,Beckwith-Wiedemann syndrome,congenital hyperinsulinism,rare,rare,pathways,related but distinct,0.40,"Unlike KATP-channel hyperinsulinism islets, most BWS hyperinsulinism islets still respond to glucose and glyburide; KCNQ1 expression is reduced 3-fold",SNP array and 11p15 methylation testing; insulin secretion responses vary across BWS aetiologies; KCNQ1 (Kv7.1) loss may contribute.,functional islet study + RNA-seq,infants with BWS-HI requiring pancreatectomy,Functional evaluation of pancreatic islets from patients with Beckwith-Wiedemann syndrome and congenital hyperinsulinism.,2026,https://europepmc.org/article/PMC/PMC13271797,41693148,open access,yes - free full text in PMC/Europe PMC (not read),abstract only,batch 2
Costello syndrome,Beckwith-Wiedemann syndrome,Costello syndrome,Beckwith-Wiedemann syndrome,rare,rare,pathways,similar,0.85,"Paternal UPD 11p15.5 in a pancreatic nodule explains hyperinsulinaemic hypoglycaemia in Costello syndrome, a mechanism shared with BWS",Lesion resembled focal congenital hyperinsulinism (loss of p57Kip2) without KCNJ11/ABCC8 mutation; pUPD11 also found in all 8 Costello ERMS samples; HRAS-IGF2 co-location may raise cancer risk.,case report + molecular study,1,Paternal uniparental disomy 11p15.5 in the pancreatic nodule of an infant with Costello syndrome: Shared mechanism for hyperinsulinemic hypoglycemia in neonates with Costello and Beckwith-Wiedemann syndrome and somatic loss of heterozygosity in Costello syndrome driving clonal expansion.,2016,https://europepmc.org/article/PMC/PMC4784973,26572961,free in PMC,yes - free full text in PMC/Europe PMC (not read),abstract only,batch 2
Beckwith-Wiedemann syndrome,Sotos syndrome,Beckwith-Wiedemann syndrome,Sotos syndrome,rare,rare,phenotype,similar,0.80,"BWS, Sotos and Kabuki infants with hyperinsulinaemic hypoglycaemia share larger body size, lower Apgar scores, higher insulin and shorter HH than non-dysmorphic transient HH","Japan, 222 responding institutions; careful monitoring for HH advised in all three syndromes.",nationwide questionnaire survey,"113 BWS, 88 SS, KS patients; 16 BWS, 9 SS, 3 KS with HH","Hyperinsulinemic hypoglycemia in Beckwith-Wiedemann, Sotos, and Kabuki syndromes: A nationwide survey in Japan.",2017,https://doi.org/10.1002/ajmg.a.38011,28102591,not open access,yes - free full text at publisher (not read),abstract only,batch 2
Beckwith-Wiedemann syndrome,Kabuki syndrome,Beckwith-Wiedemann syndrome,Kabuki syndrome,rare,rare,phenotype,similar,0.80,"BWS, Sotos and Kabuki infants with hyperinsulinaemic hypoglycaemia share larger body size, lower Apgar scores, higher insulin and shorter HH than non-dysmorphic transient HH","Japan, 222 responding institutions; careful monitoring for HH advised in all three syndromes.",nationwide questionnaire survey,"113 BWS, 88 SS, KS patients; 16 BWS, 9 SS, 3 KS with HH","Hyperinsulinemic hypoglycemia in Beckwith-Wiedemann, Sotos, and Kabuki syndromes: A nationwide survey in Japan.",2017,https://doi.org/10.1002/ajmg.a.38011,28102591,not open access,yes - free full text at publisher (not read),abstract only,batch 2
Sotos syndrome,Kabuki syndrome,Sotos syndrome,Kabuki syndrome,rare,rare,phenotype,similar,0.80,"BWS, Sotos and Kabuki infants with hyperinsulinaemic hypoglycaemia share larger body size, lower Apgar scores, higher insulin and shorter HH than non-dysmorphic transient HH","Japan, 222 responding institutions; careful monitoring for HH advised in all three syndromes.",nationwide questionnaire survey,"113 BWS, 88 SS, KS patients; 16 BWS, 9 SS, 3 KS with HH","Hyperinsulinemic hypoglycemia in Beckwith-Wiedemann, Sotos, and Kabuki syndromes: A nationwide survey in Japan.",2017,https://doi.org/10.1002/ajmg.a.38011,28102591,not open access,yes - free full text at publisher (not read),abstract only,batch 2
neonatal diabetes,type 1 diabetes,neonatal diabetes,diabetes mellitus,rare,common,other,related but distinct,0.40,"Glycated albumin is low relative to glycaemia in neonatal diabetes compared with type 1 diabetes (GA 22.0 vs 25.8% despite higher mean glucose), so infant reference values are needed",GA correlated with mean blood glucose in both; likely due to faster albumin turnover in neonates.,comparative biomarker study,"6 NDM, 14 T1DM, 18 non-diabetic infants",Glycated albumin in patients with neonatal diabetes mellitus is apparently low in relation to glycemia compared with that in patients with type 1 diabetes mellitus.,2012,https://doi.org/10.1159/000337914,22538993,not open access,no - subscription/paywalled,abstract only,batch 2
type 1 diabetes,neonatal diabetes,diabetes mellitus,neonatal diabetes,common,rare,treatment,related but distinct,0.40,"In Vietnamese children, HbA1c was higher in type 1 diabetes than neonatal diabetes (9.9% vs 7.5%)","Few glucose tests per month in T1D; older age, less monitoring and premixed insulin linked to poor control; targets not met.",cross-sectional multicentre study,"105 (93 T1D, 12 NDM)",Glycaemic control in children with neonatal diabetes and type 1 diabetes in Vietnam.,2011,https://doi.org/10.1016/j.inhe.2011.03.008,24038369,not open access,yes - free full text at publisher (not read),abstract only,batch 2
phenylketonuria,maple syrup urine disease,phenylketonuria,maple syrup urine disease,rare,rare,treatment,related but distinct,0.40,Domino liver transplant from an MSUD donor into a woman with classical PKU normalised phenylalanine on an unrestricted diet,"Each disease's enzyme defect is corrected by the other's liver; improved mood, energy and QoL at 1 year; transplant may suit women of child-bearing age with uncontrolled PKU.",case report,1,Domino liver transplant from a donor with maple syrup urine disease into a recipient with phenylketonuria.,2022,https://europepmc.org/article/PMC/PMC9248231,35782613,open access,yes - free full text in PMC/Europe PMC (not read),abstract only,batch 2
maple syrup urine disease,phenylketonuria,maple syrup urine disease,phenylketonuria,rare,rare,treatment,similar,0.80,Both need lifelong amino-acid monitoring; at-home dried blood spot collection by caregivers was acceptable for MSUD and PKU,Training increased sample acceptability; saves time and cost and empowers caregivers; recommended for routine monitoring.,mixed-methods implementation study,Filipino MSUD and PKU patients' caregivers,Acceptability of dried blood spot collection by primary caregivers of Filipino patients with maple syrup urine disease (MSUD) and phenylketonuria (PKU).,2024,https://europepmc.org/article/PMC/PMC11645370,39414728,free in PMC,yes - free full text in PMC/Europe PMC (not read),abstract only,batch 2
tyrosinemia type 1,phenylketonuria,tyrosinemia type 1,phenylketonuria,rare,rare,phenotype,related but distinct,0.40,"Treated tyrosinemia type 1 children have poorer IQ, executive function, mental health and social function than PKU children, who do not differ from controls","Both are phenylalanine-tyrosine pathway disorders; deficits in verbal IQ, working memory, planning, attention and social problems in TT1 (p<0.001).",cross-sectional comparative study,"33 TT1, 31 PKU, 58 controls",Neurocognitive outcome and mental health in children with tyrosinemia type 1 and phenylketonuria: A comparison between two genetic disorders affecting the same metabolic pathway.,2022,https://europepmc.org/article/PMC/PMC9540223,35722880,open access,yes - free full text in PMC/Europe PMC (not read),abstract only,batch 2
phenylketonuria,tyrosinemia type 1,phenylketonuria,tyrosinemia type 1,rare,rare,pathways,related but distinct,0.40,"PKU (low tyrosine) and nitisinone-treated TT1 (very high tyrosine) have opposite tyrosine effects, yet both may impair dopamine synthesis and cause ADHD-like symptoms","High Phe and Tyr altered cellular dopamine, TH protein and phosphorylation; proteomics and a mathematical model predict effects of aromatic amino acids on DA synthesis.",experimental cell study + modelling,rat PC12 cells,"The effects of phenylalanine and tyrosine levels on dopamine production in rat PC12 cells. Implications for treatment of phenylketonuria, tyrosinemia type 1 and comorbid neurodevelopmental disorders.",2023,https://doi.org/10.1016/j.neuint.2023.105629,37865339,not open access,no - subscription/paywalled,abstract only,batch 2
MCAD deficiency,sudden infant death syndrome,MCAD deficiency,sudden infant death syndrome,rare,rare,genes,unrelated,0.05,G985 MCAD mutation heterozygote frequency was not significantly higher in Scottish SIDS cases (1/74) than controls (1/276) and no SIDS case was homozygous,Fisher's exact p=0.316.,case-control genetic study,"233 SIDS, 552 controls",Scottish frequency of the common G985 mutation in the medium-chain acyl-CoA dehydrogenase (MCAD) gene and the role of MCAD deficiency in sudden infant death syndrome (SIDS).,1993,https://doi.org/10.1007/bf00711516,8127075,not open access,no - subscription/paywalled,abstract only,batch 2
MCAD deficiency,sudden infant death syndrome,MCAD deficiency,sudden infant death syndrome,rare,rare,genes,unrelated,0.05,No G985 homozygotes and a non-significant excess of heterozygotes (4.5% vs 1.4%) in SIDS; MCAD deficiency probably contributes little to SIDS,"DNA from paraffin-embedded autopsy tissue (Monroe County, NY, 1984-1989).",case-control genetic study,"67 SIDS, 70 newborn controls",Frequency of medium-chain acyl-CoA dehydrogenase deficiency G-985 mutation in sudden infant death syndrome.,1992,https://doi.org/10.1203/00006450-199204000-00001,1570195,not open access,yes - free full text at publisher (not read),abstract only,batch 2
Zellweger spectrum disorder,X-linked adrenoleukodystrophy,Zellweger spectrum disorder,X-linked adrenoleukodystrophy,rare,rare,pathways,similar,0.85,"Both peroxisomal disorders show overactivated MAPK pathways (p-JNK 12-fold in ZSD, 2.9-fold in X-ALD) and inhibited autophagy",p-ERK and p-p38 also raised; reduced LC3II/I ratio in all patients; candidate biomarkers for antioxidant and autophagy-inducing therapies.,case-control cell study,ZSD and X-ALD patients vs controls,Abnormal activation of MAPKs pathways and inhibition of autophagy in a group of patients with Zellweger spectrum disorders and X-linked adrenoleukodystrophy.,2023,https://europepmc.org/article/PMC/PMC10652488,37974207,open access,yes - free full text in PMC/Europe PMC (not read),abstract only,batch 2
Zellweger spectrum disorder,X-linked adrenoleukodystrophy,Zellweger spectrum disorder,X-linked adrenoleukodystrophy,rare,rare,phenotype,related but distinct,0.40,"Late-onset ZSD from PEX6 mutations mimicked X-ALD (leukodystrophy, raised VLCFA) in an 8-year-old boy with normal ABCD1","Hearing loss, then diplopia, clumsiness and cognitive decline; fibroblast studies and PEX6 testing established ZSD; molecular confirmation is needed for counselling.",case report,1,Late-onset Zellweger spectrum disorder caused by PEX6 mutations mimicking X-linked adrenoleukodystrophy.,2014,https://doi.org/10.1016/j.pediatrneurol.2014.03.020,25079577,not open access,no - subscription/paywalled,abstract only,batch 2
Refsum disease,retinitis pigmentosa,Refsum disease,retinitis pigmentosa,rare,rare,phenotype,related but distinct,0.40,Two brothers with childhood RP were diagnosed with Refsum disease in midlife after questions about hand and foot abnormalities; diet stabilised vision,Consider Refsum in any recessive or simplex RP and ask about unusual feet or hands; dietary phytanic-acid restriction prevented neurological complications.,case report,2 siblings,Midlife diagnosis of Refsum disease in siblings with retinitis pigmentosa -- the footprint is the clue: a case report.,2008,https://europepmc.org/article/PMC/PMC2275283,18336720,open access,yes - free full text in PMC/Europe PMC (not read),abstract only,batch 2
sitosterolemia,cerebrotendinous xanthomatosis,sitosterolemia,cerebrotendinous xanthomatosis,rare,rare,other,related but distinct,0.40,"A rapid LC-MS/MS sterol panel separated sitosterolemia (raised plant sterols), CTX (raised cholestanol, 7DHC, lathosterol) and SLOS (raised 7DHC) from controls",Isotope-dilution LC-MS/MS without derivatisation; spiking suggests use for desmosterolosis and lathosterolosis.,diagnostic method study,"7 sitosterolemia, 1 SLOS, 1 CTX + controls","A sterol panel for rare lipid disorders: sitosterolemia, cerebrotendinous xanthomatosis and Smith-Lemli-Opitz syndrome.",2025,https://europepmc.org/article/PMC/PMC11714705,39566847,open access,yes - free full text in PMC/Europe PMC (not read),abstract only,batch 2
sitosterolemia,Smith-Lemli-Opitz syndrome,sitosterolemia,Smith-Lemli-Opitz syndrome,rare,rare,other,related but distinct,0.40,"A rapid LC-MS/MS sterol panel separated sitosterolemia (raised plant sterols), CTX (raised cholestanol, 7DHC, lathosterol) and SLOS (raised 7DHC) from controls",Isotope-dilution LC-MS/MS without derivatisation; spiking suggests use for desmosterolosis and lathosterolosis.,diagnostic method study,"7 sitosterolemia, 1 SLOS, 1 CTX + controls","A sterol panel for rare lipid disorders: sitosterolemia, cerebrotendinous xanthomatosis and Smith-Lemli-Opitz syndrome.",2025,https://europepmc.org/article/PMC/PMC11714705,39566847,open access,yes - free full text in PMC/Europe PMC (not read),abstract only,batch 2
cerebrotendinous xanthomatosis,Smith-Lemli-Opitz syndrome,cerebrotendinous xanthomatosis,Smith-Lemli-Opitz syndrome,rare,rare,other,related but distinct,0.40,"A rapid LC-MS/MS sterol panel separated sitosterolemia (raised plant sterols), CTX (raised cholestanol, 7DHC, lathosterol) and SLOS (raised 7DHC) from controls",Isotope-dilution LC-MS/MS without derivatisation; spiking suggests use for desmosterolosis and lathosterolosis.,diagnostic method study,"7 sitosterolemia, 1 SLOS, 1 CTX + controls","A sterol panel for rare lipid disorders: sitosterolemia, cerebrotendinous xanthomatosis and Smith-Lemli-Opitz syndrome.",2025,https://europepmc.org/article/PMC/PMC11714705,39566847,open access,yes - free full text in PMC/Europe PMC (not read),abstract only,batch 2
familial chylomicronemia syndrome,multifactorial chylomicronemia syndrome,familial chylomicronemia syndrome,multifactorial chylomicronemia syndrome,rare,common,phenotype,related but distinct,0.40,"FCS patients are younger, with higher TG:cholesterol ratio and lower apoB than MCS; 8.8% of MCS behave functionally like FCS",Targeted sequencing classified FCS vs MCS; heterozygous pathogenic variant carriers in MCS more severe; relevant to eligibility for new TG therapies.,genotyped comparative cohort,193 with severe hypertriglyceridaemia,Comparison of Patients With Familial Chylomicronemia Syndrome and Multifactorial Chylomicronemia Syndrome.,2025,https://europepmc.org/article/PMC/PMC11913094,39238074,open access,yes - free full text in PMC/Europe PMC (not read),abstract only,batch 2
familial chylomicronemia syndrome,multifactorial chylomicronemia syndrome,familial chylomicronemia syndrome,multifactorial chylomicronemia syndrome,rare,common,phenotype,related but distinct,0.40,"FCS has more pancreatitis and abdominal pain and fewer metabolic abnormalities than multifactorial chylomicronemia; younger onset, lower BMI and GGT predict FCS",Genetically confirmed FCS; cardiovascular events 17% MCM vs 0% FCS (p=0.07).,comparative cohort,"25 FCS, 36 MCM",Chylomicronemia: Differences between familial chylomicronemia syndrome and multifactorial chylomicronemia.,2019,https://doi.org/10.1016/j.atherosclerosis.2018.12.019,30655019,not open access,no - subscription/paywalled,abstract only,batch 2
multifactorial chylomicronemia syndrome,familial chylomicronemia syndrome,multifactorial chylomicronemia syndrome,familial chylomicronemia syndrome,common,rare,treatment,related but distinct,0.40,Evinacumab (anti-ANGPTL3) lowers triglycerides by 60-80% in multifactorial chylomicronemia but has limited effect in familial chylomicronemia syndrome,In hypercholesterolaemia evinacumab cut LDL-C ~49% and TG ~53%; strongest evidence in homozygous FH; TG evidence qualitative.,systematic review and meta-analysis,"RCTs, extensions and cohorts (PROSPERO CRD42026142022)",Evinacumab Across Different Lipid Phenotypes: A Systematic Review and Meta-Analysis.,2026,https://doi.org/10.1007/s12325-026-03783-1,42742892,not open access,no - subscription/paywalled,abstract only,batch 2
Tangier disease,LCAT deficiency,Tangier disease,LCAT deficiency,rare,rare,pathways,related but distinct,0.40,"Different familial HDL deficiencies disrupt reverse cholesterol transport differently: no cholesterol esterification in LCAT deficiency, but esterification in apoA-I/apoB-free lipoproteins in Tangier disease",2D gel electrophoresis with labelled fibroblast cholesterol; initial uptake by pre-beta1-LpA-I and gamma-LpE; loss of specific HDL subclasses alters net cholesterol efflux.,experimental plasma study,"plasma from LCAT deficiency, fish-eye disease, apoA-I deficiency and Tangier disease",Reverse cholesterol transport in plasma of patients with different forms of familial HDL deficiency.,1995,https://doi.org/10.1161/01.atv.15.5.691,7749883,not open access,no - subscription/paywalled,abstract only,batch 2
Tangier disease,apolipoprotein A-I deficiency,Tangier disease,apolipoprotein A-I deficiency,rare,rare,pathways,similar,0.85,"In both apoA-I deficiency and Tangier disease, cell-derived cholesterol is esterified in apoA-I/apoB-free lipoproteins with enhanced transfer of cholesteryl ester to LDL",2D gel electrophoresis with labelled fibroblast cholesterol; distinct reverse cholesterol transport pathways across HDL deficiencies.,experimental plasma study,"plasma from LCAT deficiency, fish-eye disease, apoA-I deficiency and Tangier disease",Reverse cholesterol transport in plasma of patients with different forms of familial HDL deficiency.,1995,https://doi.org/10.1161/01.atv.15.5.691,7749883,not open access,no - subscription/paywalled,abstract only,batch 2
LCAT deficiency,apolipoprotein A-I deficiency,LCAT deficiency,apolipoprotein A-I deficiency,rare,rare,pathways,related but distinct,0.40,"No cholesterol esterification occurs in LCAT-deficient plasma, whereas apoA-I deficiency esterifies cholesterol in apoA-I/apoB-free lipoproteins",2D gel electrophoresis with labelled fibroblast cholesterol; distinct reverse cholesterol transport pathways across HDL deficiencies.,experimental plasma study,"plasma from LCAT deficiency, fish-eye disease, apoA-I deficiency and Tangier disease",Reverse cholesterol transport in plasma of patients with different forms of familial HDL deficiency.,1995,https://doi.org/10.1161/01.atv.15.5.691,7749883,not open access,no - subscription/paywalled,abstract only,batch 2
mucopolysaccharidosis type I,mucopolysaccharidosis type II,mucopolysaccharidosis,mucopolysaccharidosis,rare,rare,pathways,related but distinct,0.40,"MPS I (IDUA) and MPS II (IDS) block successive steps of heparan/dermatan sulfate breakdown; corneal clouding occurs in MPS I but not MPS II, and higher HS may drive MPS II neurological involvement","Both cause lysosomal hypertrophy affecting adhesion, endocytosis, trafficking and inflammation; ERT helps somatic but not CNS disease; experimental therapies target CNS delivery of IDS.",review,NA,Differences in MPS I and MPS II Disease Manifestations.,2021,https://europepmc.org/article/PMC/PMC8345985,34360653,open access,yes - free full text in PMC/Europe PMC (not read),abstract only,batch 2
mucopolysaccharidosis type I,juvenile idiopathic arthritis,mucopolysaccharidosis,juvenile idiopathic arthritis,rare,common,phenotype,related but distinct,0.40,Attenuated MPS I (Scheie) presents with childhood musculoskeletal involvement and is often misdiagnosed; non-inflammatory progressive finger stiffness should prompt MPS screening,Diagnostic delay 4-54 years; MPS I should be considered when arthropathy lacks inflammatory features.,multicentre case series,13 Scheie patients (5 European centres),Attenuated type I mucopolysaccharidosis in the differential diagnosis of juvenile idiopathic arthritis: a series of 13 patients with Scheie syndrome.,2006,https://pubmed.ncbi.nlm.nih.gov/16762159,16762159,not open access,no - no full-text link found,abstract only,batch 2
mucopolysaccharidosis,juvenile idiopathic arthritis,mucopolysaccharidosis,juvenile idiopathic arthritis,rare,common,phenotype,related but distinct,0.40,"A score using low ESR, growth delay, joint onset <1 year, male sex and bilateral elbow restriction separates mild MPS from JIA (sensitivity 92.7%, specificity 91.0%)",Misdiagnosis leads to needless anti-rheumatic treatment and delayed ERT; algorithm proposed for routine use when no extra-articular MPS features.,comparative diagnostic study,41 mild MPS + JIA patients,How not to Misdiagnose the Mild Forms of Mucopolysaccharidosis and Juvenile Idiopathic Arthritis.,2026,https://doi.org/10.2174/0115733963321478250316112649,40621767,not open access,no - subscription/paywalled,abstract only,batch 2
mucopolysaccharidosis,GM1 gangliosidosis,mucopolysaccharidosis,GM1 gangliosidosis,rare,rare,other,related but distinct,0.40,"Urinary keratan sulfate is raised in all MPS IVA patients but also 3-4-fold in GM1 gangliosidosis, MPS IVB, mucolipidosis II and fucosidosis, so it is sensitive but not specific","KS also modestly raised (1.1-1.7-fold) in MPS I, MPS II and ML III; caution in interpretation.",diagnostic validation study (UPLC-MS/MS),"15 MPS IVA (25 samples), 102 other LSD patients (138 samples)",Measurement of Elevated Concentrations of Urine Keratan Sulfate by UPLC-MSMS in Lysosomal Storage Disorders (LSDs): Comparison of Urine Keratan Sulfate Levels in MPS IVA Versus Other LSDs.,2017,https://europepmc.org/article/PMC/PMC5509552,27469132,free in PMC,yes - free full text in PMC/Europe PMC (not read),abstract only,batch 2
mucopolysaccharidosis,mucolipidosis type II,mucopolysaccharidosis,mucolipidosis type II,rare,rare,other,related but distinct,0.40,"Urinary keratan sulfate is raised in all MPS IVA patients but also 3-4-fold in GM1 gangliosidosis, MPS IVB, mucolipidosis II and fucosidosis, so it is sensitive but not specific","KS also modestly raised (1.1-1.7-fold) in MPS I, MPS II and ML III; caution in interpretation.",diagnostic validation study (UPLC-MS/MS),"15 MPS IVA (25 samples), 102 other LSD patients (138 samples)",Measurement of Elevated Concentrations of Urine Keratan Sulfate by UPLC-MSMS in Lysosomal Storage Disorders (LSDs): Comparison of Urine Keratan Sulfate Levels in MPS IVA Versus Other LSDs.,2017,https://europepmc.org/article/PMC/PMC5509552,27469132,free in PMC,yes - free full text in PMC/Europe PMC (not read),abstract only,batch 2
Niemann-Pick disease type C,Gaucher disease,Niemann-Pick disease type C,Gaucher disease,rare,rare,phenotype,related but distinct,0.40,An infant with NPC was misdiagnosed with Gaucher disease because of low leukocyte glucocerebrosidase and high chitotriosidase; no response to ERT prompted correct diagnosis,Visceral-only presentation (hepatosplenomegaly); fibroblast enzyme normal; cholesterol esterification and NPC gene testing confirmed NPC.,case report,1,Misdiagnosis of Niemann-Pick disease type C as Gaucher disease.,2010,https://europepmc.org/article/PMC/PMC3053412,20882348,free in PMC,yes - free full text in PMC/Europe PMC (not read),abstract only,batch 2
Gaucher disease,Niemann-Pick disease type C,Gaucher disease,Niemann-Pick disease type C,rare,rare,pathways,similar,0.85,"c-Abl activation and TFEB cytoplasmic retention (via Tyr173 phosphorylation) are a shared pathogenic mechanism in Gaucher, Niemann-Pick A and C","Imatinib, Neurotinib or alpha-tocopherol restored TFEB nuclear translocation, lysosomal clearance and reduced cholesterol storage in all three models.",experimental cell-model study,SH-SY5Y and HeLa pharmacological models,c-Abl/TFEB Pathway Activation as a Common Pathogenic Mechanism in Lysosomal Storage Diseases: Therapeutic Potential of c-Abl Inhibitors.,2025,https://europepmc.org/article/PMC/PMC12109443,40427492,open access,yes - free full text in PMC/Europe PMC (not read),abstract only,batch 2
Gaucher disease,acid sphingomyelinase deficiency,Gaucher disease,acid sphingomyelinase deficiency,rare,rare,pathways,similar,0.85,"c-Abl activation and TFEB cytoplasmic retention (via Tyr173 phosphorylation) are a shared pathogenic mechanism in Gaucher, Niemann-Pick A and C","Imatinib, Neurotinib or alpha-tocopherol restored TFEB nuclear translocation, lysosomal clearance and reduced cholesterol storage in all three models.",experimental cell-model study,SH-SY5Y and HeLa pharmacological models,c-Abl/TFEB Pathway Activation as a Common Pathogenic Mechanism in Lysosomal Storage Diseases: Therapeutic Potential of c-Abl Inhibitors.,2025,https://europepmc.org/article/PMC/PMC12109443,40427492,open access,yes - free full text in PMC/Europe PMC (not read),abstract only,batch 2
acid sphingomyelinase deficiency,Niemann-Pick disease type C,acid sphingomyelinase deficiency,Niemann-Pick disease type C,rare,rare,pathways,similar,0.85,"c-Abl activation and TFEB cytoplasmic retention (via Tyr173 phosphorylation) are a shared pathogenic mechanism in Gaucher, Niemann-Pick A and C","Imatinib, Neurotinib or alpha-tocopherol restored TFEB nuclear translocation, lysosomal clearance and reduced cholesterol storage in all three models.",experimental cell-model study,SH-SY5Y and HeLa pharmacological models,c-Abl/TFEB Pathway Activation as a Common Pathogenic Mechanism in Lysosomal Storage Diseases: Therapeutic Potential of c-Abl Inhibitors.,2025,https://europepmc.org/article/PMC/PMC12109443,40427492,open access,yes - free full text in PMC/Europe PMC (not read),abstract only,batch 2
Niemann-Pick disease type C,Gaucher disease,Niemann-Pick disease type C,Gaucher disease,rare,rare,other,related but distinct,0.40,"Anti-ganglioside and Hep-2 autoantibodies were found in NPC and Sanfilippo B but not Gaucher patients, suggesting different autoimmune activation across LSDs",3/5 NPC had anti-ganglioside antibodies; miglustat changed antibody isotypes in some NPC patients.,case-control serology study,"6 GD, 8 Sanfilippo B, 5 NPC","Prevalence of antibodies to ganglioside and Hep 2 in Gaucher, Niemann - Pick type C and Sanfilippo diseases.",2019,https://europepmc.org/article/PMC/PMC6554541,31194046,open access,yes - free full text in PMC/Europe PMC (not read),abstract only,batch 2
Niemann-Pick disease type C,mucopolysaccharidosis type III,Niemann-Pick disease type C,mucopolysaccharidosis,rare,rare,other,similar,0.80,Anti-ganglioside and Hep-2 autoantibodies were found in both NPC and Sanfilippo B patients (but not Gaucher),Suggests immune activation independent of clinical autoimmune disease in some lysosomal storage disorders.,case-control serology study,"6 GD, 8 Sanfilippo B, 5 NPC","Prevalence of antibodies to ganglioside and Hep 2 in Gaucher, Niemann - Pick type C and Sanfilippo diseases.",2019,https://europepmc.org/article/PMC/PMC6554541,31194046,open access,yes - free full text in PMC/Europe PMC (not read),abstract only,batch 2
Fabry disease,multiple sclerosis,Fabry disease,multiple sclerosis,rare,common,phenotype,related but distinct,0.40,"A Fabry heterozygote (GLA p.R342Q) was treated as benign MS for 40 years; she met McDonald MRI criteria but had strokes, hearing loss, cardiomyopathy and renal failure","Neurologists should look for red flags (acroparaesthesia, stroke, renal and cardiac disease) in atypical MS; missed FD leads to needless immunosuppression and lost treatment.",case report,1,Fabry heterozygote mimicking multiple sclerosis.,2017,https://europepmc.org/article/PMC/PMC5534993,28576916,free in PMC,yes - free full text in PMC/Europe PMC (not read),abstract only,batch 2
Pompe disease,limb-girdle muscular dystrophy,Pompe disease,limb-girdle muscular dystrophy,rare,rare,phenotype,related but distinct,0.40,3% of Serbian patients with unexplained limb-girdle or respiratory weakness or hyperCKemia had genetically confirmed late-onset Pompe disease,"Dried blood spot GAA activity low in 10 (7%), GAA sequencing confirmed 4; all started ERT.",diagnostic screening cohort,138 patients,Screening for Pompe disease in Serbian patients with limb-girdle muscle weakness.,2025,https://doi.org/10.1016/j.clineuro.2025.108950,40359611,not open access,no - subscription/paywalled,abstract only,batch 2
Barth syndrome,left ventricular noncompaction,Barth syndrome,left ventricular noncompaction,rare,rare,phenotype,related but distinct,0.40,LV noncompaction plus low mitochondrial membrane potential and complex V inhibition are features of Barth syndrome (TAZ),c.646G>A TAZ; abnormal MLCL/CL ratio; severe neonatal lactic acidosis without 3-MGA aciduria and mild asymptomatic LVNC widen the natural history.,case series + functional study,2 brothers,Left ventricular noncompaction (LVNC) and low mitochondrial membrane potential are specific for Barth syndrome.,2013,https://europepmc.org/article/PMC/PMC3825551,23361305,open access,yes - free full text in PMC/Europe PMC (not read),abstract only,batch 2
left ventricular noncompaction,Barth syndrome,left ventricular noncompaction,Barth syndrome,rare,rare,epidemiology,unrelated,0.05,"None of 86 adults with LV hypertrabeculation/noncompaction had all four features of Barth syndrome, so BTHS is rare in adult LVNC",Low leukocyte/neutrophil counts rare and never with dilated cardiomyopathy; Barth cannot be diagnosed clinically alone.,retrospective cohort review,86 adult LVHT patients,Prevalence of Barth syndrome in adult left ventricular hypertrabeculation / noncompaction.,2008,https://doi.org/10.1080/14017430701882400,18365900,not open access,no - subscription/paywalled,abstract only,batch 2
Brugada syndrome,arrhythmogenic right ventricular cardiomyopathy,Brugada syndrome,arrhythmogenic right ventricular cardiomyopathy,rare,rare,phenotype,related but distinct,0.40,"Over 12 years follow-up, Brugada and ARVC had similar age at first ventricular arrhythmia and recurrence, but ARVC had more monomorphic VT and Brugada more VF; no Brugada case converted to ARVC",ECG repolarisation/depolarisation abnormalities by ARVC Task Force criteria were rare in BrS (2-13%).,retrospective comparative cohort,"50 BrS, 65 ARVC",Clinical Differences in Japanese Patients Between Brugada Syndrome and Arrhythmogenic Right Ventricular Cardiomyopathy With Long-Term Follow-Up.,2019,https://doi.org/10.1016/j.amjcard.2019.05.067,31284935,not open access,no - subscription/paywalled,abstract only,batch 2
arrhythmogenic right ventricular cardiomyopathy,Brugada syndrome,arrhythmogenic right ventricular cardiomyopathy,Brugada syndrome,rare,rare,phenotype,similar,0.80,"A patient met ECG criteria for both ARVD and Brugada syndrome, supporting a common pathophysiological basis",55-year-old with syncope; ICD implanted for high sudden-death risk.,case report,1,Arrhythmogenic Right Ventricular Dysplasia and Brugada Syndrome Overlap.,2021,https://europepmc.org/article/PMC/PMC8121129,34007738,open access,yes - free full text in PMC/Europe PMC (not read),abstract only,batch 2
Takotsubo syndrome,acute myocardial infarction,Takotsubo syndrome,acute myocardial infarction,rare,common,epidemiology,related but distinct,0.40,"Takotsubo has lower risk-adjusted in-hospital mortality (2.9% vs 7.2%; OR 0.34) and 30-day circulatory readmission than AMI, with different predictors","Spanish MBDS 2016-2022; differences in age, sex and comorbidities.",retrospective national administrative cohort,"4,112 TTS, 275,835 AMI episodes",Comparison of Takotsubo syndrome with acute myocardial infarction in Spain using hospital discharge data (MBDS).,2026,https://doi.org/10.1016/j.medine.2026.502555,42716889,not open access,no - subscription/paywalled,abstract only,batch 2
Takotsubo syndrome,acute myocardial infarction,Takotsubo syndrome,acute myocardial infarction,rare,common,phenotype,related but distinct,0.40,"Takotsubo shows greater QT dispersion, Tp-e, Tp-e dispersion and Tp-e/QTc than anterior AMI; Tp-e dispersion linked to ventricular arrhythmias in TTS",AUCs 0.71-0.78 for distinguishing TTS; repolarisation features may explain arrhythmia risk.,matched comparative ECG study,"168 (TTS, anterior AMI, matched controls)",Repolarization Abnormalities in Patients With Takotsubo Syndrome Versus Acute Anterior Myocardial Infarction.,2026,https://doi.org/10.1111/pace.70098,41427596,not open access,no - subscription/paywalled,abstract only,batch 2
pulmonary alveolar proteinosis,idiopathic pulmonary fibrosis,pulmonary alveolar proteinosis,idiopathic pulmonary fibrosis,rare,rare,phenotype,related but distinct,0.40,"PAP-like changes occur in 23% of IPF biopsies and are linked to honeycombing, fibroblastic foci, lower FVC/DLCO and higher KL-6, suggesting a secondary reaction to severe IPF",PAP-like change in 13.9% of chronic IP overall.,retrospective histology cohort,144 chronic IP biopsies (61 IPF),Pulmonary alveolar proteinosis-like change: A fairly common reaction associated with the severity of idiopathic pulmonary fibrosis.,2016,https://doi.org/10.1016/j.resinv.2016.02.004,27424827,not open access,no - subscription/paywalled,abstract only,batch 2
pulmonary alveolar proteinosis,idiopathic pulmonary fibrosis,pulmonary alveolar proteinosis,idiopathic pulmonary fibrosis,rare,rare,phenotype,related but distinct,0.40,Two patients initially thought to have IPF had PAP with marked interstitial fibrosis on biopsy,Clinical and radiographic overlap; consider PAP in unexplained idiopathic interstitial pneumonia in young patients.,case report,2,Pulmonary alveolar proteinosis mimicking idiopathic pulmonary fibrosis.,2003,https://doi.org/10.1053/adpa.2003.50013,12715332,not open access,no - subscription/paywalled,abstract only,batch 2
idiopathic pulmonary hemosiderosis,celiac disease,idiopathic pulmonary hemosiderosis,celiac disease,rare,common,phenotype,similar,0.80,"Review of 80 Lane-Hamilton (IPH + coeliac) cases: anti-tTG positive in all tested, gluten-free diet plus steroids effective; screen all IPH for coeliac disease",14% acute mortality from IPH; duodenal biopsy diagnostic in 87.8%; BAL in 74.5%.,systematic literature review,"80 cases (44 children, 36 adults)",Celiac disease and idiopathic pulmonary hemosiderosis: a literature review of the Lane-Hamilton syndrome.,2022,https://doi.org/10.1080/00325481.2022.2109121,35912848,not open access,no - subscription/paywalled,abstract only,batch 2
idiopathic pulmonary hemosiderosis,celiac disease,idiopathic pulmonary hemosiderosis,celiac disease,rare,common,treatment,similar,0.80,Nearly one-third of children with IPH have positive coeliac serology; gluten-free diet helped 20/23 paediatric Lane-Hamilton cases,Few GI symptoms (22%); iron-deficiency anaemia in 83%; low ferritin may hint at coexisting CD; GFD recommended first-line.,scoping review,23 paediatric cases (20 reports),Association between idiopathic pulmonary hemosiderosis and celiac disease in pediatric patients: A scoping review of the literature over the past 50 years.,2022,https://doi.org/10.1002/ppul.25847,35088581,not open access,no - subscription/paywalled,abstract only,batch 2
Netherton syndrome,atopic dermatitis,Netherton syndrome,atopic dermatitis,rare,common,other,related but distinct,0.40,"Skin bacterial and fungal dysbiosis differs between AD, Netherton syndrome and ichthyosis vulgaris; AD skin is overcolonised by S. epidermidis and Ascomycota expand from different species in AD and NS",Corynebacterium raised and Proteobacteria/Bacteroidetes reduced in all; Staphylococcus proportion correlated with TEWL and IgE; disease-specific pathomechanisms.,case-control microbiome study,"AD, NS, ichthyosis vulgaris patients + controls",Initial Evidence of Distinguishable Bacterial and Fungal Dysbiosis in the Skin of Patients with Atopic Dermatitis or Netherton Syndrome.,2021,https://doi.org/10.1016/j.jid.2020.05.102,32553662,not open access,no - subscription/paywalled,abstract only,batch 2
Netherton syndrome,ichthyosis vulgaris,Netherton syndrome,ichthyosis vulgaris,rare,common,other,related but distinct,0.40,Skin microbiome profiles of Netherton syndrome (SPINK5) and ichthyosis vulgaris (FLG) are distinguishable despite shared barrier defects,Bacterial diversity varied more than fungal diversity; fungi may support expansion of pathogenic bacteria in NS.,case-control microbiome study,"AD, NS, ichthyosis vulgaris patients + controls",Initial Evidence of Distinguishable Bacterial and Fungal Dysbiosis in the Skin of Patients with Atopic Dermatitis or Netherton Syndrome.,2021,https://doi.org/10.1016/j.jid.2020.05.102,32553662,not open access,no - subscription/paywalled,abstract only,batch 2
Netherton syndrome,atopic dermatitis,Netherton syndrome,atopic dermatitis,rare,common,treatment,similar,0.80,Bispecific antibodies inhibiting KLK5 and KLK7 protected skin barrier and reduced inflammation in mouse models of both Netherton syndrome and atopic dermatitis,LEKTI deficiency (SPINK5) causes excess KLK activity in NS; crystal structure shows allosteric inhibition of KLK5; candidate therapy for NS and inflammatory dermatoses.,preclinical therapeutic study,mouse models + humanised antibody,Dual antibody inhibition of KLK5 and KLK7 for Netherton syndrome and atopic dermatitis.,2022,https://doi.org/10.1126/scitranslmed.abp9159,36516271,not open access,no - subscription/paywalled,abstract only,batch 2
Darier disease,Hailey-Hailey disease,Darier disease,Hailey-Hailey disease,rare,rare,pathways,related but distinct,0.40,"STIM1 staining is cytoplasmic in Darier disease but membrane-associated in Hailey-Hailey disease, offering a biomarker when genetics and histology are ambiguous",Both are calcium-pump disorders (ATP2A2 vs ATP2C1) with acantholysis; ORAI1 did not differ.,diagnostic immunohistochemistry study,5 ambiguous + 8 unambiguous cases,Subcellular compartmentalization of STIM1 for the distinction of Darier disease from Hailey-Hailey disease.,2022,https://doi.org/10.1111/ddg.14912,36442136,not open access,yes - free full text at publisher (not read),abstract only,batch 2
epidermolysis bullosa acquisita,bullous pemphigoid,epidermolysis bullosa acquisita,bullous pemphigoid,rare,rare,phenotype,related but distinct,0.40,"Routine histology (PAS roof staining, neutrophils, eosinophils, keratinocyte fraying) cannot reliably separate EBA from BP; salt-split DIF remains the standard",PAS roof sensitivity 25%/specificity 95%; neutrophils 54%/74%; lack of eosinophils 92%/68%.,retrospective diagnostic accuracy study,"13 EBA, 19 BP",Distinguishing Epidermolysis Bullosa Acquisita From Bullous Pemphigoid Without Direct Immunofluorescence.,2018,https://doi.org/10.1177/1203475417722734,28719980,not open access,no - subscription/paywalled,abstract only,batch 2
bullous pemphigoid,epidermolysis bullosa acquisita,bullous pemphigoid,epidermolysis bullosa acquisita,rare,rare,other,related but distinct,0.40,About 9% of patients diagnosed with BP by standard methods actually had EBA on immunoblotting; dermal-side salt-split IIF correlates poorly with EBA,Epidermal IIF-SSS staining strongly predicts BP; dermal or combined staining needs immunoblot confirmation.,diagnostic accuracy study,78 sera,Accuracy of indirect immunofluorescence on sodium chloride-split skin in the differential diagnosis of bullous pemphigoid and epidermolysis bullosa acquisita.,2011,https://doi.org/10.4103/0378-6323.86479,22016274,not open access,yes - free full text at publisher (not read),abstract only,batch 2
dermatitis herpetiformis,bullous pemphigoid,dermatitis herpetiformis,bullous pemphigoid,rare,rare,pathways,related but distinct,0.40,"Tissue factor is expressed in lesional and perilesional skin in BP but not in DH, reflecting different chemokine and infiltrate patterns","Plasma TF, D-dimer and fibrinogen also measured; links immune and coagulation systems in BP.",case-control immunohistochemistry study,"14 DH, 27 BP, 20 controls",Tissue Factor in Dermatitis Herpetiformis and Bullous Pemphigoid: Link between Immune and Coagulation System in Subepidermal Autoimmune Bullous Diseases.,2015,https://europepmc.org/article/PMC/PMC4709721,27057091,open access,yes - free full text in PMC/Europe PMC (not read),abstract only,batch 2
dermatitis herpetiformis,linear IgA bullous dermatosis,dermatitis herpetiformis,linear IgA bullous dermatosis,rare,rare,other,related but distinct,0.40,IgA anti-tissue transglutaminase antibodies were present in all untreated DH patients but absent in linear IgA disease and other subepidermal bullous diseases,Anti-tTG levels reflected severity of jejunal changes (Marsh grade) in DH.,case-control serology study,"11 DH, 15 LAD, 10 BP + controls",Circulating autoantibodies to tissue transglutaminase differentiate patients with dermatitis herpetiformis from those with linear IgA disease.,1999,https://doi.org/10.1016/s0190-9622(99)70253-7,10570380,not open access,no - subscription/paywalled,abstract only,batch 2
dermatitis herpetiformis,linear IgA bullous dermatosis,dermatitis herpetiformis,linear IgA bullous dermatosis,rare,rare,phenotype,related but distinct,0.40,A 'picket fence' IgA pattern on direct immunofluorescence is 100% specific (48% sensitive) for DH vs LABD,More IgG and IgM in LABD; more IgM and kappa in DH deposits.,comparative DIF image study,"45 LABD, 48 DH",A Comparative Study of Direct Immunofluorescence Patterns in Linear IgA Bullous Dermatosis Versus Dermatitis Herpetiformis.,2024,https://doi.org/10.1097/dad.0000000000002864,39570799,not open access,no - subscription/paywalled,abstract only,batch 2
linear IgA bullous dermatosis,dermatitis herpetiformis,linear IgA bullous dermatosis,dermatitis herpetiformis,rare,rare,pathways,related but distinct,0.40,"Targeted serum proteomics separates LABD from DH, highlighting NADPH-oxidase-related biomarkers","Six biomarkers (NBN, NCF2, CAPG, FES, BID, PXN) linked to better prognosis in DH; validated in skin.",case-control proteomics study,"LABD, DH and controls (Olink 92 markers)",Targeted serum proteome profiling reveals nicotinamide adenine dinucleotide phosphate (NADPH)-related biomarkers to discriminate linear IgA bullous disorder from dermatitis herpetiformis.,2024,https://doi.org/10.1016/j.clim.2024.110291,38908771,not open access,yes - free full text at publisher (not read),abstract only,batch 2
pyoderma gangrenosum,hidradenitis suppurativa,pyoderma gangrenosum,hidradenitis suppurativa,rare,common,genes,similar,0.85,"Review: PG, HS and autoinflammatory syndromes (PAPA, PAMI, PASH, PAPASH) share genetic mutations and inflammatory pathways",Summarises identified mutations (e.g. PSTPIP1) and presumed pathophysiology of chronic neutrophilic inflammation and tissue damage.,review,NA,"Genetic mutations in pyoderma gangrenosum, hidradenitis suppurativa, and associated autoinflammatory syndromes: Insights into pathogenic mechanisms and shared pathways.",2024,https://europepmc.org/article/PMC/PMC11484153,38031879,open access,yes - free full text in PMC/Europe PMC (not read),abstract only,batch 2
pyoderma gangrenosum,PAPA syndrome,pyoderma gangrenosum,PAPA syndrome,rare,rare,genes,similar,0.85,"Review: PG, HS and autoinflammatory syndromes (PAPA, PAMI, PASH, PAPASH) share genetic mutations and inflammatory pathways",Summarises identified mutations (e.g. PSTPIP1) and presumed pathophysiology of chronic neutrophilic inflammation and tissue damage.,review,NA,"Genetic mutations in pyoderma gangrenosum, hidradenitis suppurativa, and associated autoinflammatory syndromes: Insights into pathogenic mechanisms and shared pathways.",2024,https://europepmc.org/article/PMC/PMC11484153,38031879,open access,yes - free full text in PMC/Europe PMC (not read),abstract only,batch 2
porphyria cutanea tarda,erythropoietic protoporphyria,porphyria cutanea tarda,erythropoietic protoporphyria,rare,rare,pathways,related but distinct,0.40,"Both are photosensitive porphyrias, but PCT causes skin fragility and blisters via uroporphyrin-complement-mast cell activation whereas EPP causes acute erythema and urticaria","Endogenous phototoxic porphyrins drive both; open questions on collagen fragmentation, hypertrichosis and vascular basal lamina reduplication.",review,NA,Mechanisms of phototoxicity in porphyria cutanea tarda and erythropoietic protoporphyria.,1989,https://pubmed.ncbi.nlm.nih.gov/2488874,2488874,not open access,no - no full-text link found,abstract only,batch 2
porphyria cutanea tarda,erythropoietic protoporphyria,porphyria cutanea tarda,erythropoietic protoporphyria,rare,rare,treatment,related but distinct,0.40,"Treatments differ: phlebotomy and low-dose chloroquine for PCT, light-protective beta-carotene for EPP; sun avoidance for both","Also covers the four acute porphyrias (carbohydrate and IV heme); skin care in PCT, VP and HCP.",review,NA,"Treatment options in acute porphyria, porphyria cutanea tarda, and erythropoietic protoporphyria.",2007,https://doi.org/10.1007/s11938-007-0044-9,18221605,not open access,no - subscription/paywalled,abstract only,batch 2
acute intermittent porphyria,porphyria cutanea tarda,acute intermittent porphyria,porphyria cutanea tarda,rare,rare,treatment,related but distinct,0.40,"Acute porphyrias need trigger removal, carbohydrate and IV heme, while PCT is treated with phlebotomy or low-dose chloroquine",Heme biosynthesis enzyme defects cause neurotoxic (acute) or phototoxic (cutaneous) precursor accumulation.,review,NA,"Treatment options in acute porphyria, porphyria cutanea tarda, and erythropoietic protoporphyria.",2007,https://doi.org/10.1007/s11938-007-0044-9,18221605,not open access,no - subscription/paywalled,abstract only,batch 2
harlequin ichthyosis,lamellar ichthyosis,autosomal recessive congenital ichthyosis,autosomal recessive congenital ichthyosis,rare,rare,genes,similar,0.85,"ABCA12 mutations underlie harlequin ichthyosis, lamellar ichthyosis and congenital ichthyosiform erythroderma by disrupting lipid transport via lamellar granules",Severe truncating mutations give HI; milder forms usually have a non-truncating allele; ABCA12 also needed for keratinocyte differentiation.,review,NA,The roles of ABCA12 in keratinocyte differentiation and lipid barrier formation in the epidermis.,2011,https://europepmc.org/article/PMC/PMC3117010,21695020,open access,yes - free full text in PMC/Europe PMC (not read),abstract only,batch 2
incontinentia pigmenti,hypomelanosis of Ito,incontinentia pigmenti,hypomelanosis of Ito,rare,rare,phenotype,related but distinct,0.40,"Both follow Blaschko lines with eye and CNS involvement, but IP is X-linked NEMO/NF-kB disease lethal in males while hypomelanosis of Ito reflects mosaic chromosomal rearrangements","IP: retinal vasculopathy and CNS involvement determine severity; HI: hypopigmentation with epilepsy, intellectual disability, autism and cortical malformations.",review,NA,Incontinentia pigmenti and hypomelanosis of Ito.,2013,https://doi.org/10.1016/b978-0-444-52891-9.00040-3,23622185,not open access,no - subscription/paywalled,abstract only,batch 2
retinoblastoma,Coats disease,retinoblastoma,Coats disease,rare,rare,phenotype,related but distinct,0.40,Apparent diffusion coefficient on MRI is much lower in retinoblastoma than Coats disease and separates them accurately,Clinical features often overlap leading to misdiagnosis; ADC is an objective MRI parameter.,retrospective cross-sectional imaging study,children with RB or Coats,Apparent Diffusion Coefficient (ADC) Differentiates Retinoblastoma from Coats Disease on MRI.,2024,https://doi.org/10.1016/j.ajo.2024.05.023,38866359,not open access,no - subscription/paywalled,abstract only,batch 2
retinoblastoma,Coats disease,retinoblastoma,Coats disease,rare,rare,phenotype,related but distinct,0.40,"Larger eye size, vitreous seeding and sharp V-shaped retinal detachment on MRI are almost exclusive to retinoblastoma vs Coats disease and PFV",20 predefined features; enhancing subfoveal nodules in 38% of Coats; assessment strategy proposed.,blinded multi-reader imaging study,"66 (33 RB, 33 pseudo-RB)",MR Imaging Features to Differentiate Retinoblastoma from Coats' Disease and Persistent Fetal Vasculature.,2020,https://europepmc.org/article/PMC/PMC7760210,33266342,open access,yes - free full text in PMC/Europe PMC (not read),abstract only,batch 2
retinoblastoma,persistent fetal vasculature,retinoblastoma,persistent fetal vasculature,rare,rare,phenotype,related but distinct,0.40,"Larger eye size, vitreous seeding and sharp V-shaped retinal detachment on MRI are almost exclusive to retinoblastoma vs Coats disease and PFV",20 predefined features; false-negative RB diagnosis can be life-threatening.,blinded multi-reader imaging study,"66 (33 RB, 33 pseudo-RB)",MR Imaging Features to Differentiate Retinoblastoma from Coats' Disease and Persistent Fetal Vasculature.,2020,https://europepmc.org/article/PMC/PMC7760210,33266342,open access,yes - free full text in PMC/Europe PMC (not read),abstract only,batch 2
achromatopsia,cone dystrophy,achromatopsia,cone dystrophy,rare,rare,genes,similar,0.85,Biallelic CNGB3 mutations (major achromatopsia gene) cause 5% of later-onset progressive autosomal recessive cone dystrophy,"Affected patients had progressive loss of acuity, colour vision and photopic ERG from the second decade; CNGA3 may add effect.",prospective multicentre genetic study,60 arCD probands,Comprehensive analysis of the achromatopsia genes CNGA3 and CNGB3 in progressive cone dystrophy.,2010,https://doi.org/10.1016/j.ophtha.2009.09.008,20079539,not open access,no - subscription/paywalled,abstract only,batch 2
achromatopsia,cone dystrophy,achromatopsia,cone dystrophy,rare,rare,phenotype,similar,0.80,"Both achromatopsia and cone dystrophy patients have depressed but stable rod ERG amplitudes, which can be mislabelled as cone-rod dystrophy",No rod progression or peripheral field loss; Goldmann fields help separate stable cone dystrophies from progressive cone-rod dystrophy.,retrospective ERG cohort,112 cone dystrophy/achromatopsia patients,Establishing baseline rod electroretinogram values in achromatopsia and cone dystrophy.,2012,https://doi.org/10.1007/s10633-012-9350-1,22903242,not open access,no - subscription/paywalled,abstract only,batch 2
Leber congenital amaurosis,retinitis pigmentosa,Leber congenital amaurosis,retinitis pigmentosa,rare,rare,genes,similar,0.85,"RPE65 mutations cause LCA, early-onset severe retinal dystrophy and RP; found in 3.6% of Indian cases, mostly truncating","All homozygous; consistent RPE mottling; variable disc pallor, arteriolar attenuation and macular appearance.",genetic case series,"220 screened, 8 positive","&lt;i&gt;RPE65&lt;/i&gt; mutations in Leber congenital amaurosis, early-onset severe retinal dystrophy, and retinitis pigmentosa from a tertiary eye care center in India.",2024,https://doi.org/10.1080/13816810.2024.2309559,38323530,not open access,no - subscription/paywalled,abstract only,batch 2
retinitis pigmentosa,Leber congenital amaurosis,retinitis pigmentosa,Leber congenital amaurosis,rare,rare,genes,similar,0.85,"A single 113-gene smMIPs panel for RP and LCA (shared rod-then-cone degeneration) gave 56% diagnostic yield, similar to exome sequencing","Panel covers exons, splice sites, deep-intronic variants and RP17 region; cheaper than WES for low-resource settings.",diagnostic genetic cohort,"1,192 probands","Cost-effective sequence analysis of 113 genes in 1,192 probands with retinitis pigmentosa and Leber congenital amaurosis.",2023,https://europepmc.org/article/PMC/PMC9936074,36819107,open access,yes - free full text in PMC/Europe PMC (not read),abstract only,batch 2
birdshot chorioretinopathy,sarcoidosis,birdshot chorioretinopathy,sarcoidosis,rare,rare,phenotype,related but distinct,0.40,Sarcoid choroiditis produced lesions virtually identical to birdshot chorioretinopathy in an HLA-A29-negative woman with biopsy-proven sarcoidosis,Normal ACE; patients diagnosed with birdshot should be worked up for sarcoidosis.,case report,1,Sarcoid choroiditis simulating birdshot chorioretinopathy.,2008,https://doi.org/10.1097/icb.0b013e31809ed9a2,25390597,not open access,no - subscription/paywalled,abstract only,batch 2
aniridia,WAGR syndrome,aniridia,WAGR syndrome,rare,rare,genes,related but distinct,0.40,"WAGR patients with large PAX6-including deletions have much worse vision (mean 20/500, visual efficiency 2%) than aniridia patients with PAX6 nonsense mutations (20/125, 34%)",Age- and sex-matched from CoRDS registry; WAGR mean acuity below profound impairment and legal blindness thresholds.,retrospective matched comparative study,"25 aniridia, 25 WAGR (100 eyes)",Visual Acuity in Aniridia and WAGR Syndrome.,2023,https://europepmc.org/article/PMC/PMC10162095,37152637,open access,yes - free full text in PMC/Europe PMC (not read),abstract only,batch 2
Stickler syndrome,Marfan syndrome,Stickler syndrome,Marfan syndrome,rare,rare,phenotype,related but distinct,0.40,"Type 1 Stickler and Marfan syndromes look clinically similar; pathognomonic vitreous anomalies identify Stickler, which carries higher retinal detachment risk",Vitreous phenotyping guides gene sequencing and prophylaxis for retinal detachment.,family case report,"4 (2 ocular-only Stickler, 2 Marfan + Stickler)",Use of vitreous phenotype as a key clinical marker to identify Ocular-only Stickler syndrome in a family with Marfan syndrome.,2024,https://doi.org/10.1177/11206721231169309,37032444,not open access,yes - free full text at publisher (not read),abstract only,batch 2
Stickler syndrome,Marfan syndrome,Stickler syndrome,Marfan syndrome,rare,rare,phenotype,related but distinct,0.40,"High myopia is mainly axial (longer axial length) in Stickler syndrome but both axial and lenticular (flatter corneas, thicker lenses) in Marfan syndrome",Compared with isolated high myopia controls; ROP myopia mainly lenticular.,retrospective biometric study,high myopia patients incl. 12 Stickler (20 eyes) and Marfan group,Biometric Variations in High Myopia Associated with Different Underlying Ocular and Genetic Conditions.,2023,https://europepmc.org/article/PMC/PMC9761849,36545263,open access,yes - free full text in PMC/Europe PMC (not read),abstract only,batch 2
cutis laxa,Ehlers-Danlos syndrome,cutis laxa,Ehlers-Danlos syndrome,rare,rare,phenotype,related but distinct,0.40,"ATP6V0A2-related recessive cutis laxa (ARCL2A) can show pretibial pseudo-ecchymotic lesions like classical Ehlers-Danlos syndrome, often in the second decade",Age-related dermatological overlap that can mislead diagnosis.,case series from survey,3 of >20 ARCL2A patients,Autosomal recessive cutis laxa type 2A (ARCL2A) mimicking Ehlers-Danlos syndrome by its dermatological manifestations: report of three affected patients.,2014,https://doi.org/10.1002/ajmg.a.36411,24478233,not open access,no - subscription/paywalled,abstract only,batch 2
pseudoachondroplasia,multiple epiphyseal dysplasia,pseudoachondroplasia,multiple epiphyseal dysplasia,rare,rare,genes,similar,0.85,"COMP mutations cause both MED (milder) and PSACH (more severe), forming a continuous, age-dependent phenotypic spectrum","8 MED with c.1220G>A, 3 PSACH incl. novel c.1126G>T; progressive epiphyseal involvement of long bones; many benefit from orthopaedic surgery.",family genotype-phenotype study,"11 patients, 5 families",Age Dependent Progression of Multiple Epiphyseal Dysplasia and Pseudoachondroplasia Due to Heterozygous Mutations in COMP Gene.,2020,https://doi.org/10.14712/23362936.2020.14,33030144,not open access,yes - free full text at publisher (not read),abstract only,batch 2
pseudoachondroplasia,multiple epiphyseal dysplasia,pseudoachondroplasia,multiple epiphyseal dysplasia,rare,rare,phenotype,similar,0.80,"Radiographs suggest Fairbank-type MED is closely related to, and possibly the mildest form of, pseudoachondroplasia",Child inherited achondroplasia from mother and PSACH from father; EM findings also support PSACH-MED relationship.,case report + radiographic review,1 double heterozygote + many PSACH/MED radiographs,"Patient with double heterozygosity for achondroplasia and pseudoachondroplasia, with comments on these conditions and the relationship between pseudoachondroplasia and multiple epiphyseal dysplasia, Fairbank type.",1993,https://doi.org/10.1002/ajmg.1320470535,8267011,not open access,no - subscription/paywalled,abstract only,batch 2
achondroplasia,pseudoachondroplasia,achondroplasia,pseudoachondroplasia,rare,rare,phenotype,related but distinct,0.40,A child double heterozygous for achondroplasia and pseudoachondroplasia showed radiographic features of both distinct dwarfing conditions from infancy to age 6,Radiographic course compared with age-matched achondroplasia and PSACH patients.,case report + radiographic review,1,"Patient with double heterozygosity for achondroplasia and pseudoachondroplasia, with comments on these conditions and the relationship between pseudoachondroplasia and multiple epiphyseal dysplasia, Fairbank type.",1993,https://doi.org/10.1002/ajmg.1320470535,8267011,not open access,no - subscription/paywalled,abstract only,batch 2
achondroplasia,thanatophoric dysplasia,achondroplasia,thanatophoric dysplasia,rare,rare,treatment,similar,0.80,"Intermittent PTH(1-34) rescued postnatal lethality in TD II mice and improved bone growth in achondroplasia mice, both caused by gain-of-function FGFR3 mutations","PTH lengthened long bones, partly corrected premature synchondrosis fusion and osteopenia; effects linked to raised PTHrP and reduced FGFR3.",preclinical mouse study,ACH and TDII mouse models,Intermittent PTH (1-34) injection rescues the retarded skeletal development and postnatal lethality of mice mimicking human achondroplasia and thanatophoric dysplasia.,2012,https://doi.org/10.1093/hmg/dds181,22634226,not open access,yes - free full text at publisher (not read),abstract only,batch 2
osteogenesis imperfecta,hypophosphatasia,osteogenesis imperfecta,hypophosphatasia,rare,rare,other,related but distinct,0.40,"A perinatally lethal OI type IIC case also showed biochemical features of hypophosphatasia, with delayed collagen helix formation and impaired protein secretion",Probable new dominant C-propeptide mutation; parental collagen normal.,case report (biochemical),1,Lethal osteogenesis imperfecta: abnormal collagen metabolism and biochemical characteristics of hypophosphatasia.,1988,https://doi.org/10.1007/bf00442478,3181205,not open access,no - subscription/paywalled,abstract only,batch 2
X-linked hypophosphatemia,nutritional rickets,X-linked hypophosphatemia,nutritional rickets,rare,common,phenotype,related but distinct,0.40,"XLH (PHEX loss, FGF23 excess) mimics vitamin D-deficient rickets but is refractory to vitamin D; burosumab transformed a 14-year-old's quality of life",Most common genetic rickets; frequently misdiagnosed as nutritional rickets; previous treatment limited to calcitriol and phosphate.,case report + literature review,1,Dramatic Transformation After Burosumab in a Young Boy With X-linked Hypophosphatemia: A Life-Changing Saga.,2022,https://europepmc.org/article/PMC/PMC8938246,35371638,open access,yes - free full text in PMC/Europe PMC (not read),abstract only,batch 2
CHARGE syndrome,Kabuki syndrome,CHARGE syndrome,Kabuki syndrome,rare,rare,genes,related but distinct,0.40,A patient meeting clinical criteria for typical CHARGE syndrome had a KMT2D (Kabuki) mutation and no CHD7 variant,"Choanal atresia, ear and genital anomalies, endocrine deficiency and facial palsy; unbiased NGS panel needed for overlapping syndromes.",case report,1,"Individual Clinically Diagnosed with CHARGE Syndrome but with a Mutation in <i>KMT2D</i>, a Gene Associated with Kabuki Syndrome: A Case Report.",2017,https://europepmc.org/article/PMC/PMC5732153,29321794,open access,yes - free full text in PMC/Europe PMC (not read),abstract only,batch 2
Kabuki syndrome,CHARGE syndrome,Kabuki syndrome,CHARGE syndrome,rare,rare,phenotype,related but distinct,0.40,A man diagnosed clinically with CHARGE was found to have a KMT2D exon 38 variant consistent with Kabuki syndrome after hypoparathyroidism was found,Highlights overlapping features and value of genetic testing; specific exon 38 variants may give an atypical Kabuki form.,case report,1,Kabuki and CHARGE syndromes: overlapping symptoms and diagnostic challenges.,2025,https://europepmc.org/article/PMC/PMC11869784,39969027,open access,yes - free full text in PMC/Europe PMC (not read),abstract only,batch 2
Cornelia de Lange syndrome,Rubinstein-Taybi syndrome,Cornelia de Lange syndrome,Rubinstein-Taybi syndrome,rare,rare,phenotype,related but distinct,0.40,"Longitudinally, IQ declines in CdLS but is stable in RSTS, and RSTS gains more adaptive skills; behavioural difficulties rise in both but more in CdLS","Two time-points; communication, daily living, social and motor skills improved more in RSTS.",longitudinal cohort,"14 CdLS, 15 RSTS",The developmental trajectories of the behavioral phenotype and neuropsychiatric functioning in Cornelia de Lange and Rubinstein Taybi syndromes: A longitudinal study.,2023,https://europepmc.org/article/PMC/PMC10099472,36373849,open access,yes - free full text in PMC/Europe PMC (not read),abstract only,batch 2
Cornelia de Lange syndrome,Rubinstein-Taybi syndrome,Cornelia de Lange syndrome,Rubinstein-Taybi syndrome,rare,rare,phenotype,similar,0.80,"Anxiety, linked to autistic traits but not IQ, is a shared age-related hallmark that rises from infancy to adolescence in both CdLS and RSTS","Cognitive, behavioural and autism assessments across four age ranges; supports age-targeted interventions.",cross-sectional age-band study,"44 CdLS, 31 RSTS",Age-related hallmarks of psychopathology in Cornelia de Lange and Rubinstein-Taybi syndromes.,2022,https://doi.org/10.1016/j.ridd.2022.104235,35468572,not open access,no - subscription/paywalled,abstract only,batch 2
Pitt-Hopkins syndrome,Mowat-Wilson syndrome,Pitt-Hopkins syndrome,Mowat-Wilson syndrome,rare,rare,pathways,similar,0.85,"TCF4 knockdown (Pitt-Hopkins gene) alters ZEB2 (Mowat-Wilson) and UBE3A (Angelman) expression, linking these phenotypically similar syndromes","1204 genes changed; TGF-beta, EMT and apoptosis pathways enriched; also SNAI2, NEUROG2, ASCL1, MEF2C.",experimental cell study (expression profiling),SH-SY5Y cells,"Knockdown of human TCF4 affects multiple signaling pathways involved in cell survival, epithelial to mesenchymal transition and neuronal differentiation.",2013,https://europepmc.org/article/PMC/PMC3751932,24058414,open access,yes - free full text in PMC/Europe PMC (not read),abstract only,batch 2
Pitt-Hopkins syndrome,Angelman syndrome,Pitt-Hopkins syndrome,Angelman syndrome,rare,rare,pathways,similar,0.85,TCF4 knockdown (Pitt-Hopkins gene) alters UBE3A (Angelman) expression; the syndromes share severe ID and phenotypic features,TCF4 regulates convergent differentiation and survival pathways and a subset of intellectual disability genes.,experimental cell study (expression profiling),SH-SY5Y cells,"Knockdown of human TCF4 affects multiple signaling pathways involved in cell survival, epithelial to mesenchymal transition and neuronal differentiation.",2013,https://europepmc.org/article/PMC/PMC3751932,24058414,open access,yes - free full text in PMC/Europe PMC (not read),abstract only,batch 2
2q23.1 microdeletion syndrome,Angelman syndrome,2q23.1 microdeletion syndrome,Angelman syndrome,rare,rare,phenotype,similar,0.80,"2q23.1 microdeletions including MBD5 cause a pseudo-Angelman phenotype (severe ID, absent speech, epilepsy, microcephaly, ataxia)",Overlapping 250 kb region with MBD5 and EPC2; ZEB2 (Mowat-Wilson) not deleted.,case report (array CGH),2,2q23.1 microdeletion identified by array comparative genomic hybridisation: an emerging phenotype with Angelman-like features?,2009,https://europepmc.org/article/PMC/PMC3236717,18812405,free in PMC,yes - free full text in PMC/Europe PMC (not read),abstract only,batch 2
Christianson syndrome,Angelman syndrome,Christianson syndrome,Angelman syndrome,rare,rare,phenotype,similar,0.80,"SLC9A6 (NHE6) mutations cause X-linked intellectual disability with microcephaly, epilepsy, ataxia and absent speech mimicking Angelman syndrome",Males with unexplained Angelman-like features should be tested for SLC9A6.,family genetic study,several XLMR families incl. original Christianson family,"SLC9A6 mutations cause X-linked mental retardation, microcephaly, epilepsy, and ataxia, a phenotype mimicking Angelman syndrome.",2008,https://europepmc.org/article/PMC/PMC2427207,18342287,free in PMC,yes - free full text in PMC/Europe PMC (not read),abstract only,batch 2
Angelman syndrome,Christianson syndrome,Angelman syndrome,Christianson syndrome,rare,rare,genes,related but distinct,0.40,"A loss-of-function SLC9A6 mutation was found in 1 of 22 males with Angelman-like features but negative AS testing, and in none of 104 XLMR males",Patient had typical AS phenotype; nonsense-mediated decay and absent NHE6 protein confirmed; SLC9A6 is not a major cause of AS-like phenotype.,genetic screening cohort,22 AS-like + 104 XLMR males,"SLC9A6 mutations cause X-linked mental retardation, microcephaly, epilepsy, and ataxia, a phenotype mimicking Angelman syndrome.",2008,https://europepmc.org/article/PMC/PMC2427207,18342287,free in PMC,yes - free full text in PMC/Europe PMC (not read),abstract only,batch 2
FOXG1 syndrome,Rett syndrome,FOXG1 syndrome,Rett syndrome,rare,rare,genes,similar,0.85,A de novo single-gene FOXG1 deletion caused a congenital Rett-like syndrome with microcephaly at birth,Confirms FOXG1 copy-number variation as a cause of congenital variant Rett; expands phenotype.,case report + review,1,Atypical Rett syndrome with selective FOXG1 deletion detected by comparative genomic hybridization: case report and review of literature.,2009,https://europepmc.org/article/PMC/PMC2987032,19623215,free in PMC,yes - free full text in PMC/Europe PMC (not read),abstract only,batch 2
FOXG1 syndrome,Rett syndrome,FOXG1 syndrome,Rett syndrome,rare,rare,phenotype,related but distinct,0.40,Some FOXG1 forkhead-domain missense variants cause milder phenotypes (independent walking and speech) unlike congenital Rett syndrome,ERN-ITHACA data; microcephaly and epilepsy rare in mild group; supports five FOXG1 genotype groups.,multicentre case series,5 new + 3 published,FOXG1 variants can be associated with milder phenotypes than congenital Rett syndrome with unassisted walking and language development.,2024,https://doi.org/10.1002/ajmg.b.32970,38459409,not open access,no - subscription/paywalled,abstract only,batch 2
Phelan-McDermid syndrome,autism spectrum disorder,Phelan-McDermid syndrome,autism spectrum disorder,rare,common,phenotype,related but distinct,0.40,"ASD children with SHANK3 deficiency show different cortical morphology and network disruptions (cingulate, insula) from ASD without SHANK3 defects (sensorimotor, dmPFC)","Cortical thickness, sulcal depth and structural covariance networks; more regular network topology with SHANK3 defects.",case-control MRI study,ASD children with and without SHANK3 deficiency,Common and Distinct Disruptions of Cortical Surface Morphology Between Autism Spectrum Disorder Children With and Without <i>SHANK3</i> Deficiency.,2021,https://europepmc.org/article/PMC/PMC8581670,34776852,open access,yes - free full text in PMC/Europe PMC (not read),abstract only,batch 2
ADNP syndrome,Phelan-McDermid syndrome,ADNP syndrome,Phelan-McDermid syndrome,rare,rare,pathways,similar,0.85,"ADNP and SHANK3 interact through SH3 and actin-binding domains, revealing a shared autism mechanism; NAP treatment improved Shank3-mutant mouse behaviour",NAP normalised Shank3-Adnp-actin interactions; SH3-binding motif in NAPVSIP important for microtubule-tau effects.,experimental study (bioinformatic + mouse),Shank3 InsG3680 mice,"SH3- and actin-binding domains connect ADNP and SHANK3, revealing a fundamental shared mechanism underlying autism.",2022,https://doi.org/10.1038/s41380-022-01603-w,35538192,not open access,no - subscription/paywalled,abstract only,batch 2
Angelman syndrome,Dup15q syndrome,Angelman syndrome,Dup15q syndrome,rare,rare,genes,related but distinct,0.40,"Opposite UBE3A dosage changes (maternal loss in Angelman, maternal 15q11-q13 gain in Dup15q) produce distinct phenotypes and require opposite therapies","Covers imprinting, isoforms, synaptic regulation and excitability; restoration vs dosage normalisation strategies.",review,NA,UBE3A Dosage Imbalance as a Molecular Framework Linking Angelman Syndrome and Dup15q-Associated Autism Phenotypes.,2026,https://doi.org/10.1002/ajmg.b.70025,42464451,not open access,no - subscription/paywalled,abstract only,batch 2
Prader-Willi syndrome,Dup15q syndrome,Prader-Willi syndrome,Dup15q syndrome,rare,rare,genes,related but distinct,0.40,"PWS, Angelman and 15q11-q13 duplication syndromes arise from deletions or duplications at the same imprinted locus but are distinct disorders",Each results from loss of function or overexpression of at least one imprinted gene; covers diagnosis and management.,review,NA,"Prader-Willi, Angelman, and 15q11-q13 Duplication Syndromes.",2015,https://europepmc.org/article/PMC/PMC4449422,26022164,free in PMC,yes - free full text in PMC/Europe PMC (not read),abstract only,batch 2
Angelman syndrome,Prader-Willi syndrome,Angelman syndrome,Prader-Willi syndrome,rare,rare,genes,related but distinct,0.40,"PWS, Angelman and 15q11-q13 duplication syndromes arise from deletions or duplications at the same imprinted locus but are distinct disorders",Each results from loss of function or overexpression of at least one imprinted gene; covers diagnosis and management.,review,NA,"Prader-Willi, Angelman, and 15q11-q13 Duplication Syndromes.",2015,https://europepmc.org/article/PMC/PMC4449422,26022164,free in PMC,yes - free full text in PMC/Europe PMC (not read),abstract only,batch 2
trisomy 18,trisomy 13,trisomy 18,trisomy 13,rare,rare,epidemiology,similar,0.80,"Both have high early mortality driven by congenital heart disease, respiratory instability and infection, with no significant survival difference; a minority survive long-term",Kaplan-Meier log-rank p~0.3; supports multidisciplinary individualised care.,retrospective cohort,genetically confirmed T18 and T13 cases (2015-2024),Trisomy 18 and Trisomy 13: A Retrospective Cohort Study at a Tertiary Hospital.,2026,https://europepmc.org/article/PMC/PMC12939952,41749627,open access,yes - free full text in PMC/Europe PMC (not read),abstract only,batch 2
1p36 deletion syndrome,Prader-Willi syndrome,1p36 deletion syndrome,Prader-Willi syndrome,rare,rare,phenotype,similar,0.80,"1p36 deletion syndrome can present with a Prader-Willi-like phenotype (obesity, hypotonia, ID) and is likely underdiagnosed",PWS excluded by FISH and methylation PCR; deletions 4.2-6.1 Mb; terminal 4 Mb may drive PWS-like features.,case report (molecular cytogenetics),2,1p36 deletion syndrome associated with Prader-Willi-like phenotype.,2010,https://doi.org/10.1111/j.1442-200x.2010.03090.x,20113418,not open access,no - subscription/paywalled,abstract only,batch 2
1p36 deletion syndrome,Prader-Willi syndrome,1p36 deletion syndrome,Prader-Willi syndrome,rare,rare,phenotype,similar,0.80,"Among 41 PWS-negative patients with a PWS-like phenotype, one had a small terminal 1p36.33-p36.32 deletion with features closely resembling PWS",FISH (26) and microsatellites (30); deletion within terminal 2.5 Mb; recommends testing 1p36 in PWS-negative hyperphagic obese patients.,genetic screening cohort,41 patients,"Prader-Willi-like phenotype: investigation of 1p36 deletion in 41 patients with delayed psychomotor development, hypotonia, obesity and/or hyperphagia, learning disabilities and behavioral problems.",2006,https://doi.org/10.1016/j.ejmg.2006.02.001,16564757,not open access,no - subscription/paywalled,abstract only,batch 2
Simpson-Golabi-Behmel syndrome,Beckwith-Wiedemann syndrome,Simpson-Golabi-Behmel syndrome,Beckwith-Wiedemann syndrome,rare,rare,phenotype,related but distinct,0.40,"A patient diagnosed with BWS at birth was rediagnosed with SGBS at 21; both share overgrowth, macroglossia, organomegaly and embryonal tumours, but evolving facial dysmorphism helps separate them",Delineates further differentiating clinical findings between the overgrowth syndromes.,case report + review,1,Twenty-one years to the right diagnosis - clinical overlap of Simpson-Golabi-Behmel and Beckwith-Wiedemann syndrome.,2015,https://doi.org/10.1002/ajmg.a.36825,25339544,not open access,no - subscription/paywalled,abstract only,batch 2
Simpson-Golabi-Behmel syndrome,Perlman syndrome,Simpson-Golabi-Behmel syndrome,Perlman syndrome,rare,rare,phenotype,similar,0.80,"A neonate with overgrowth, macroglossia, ambiguous genitalia, nephroblastomatosis and islet hyperplasia showed overlap of BWS, Perlman and SGBS",SGBS judged most likely; differential matters for recurrence risk and tumour surveillance.,case report (autopsy),1,"Clinical overlap of Beckwith-Wiedemann, Perlman and Simpson-Golabi-Behmel syndromes: a diagnostic pitfall.",1995,https://doi.org/10.1111/j.1399-0004.1995.tb04307.x,7554352,not open access,no - subscription/paywalled,abstract only,batch 2
Noonan syndrome with multiple lentigines,Noonan syndrome,Noonan syndrome,Noonan syndrome,rare,rare,phenotype,similar,0.80,"Adults with NS and NSML both experience neuropathic pain, enlarged nerves and markedly reduced quality of life",All reported somatosensory symptoms; nerve/muscle ultrasound confirmed neuromuscular involvement in 5/6 with weakness.,case series,9 adults,Neuropathic Pain and Enlarged Nerves in Adult Noonan Syndrome and Noonan Syndrome With Multiple Lentigines: Health-Related Quality of Life and Neurologic Symptoms.,2026,https://doi.org/10.1002/ajmga.70060,41560462,not open access,no - subscription/paywalled,abstract only,batch 2
Klinefelter syndrome,"47,XYY syndrome",Klinefelter syndrome,"47,XYY syndrome",common,rare,epidemiology,related but distinct,0.40,"Both supernumerary sex chromosome conditions raise mortality and morbidity and worsen socioeconomic outcomes, with sex-chromosome-specific patterns; infertility hallmark of KS","Prevalence 152 (KS) and 98 (XYY) per 100,000 male births; both greatly underdiagnosed; early diagnosis predicts less comorbidity.",comparative review,NA,"Morbidity, mortality, and socioeconomics in Klinefelter syndrome and 47,XYY syndrome: a comparative review.",2023,https://europepmc.org/article/PMC/PMC10160544,37098811,open access,yes - free full text in PMC/Europe PMC (not read),abstract only,batch 2
"47,XYY syndrome",Klinefelter syndrome,"47,XYY syndrome",Klinefelter syndrome,rare,common,epidemiology,related but distinct,0.40,"47,XYY men had higher mortality (HR 1.36), fewer partnerships but more fatherhood and lower income than men with Klinefelter syndrome",Danish registries; socioeconomic factors partly explain excess mortality (HR vs population 3.6 reducing to 2.7 after adjustment).,national register study,"206 XYY, 1,049 KS, 20,078 controls","Socio-economic factors affect mortality in 47,XYY syndrome-A comparison with the background population and Klinefelter syndrome.",2012,https://doi.org/10.1002/ajmg.a.35539,22893477,not open access,no - subscription/paywalled,abstract only,batch 2
"47,XYY syndrome",Klinefelter syndrome,"47,XYY syndrome",Klinefelter syndrome,rare,common,phenotype,related but distinct,0.40,Boys with XYY have more language impairment while boys with XXY (KS) have more gross-motor and coordination impairment,Both below controls on cognition and achievement; differences reflect sex-linked gene dosage beyond the shared pseudoautosomal region.,cross-sectional neuropsychological study,"21 XYY, 93 XXY, 36 controls","An extra X or Y chromosome: contrasting the cognitive and motor phenotypes in childhood in boys with 47,XYY syndrome or 47,XXY Klinefelter syndrome.",2009,https://europepmc.org/article/PMC/PMC2876236,20014371,free in PMC,yes - free full text in PMC/Europe PMC (not read),abstract only,batch 2
Kabuki syndrome,Wiedemann-Steiner syndrome,Kabuki syndrome,Wiedemann-Steiner syndrome,rare,rare,phenotype,similar,0.80,"Caregiver-reported academic profiles overlap in Kabuki and Wiedemann-Steiner syndromes, with distinct visual-spatial deficits, unlike global difficulties in ODLURO","All three are KMT2 histone methyltransferase disorders; WSS shows math/spatial challenges, KS most spatial challenges.",cross-sectional survey,50 caregivers,"Academic Learning Profiles Across Disorders of KMT2 Gene Family: Superimposed and Distinct Features Across Kabuki, Wiedemann-Steiner and ODLURO Syndromes.",2025,https://doi.org/10.1111/jir.70017,40762104,not open access,no - subscription/paywalled,abstract only,batch 2
Wiedemann-Steiner syndrome,O'Donnell-Luria-Rodan syndrome,Wiedemann-Steiner syndrome,O'Donnell-Luria-Rodan syndrome,rare,rare,phenotype,related but distinct,0.40,"ODLURO shows generalised academic difficulties, whereas WSS has specific math and spatial weaknesses",KMT2 gene disruption may have common and individual neurodevelopmental effects.,cross-sectional survey,50 caregivers,"Academic Learning Profiles Across Disorders of KMT2 Gene Family: Superimposed and Distinct Features Across Kabuki, Wiedemann-Steiner and ODLURO Syndromes.",2025,https://doi.org/10.1111/jir.70017,40762104,not open access,no - subscription/paywalled,abstract only,batch 2
Kabuki syndrome,O'Donnell-Luria-Rodan syndrome,Kabuki syndrome,O'Donnell-Luria-Rodan syndrome,rare,rare,phenotype,related but distinct,0.40,"ODLURO shows generalised academic difficulties, whereas Kabuki shows mainly visual-spatial deficits",KMT2 gene disruption may have common and individual neurodevelopmental effects.,cross-sectional survey,50 caregivers,"Academic Learning Profiles Across Disorders of KMT2 Gene Family: Superimposed and Distinct Features Across Kabuki, Wiedemann-Steiner and ODLURO Syndromes.",2025,https://doi.org/10.1111/jir.70017,40762104,not open access,no - subscription/paywalled,abstract only,batch 2
Coffin-Siris syndrome,Nicolaides-Baraitser syndrome,Coffin-Siris syndrome,Nicolaides-Baraitser syndrome,rare,rare,genes,related but distinct,0.40,CSS and NCBRS are distinct BAF-complex disorders with clinical overlap; exome sequencing of unsolved cases revealed alternative diagnoses including Wiedemann-Steiner and Kabuki syndromes,"Causative variants in 9/10, incl. SMARCA2/SMARCA4 deletions, GRIN2A and SHANK3; emphasises broad spectrum of epigenetic disorders.",trio exome sequencing study,10 unsolved CSS/NCBRS individuals,Exome sequencing unravels unexpected differential diagnoses in individuals with the tentative diagnosis of Coffin-Siris and Nicolaides-Baraitser syndromes.,2015,https://doi.org/10.1007/s00439-015-1535-8,25724810,not open access,no - subscription/paywalled,abstract only,batch 2
Smith-Magenis syndrome,Prader-Willi syndrome,Smith-Magenis syndrome,Prader-Willi syndrome,rare,rare,phenotype,similar,0.80,"Adults with SMS score similarly to PWS adults on food-related problems (preoccupation with food, impaired satiety), with early weight gain in both","SMS also had more self-injurious, stereotyped and aggressive behaviour than heterogeneous ID; PWS obesity treatments may help SMS.",cohort with questionnaire comparison,SMS cohort vs ID and PWS reference data,Individuals with Smith-Magenis syndrome display profound neurodevelopmental behavioral deficiencies and exhibit food-related behaviors equivalent to Prader-Willi syndrome.,2015,https://doi.org/10.1016/j.ridd.2015.08.011,26323055,not open access,no - subscription/paywalled,abstract only,batch 2
Prader-Willi syndrome,Smith-Magenis syndrome,Prader-Willi syndrome,Smith-Magenis syndrome,rare,rare,phenotype,related but distinct,0.40,"PWS, SMS and cri-du-chat each have higher problem behaviour ratings than ID controls on at least one subscale, supporting partial syndrome-specific behaviour",Aberrant Behavior Checklist used; eating and sleep problems not covered by the instrument.,comparative behavioural study,"PWS, SMS and cri-du-chat groups vs ID comparison groups","Problem behaviors associated with deletion Prader-Willi, Smith-Magenis, and cri du chat syndromes.",1998,https://doi.org/10.1352/0895-8017(1998)103<0264:pbawdp>2.0.co;2,9833657,not open access,no - subscription/paywalled,abstract only,batch 2
Prader-Willi syndrome,cri du chat syndrome,Prader-Willi syndrome,cri du chat syndrome,rare,rare,phenotype,related but distinct,0.40,"PWS, SMS and cri-du-chat each have higher problem behaviour ratings than ID controls on at least one subscale, supporting partial syndrome-specific behaviour",Aberrant Behavior Checklist used.,comparative behavioural study,"PWS, SMS and cri-du-chat groups vs ID comparison groups","Problem behaviors associated with deletion Prader-Willi, Smith-Magenis, and cri du chat syndromes.",1998,https://doi.org/10.1352/0895-8017(1998)103<0264:pbawdp>2.0.co;2,9833657,not open access,no - subscription/paywalled,abstract only,batch 2
Smith-Magenis syndrome,cri du chat syndrome,Smith-Magenis syndrome,cri du chat syndrome,rare,rare,phenotype,related but distinct,0.40,"PWS, SMS and cri-du-chat each have higher problem behaviour ratings than ID controls on at least one subscale, supporting partial syndrome-specific behaviour",Aberrant Behavior Checklist used.,comparative behavioural study,"PWS, SMS and cri-du-chat groups vs ID comparison groups","Problem behaviors associated with deletion Prader-Willi, Smith-Magenis, and cri du chat syndromes.",1998,https://doi.org/10.1352/0895-8017(1998)103<0264:pbawdp>2.0.co;2,9833657,not open access,no - subscription/paywalled,abstract only,batch 2
ataxia-telangiectasia,Bloom syndrome,ataxia-telangiectasia,Bloom syndrome,rare,rare,pathways,similar,0.85,"A-T, Bloom and Nijmegen breakage syndromes share chronic oxidative stress, mitochondrial abnormalities and altered antioxidant defences alongside defective DNA damage response","Common features: immunodeficiency, radiosensitivity, cancer susceptibility, premature ageing, neurodegeneration, insulin resistance; antioxidants proposed but unproven.",review,NA,"Oxidative stress, mitochondrial abnormalities and antioxidant defense in Ataxia-telangiectasia, Bloom syndrome and Nijmegen breakage syndrome.",2017,https://europepmc.org/article/PMC/PMC5219618,28063379,open access,yes - free full text in PMC/Europe PMC (not read),abstract only,batch 2
ataxia-telangiectasia,Nijmegen breakage syndrome,ataxia-telangiectasia,Nijmegen breakage syndrome,rare,rare,pathways,similar,0.85,"A-T, Bloom and Nijmegen breakage syndromes share chronic oxidative stress, mitochondrial abnormalities and altered antioxidant defences alongside defective DNA damage response","Common features: immunodeficiency, radiosensitivity, cancer susceptibility, premature ageing, neurodegeneration, insulin resistance.",review,NA,"Oxidative stress, mitochondrial abnormalities and antioxidant defense in Ataxia-telangiectasia, Bloom syndrome and Nijmegen breakage syndrome.",2017,https://europepmc.org/article/PMC/PMC5219618,28063379,open access,yes - free full text in PMC/Europe PMC (not read),abstract only,batch 2
Bloom syndrome,Nijmegen breakage syndrome,Bloom syndrome,Nijmegen breakage syndrome,rare,rare,pathways,similar,0.85,"A-T, Bloom and Nijmegen breakage syndromes share chronic oxidative stress, mitochondrial abnormalities and altered antioxidant defences alongside defective DNA damage response",Proposes they may be considered mitochondrial diseases.,review,NA,"Oxidative stress, mitochondrial abnormalities and antioxidant defense in Ataxia-telangiectasia, Bloom syndrome and Nijmegen breakage syndrome.",2017,https://europepmc.org/article/PMC/PMC5219618,28063379,open access,yes - free full text in PMC/Europe PMC (not read),abstract only,batch 2
Rothmund-Thomson syndrome,Werner syndrome,Rothmund-Thomson syndrome,Werner syndrome,rare,rare,genes,similar,0.85,"RTS (RECQL4), Bloom (BLM) and Werner (WRN) are RecQ helicase disorders sharing abnormal growth, premature ageing and site-specific cancer predisposition",Compound heterozygous RECQL4 frameshift and splice mutations; clinical and molecular comparison of the three syndromes.,family report + comparative review,1 kindred (2 brothers with osteosarcoma),Rothmund-Thomson syndrome due to RECQ4 helicase mutations: report and clinical and molecular comparisons with Bloom syndrome and Werner syndrome.,2000,https://doi.org/10.1002/(sici)1096-8628(20000131)90:3<223::aid-ajmg7>3.0.co;2-z,10678659,not open access,no - subscription/paywalled,abstract only,batch 2
Rothmund-Thomson syndrome,Bloom syndrome,Rothmund-Thomson syndrome,Bloom syndrome,rare,rare,genes,similar,0.85,"RTS (RECQL4), Bloom (BLM) and Werner (WRN) are RecQ helicase disorders sharing abnormal growth, premature ageing and site-specific cancer predisposition",Clinical and molecular aspects compared and contrasted.,family report + comparative review,1 kindred (2 brothers with osteosarcoma),Rothmund-Thomson syndrome due to RECQ4 helicase mutations: report and clinical and molecular comparisons with Bloom syndrome and Werner syndrome.,2000,https://doi.org/10.1002/(sici)1096-8628(20000131)90:3<223::aid-ajmg7>3.0.co;2-z,10678659,not open access,no - subscription/paywalled,abstract only,batch 2
Bloom syndrome,Werner syndrome,Bloom syndrome,Werner syndrome,rare,rare,pathways,related but distinct,0.40,"Werner syndrome is a prototypic premature ageing disorder whereas Bloom syndrome is not, reflecting different BLM vs WRN helicase functions (excess homologous recombination and cancer in BS)","Replication delay, slow cell turnover and aberrant transcription of growth genes proposed for BS short stature.",comparative review,NA,Bloom's syndrome: Why not premature aging?: A comparison of the BLM and WRN helicases.,2017,https://europepmc.org/article/PMC/PMC5124422,27238185,free in PMC,yes - free full text in PMC/Europe PMC (not read),abstract only,batch 2
mandibuloacral dysplasia,Hutchinson-Gilford progeria syndrome,mandibuloacral dysplasia,Hutchinson-Gilford progeria syndrome,rare,rare,genes,similar,0.85,A novel homozygous LMNA p.Arg527Leu mutation caused overlapping mandibuloacral dysplasia and progeria features in two Egyptian families,"Acro-osteolysis, mandibular hypoplasia plus progeroid features; up to 1.12% carrier rate suggesting founder effect.",family genetic study,"3 patients, 2 families; 178 controls",A novel homozygous p.Arg527Leu LMNA mutation in two unrelated Egyptian families causes overlapping mandibuloacral dysplasia and progeria syndrome.,2012,https://europepmc.org/article/PMC/PMC3476705,22549407,free in PMC,yes - free full text in PMC/Europe PMC (not read),abstract only,batch 2
familial partial lipodystrophy,type 2 diabetes,familial partial lipodystrophy,diabetes mellitus,rare,common,genes,related but distinct,0.40,"Common LMNA variants (the FPLD2 gene) showed no major effect on type 2 diabetes risk, with only a modest meta-analytic effect for rs4641 (OR 1.10)","UK cases/controls, trios and International 1q Consortium; LMNA lies in a diabetes-linkage region.",case-control + family association study and meta-analysis,"9,518 subjects","Common variation in the LMNA gene (encoding lamin A/C) and type 2 diabetes: association analyses in 9,518 subjects.",2007,https://europepmc.org/article/PMC/PMC2672988,17327460,free in PMC,yes - free full text in PMC/Europe PMC (not read),abstract only,batch 2
familial partial lipodystrophy,type 2 diabetes,familial partial lipodystrophy,diabetes mellitus,rare,common,genes,similar,0.85,"Common LMNA variation (gene for FPLD2) nominally increased type 2 diabetes risk, fasting glucose, obesity and waist circumference in Danes","rs4641 T-allele OR 1.14 for T2D; exploratory, uncorrected findings suggest milder variation in a monogenic gene affects common traits.",population genetic association study,"7,495 Danish whites","Common variation in LMNA increases susceptibility to type 2 diabetes and associates with elevated fasting glycemia and estimates of body fat and height in the general population: studies of 7,495 Danish whites.",2007,https://doi.org/10.2337/db06-0927,17327437,not open access,yes - free full text at publisher (not read),abstract only,batch 2
Alstrom syndrome,Bardet-Biedl syndrome,Alstrom syndrome,Bardet-Biedl syndrome,rare,rare,pathways,related but distinct,0.40,Loss of alms1 reduces beta-cell production while loss of bbs1 increases it in zebrafish; alms1-deficient beta-cells also fail to expand under high glucose,Both obesity ciliopathies; discrepant beta-cell production and maintenance may explain higher diabetes susceptibility in Alström.,experimental zebrafish study,zebrafish models,Differential effects on β-cell mass by disruption of Bardet-Biedl syndrome or Alstrom syndrome genes.,2016,https://europepmc.org/article/PMC/PMC4690491,26494903,free in PMC,yes - free full text in PMC/Europe PMC (not read),abstract only,batch 2
cystic fibrosis,primary ciliary dyskinesia,cystic fibrosis,primary ciliary dyskinesia,rare,rare,phenotype,related but distinct,0.40,"Taste disorders (especially misidentifying salty) occur mainly in CF and link to high sweat chloride, while smell identification deficits are more common in PCD",Ageusia only in CF (17.4%); reduced odour identification 30% PCD vs 4% CF; unrelated to lung function or inflammation.,prospective comparative cohort,"65 (23 CF, 22 PCD, 20 controls)",Taste and Smell Disorders in Children and Young Adults With Cystic Fibrosis and Primary Ciliary Dyskinesia-A Prospective Comparative Study.,2025,https://europepmc.org/article/PMC/PMC12679337,41347296,open access,yes - free full text in PMC/Europe PMC (not read),abstract only,batch 2
autoimmune enteropathy,celiac disease,autoimmune enteropathy,celiac disease,rare,common,phenotype,related but distinct,0.40,"Adult autoimmune enteropathy has distinct demographic, clinical and histological features from refractory coeliac disease type 1; 85% respond to open-capsule budesonide",Mayo Clinic 2000-2015; conventional therapies had failed in most AIE; complete response 50% AIE vs 68% RCD.,retrospective case-control study,"30 AIE, 42 refractory CD type 1",Features of Adult Autoimmune Enteropathy Compared With Refractory Celiac Disease.,2018,https://doi.org/10.1016/j.cgh.2017.12.044,29307846,not open access,no - subscription/paywalled,abstract only,batch 2
autoimmune enteropathy,celiac disease,autoimmune enteropathy,celiac disease,rare,common,phenotype,related but distinct,0.40,"Flat mucosa with HLA-DQ2 but negative serology and no gluten-free diet response was autoimmune enteropathy, confirmed by anti-enterocyte antibodies",62-year-old with severe malabsorption recovered on immunosuppression; consider AIE in seronegative villous atrophy.,case report,1,Autoimmune enteropathy: not all flat mucosa mean coeliac disease.,2016,https://europepmc.org/article/PMC/PMC4833853,27099674,open access,yes - free full text in PMC/Europe PMC (not read),abstract only,batch 2
Whipple disease,rheumatoid arthritis,Whipple disease,rheumatoid arthritis,rare,common,phenotype,related but distinct,0.40,"Whipple disease presented as symmetric, sometimes erosive seronegative polyarthritis mimicking RA, with median 5-year diagnostic delay and poor response to RA treatment",Diagnosis by T. whipplei PCR/PAS; GI symptoms absent or mild; all responded to antibiotics; reassess long-standing refractory seronegative RA.,retrospective single-centre cohort,7,Whipple's disease mimicking rheumatoid arthritis can cause misdiagnosis and treatment failure.,2017,https://europepmc.org/article/PMC/PMC5445468,28545554,open access,yes - free full text in PMC/Europe PMC (not read),abstract only,batch 2
eosinophilic gastroenteritis,eosinophilic esophagitis,eosinophilic gastroenteritis,eosinophilic esophagitis,rare,rare,epidemiology,related but distinct,0.40,"Non-oesophageal EGIDs have no sex bias (EoE male-predominant) and more hypoproteinaemia in children, but similar persistent course (64% vs 66%) to EoE",Small intestine (62%) and stomach (49%) most affected; children had more severe symptoms and complications.,nationwide hospital survey,Japanese EoE and non-EoE EGID patients,Comparison of Nonesophageal Eosinophilic Gastrointestinal Disorders with Eosinophilic Esophagitis: A Nationwide Survey.,2021,https://doi.org/10.1016/j.jaip.2021.06.026,34214704,not open access,no - subscription/paywalled,abstract only,batch 2
eosinophilic gastroenteritis,eosinophilic esophagitis,eosinophilic gastroenteritis,eosinophilic esophagitis,rare,rare,phenotype,related but distinct,0.40,"EoE presents with dysphagia and food impaction while non-EoE EGIDs present with abdominal pain, nausea and diarrhoea; diagnostic delay longer in EoE; similar treatment response (~88%)",Mean follow-up 4.6 years; relapse 38.9% regardless of therapy; atopic comorbidities common in both.,retrospective comparative cohort,"111 (50 EoE, 61 non-EoE EGID)","Clinical Characteristics, Diagnostic Challenges, and Therapeutic Outcomes in Non-eosinophilic Esophagitis Eosinophilic Gastrointestinal Diseases in Comparison with Eosinophilic Esophagitis. ",2026,https://doi.org/10.18502/ijaai.v25is11.22484,42825915,not open access,no - subscription/paywalled,abstract only,batch 2
chronic myeloid leukemia,essential thrombocythemia,chronic myeloid leukemia,essential thrombocythemia,rare,rare,phenotype,related but distinct,0.40,"Ph-positive thrombocythaemia has small hypolobulated megakaryocytes unlike the large clustered megakaryocytes of Ph-negative ET, and behaves as early chronic-phase CML","Ph+ 'ET' may progress to CML, myelofibrosis and blast crisis.",case series + literature review,3 + 20 reported cases,Philadelphia (Ph) chromosome-positive thrombocythemia without features of chronic myeloid leukemia in peripheral blood: natural history and diagnostic differentiation from Ph-negative essential thrombocythemia.,2004,https://doi.org/10.1007/s00277-004-0877-4,15164229,not open access,no - subscription/paywalled,abstract only,batch 2
chronic myeloid leukemia,essential thrombocythemia,chronic myeloid leukemia,essential thrombocythemia,rare,rare,pathways,related but distinct,0.40,"Bone marrow cytokine expression: CML shows 20 differentially expressed genes (TLR, JAK-STAT) while ET shows only one (IRAK2)","PV had 12 DEGs (TLR, IL-17 pathways); PMF none; disease-specific immune pathways as candidate biomarkers.",pilot gene-expression study (NanoString),"CML, ET, PMF, PV patients + controls","Application of NanoString Technologies in Chronic Myeloid Leukemia, Essential Thrombocythemia, Primary Myelofibrosis, and Polycythemia Vera: A Pilot Study.",2026,https://europepmc.org/article/PMC/PMC13256799,42279591,open access,yes - free full text in PMC/Europe PMC (not read),abstract only,batch 2
chronic myeloid leukemia,polycythemia vera,chronic myeloid leukemia,polycythemia vera,rare,rare,pathways,related but distinct,0.40,Both CML and PV show cytokine-driven transcriptional signatures (CML: TLR and JAK-STAT; PV: TLR and IL-17) unlike ET and PMF,20 DEGs in CML and 12 in PV.,pilot gene-expression study (NanoString),"CML, ET, PMF, PV patients + controls","Application of NanoString Technologies in Chronic Myeloid Leukemia, Essential Thrombocythemia, Primary Myelofibrosis, and Polycythemia Vera: A Pilot Study.",2026,https://europepmc.org/article/PMC/PMC13256799,42279591,open access,yes - free full text in PMC/Europe PMC (not read),abstract only,batch 2
polycythemia vera,essential thrombocythemia,polycythemia vera,essential thrombocythemia,rare,rare,pathways,related but distinct,0.40,"PV marrow shows 12 cytokine-related DEGs (TLR, IL-17) whereas ET shows only one",Supports disease-specific immune pathway differences between Ph-negative MPNs.,pilot gene-expression study (NanoString),"CML, ET, PMF, PV patients + controls","Application of NanoString Technologies in Chronic Myeloid Leukemia, Essential Thrombocythemia, Primary Myelofibrosis, and Polycythemia Vera: A Pilot Study.",2026,https://europepmc.org/article/PMC/PMC13256799,42279591,open access,yes - free full text in PMC/Europe PMC (not read),abstract only,batch 2
aplastic anemia,myelodysplastic syndrome,aplastic anemia,myelodysplastic syndrome,rare,rare,phenotype,related but distinct,0.40,Using megakaryocyte count to separate severe aplastic anaemia from lower-risk hypoplastic MDS gave markedly different overall and leukaemia-free survival (p<0.0001),Response to immunosuppression similar but prognosis diverged after 5 years; erythroid dysplasia alone does not indicate MDS.,prospective registry comparison,"39 SAA, 41 LR-hMDS",Comparison of severe aplastic anaemia and lower risk hypoplastic myelodysplastic neoplasms: Critical role of megakaryocyte count in distinguishing aplastic anaemia from myelodysplastic neoplasms.,2025,https://europepmc.org/article/PMC/PMC12166340,40259860,open access,yes - free full text in PMC/Europe PMC (not read),abstract only,batch 2
aplastic anemia,myelodysplastic syndrome,aplastic anemia,myelodysplastic syndrome,rare,rare,pathways,related but distinct,0.40,Hypoplastic MDS has many viable CD34+ cells with low apoptosis whereas aplastic anaemia has few CD34+ cells with high apoptosis,Proposed differential diagnostic marker despite similar clinical presentation.,case-control flow cytometry study,"17 AA, 13 hypoplastic MDS, 14 controls",A flow cytometric approach to compare stem cell apoptosis in aplastic anemia and hypoplastic myelodysplastic syndrome.,2024,https://doi.org/10.4103/hemoncstem.hemoncstem-d-24-00008,39412754,not open access,no - subscription/paywalled,abstract only,batch 2
aplastic anemia,myelodysplastic syndrome,aplastic anemia,myelodysplastic syndrome,rare,rare,pathways,related but distinct,0.40,"Review: AA and hypocellular MDS share immune-mediated marrow failure but differ in blasts, dysplasia, cytogenetics and driver mutations; ~10% of AA evolves to MDS in 10 years",Post-AA MDS often del7/7q; eltrombopag may affect progression; PNH clones common in AA but rare in primary MDS.,review,NA,Idiopathic aplastic anemia vs hypocellular myelodysplastic syndrome.,2019,https://europepmc.org/article/PMC/PMC6913491,31808900,free in PMC,yes - free full text in PMC/Europe PMC (not read),abstract only,batch 2
GATA2 deficiency,aplastic anemia,GATA2 deficiency,aplastic anemia,rare,rare,phenotype,related but distinct,0.40,"GATA2-deficient marrow has severely reduced monocytes, B and NK cells, absent hematogones, inverted CD4:CD8 and more atypical megakaryocytes and abnormal cytogenetics than idiopathic AA",CD34+ similarly reduced; criteria prospectively flagged 4/32 suspected AA patients later confirmed GATA2.,comparative marrow study + prospective application,"28 GATA2, 32 suspected AA",GATA2 deficiency-associated bone marrow disorder differs from idiopathic aplastic anemia.,2015,https://europepmc.org/article/PMC/PMC4281830,25359990,free in PMC,yes - free full text in PMC/Europe PMC (not read),abstract only,batch 2
hereditary hemochromatosis,thalassemia,hereditary hemochromatosis,thalassemia,common,rare,other,related but distinct,0.40,"Liver iron magnetic susceptibility differs: transfusional siderosis in thalassaemia and SCD has a lower iron-specific susceptibility than HFE haemochromatosis, so different calibration is needed",SQUID biosusceptometry vs ICP-MS; chi-Fe 0.96 vs 1.48 x10^-6 m3/kg.,methodological validation study,"40 biopsy samples (TDT, SCD, HFE-1)",Liver iron susceptometry is different in patients with transfusion dependent thalassemia and sickle cell disease compared with hemochromatosis.,2025,https://europepmc.org/article/PMC/PMC12657335,41323808,open access,yes - free full text in PMC/Europe PMC (not read),abstract only,batch 2
hereditary hemochromatosis,sickle cell disease,hereditary hemochromatosis,sickle cell disease,common,rare,other,related but distinct,0.40,"Liver iron magnetic susceptibility differs between transfusional iron overload (SCD, thalassaemia) and HFE haemochromatosis",Recommends separate susceptibility constants for transfusional siderosis vs hereditary haemochromatosis.,methodological validation study,"40 biopsy samples (TDT, SCD, HFE-1)",Liver iron susceptometry is different in patients with transfusion dependent thalassemia and sickle cell disease compared with hemochromatosis.,2025,https://europepmc.org/article/PMC/PMC12657335,41323808,open access,yes - free full text in PMC/Europe PMC (not read),abstract only,batch 2
Diamond-Blackfan anemia,Pearson syndrome,Diamond-Blackfan anemia,Pearson syndrome,rare,rare,genes,related but distinct,0.40,2.2% of a clinically defined DBA cohort actually had mitochondrial DNA deletions consistent with Pearson syndrome; all presumed DBA should be tested for mtDNA deletion,48% had ribosomal protein or GATA1 mutations; 8 had Pearson deletions.,commentary on cohort study,362 DBA patients,Pearson syndrome in a Diamond-Blackfan anemia cohort.,2014,https://europepmc.org/article/PMC/PMC4102705,25035146,free in PMC,yes - free full text in PMC/Europe PMC (not read),abstract only,batch 2
Pearson syndrome,Diamond-Blackfan anemia,Pearson syndrome,Diamond-Blackfan anemia,rare,rare,treatment,related but distinct,0.40,A child transplanted for presumed DBA was later found to have Pearson syndrome; DBA may respond to steroids or HSCT whereas Pearson carries metabolic and pancreatic risks,Both present with early severe anaemia; differential diagnosis critical for prognosis and therapy.,case report,1,Pearson syndrome in a child transplanted for Diamond-Blackfan anemia.,2021,https://doi.org/10.5546/aap.2021.eng.e559,34569763,not open access,no - subscription/paywalled,abstract only,batch 2
Chediak-Higashi syndrome,Griscelli syndrome,Chediak-Higashi syndrome,Griscelli syndrome,rare,rare,phenotype,related but distinct,0.40,Polarised light microscopy shows bright polychromatic hair shafts in Chediak-Higashi but monotonously white shafts in Griscelli syndrome,Light microscopy shows different melanin granule patterns but cannot reliably distinguish; useful where molecular testing unavailable.,diagnostic case series,"2 CHS, 2 GS",Polarized light microscopy of hair shafts aids in the differential diagnosis of Chédiak-Higashi and Griscelli-Prunieras syndromes.,2006,https://doi.org/10.1590/s1807-59322006000400009,16924324,not open access,no - subscription/paywalled,abstract only,batch 2
Griscelli syndrome,Chediak-Higashi syndrome,Griscelli syndrome,Chediak-Higashi syndrome,rare,rare,treatment,similar,0.80,"HLH-94/2004 therapy induced remission in Griscelli type 2, XLP and Chediak-Higashi patients who developed haemophagocytic syndrome",All responded; 7 transplanted; neurological sequelae in all except XLP; suggests a separate cohort in HLH studies.,registry case series,"5 GS2, 2 XLP, 2 CHS","Treatment of the X-linked lymphoproliferative, Griscelli and Chédiak-Higashi syndromes by HLH directed therapy.",2009,https://doi.org/10.1002/pbc.21790,18937330,not open access,no - subscription/paywalled,abstract only,batch 2
Griscelli syndrome,X-linked lymphoproliferative disease,Griscelli syndrome,X-linked lymphoproliferative disease,rare,rare,treatment,similar,0.80,"HLH-94/2004 therapy induced remission in Griscelli type 2, XLP and Chediak-Higashi patients who developed haemophagocytic syndrome",Mean follow-up 5.6 years; HSCT after remission.,registry case series,"5 GS2, 2 XLP, 2 CHS","Treatment of the X-linked lymphoproliferative, Griscelli and Chédiak-Higashi syndromes by HLH directed therapy.",2009,https://doi.org/10.1002/pbc.21790,18937330,not open access,no - subscription/paywalled,abstract only,batch 2
Chediak-Higashi syndrome,X-linked lymphoproliferative disease,Chediak-Higashi syndrome,X-linked lymphoproliferative disease,rare,rare,treatment,similar,0.80,"HLH-94/2004 therapy induced remission in Griscelli type 2, XLP and Chediak-Higashi patients who developed haemophagocytic syndrome",Mean follow-up 5.6 years; HSCT after remission.,registry case series,"5 GS2, 2 XLP, 2 CHS","Treatment of the X-linked lymphoproliferative, Griscelli and Chédiak-Higashi syndromes by HLH directed therapy.",2009,https://doi.org/10.1002/pbc.21790,18937330,not open access,no - subscription/paywalled,abstract only,batch 2
X-linked lymphoproliferative disease,familial hemophagocytic lymphohistiocytosis,X-linked lymphoproliferative disease,hemophagocytic lymphohistiocytosis,rare,rare,genes,related but distinct,0.40,"XIAP deficiency causes recurrent early HLH without lymphoma or SAP-type lymphocyte defects, so it is better classified as X-linked familial HLH than XLP",9/10 developed HLH by age 8; most presented in infancy.,case series,"10 patients, 8 families",XIAP deficiency: a unique primary immunodeficiency best classified as X-linked familial hemophagocytic lymphohistiocytosis and not as X-linked lymphoproliferative disease.,2010,https://europepmc.org/article/PMC/PMC2938130,20489057,free in PMC,yes - free full text in PMC/Europe PMC (not read),abstract only,batch 2
familial hemophagocytic lymphohistiocytosis,common variable immunodeficiency,hemophagocytic lymphohistiocytosis,common variable immunodeficiency,rare,rare,phenotype,similar,0.80,"Atypical later-onset familial HLH (UNC13D, STXBP2) overlaps clinically and immunologically with primary immunodeficiencies such as CVID and XLP",NK degranulation partially restored by IL-2 and normal CTL cytotoxicity in atypical cases; degranulation assays useful screens.,case series with immunological studies,8 atypical FHL patients vs typical FHL,Atypical familial hemophagocytic lymphohistiocytosis due to mutations in UNC13D and STXBP2 overlaps with primary immunodeficiency diseases.,2010,https://europepmc.org/article/PMC/PMC2995566,20823128,free in PMC,yes - free full text in PMC/Europe PMC (not read),abstract only,batch 2
familial hemophagocytic lymphohistiocytosis,X-linked lymphoproliferative disease,hemophagocytic lymphohistiocytosis,X-linked lymphoproliferative disease,rare,rare,phenotype,similar,0.80,"Atypical later-onset familial HLH (UNC13D, STXBP2) overlaps clinically and immunologically with primary immunodeficiencies such as CVID and XLP",Must be considered across varied presentations.,case series with immunological studies,8 atypical FHL patients vs typical FHL,Atypical familial hemophagocytic lymphohistiocytosis due to mutations in UNC13D and STXBP2 overlaps with primary immunodeficiency diseases.,2010,https://europepmc.org/article/PMC/PMC2995566,20823128,free in PMC,yes - free full text in PMC/Europe PMC (not read),abstract only,batch 2
Erdheim-Chester disease,Langerhans cell histiocytosis,Erdheim-Chester disease,Langerhans cell histiocytosis,rare,rare,phenotype,similar,0.80,"A BRAF-V600E-negative woman had mixed ECD-LCH histiocytosis with skin, orbital and multisystem disease refractory to steroids, interferon and chemotherapy",Concurrent ECD and LCH is exceedingly rare; discusses new treatment strategies for mixed histiocytosis.,case report + review,1,Overlap syndrome of Erdheim-Chester disease and Langerhans cell histiocytosis: A case report.,2024,https://europepmc.org/article/PMC/PMC11683406,39737131,open access,yes - free full text in PMC/Europe PMC (not read),abstract only,batch 2
IgG4-related disease,Kimura disease,IgG4-related disease,Kimura disease,rare,rare,pathways,related but distinct,0.40,"IL-10+LAG3+ Tfh cells infiltrate IgG4-RD tissues whereas IL-13+ Tfh and type 2 cells dominate Kimura disease, explaining IgG4 vs IgE class switching",Cytotoxic T cells abundant in IgG4-RD; AICDA+ B cells correlated with IgG4.,case-control tissue immunology study,IgG4-RD and KD lymphoid tissues,Distinct disease-specific Tfh cell populations in 2 different fibrotic diseases: IgG<sub>4</sub>-related disease and Kimura disease.,2022,https://europepmc.org/article/PMC/PMC10369367,35568079,free in PMC,yes - free full text in PMC/Europe PMC (not read),abstract only,batch 2
Kimura disease,IgG4-related disease,Kimura disease,IgG4-related disease,rare,rare,phenotype,similar,0.80,Kimura disease shares clinicopathological features with cutaneous IgG4-RD; surgery and steroids work but relapse often,"84% male; lymph node, lacrimal/salivary and kidney involvement; ciclosporin or thalidomide as alternatives to steroids.",retrospective multicentre cohort + literature comparison,25 KD; 27 published cutaneous IgG4-RD,Retrospective Multicentric Study of 25 Kimura Disease Patients: Emphasis on Therapeutics and Shared Features with Cutaneous IgG4-Related Disease.,2015,https://doi.org/10.1159/000439346,26452023,not open access,no - subscription/paywalled,abstract only,batch 2
IgG4-related disease,idiopathic retroperitoneal fibrosis,IgG4-related disease,idiopathic retroperitoneal fibrosis,rare,rare,phenotype,related but distinct,0.40,"IgG4-related RPF has other organ involvement (89%), allergy, higher IgG4, eosinophils and IgE, while idiopathic RPF more often causes back pain and is isolated",Peking University 2010-2018; mean onset age 54.8; suggests different pathogenesis and management.,retrospective comparative cohort,132 RPF (47 IgG4-related),Clinical characteristics of IgG4-related retroperitoneal fibrosis versus idiopathic retroperitoneal fibrosis.,2021,https://europepmc.org/article/PMC/PMC7891782,33600452,open access,yes - free full text in PMC/Europe PMC (not read),abstract only,batch 2
IgG4-related disease,idiopathic retroperitoneal fibrosis,IgG4-related disease,idiopathic retroperitoneal fibrosis,rare,rare,phenotype,related but distinct,0.40,"IgG4-related and non-IgG4 idiopathic RPF have similar histology except IgG4 staining, but the IgG4 subtype is more male, more inflammatory, involves ureters more and relapses more","Classified by 2019 IgG4-RD criteria; dense lymphoplasmacytic infiltrate, storiform fibrosis and obliterative phlebitis similar.",retrospective clinicopathological cohort,105 biopsy-proven IRF,Differences of clinicopathological features between IgG4-related and non-IgG4-related idiopathic retroperitoneal fibrosis.,2022,https://doi.org/10.1111/1756-185x.14287,35043583,not open access,no - subscription/paywalled,abstract only,batch 2
eosinophilic fasciitis,systemic sclerosis,eosinophilic fasciitis,systemic sclerosis,rare,rare,phenotype,related but distinct,0.40,Nailfold capillaries were normal in 84% of eosinophilic fasciitis patients but showed scleroderma pattern in 85% of systemic sclerosis patients,No EF patient had a definite scleroderma pattern; capillaroscopy helps distinguish the two.,comparative capillaroscopy study,"19 EF, 13 SSc",Capillary microscopy in eosinophilic fasciitis. A comparison with systemic sclerosis.,1983,https://doi.org/10.1002/art.1780260507,6847724,not open access,no - subscription/paywalled,abstract only,batch 2
morphea,systemic sclerosis,morphea,systemic sclerosis,rare,rare,pathways,similar,0.85,Systematic review of 57 patients with coexisting morphea and SSc supports a continuum with shared autoimmunity and TGF-beta-driven fibrosis,"Mostly women, limited cutaneous SSc and nodular morphea; SSc preceded morphea in 47%; monitor morphea with Raynaud or autoantibodies for progression.",systematic review,"57 patients, 23 studies",Are systemic sclerosis and localized scleroderma (morphea) part of a common disease spectrum? A systematic review on their coexistence.,2025,https://doi.org/10.1016/j.clindermatol.2025.09.032,41043651,not open access,no - subscription/paywalled,abstract only,batch 2
morphea,systemic sclerosis,morphea,systemic sclerosis,rare,rare,phenotype,related but distinct,0.40,"Distinct histopathological features discriminate morphea, lichen sclerosus and systemic sclerosis despite clinical overlap",Masked analysis; lymphocytic exocytosis negatively and hypocellular dermis/sclerosis depth positively correlated with induration.,prospective cross-sectional histology study,90 (30 each),"Histopathologic Comparison Between Morphea, Lichen Sclerosus, and Systemic Sclerosis: A Prospective Cross-Sectional Observational Study From a Tertiary Care Hospital.",2026,https://doi.org/10.1097/dad.0000000000003241,42758881,not open access,no - subscription/paywalled,abstract only,batch 2
lichen sclerosus,systemic sclerosis,lichen sclerosus,systemic sclerosis,common,rare,phenotype,related but distinct,0.40,"Distinct histopathological features discriminate morphea, lichen sclerosus and systemic sclerosis despite clinical overlap",Masked analysis of chronic sclerosing dermatoses.,prospective cross-sectional histology study,90 (30 each),"Histopathologic Comparison Between Morphea, Lichen Sclerosus, and Systemic Sclerosis: A Prospective Cross-Sectional Observational Study From a Tertiary Care Hospital.",2026,https://doi.org/10.1097/dad.0000000000003241,42758881,not open access,no - subscription/paywalled,abstract only,batch 2
morphea,lichen sclerosus,morphea,lichen sclerosus,rare,common,phenotype,related but distinct,0.40,"Distinct histopathological features discriminate morphea, lichen sclerosus and systemic sclerosis despite clinical overlap",Masked analysis of chronic sclerosing dermatoses.,prospective cross-sectional histology study,90 (30 each),"Histopathologic Comparison Between Morphea, Lichen Sclerosus, and Systemic Sclerosis: A Prospective Cross-Sectional Observational Study From a Tertiary Care Hospital.",2026,https://doi.org/10.1097/dad.0000000000003241,42758881,not open access,no - subscription/paywalled,abstract only,batch 2
nephrogenic systemic fibrosis,scleromyxedema,nephrogenic systemic fibrosis,scleromyxedema,rare,rare,phenotype,related but distinct,0.40,Gadolinium-induced nephrogenic systemic fibrosis in renal impairment clinically mimics scleromyxedema but has a defined iatrogenic cause,Guidelines restricting gadolinium in high-risk patients reduced NSF incidence; no specific treatment.,review,NA,[Causal relationship between the use of gadolinium based contrast media and nephrogenic systemic fibrosis].,2014,https://doi.org/10.4067/s0034-98872014001200010,25693439,not open access,yes - free full text at publisher (not read),abstract only,batch 2
IgG4-related disease,Sjogren syndrome,IgG4-related disease,Sjogren syndrome,rare,common,phenotype,related but distinct,0.40,"IgG4-related sialadenitis vs primary Sjögren: near 1:1 vs 1:15.7 male:female, more gland enlargement and allergy, less xerostomia, and many more IgG4+ plasma cells (123 vs 8/HPF)",Storiform fibrosis in IgG4-RD vs lymphoepithelial lesions in pSS; IgG4/IgG ratio 71.7% vs 4.6%.,comparative cohort,"55 IgG4 sialadenitis, 50 pSS, 50 obstructive sialadenitis","Differential diagnosis of IgG4-related sialadenitis, primary Sjögren syndrome, and chronic obstructive submandibular sialadenitis.",2017,https://doi.org/10.1016/j.bjoms.2016.10.021,27866757,not open access,no - subscription/paywalled,abstract only,batch 2
polyarteritis nodosa,cryoglobulinemic vasculitis,polyarteritis nodosa,cryoglobulinemic vasculitis,rare,rare,phenotype,related but distinct,0.40,Idiopathic PAN with RF positivity and type II cryoglobulins mimicked cryoglobulinemic vasculitis; normal complement and urinalysis pointed away from it,"Neuropathy, vasculitic rash, renal impairment and testicular pain; treated with prednisolone then azathioprine.",case report,1,Systemic Idiopathic Polyarteritis Nodosa Mimicking Cryoglobulinemic Vasculitis: A Diagnostic Challenge.,2026,https://europepmc.org/article/PMC/PMC13450197,42569525,open access,yes - free full text in PMC/Europe PMC (not read),abstract only,batch 2
anti-GBM disease,ANCA-associated vasculitis,anti-GBM disease,ANCA-associated vasculitis,rare,rare,phenotype,related but distinct,0.40,"Double-positive (ANCA + anti-GBM) patients behave mainly like anti-GBM disease, with more severe renal presentation and worse renal prognosis than AAV with severe renal involvement",All DPPs had histological GBM involvement (18% seronegative for anti-GBM); relapse similar (~10%); test both antibodies in RPGN.,retrospective multicentre cohort,"33 double-positive, 45 AAV",Renal and overall outcomes of double-positive (ANCA and anti-GBM antibodies) patients compared to ANCA-associated vasculitis patients with severe renal involvement: A multicenter retrospective study with systematic renal pathology analysis.,2022,https://doi.org/10.1080/03009742.2021.1920120,34169779,not open access,no - subscription/paywalled,abstract only,batch 2
anti-GBM disease,ANCA-associated vasculitis,anti-GBM disease,ANCA-associated vasculitis,rare,rare,phenotype,similar,0.80,"ANCA vasculitis, anti-GBM disease and immune-complex GN act by different immune mechanisms but converge on rapidly progressive crescentic glomerulonephritis",Crescentic disease can progress to whole-nephron sclerosis within months if untreated.,review,NA,"Three Diseases Mediated by Different Immunopathologic Mechanisms-ANCA-Associated Vasculitis, Anti-Glomerular Basement Membrane Disease, and Immune Complex-Mediated Glomerulonephritis-A Common Clinical and Histopathologic Picture: Rapidly Progressive Crescentic Glomerulonephritis.",2023,https://europepmc.org/article/PMC/PMC10669599,38001978,open access,yes - free full text in PMC/Europe PMC (not read),abstract only,batch 2
membranous nephropathy,minimal change disease,membranous nephropathy,minimal change disease,rare,rare,pathways,related but distinct,0.40,"MCD and MN show distinct immune checkpoint profiles (PD-1/PD-L1, CTLA-4/CD86, CD200/CD200R); soluble checkpoints discriminate MCD from MN","Multiparameter flow cytometry, ELISA and qPCR; pathway-specific tolerance imbalance.",case-control immunology study,"30 MCD, 30 MN, 30 healthy",Immune Checkpoint Signatures in Minimal Change Disease and Membranous Nephropathy: Divergent Pathways of a Shared Imbalance.,2025,https://europepmc.org/article/PMC/PMC12692590,41373530,open access,yes - free full text in PMC/Europe PMC (not read),abstract only,batch 2
membranous nephropathy,minimal change disease,membranous nephropathy,minimal change disease,rare,rare,other,related but distinct,0.40,Gut microbiota plus clinical indicators separated idiopathic MN from MCD with AUC 0.939,16S rRNA sequencing and machine learning; microbiota differed at phylum and genus level.,case-control microbiome study,"115 IMN, 45 MCD, 115 healthy",Combination of the gut microbiota and clinical indicators as a potential index for differentiating idiopathic membranous nephropathy and minimal change disease.,2023,https://europepmc.org/article/PMC/PMC10198007,37199269,open access,yes - free full text in PMC/Europe PMC (not read),abstract only,batch 2
membranous nephropathy,minimal change disease,membranous nephropathy,minimal change disease,rare,rare,phenotype,related but distinct,0.40,"A model with age, albumin, urea, HDL, C3 and RBC count separated PLA2R-negative MN from MCD (AUC 0.90 training, 0.89 test)",PLA2R sensitivity only ~70%; model also performed well across all idiopathic MN.,retrospective diagnostic model study,"949 biopsy-proven (805 MN, 144 MCD)",Development and validation of a discrimination model between primary PLA2R-negative membranous nephropathy and minimal change disease confirmed by renal biopsy.,2021,https://europepmc.org/article/PMC/PMC8433159,34508140,open access,yes - free full text in PMC/Europe PMC (not read),abstract only,batch 2
IgA nephropathy,lupus nephritis,IgA nephropathy,lupus nephritis,rare,rare,pathways,related but distinct,0.40,"IgAN and LN show different systemic (PBMC) immunity but similarly abnormal intrarenal immunity, with shared glomerular and tubular gene modules",WGCNA modules enriched for podocyte and tubular epithelium; PSMB8/PSMB9 IgAN susceptibility genes in shared module.,transcriptomic co-expression analysis,"public PBMC, glomerulus and tubule datasets",Weighted Gene Co-expression Network Analysis Reveals Different Immunity but Shared Renal Pathology Between IgA Nephropathy and Lupus Nephritis.,2021,https://europepmc.org/article/PMC/PMC8039522,33854525,open access,yes - free full text in PMC/Europe PMC (not read),abstract only,batch 2
lupus nephritis,IgA nephropathy,lupus nephritis,IgA nephropathy,rare,rare,phenotype,related but distinct,0.40,Urinary sediments differ between endocapillary proliferative LN and IgAN; leukocyturia independently predicts renal outcome in LN but not IgAN,"Leukocyturia correlated with creatinine, eGFR, C3, SLEDAI and glomerular leukocyte infiltration in LN.",comparative cohort,"126 (92 LN, 34 IgAN)",Urinary sediments could differentiate endocapillary proliferative lupus nephritis and endocapillary proliferative IgA nephropathy.,2021,https://doi.org/10.1016/j.intimp.2020.107122,33199236,not open access,no - subscription/paywalled,abstract only,batch 2
IgA nephropathy,lupus nephritis,IgA nephropathy,lupus nephritis,rare,rare,other,related but distinct,0.40,"Plasma VLA-4 and VEGFD separate IgAN from lupus nephritis, membranous nephropathy and controls (AUC ~0.95), outperforming Gd-IgA1",12 endothelial biomarkers by multiplex immunoassay; correlate with IgA and Gd-IgA1.,cross-sectional biomarker study with validation,96 (1:1:1:1) + 24 validation,Novel Biomarkers as Non-Invasive Diagnostic Tools in IgA Nephropathy: A Comparative Study with Lupus Nephritis and Membranous Nephropathy.,2025,https://europepmc.org/article/PMC/PMC11972577,40191091,open access,yes - free full text in PMC/Europe PMC (not read),abstract only,batch 2
IgA nephropathy,membranous nephropathy,IgA nephropathy,membranous nephropathy,rare,rare,other,related but distinct,0.40,"Plasma VLA-4 and VEGFD separate IgAN from lupus nephritis, membranous nephropathy and controls (AUC ~0.95), outperforming Gd-IgA1",12 endothelial biomarkers by multiplex immunoassay.,cross-sectional biomarker study with validation,96 (1:1:1:1) + 24 validation,Novel Biomarkers as Non-Invasive Diagnostic Tools in IgA Nephropathy: A Comparative Study with Lupus Nephritis and Membranous Nephropathy.,2025,https://europepmc.org/article/PMC/PMC11972577,40191091,open access,yes - free full text in PMC/Europe PMC (not read),abstract only,batch 2
IgA nephropathy,Fabry disease,IgA nephropathy,Fabry disease,rare,rare,phenotype,related but distinct,0.40,"IgA nephropathy biopsy showed zebra bodies mimicking Fabry disease, but genetic testing excluded Fabry","Zebra bodies are not pathognomonic; genetic testing needed, especially in women with normal enzyme activity.",case report + literature review,1,IgA nephropathy with mimicking Fabry disease: A case report and literature review.,2022,https://europepmc.org/article/PMC/PMC9592316,36281086,open access,yes - free full text in PMC/Europe PMC (not read),abstract only,batch 2
Bartter syndrome,Gitelman syndrome,Bartter syndrome,Gitelman syndrome,rare,rare,phenotype,related but distinct,0.40,"Type III Bartter, Gitelman and pseudo-Bartter/Gitelman differ in age, sex, BMI, eGFR and CKD frequency, though hypomagnesaemia and hypocalciuria occur in some Bartter patients","CKD in 40% BS, 12% GS, 63% p-BS/GS; p-BS/GS older and mostly female.",genotyped comparative cohort,"163 (30 BS III, 90 GS, 43 p-BS/GS)","Differential diagnosis of Bartter syndrome, Gitelman syndrome, and pseudo-Bartter/Gitelman syndrome based on clinical characteristics.",2016,https://doi.org/10.1038/gim.2015.56,25880437,not open access,no - subscription/paywalled,abstract only,batch 2
Bartter syndrome,pseudo-Bartter syndrome,Bartter syndrome,pseudo-Bartter syndrome,rare,common,phenotype,related but distinct,0.40,"Pseudo-Bartter/Gitelman patients are older at diagnosis, more often female and more often have CKD (63%) than genetic type III Bartter syndrome",Clinical features help differential diagnosis among the three.,genotyped comparative cohort,"163 (30 BS III, 90 GS, 43 p-BS/GS)","Differential diagnosis of Bartter syndrome, Gitelman syndrome, and pseudo-Bartter/Gitelman syndrome based on clinical characteristics.",2016,https://doi.org/10.1038/gim.2015.56,25880437,not open access,no - subscription/paywalled,abstract only,batch 2
Gitelman syndrome,pseudo-Bartter syndrome,Gitelman syndrome,pseudo-Bartter syndrome,rare,common,phenotype,related but distinct,0.40,"Pseudo-Bartter/Gitelman patients are older, more often female, with lower BMI and eGFR than Gitelman patients",Hypomagnesaemia and hypocalciuria predominate in GS but occur in 23% of p-BS/GS.,genotyped comparative cohort,"163 (30 BS III, 90 GS, 43 p-BS/GS)","Differential diagnosis of Bartter syndrome, Gitelman syndrome, and pseudo-Bartter/Gitelman syndrome based on clinical characteristics.",2016,https://doi.org/10.1038/gim.2015.56,25880437,not open access,no - subscription/paywalled,abstract only,batch 2
idiopathic hypokalemic periodic paralysis,Andersen-Tawil syndrome,idiopathic hypokalemic periodic paralysis,Andersen-Tawil syndrome,rare,rare,phenotype,related but distinct,0.40,"Muscle MRI shows myopathy is common across periodic paralyses, with anterior thigh/posterior calf involvement in CACNA1S/SCN4A disease vs posterior thigh/calf in KCNJ2 (Andersen-Tawil)",Mercuri and STIR scoring; fat accumulation even without fixed weakness; peri-tendinous STIR hyperintensity in 9.,cross-sectional MRI study,45 patients + 8 controls,Muscle MRI in periodic paralysis shows myopathy is common and correlates with intramuscular fat accumulation.,2023,https://doi.org/10.1002/mus.27947,37515374,not open access,yes - free full text at publisher (not read),abstract only,batch 2
idiopathic hypokalemic periodic paralysis,hyperkalemic periodic paralysis,idiopathic hypokalemic periodic paralysis,hyperkalemic periodic paralysis,rare,rare,phenotype,similar,0.80,Muscle MRI shows myopathy and intramuscular fat accumulation are common across hypokalaemic and hyperkalaemic periodic paralysis,MRI may detect early muscle involvement and serve as a trial biomarker.,cross-sectional MRI study,45 patients + 8 controls,Muscle MRI in periodic paralysis shows myopathy is common and correlates with intramuscular fat accumulation.,2023,https://doi.org/10.1002/mus.27947,37515374,not open access,yes - free full text at publisher (not read),abstract only,batch 2
Andersen-Tawil syndrome,catecholaminergic polymorphic ventricular tachycardia,Andersen-Tawil syndrome,catecholaminergic polymorphic ventricular tachycardia,rare,rare,phenotype,related but distinct,0.40,"Both cause bidirectional VT, but in Andersen-Tawil RBBB-morphology arrhythmias appear at rest and are suppressed by exercise, while exercise provokes mainly LBBB-morphology arrhythmias in CPVT",Exercise testing useful alongside clinical and ECG assessment.,comparative cohort,"26 ATS (KCNJ2), 25 CPVT (RyR2)",Different responses to exercise between Andersen-Tawil syndrome and catecholaminergic polymorphic ventricular tachycardia.,2018,https://doi.org/10.1093/europace/eux351,29309601,not open access,yes - free full text at publisher (not read),abstract only,batch 2
catecholaminergic polymorphic ventricular tachycardia,Andersen-Tawil syndrome,catecholaminergic polymorphic ventricular tachycardia,Andersen-Tawil syndrome,rare,rare,genes,related but distinct,0.40,"Among CPVT genetic-test referrals, RyR2 mutations were found in <40%; some females with exercise-induced bidirectional VT and normal QT had KCNJ2 (Andersen-Tawil) or LQT5 mutations","Mutational analysis of RyR2, CASQ2, LQT genes and KCNJ2; phenotypic mimicry means RyR2-negative CPVT warrants ATS/LQTS testing.",genetic testing cohort,unrelated CPVT referrals,Genotypic heterogeneity and phenotypic mimicry among unrelated patients referred for catecholaminergic polymorphic ventricular tachycardia genetic testing.,2006,https://doi.org/10.1016/j.hrthm.2006.03.025,16818210,not open access,no - subscription/paywalled,abstract only,batch 2
catecholaminergic polymorphic ventricular tachycardia,long QT syndrome,catecholaminergic polymorphic ventricular tachycardia,long QT syndrome,rare,rare,genes,related but distinct,0.40,"Among CPVT genetic-test referrals, some RyR2-negative patients had LQT5 mutations despite normal QT, showing phenotypic mimicry",Putative CPVT1 mutations preferentially in males; mimics found in females.,genetic testing cohort,unrelated CPVT referrals,Genotypic heterogeneity and phenotypic mimicry among unrelated patients referred for catecholaminergic polymorphic ventricular tachycardia genetic testing.,2006,https://doi.org/10.1016/j.hrthm.2006.03.025,16818210,not open access,no - subscription/paywalled,abstract only,batch 2
paramyotonia congenita,myotonia congenita,paramyotonia congenita,myotonia congenita,rare,rare,phenotype,related but distinct,0.40,"Cold lowers CMAP amplitude, worsens decrement and abolishes myotonia and recruitment in paramyotonia congenita but not in myotonia congenita; post-exercise fibrillations only in paramyotonia",Thenar EMG at 34 vs 20 degrees C; findings distinguish the two in the EMG lab.,comparative electrophysiology study,"2 PC, 2 dominant MC",Distinguishing paramyotonia congenita and myotonia congenita by electromyography.,1983,https://doi.org/10.1002/mus.880060506,6888415,not open access,no - subscription/paywalled,abstract only,batch 2
paramyotonia congenita,myotonia congenita,paramyotonia congenita,myotonia congenita,rare,rare,phenotype,related but distinct,0.40,"After 10 minutes in ice water, paramyotonia muscle went into electrically silent contracture whereas myotonia congenita showed increased myotonic activity",At room temperature EMG bursts were similar; cold testing gives unambiguous separation.,comparative electrophysiology study,"3 PC, 3 MC",Electromyographic distinction between paramyotonia congenita and myotonia congenita: effect of cold.,1982,https://doi.org/10.1212/wnl.32.8.827,7201578,not open access,no - subscription/paywalled,abstract only,batch 2
myotonia congenita,myotonic dystrophy,myotonia congenita,myotonic dystrophy,rare,rare,genes,unrelated,0.05,"Linkage of Thomsen myotonia congenita to chromosome 19 markers near the myotonic dystrophy locus was excluded, so MC and DM are non-allelic",APOC1 and APOC2 markers; close linkage excluded to 9 cM (lod -2.158).,genetic linkage study,6 German families,Myotonia congenita (Thomsen's disease) excluded from the region of the myotonic dystrophy locus on chromosome 19.,1989,https://doi.org/10.1007/bf00284051,2722193,not open access,no - subscription/paywalled,abstract only,batch 2
myotonic dystrophy,myotonia congenita,myotonic dystrophy,myotonia congenita,rare,rare,genes,related but distinct,0.40,A Norwegian family had DM2 (CNBP repeat expansion) plus a CLCN1 myotonia congenita variant that worsened myotonia in carriers,"p.Phe413Cys CLCN1 heterozygosity exaggerated myotonia, explaining phenotype variability; non-dystrophic vs dystrophic myotonia classification.",family genetic study,1 large family,Myotonia congenita and myotonic dystrophy in the same family: coexistence of a CLCN1 mutation and expansion in the CNBP (ZNF9) gene.,2011,https://doi.org/10.1111/j.1399-0004.2010.01616.x,21204798,not open access,no - subscription/paywalled,abstract only,batch 2
congenital myasthenic syndrome,myasthenia gravis,congenital myasthenic syndrome,myasthenia gravis,rare,rare,genes,related but distinct,0.40,4.5% of 'double seronegative' myasthenia gravis patients actually had congenital myasthenic syndrome (CHRNE),"Screened CHRNE, RAPSN and DOK7 common mutations; genetic screening recommended in SNMG work-up.",genetic screening cohort,22 double-seronegative MG,Congenital myasthenic syndrome in a cohort of patients with 'double' seronegative myasthenia gravis.,2022,https://europepmc.org/article/PMC/PMC9651496,34932651,open access,yes - free full text in PMC/Europe PMC (not read),abstract only,batch 2
congenital myasthenic syndrome,myasthenia gravis,congenital myasthenic syndrome,myasthenia gravis,rare,rare,phenotype,related but distinct,0.40,"A CHRNE congenital myasthenic syndrome patient worsened in adulthood and improved after thymectomy for thymic hyperplasia, suggesting coexisting autoimmune MG","No AChR, MuSK or LRP4 antibodies; extremely rare association of two neuromuscular junction disorders.",case report,1,Congenital myasthenic syndrome due to mutation in CHRNE gene with clinical worsening and thymic hyperplasia attributed to association with autoimmune-myasthenia gravis.,2015,https://doi.org/10.1016/j.nmd.2015.08.001,26363966,not open access,no - subscription/paywalled,abstract only,batch 2
Lambert-Eaton myasthenic syndrome,small cell lung cancer,Lambert-Eaton myasthenic syndrome,small cell lung cancer,rare,rare,epidemiology,related but distinct,0.40,"SCLC is the classic trigger of paraneoplastic LEMS, but NSCLC, Merkel cell carcinoma and lymphomas also cause it; paraneoplastic LEMS has more ataxia than autoimmune LEMS",88% of literature cases improved after tumour therapy; supports wider tumour screening.,registry analysis + systematic review,"European LEMS registry (72 aiLEMS, 12 SCLC-pLEMS, non-SCLC cases) + literature",Paraneoplastic Lambert-Eaton myasthenic syndrome associated with non-small cell lung cancer: data from the European LEMS registry and systematic review.,2025,https://europepmc.org/article/PMC/PMC12687528,41361909,open access,yes - free full text in PMC/Europe PMC (not read),abstract only,batch 2
spinal muscular atrophy,congenital myopathy,spinal muscular atrophy,congenital myopathy,rare,rare,phenotype,related but distinct,0.40,"CARP is expressed selectively in severely atrophic fibres in SMA, with distinct subtype-specific patterns in congenital myopathies",Nemaline myopathy showed CARP in damaged fibres while central core disease showed none; may aid diagnosis.,comparative immunohistochemistry study,"11 SMA, 14 congenital myopathy",Cardiac ankyrin repeat protein is preferentially induced in atrophic myofibers of congenital myopathy and spinal muscular atrophy.,2003,https://doi.org/10.1046/j.1440-1827.2003.01541.x,14516314,not open access,no - subscription/paywalled,abstract only,batch 2
nemaline myopathy,central core disease,nemaline myopathy,central core disease,rare,rare,phenotype,related but distinct,0.40,CARP was preferentially expressed in damaged fibres in nemaline myopathy but not detected in central core disease,Distinct CARP patterns among congenital myopathy subtypes.,comparative immunohistochemistry study,"14 congenital myopathy (incl. nemaline, myotubular, central core, CFTD)",Cardiac ankyrin repeat protein is preferentially induced in atrophic myofibers of congenital myopathy and spinal muscular atrophy.,2003,https://doi.org/10.1046/j.1440-1827.2003.01541.x,14516314,not open access,no - subscription/paywalled,abstract only,batch 2
spinal muscular atrophy,congenital myopathy,spinal muscular atrophy,congenital myopathy,rare,rare,phenotype,similar,0.80,Elbow flexion contractures are common and hamper daily activities in about half of both SMA and congenital myopathy patients,Contractures >25 degrees were intractable; severity correlated with discomfort and disability.,patient survey,108 respondents (of 405),Correlation of flexion contractures with upper extremity function and pain for spinal muscular atrophy and congenital myopathy patients.,1995,https://doi.org/10.1097/00002060-199501000-00006,7873112,not open access,no - subscription/paywalled,abstract only,batch 2
myotubular myopathy,centronuclear myopathy,centronuclear myopathy,centronuclear myopathy,rare,rare,other,similar,0.80,Liver involvement occurs in adults with both X-linked myotubular myopathy and autosomal dominant centronuclear myopathy and may affect tolerability of DNM2-targeting therapy,Trial of DNM2 antisense oligonucleotide discontinued for hepatic/haematological toxicity; liver DNM2 lower in paediatric XLMTM.,prospective trial baseline analysis (Unite-CNM),XLMTM and ADCNM adults,Liver function in X-linked myotubular myopathy and autosomal dominant centronuclear myopathy: Data of the unite-CNM study.,2025,https://europepmc.org/article/PMC/PMC13142885,40275672,open access,yes - free full text in PMC/Europe PMC (not read),abstract only,batch 2
Emery-Dreifuss muscular dystrophy,limb-girdle muscular dystrophy,Emery-Dreifuss muscular dystrophy,limb-girdle muscular dystrophy,rare,rare,phenotype,similar,0.80,"X-linked EDMD, autosomal dominant EDMD2 and LGMD1B share cardiac conduction defects, cardiomyopathy, slowly progressive myopathy and contractures","Emerin (X-linked EDMD) or lamin A/C (EDMD2, LGMD1B) mutations; dysrhythmias may require pacemakers.",case series,3,"Cardiac dysrhythmias,cardiomyopathy and muscular dystrophy in patients with Emery-Dreifuss muscular dystrophy and limb-girdle muscular dystrophy type 1B.",2005,https://europepmc.org/article/PMC/PMC2808607,15832002,open access,yes - free full text in PMC/Europe PMC (not read),abstract only,batch 2
Emery-Dreifuss muscular dystrophy,limb-girdle muscular dystrophy,Emery-Dreifuss muscular dystrophy,limb-girdle muscular dystrophy,rare,rare,phenotype,related but distinct,0.40,X-linked EDMD presented early with proximal weakness resembling limb-girdle dystrophy; absent emerin confirmed EDMD,Presentation at 2.5 years with high CK; DMD and sarcoglycan LGMD excluded; consider EDMD in early-onset dystrophy without typical features.,family case report,2 boys,Early presentation of X-linked Emery-Dreifuss muscular dystrophy resembling limb-girdle muscular dystrophy.,1998,https://doi.org/10.1016/s0960-8966(98)00006-6,9608559,not open access,no - subscription/paywalled,abstract only,batch 2
Bethlem myopathy,Ullrich congenital muscular dystrophy,Bethlem myopathy,Ullrich congenital muscular dystrophy,rare,rare,genes,similar,0.85,"COL6A1-3 mutations cause a spectrum from severe Ullrich CMD to milder Bethlem myopathy, with intermediate forms","UCMD: early weakness, distal hyperlaxity, early proximal contractures; BM: ambulation into adulthood with prominent contractures; BM mostly dominant, UCMD dominant or recessive.",review,NA,The collagen VI-related myopathies Ullrich congenital muscular dystrophy and Bethlem myopathy.,2011,https://europepmc.org/article/PMC/PMC5207779,21496625,free in PMC,yes - free full text in PMC/Europe PMC (not read),abstract only,batch 2
Bethlem myopathy,Ullrich congenital muscular dystrophy,Bethlem myopathy,Ullrich congenital muscular dystrophy,rare,rare,phenotype,similar,0.80,All adults with Bethlem myopathy and UCMD were sarcopenic and most sarcopenic-obese; appendicular lean mass best explained strength and function,"DXA, dynamometry, 6MWD and FVC; strength below 50% of normal.",cross-sectional body composition study,"1 UCMD, 7 BM","Body composition, muscle strength, and physical function of patients with Bethlem myopathy and Ullrich congenital muscular dystrophy.",2013,https://europepmc.org/article/PMC/PMC3791808,24163611,open access,yes - free full text in PMC/Europe PMC (not read),abstract only,batch 2
giant axonal neuropathy,Charcot-Marie-Tooth disease,giant axonal neuropathy,Charcot-Marie-Tooth disease,rare,rare,phenotype,related but distinct,0.40,Giant axonal neuropathy can present as CMT-like sensorimotor axonal neuropathy without CNS signs; one patient survived to 72,Novel GAN variants; onset 1.5-8 years with gait disturbance; screen pediatric-onset CMT for GAN.,genetic screening cohort,"3,315 Japanese inherited neuropathy patients",Charcot-Marie-Tooth-like presentation in giant axonal neuropathy: clinical variability and prevalence in a large Japanese case series.,2025,https://europepmc.org/article/PMC/PMC12267338,40668264,open access,yes - free full text in PMC/Europe PMC (not read),abstract only,batch 2
giant axonal neuropathy,Charcot-Marie-Tooth disease,giant axonal neuropathy,Charcot-Marie-Tooth disease,rare,rare,phenotype,related but distinct,0.40,An Algerian family with late-onset giant axonal neuropathy presented with a CMT2-like phenotype before CNS involvement appeared years later,Linkage to 16q; nerve biopsy showed giant axons with neurofilaments; differs from classical GAN.,family case series,4,Charcot-Marie-Tooth 2-like presentation of an Algerian family with giant axonal neuropathy.,2000,https://doi.org/10.1016/s0960-8966(00)00141-3,11053687,not open access,no - subscription/paywalled,abstract only,batch 2
erythromelalgia,small fiber neuropathy,erythromelalgia,small fiber neuropathy,rare,common,phenotype,related but distinct,0.40,"Five children with acute monophasic erythromelalgia pain had small-fibre neuropathy, likely post-infectious immune-mediated, and recovered within 6 months","Skin biopsy confirmed SFN in 3/4; autonomic tests abnormal in 2/3; responded to gabapentin, mexiletine, carbamazepine or immunotherapy.",case series,5 children,Acute monophasic erythromelalgia pain in five children diagnosed as small-fiber neuropathy.,2020,https://europepmc.org/article/PMC/PMC10021072,32723684,free in PMC,yes - free full text in PMC/Europe PMC (not read),abstract only,batch 2
erythromelalgia,small fiber neuropathy,erythromelalgia,small fiber neuropathy,rare,common,genes,related but distinct,0.40,Primary erythromelalgia with a novel SCN9A mutation showed reduced intraepidermal nerve fibres consistent with small-fibre neuropathy,9-year-old; no increase in substance P or CGRP in lesional skin.,case report,1,A severe case of primary erythromelalgia presenting as small fiber neuropathy with a novel SCN9A mutation.,2023,https://doi.org/10.1111/1346-8138.16754,36815391,not open access,no - subscription/paywalled,abstract only,batch 2
benign hereditary chorea,Huntington disease,benign hereditary chorea,Huntington disease,rare,rare,genes,related but distinct,0.40,"Autosomal dominant chorea without the HD CAG expansion is genetically heterogeneous, including DRPLA, SCA17, HDL1, HDL2 and benign hereditary chorea (incl. new BHC2 linked to 8q22-q23)",Reviews hereditary and acquired causes of chorea and their clinical features.,review (English abstract),2 BHC2 families described,[Differential diagnosis of chorea].,2009,https://pubmed.ncbi.nlm.nih.gov/19697886,19697886,not open access,no - no full-text link found,abstract only,batch 2
spinocerebellar ataxia type 6,episodic ataxia type 2,spinocerebellar ataxia,episodic ataxia type 2,rare,rare,genes,similar,0.85,"Small CACNA1A CAG expansions caused EA2 in some relatives and progressive SCA6-like ataxia in others, suggesting EA2 and SCA6 are the same disorder with variable phenotype",CAG20 allele with EA2 and CAG25 with progressive ataxia in one family; repeat size partly explains phenotype; small expansions may be unstable.,family genetic study,2 families,Episodic ataxia type 2 (EA2) and spinocerebellar ataxia type 6 (SCA6) due to CAG repeat expansion in the CACNA1A gene on chromosome 19p.,1997,https://doi.org/10.1093/hmg/6.11.1973,9302278,not open access,yes - free full text at publisher (not read),abstract only,batch 2
spinocerebellar ataxia type 6,episodic ataxia type 2,spinocerebellar ataxia,episodic ataxia type 2,rare,rare,genes,related but distinct,0.40,SCA6 (small CAG expansion) and EA2 (point mutations) are allelic CACNA1A disorders; SCA6 shares features with both polyglutamine SCAs and channelopathies,"Genetic, clinical, pathological and pathophysiological data compared; FHM is the third allelic disorder.",comparative review,NA,Spinocerebellar ataxia type 6 and episodic ataxia type 2: differences and similarities between two allelic disorders.,2003,https://doi.org/10.1159/000072849,14526175,not open access,yes - free full text at publisher (not read),abstract only,batch 2
spinocerebellar ataxia type 6,hemiplegic migraine,spinocerebellar ataxia,hemiplegic migraine,rare,rare,genes,related but distinct,0.40,"SCA6, episodic ataxia type 2 and familial hemiplegic migraine are allelic disorders of the CACNA1A P/Q calcium channel gene",Repeat expansion in SCA6 vs point mutations in FHM.,comparative review,NA,Spinocerebellar ataxia type 6 and episodic ataxia type 2: differences and similarities between two allelic disorders.,2003,https://doi.org/10.1159/000072849,14526175,not open access,yes - free full text at publisher (not read),abstract only,batch 2
episodic ataxia type 2,spinocerebellar ataxia type 6,episodic ataxia type 2,spinocerebellar ataxia,rare,rare,treatment,similar,0.80,"Levetiracetam added to acetazolamide markedly reduced episodic ataxia attacks in EA2 and mildly in SCA6 with episodic symptoms, with effects lasting 7 years",All CACNA1A-associated; acetazolamide alone only partially and transiently effective.,case series,"3 (2 EA2, 1 SCA6)",Effects of Levetiracetam on Episodic Ataxia Type 2 and Spinocerebellar Ataxia Type 6 with Episodic Ataxic Symptoms: A Case Series.,2025,https://europepmc.org/article/PMC/PMC11942281,40149486,open access,yes - free full text in PMC/Europe PMC (not read),abstract only,batch 2
CANVAS,multiple system atrophy,CANVAS,multiple system atrophy,rare,rare,phenotype,related but distinct,0.40,"RFC1-related ataxia (CANVAS) differs from MSA-C by earlier onset, later dysautonomia/parkinsonism, sensory impairment, chronic cough, slower progression and survival >20 years","French cohort with clinical, imaging and electrophysiological follow-up.",prospective comparative cohort,"65 MSA-C, 20 RFC1 (of 418 late-onset ataxias)",Does CANVAS mimic MSA-C? A prospective multimodal study.,2026,https://doi.org/10.1007/s00415-026-14005-7,42616133,not open access,no - subscription/paywalled,abstract only,batch 2
CANVAS,multiple system atrophy,CANVAS,multiple system atrophy,rare,rare,genes,similar,0.85,"Biallelic RFC1 AAGGG expansions (the CANVAS cause) were found in 3 of 282 Chinese MSA patients, suggesting shared genetic background",Also 1 SAOA case; recommends routine RFC1 screening in MSA work-up.,genetic case-control screening,"104 sporadic ataxia, 282 MSA, 203 controls",Biallelic Intronic AAGGG Expansion of RFC1 is Related to Multiple System Atrophy.,2020,https://doi.org/10.1002/ana.25902,32939785,not open access,no - subscription/paywalled,abstract only,batch 2
autoimmune encephalitis,Creutzfeldt-Jakob disease,autoimmune encephalitis,Creutzfeldt-Jakob disease,rare,rare,other,related but distinct,0.40,"CSF total tau is much higher in CJD than autoimmune encephalitis and discriminates them, while amyloid-beta42 and p-tau are similar",t-tau OR 1.46 per 100 pg/ml; elevated in only 20% of AE; supports AD biomarker testing in rapidly progressive dementia.,retrospective diagnostic study,"11 CJD, AE cases (Mayo Clinic 2020-2021)",Alzheimer's disease cerebrospinal fluid biomarkers differentiate patients with Creutzfeldt-Jakob disease and autoimmune encephalitis.,2022,https://europepmc.org/article/PMC/PMC9463096,35735602,free in PMC,yes - free full text in PMC/Europe PMC (not read),abstract only,batch 2
autoimmune encephalitis,Creutzfeldt-Jakob disease,autoimmune encephalitis,Creutzfeldt-Jakob disease,rare,rare,phenotype,related but distinct,0.40,A patient with typical LGI1 faciobrachial dystonic seizures declined despite immunotherapy and was ultimately diagnosed with probable CJD,"Cortical FLAIR hyperintensities, periodic sharp waves, akinetic mutism and death; illustrates overlap in rapidly progressive dementia.",case report,1,Autoimmune Encephalitis versus Creutzfeldt-Jakob disease in a patient with typical Facio-brachial dystonic seizures: A case report with Diagnostic challenges.,2021,https://europepmc.org/article/PMC/PMC8474545,34589751,open access,yes - free full text in PMC/Europe PMC (not read),abstract only,batch 2
fatal familial insomnia,Creutzfeldt-Jakob disease,fatal familial insomnia,Creutzfeldt-Jakob disease,rare,rare,genes,related but distinct,0.40,"FFI and a familial CJD subtype share the PRNP D178N mutation but differ by codon 129 genotype, producing different protease-resistant prion protein conformations",Differences in glycoform ratios and fragment size explain distinct lesions and phenotypes.,comparative molecular study,FFI and familial CJD kindreds,Fatal familial insomnia and familial Creutzfeldt-Jakob disease: different prion proteins determined by a DNA polymorphism.,1994,https://europepmc.org/article/PMC/PMC43466,7908444,free in PMC,yes - free full text in PMC/Europe PMC (not read),abstract only,batch 2
Creutzfeldt-Jakob disease,fatal familial insomnia,Creutzfeldt-Jakob disease,fatal familial insomnia,rare,rare,pathways,related but distinct,0.40,"Cortical gene expression shows specific and shared changes in sCJD, FFI and AD, with common synaptic transmission, MAPK, Parkinson and oxidative phosphorylation pathways",PCA separated sCJD subgroup with more PrPSc; another sCJD subgroup clustered with AD.,comparative transcriptomic study,"11 sCJD, 3 FFI, 3 AD, 4 controls","Analyses of the similarity and difference of global gene expression profiles in cortex regions of three neurodegenerative diseases: sporadic Creutzfeldt-Jakob disease (sCJD), fatal familial insomnia (FFI), and Alzheimer's disease (AD).",2014,https://doi.org/10.1007/s12035-014-8758-x,24902808,not open access,no - subscription/paywalled,abstract only,batch 2
Creutzfeldt-Jakob disease,Alzheimer disease,Creutzfeldt-Jakob disease,Alzheimer disease,rare,common,pathways,related but distinct,0.40,"Cortical gene expression shows specific and shared changes in sCJD, FFI and AD, with some sCJD cases clustering with AD","Common features include signal transduction, synaptic transmission and neuropeptide signalling.",comparative transcriptomic study,"11 sCJD, 3 FFI, 3 AD, 4 controls","Analyses of the similarity and difference of global gene expression profiles in cortex regions of three neurodegenerative diseases: sporadic Creutzfeldt-Jakob disease (sCJD), fatal familial insomnia (FFI), and Alzheimer's disease (AD).",2014,https://doi.org/10.1007/s12035-014-8758-x,24902808,not open access,no - subscription/paywalled,abstract only,batch 2
Creutzfeldt-Jakob disease,fatal familial insomnia,Creutzfeldt-Jakob disease,fatal familial insomnia,rare,rare,epidemiology,related but distinct,0.40,"Spanish hospital data: CJD stays averaged 13 days vs 6 for FFI, with in-hospital mortality of 36% and 33%","2016-2022; sepsis, pneumonia and older age linked to mortality in CJD; total cost EUR 6.3M.",national hospital discharge study,"1,063 discharges (1,020 CJD, 43 FFI)",Creutzfeldt-Jakob Disease and Fatal Familial Insomnia: Demographics and In-Hospital Mortality in Spain.,2024,https://europepmc.org/article/PMC/PMC11312717,39124670,open access,yes - free full text in PMC/Europe PMC (not read),abstract only,batch 2
Gerstmann-Straussler-Scheinker disease,Alzheimer disease,Gerstmann-Straussler-Scheinker disease,Alzheimer disease,rare,common,pathways,similar,0.85,"Neurofibrillary tangles in the Indiana GSS kindred share antigenic determinants (Alz50, anti-PHF, ubiquitin) with those of Alzheimer disease",Two distinct CNS amyloidoses with structurally similar tangles.,comparative neuropathology study,Indiana GSS kindred,Neurofibrillary tangles of the Indiana kindred of Gerstmann-Sträussler-Scheinker disease share antigenic determinants with those of Alzheimer disease.,1990,https://doi.org/10.1016/0006-8993(90)91304-y,2176119,not open access,no - subscription/paywalled,abstract only,batch 2
Creutzfeldt-Jakob disease,Alzheimer disease,Creutzfeldt-Jakob disease,Alzheimer disease,rare,common,pathways,related but distinct,0.40,SERPINA3 is strongly up-regulated in all human prion diseases but only mildly in Alzheimer disease,qPCR and protein; extent differs by prion disease subtype; candidate marker for prion pathogenesis.,case-control expression study,"128 frontal cortex samples (vCJD, iCJD, sCJD, gCJD, FFI, GSS, AD, controls)",Differential overexpression of SERPINA3 in human prion diseases.,2017,https://europepmc.org/article/PMC/PMC5688139,29142239,open access,yes - free full text in PMC/Europe PMC (not read),abstract only,batch 2
progressive multifocal leukoencephalopathy,multiple sclerosis,progressive multifocal leukoencephalopathy,multiple sclerosis,rare,common,phenotype,related but distinct,0.40,PML presents more with hemiparesis and altered mentation and less monosymptomatically than RRMS; normal-appearing brain MTR is higher in PML,Monosymptomatic onset 85% MS vs 47% PML; some MRI features seen only in PML; helps distinguish new MS activity from PML.,retrospective comparative study,"45 PML, 100 RRMS",Progressive multifocal leukoencephalopathy and relapsing-remitting multiple sclerosis: a comparative study.,2009,https://doi.org/10.1001/archneurol.2009.31,19433659,not open access,yes - free full text at publisher (not read),abstract only,batch 2
neurosyphilis,Alzheimer disease,neurosyphilis,Alzheimer disease,rare,common,phenotype,related but distinct,0.40,Neurosyphilis has more severe frontal lobe syndrome than Alzheimer disease from MCI to moderate dementia stages,NPI factor analysis; neuropsychiatric syndromes worse at dementia than MCI stage in neurosyphilis.,case-control study,"91 neurosyphilis, 162 AD, 157 MCI, 139 controls","Neuropsychiatric Features of Neurosyphilis: Frequency, Relationship with the Severity of Cognitive Impairment and Comparison with Alzheimer Disease.",2017,https://doi.org/10.1159/000476060,28538242,not open access,no - subscription/paywalled,abstract only,batch 2
neurosyphilis,behavioural variant frontotemporal dementia,neurosyphilis,behavioural variant frontotemporal dementia,rare,rare,phenotype,related but distinct,0.40,Neurosyphilis mimicked bvFTD with frontotemporal atrophy and hypometabolism and improved markedly after antibiotics,59-year-old with aggression and frontal behaviour; CSF supported neurosyphilis despite negative CSF VDRL; consider in rapid-onset bvFTD.,case report,1,Neurosyphilis Mimicking Behavioral Variant of Frontotemporal Dementia in a 59-Year-Old Man.,2022,https://doi.org/10.1097/wnn.0000000000000299,35639012,not open access,no - subscription/paywalled,abstract only,batch 2
idiopathic intracranial hypertension,migraine,idiopathic intracranial hypertension,migraine,rare,common,pathways,similar,0.85,"Dural venous sinus narrowing and impaired CSF pressure regulation are found in both migraine and IIH, suggesting a shared substrate",Extended Combined Conduit Score; proposes ICP dysregulation as necessary but not sufficient for migraine; may complement CGRP therapies.,retrospective imaging case-control study,"89 MwoA, 36 MwA, 36 IIH, 37 controls",Papilledema is not the point: intracranial pressure dysregulation as a common pathway in migraine and idiopathic intracranial hypertension.,2026,https://europepmc.org/article/PMC/PMC13457942,42582597,open access,yes - free full text in PMC/Europe PMC (not read),abstract only,batch 2
idiopathic intracranial hypertension,migraine,idiopathic intracranial hypertension,migraine,rare,common,epidemiology,similar,0.80,Women with IIH have higher risk of depression and anxiety than population controls but similar to matched women with migraine,aHR vs migraine 0.98 for both depression and anxiety; headache may drive comorbidity.,population-based matched cohort,"UK primary care (IQVIA) women with IIH, migraine and controls",Depression and anxiety in women with idiopathic intracranial hypertension compared to migraine: A matched controlled cohort study.,2023,https://europepmc.org/article/PMC/PMC10952318,36748660,open access,yes - free full text in PMC/Europe PMC (not read),abstract only,batch 2
spontaneous intracranial hypotension,Chiari I malformation,spontaneous intracranial hypotension,Chiari I malformation,rare,common,phenotype,related but distinct,0.40,"Midbrain sagging measures (third ventricle floor slope < -15 degrees, pontomesencephalic angle < 45 degrees) perfectly discriminate SIH from Chiari I in patients with tonsillar ectopia",Tonsillar ectopia 3.1 vs 9.3 mm; prevents misdiagnosis and unnecessary decompression surgery.,retrospective case-control imaging study,consecutive adult CM-1 and SIH,Differentiation of Chiari malformation type 1 and spontaneous intracranial hypotension using objective measurements of midbrain sagging.,2022,https://doi.org/10.3171/2021.6.jns211010,34715671,not open access,no - subscription/paywalled,abstract only,batch 2
spontaneous intracranial hypotension,Chiari I malformation,spontaneous intracranial hypotension,Chiari I malformation,rare,common,phenotype,related but distinct,0.40,"SIH shares MRI features with Chiari I (low-lying tonsils) and is likely underdiagnosed, risking incorrect treatment","Reviews CSF leak and venous fistula causes, diagnosis and treatment including blood patch.",review,NA,Overview of Spontaneous Intracranial Hypotension and Differential Diagnosis with Chiari I Malformation.,2023,https://europepmc.org/article/PMC/PMC10179697,37176727,open access,yes - free full text in PMC/Europe PMC (not read),abstract only,batch 2
syringomyelia,multiple sclerosis,syringomyelia,multiple sclerosis,rare,common,phenotype,related but distinct,0.40,"Six of 11 syringomyelia patients in an MS clinic had been misdiagnosed with MS; Chiari malformation, normal CSF or normal VEPs should prompt re-evaluation",Five of six also had subcortical white matter lesions on MRI.,case series,"11 syringomyelia among 4,348 admissions","[Syringomyelia, a neglected differential diagnosis in multiple sclerosis. 6 cases from a specialty clinic for multiple sclerosis].",1995,https://pubmed.ncbi.nlm.nih.gov/7566276,7566276,not open access,no - no full-text link found,abstract only,batch 2
syringomyelia,multiple sclerosis,syringomyelia,multiple sclerosis,rare,common,phenotype,unrelated,0.05,Non-communicating syrinx in MS patients stayed stable over 6 years and did not define a distinct clinical or MRI subgroup,"Relapse rate, EDSS, lesion load and brain volumes did not differ.",matched longitudinal case series,"9 MS with NCS, 18 matched MS controls",Six-year follow-up of a case series with non-communicating syringomyelia in multiple sclerosis.,2013,https://doi.org/10.1111/ene.12052,23252517,not open access,no - subscription/paywalled,abstract only,batch 2
congenital central hypoventilation syndrome,Rett syndrome,congenital central hypoventilation syndrome,Rett syndrome,rare,rare,phenotype,related but distinct,0.40,"CCHS (PHOX2B, absent chemosensitivity), Rett (MECP2, irregular breathing with apnoeas) and PWS (sleep-disordered breathing) are distinct genetic disorders of respiratory control",Mouse models of all three inform respiratory rhythm generation and potential pharmacological therapies.,review,NA,"Genetic diseases: congenital central hypoventilation, Rett, and Prader-Willi syndromes.",2012,https://doi.org/10.1002/cphy.c100037,23723037,not open access,no - subscription/paywalled,abstract only,batch 2
congenital central hypoventilation syndrome,Prader-Willi syndrome,congenital central hypoventilation syndrome,Prader-Willi syndrome,rare,rare,phenotype,related but distinct,0.40,"CCHS (PHOX2B, absent chemosensitivity), Rett (MECP2, irregular breathing with apnoeas) and PWS (sleep-disordered breathing) are distinct genetic disorders of respiratory control",Associated brain abnormalities reviewed for each.,review,NA,"Genetic diseases: congenital central hypoventilation, Rett, and Prader-Willi syndromes.",2012,https://doi.org/10.1002/cphy.c100037,23723037,not open access,no - subscription/paywalled,abstract only,batch 2
Rett syndrome,Prader-Willi syndrome,Rett syndrome,Prader-Willi syndrome,rare,rare,phenotype,related but distinct,0.40,"CCHS (PHOX2B, absent chemosensitivity), Rett (MECP2, irregular breathing with apnoeas) and PWS (sleep-disordered breathing) are distinct genetic disorders of respiratory control",Associated brain abnormalities reviewed for each.,review,NA,"Genetic diseases: congenital central hypoventilation, Rett, and Prader-Willi syndromes.",2012,https://doi.org/10.1002/cphy.c100037,23723037,not open access,no - subscription/paywalled,abstract only,batch 2
Hirschsprung disease,congenital central hypoventilation syndrome,Hirschsprung disease,congenital central hypoventilation syndrome,rare,rare,genes,similar,0.85,"Hirschsprung disease accompanies ~20% of CCHS; in the French registry mortality was 57%, higher with long-segment HD","30% severe CCHS; 54% tracheotomy; no correlation of CCHS severity with HD length; soiling 38%, diarrhoea 30% in survivors.",national registry retrospective review,33 CCHS + HD patients,Congenital central hypoventilation syndrome and Hirschsprung disease: A retrospective review of the French National Registry Center on 33 cases.,2019,https://doi.org/10.1016/j.jpedsurg.2019.02.014,30879749,not open access,yes - free full text at publisher (not read),abstract only,batch 2
congenital central hypoventilation syndrome,Hirschsprung disease,congenital central hypoventilation syndrome,Hirschsprung disease,rare,rare,genes,similar,0.85,Hirschsprung disease is linked to PHOX2B non-polyalanine expansion mutations in CCHS; CCHS testing advised in Hirschsprung patients even without clear hypoventilation,Two novel PHOX2B exon 3 mutations; NPARMs cause ~10% of classic CCHS.,case series (genetic),3,Two novel mutations in exon 3 of PHOX2B gene: think about congenital central hypoventilation syndrome in patients with Hirschsprung disease.,2019,https://europepmc.org/article/PMC/PMC6471850,30999961,open access,yes - free full text in PMC/Europe PMC (not read),abstract only,batch 2
Waardenburg syndrome,Hirschsprung disease,Waardenburg syndrome,Hirschsprung disease,rare,rare,genes,similar,0.85,SOX10 mutations cause Waardenburg-Hirschsprung syndrome (WS4); reduced SOX10 transactivation of RET may explain intestinal aganglionosis,"Some mutants increase P0 promoter activation, possibly explaining dysmyelination in patients with neurological involvement.",functional mutation study,6 SOX10 mutants from WS4 patients,Analysis of SOX10 mutations identified in Waardenburg-Hirschsprung patients: Differential effects on target gene regulation.,2003,https://doi.org/10.1002/jcb.10656,14523991,not open access,no - subscription/paywalled,abstract only,batch 2
Waardenburg syndrome,congenital hypomyelinating neuropathy,Waardenburg syndrome,congenital hypomyelinating neuropathy,rare,rare,genes,similar,0.85,A SOX10 Q250X mutation caused lethal congenital hypomyelinating neuropathy with central dysmyelination plus Waardenburg-Hirschsprung disease,Absent peripheral myelin despite normal Schwann cell numbers; dominant-negative SOX10 mutations may cause the combined phenotype.,case report (neuropathology),1,"Congenital hypomyelinating neuropathy, central dysmyelination, and Waardenburg-Hirschsprung disease: phenotypes linked by SOX10 mutation.",2002,https://doi.org/10.1002/ana.10404,12447940,not open access,no - subscription/paywalled,abstract only,batch 2
Usher syndrome,Waardenburg syndrome,Usher syndrome,Waardenburg syndrome,rare,rare,genes,related but distinct,0.40,A Chinese family had overlapping deafness phenotypes from two independent recessive disorders: Usher type II (GPR98) and Waardenburg type IV (EDNRB),79-gene deafness panel; first homozygous EDNRB p.V185M in WS4; molecular testing resolved overlapping clinical picture.,family genetic study,1 family,Genetic analysis of a Chinese family with members affected with Usher syndrome type II and Waardenburg syndrome type IV.,2017,https://doi.org/10.1016/j.ijporl.2017.08.012,29106856,not open access,no - subscription/paywalled,abstract only,batch 2
Pendred syndrome,enlarged vestibular aqueduct,Pendred syndrome,enlarged vestibular aqueduct,rare,rare,genes,similar,0.85,"SLC26A4 variants underlie both Pendred syndrome and non-syndromic EVA; genetic cause found in 35%, with larger thyroid volume in biallelic carriers",7 PDS and 6 NSEVA solved; CEVA haplotype relevant; 5 of 6 tested novel variants confirmed pathogenic.,genetic cohort with functional testing,37 probands,Genetic heterogeneity in patients with enlarged vestibular aqueduct and Pendred syndrome.,2025,https://europepmc.org/article/PMC/PMC12107780,40426046,open access,yes - free full text in PMC/Europe PMC (not read),abstract only,batch 2
Pendred syndrome,enlarged vestibular aqueduct,Pendred syndrome,enlarged vestibular aqueduct,rare,rare,phenotype,similar,0.80,Hearing loss in Pendred/non-syndromic EVA with SLC26A4 variants progresses to ~80 dB by age 6 (3.2 years if biallelic); nearly half passed newborn screening,High frequencies deteriorate faster; close follow-up needed.,retrospective cohort,96 with audiometry (103 total),The Natural History of Hearing Loss in Pendred Syndrome and Non-Syndromic Enlarged Vestibular Aqueduct.,2019,https://doi.org/10.1097/mao.0000000000002140,30741891,not open access,no - subscription/paywalled,abstract only,batch 2
otosclerosis,osteogenesis imperfecta,otosclerosis,osteogenesis imperfecta,common,rare,genes,similar,0.85,"Clinical otosclerosis is associated with COL1A1 polymorphisms, suggesting shared genetic aetiology with mild osteogenesis imperfecta",Three COL1A1 markers associated; some otosclerosis may be null-allele COL1A1 mutations like type I OI.,genetic association study,otosclerosis patients vs random controls,Association of COL1A1 and otosclerosis: evidence for a shared genetic etiology with mild osteogenesis imperfecta.,1998,https://pubmed.ncbi.nlm.nih.gov/9752968,9752968,not open access,no - no full-text link found,abstract only,batch 2
osteogenesis imperfecta,otosclerosis,osteogenesis imperfecta,otosclerosis,rare,common,phenotype,related but distinct,0.40,"OI ears show more severe otic capsule demineralisation than otosclerosis, yet stapes surgery gives comparable hearing outcomes",Preoperative air conduction and ABG greater in otosclerosis; postoperative AC and ABG similar.,comparative surgical cohort,"11 OI ears, 181 otosclerosis ears",Otic Capsule Demineralization and Hearing Outcome of Stapes Surgery for Osteogenesis Imperfecta in Comparison With Otosclerosis.,2024,https://doi.org/10.1097/mao.0000000000004166,38518766,not open access,no - subscription/paywalled,abstract only,batch 2
osteogenesis imperfecta,otosclerosis,osteogenesis imperfecta,otosclerosis,rare,common,treatment,similar,0.80,Stapes surgery gave similar short- and long-term hearing gains in OI and otosclerosis,Follow-up 2 weeks to 25 years; no difference in AC threshold or ABG reduction.,matched retrospective comparison,"17 OI, 18 otosclerosis (22 ears each)",The impact of stapes surgery on osteogenesis imperfecta: a retrospective comparison of operative outcomes with those for patients with otosclerosis.,2020,https://doi.org/10.1080/00016489.2020.1786161,32692268,not open access,no - subscription/paywalled,abstract only,batch 2
superficial siderosis,amyotrophic lateral sclerosis,superficial siderosis,amyotrophic lateral sclerosis,rare,rare,phenotype,related but distinct,0.40,"CNS superficial siderosis presented with limb weakness, wasting and cramps mimicking ALS; whole-neuraxis MRI is needed in suspected ALS",12-year course after meningioma and ependymoma resection; no recovery despite tumour removal and iron chelation.,case report,1,CNS Superficial Siderosis Mimicking a Motor Neuron Disease.,2022,https://europepmc.org/article/PMC/PMC9688038,36421882,open access,yes - free full text in PMC/Europe PMC (not read),abstract only,batch 2
superficial siderosis,amyotrophic lateral sclerosis,superficial siderosis,amyotrophic lateral sclerosis,rare,rare,phenotype,related but distinct,0.40,Superficial siderosis linked to a dural defect and intraspinal CSF collection mimicked motor neuron disease and improved after repair,"Spectrum of dural defect disorders includes hypovolaemia, SS ataxia and hearing loss, segmental amyotrophy and cord herniation.",case report + review,1,Superficial siderosis should be included in the differential diagnosis of motor neuron disease.,2012,https://doi.org/10.1097/nrl.0b013e318251e6d6,22549355,not open access,no - subscription/paywalled,abstract only,batch 2
Gaucher disease,Parkinson disease,Gaucher disease,Parkinson disease,rare,common,pathways,similar,0.85,"Parkin acts as an E3 ubiquitin ligase for mutant glucocerebrosidase, offering a mechanistic link between Gaucher and Parkinson disease",Mutant GCase variants undergo ERAD; parkin promotes their K48 polyubiquitination and aggresome accumulation.,experimental cell study,cell models,Interaction between parkin and mutant glucocerebrosidase variants: a possible link between Parkinson disease and Gaucher disease.,2010,https://doi.org/10.1093/hmg/ddq292,20643691,not open access,yes - free full text at publisher (not read),abstract only,batch 2
Gaucher disease,Parkinson disease,Gaucher disease,Parkinson disease,rare,common,phenotype,related but distinct,0.40,"PD impairs colour discrimination, but GD+PD patients score better than PD-only patients","Farnsworth-Munsell 100 hue test; worst scores in PD-only, best in GD-only; effect larger in males with GD+PD.",case-control study,"6 groups of 10 (GD, GD+PD, GBA carriers +/- PD, PD, controls)",Color Discrimination in Patients with Gaucher Disease and Parkinson Disease.,2015,https://doi.org/10.3233/jpd-150585,26406132,not open access,no - subscription/paywalled,abstract only,batch 2
Niemann-Pick disease type C,Alzheimer disease,Niemann-Pick disease type C,Alzheimer disease,rare,common,genes,similar,0.85,Variants in NPC1 show allele-frequency gradients from centenarians through controls to sporadic late-onset Alzheimer disease,Two non-synonymous SNPs and haplotypes differ; may reflect NPC1 roles in AD and/or ageing.,genetic association study,"Polish SLAD, 120 controls, 152 centenarians","Variation in NPC1, the gene encoding Niemann-Pick C1, a protein involved in intracellular cholesterol transport, is associated with Alzheimer disease and/or aging in the Polish population.",2008,https://europepmc.org/article/PMC/PMC2630970,18834923,free in PMC,yes - free full text in PMC/Europe PMC (not read),abstract only,batch 2
Krabbe disease,metachromatic leukodystrophy,Krabbe disease,metachromatic leukodystrophy,rare,rare,treatment,similar,0.80,"General anaesthesia is generally well tolerated in both Krabbe disease and MLD, with mostly mild complications; a disease-severity scale predicts risk better than ASA status",Central catheter procedures had highest complication rate; no difference by transplant or immunosuppression.,retrospective cohort,Krabbe and MLD patients (2012-2017),General anesthesia safety in progressive leukodystrophies: A retrospective study of patients with Krabbe disease and metachromatic leukodystrophy.,2019,https://doi.org/10.1111/pan.13714,31359511,not open access,no - subscription/paywalled,abstract only,batch 2
metachromatic leukodystrophy,X-linked adrenoleukodystrophy,metachromatic leukodystrophy,X-linked adrenoleukodystrophy,rare,rare,other,similar,0.80,"Families of patients with MLD, ALD or Krabbe disease share challenges in managing physical decline, coordinating care and family roles",Low to very low confidence (ConQual); treatments included ERT and HSCT.,qualitative systematic review,qualitative studies (PROSPERO CRD42022318805),"Experiences of patients with metachromatic leukodystrophy, adrenoleukodystrophy, or Krabbe disease and the experiences of their family members: a qualitative systematic review.",2024,https://europepmc.org/article/PMC/PMC11230659,38533650,open access,yes - free full text in PMC/Europe PMC (not read),abstract only,batch 2
GM1 gangliosidosis,Tay-Sachs disease,GM1 gangliosidosis,Tay-Sachs disease,rare,rare,pathways,related but distinct,0.40,Grey matter ceramide hexoside patterns differ: ceramide trihexoside dominates in Tay-Sachs while ceramide tetrahexoside dominates in GM1 gangliosidosis,Components are asialo derivatives of GM2 and GM1 gangliosides; white matter normal in both.,comparative biochemical study,post-mortem brains,Brain ceramide hexosides in Tay-Sachs disease and generalized gangliosidosis (GM1-gangliosidosis).,1967,https://doi.org/10.1016/s0022-2275(20)38922-7,14564716,not open access,yes - free full text at publisher (not read),abstract only,batch 2
neuronal ceroid lipofuscinosis,Rett syndrome,neuronal ceroid lipofuscinosis,Rett syndrome,rare,rare,phenotype,related but distinct,0.40,"Late-infantile CLN7 (MFSD8) NCL presented with a Rett-like onset (regression, hand stereotypies, hyperventilation) before typical NCL features",MECP2 negative; test MFSD8 in MECP2-negative Rett-like phenotypes.,case report + review,1,Rett-like onset in late-infantile neuronal ceroid lipofuscinosis (CLN7) caused by compound heterozygous mutation in the MFSD8 gene and review of the literature data on clinical onset signs.,2015,https://doi.org/10.1016/j.ejpn.2014.07.008,25439737,not open access,no - subscription/paywalled,abstract only,batch 2
Wilson disease,autoimmune hepatitis,Wilson disease,autoimmune hepatitis,rare,rare,phenotype,similar,0.80,A child had both Wilson disease and autoimmune hepatitis on biopsy; hepatocyte necrosis in WD can generate low-titre autoantibodies that confuse diagnosis,Recurrent hepatitis six weeks after starting penicillamine led to dual diagnosis.,case report + review,1,Wilson's Disease with Autoimmune Hepatitis Manifestation in a Pediatric Patient: A Case Report and Literature Review.,2025,https://europepmc.org/article/PMC/PMC12733960,41464699,open access,yes - free full text in PMC/Europe PMC (not read),abstract only,batch 2
alpha-1 antitrypsin deficiency,cystic fibrosis,alpha-1 antitrypsin deficiency,cystic fibrosis,rare,rare,genes,related but distinct,0.40,AATD-associated alleles are prevalent among people with CF and may relate to more mild exacerbations; AAT cut-offs proposed for screening,14 AATD mutations genotyped; AAT 129 mg/dL cut-off (or 99.5 excluding PI*MS).,retrospective cohort,"people with CF (FADO-CF, 2020-2024)",Evaluation of Alpha1 Antitrypsin Deficiency-Associated Mutations in People with Cystic Fibrosis.,2025,https://europepmc.org/article/PMC/PMC12524791,41095865,open access,yes - free full text in PMC/Europe PMC (not read),abstract only,batch 2
alpha-1 antitrypsin deficiency,cystic fibrosis,alpha-1 antitrypsin deficiency,cystic fibrosis,rare,rare,genes,unrelated,0.05,S and Z AAT alleles (12.8% of CF patients) were not associated with CF lung disease severity,Shwachman score; no difference by DeltaF508 status either.,cross-sectional study,70 CF patients (Brazil),[Association between alpha 1 antitrypsin deficiency and cystic fibrosis severity].,2005,https://doi.org/10.2223/jped.1423,16385367,not open access,no - subscription/paywalled,abstract only,batch 2
lymphangioleiomyomatosis,tuberous sclerosis complex,lymphangioleiomyomatosis,tuberous sclerosis complex,rare,rare,phenotype,related but distinct,0.40,"Sporadic LAM has more extensive cystic lung disease and lymphatic involvement, while TSC-LAM has more renal/hepatic angiomyolipomas and lung nodules",Renal AML 93% vs 32%; hepatic AML 33% vs 2%; noncalcified nodules 12% vs 1%.,retrospective CT comparison,"256 S-LAM, 67 TSC-LAM",Sporadic lymphangioleiomyomatosis and tuberous sclerosis complex with lymphangioleiomyomatosis: comparison of CT features.,2007,https://europepmc.org/article/PMC/PMC2940246,17105849,free in PMC,yes - free full text in PMC/Europe PMC (not read),abstract only,batch 2
lymphangioleiomyomatosis,tuberous sclerosis complex,lymphangioleiomyomatosis,tuberous sclerosis complex,rare,rare,other,related but distinct,0.40,"MMP-2 is higher in LAM, while MMP-7 is highest in TSC-LAM; VEGF-D raised in both S-LAM and TSC-LAM but not TSC without lung disease",AUCs 0.76 (MMP-2) and 0.83 (MMP-7) for LAM diagnosis.,pilot biomarker study,"13 S-LAM, 20 TSC-LAM, 17 TSC, 16 controls",Exploring the Role of Matrix Metalloproteinases as Biomarkers in Sporadic Lymphangioleiomyomatosis and Tuberous Sclerosis Complex. A Pilot Study.,2021,https://europepmc.org/article/PMC/PMC8107231,33981713,open access,yes - free full text in PMC/Europe PMC (not read),abstract only,batch 2
tuberous sclerosis complex,lymphangioleiomyomatosis,tuberous sclerosis complex,lymphangioleiomyomatosis,rare,rare,treatment,similar,0.80,Long-term everolimus shrank renal angiomyolipomas without bleeding in both TSC- and sporadic LAM-associated disease,mTOR inhibitors first-line; AEs mostly grade 1/2 and decreasing over time.,RCT open-label extension (EXIST-2),TSC or sporadic LAM patients with renal AML,Everolimus for renal angiomyolipoma in patients with tuberous sclerosis complex or sporadic lymphangioleiomyomatosis: extension of a randomized controlled trial.,2016,https://doi.org/10.1093/ndt/gfv249,26156073,not open access,yes - free full text at publisher (not read),abstract only,batch 2
hereditary hemorrhagic telangiectasia,pulmonary arterial hypertension,hereditary hemorrhagic telangiectasia,pulmonary arterial hypertension,rare,rare,genes,similar,0.85,"About 20% of ACVRL1-associated HHT develops PAH; youngest reported case had an additional SMAD9 variant, implicating BMP-TGF-beta balance",ACVRL1 accounts for ~10% of paediatric PAH variants; reduced penetrance suggests modifier genes.,case report,1 infant,A Case of High Pressure and High Stakes: Pulmonary Arterial Hypertension Emergence in an Infant With Hereditary Hemorrhagic Telangiectasia.,2026,https://europepmc.org/article/PMC/PMC13404785,42516693,open access,yes - free full text in PMC/Europe PMC (not read),abstract only,batch 2
Eisenmenger syndrome,pulmonary arterial hypertension,Eisenmenger syndrome,pulmonary arterial hypertension,rare,rare,treatment,similar,0.80,"Six months of sildenafil improved functional capacity, saturation and pulmonary haemodynamics in Eisenmenger syndrome, extending its IPAH efficacy",Reduced systolic and mean PA pressure and PVR in Eisenmenger group.,prospective open-label comparative study,"7 Eisenmenger, 6 IPAH",Effects of chronic sildenafil in patients with Eisenmenger syndrome versus idiopathic pulmonary arterial hypertension.,2007,https://doi.org/10.1016/j.ijcard.2006.10.018,17174418,not open access,no - subscription/paywalled,abstract only,batch 2
Eisenmenger syndrome,pulmonary arterial hypertension,Eisenmenger syndrome,pulmonary arterial hypertension,rare,rare,pathways,similar,0.85,Circulating endothelial progenitor cells are reduced and inflammatory mediators raised in both Eisenmenger syndrome and IPAH; sildenafil raised EPCs in IPAH,"EPC numbers correlated with haemodynamics; abnormal cGMP, NO products and ADMA.",case-control study,"41 Eisenmenger (13 Down), 55 IPAH, 47 controls",Circulating endothelial progenitor cells in patients with Eisenmenger syndrome and idiopathic pulmonary arterial hypertension.,2008,https://doi.org/10.1161/circulationaha.108.769646,18519847,not open access,yes - free full text at publisher (not read),abstract only,batch 2
Eisenmenger syndrome,pulmonary arterial hypertension,Eisenmenger syndrome,pulmonary arterial hypertension,rare,rare,phenotype,related but distinct,0.40,"Both Eisenmenger and IPAH show exaggerated ventilatory responses to stair climbing, with more severe dyspnoea in Eisenmenger for the same oxygen uptake",Early fall in end-tidal CO2 and saturation distinguished patients; Borg score correlated with VE/VCO2 slope.,prospective cross-sectional study,"15 IPAH, 6 Eisenmenger, 15 controls",Impact of cyanosis on ventilatory responses during stair climb exercise in Eisenmenger syndrome and idiopathic pulmonary arterial hypertension.,2021,https://doi.org/10.1016/j.ijcard.2021.08.020,34416318,not open access,no - subscription/paywalled,abstract only,batch 2
vascular Ehlers-Danlos syndrome,fibromuscular dysplasia,Ehlers-Danlos syndrome,fibromuscular dysplasia,rare,common,phenotype,related but distinct,0.40,A carotid dissection with FMD-like imaging was due to COL3A1 vascular EDS; family history of arterial rupture and carotid-cavernous fistula should prompt vEDS testing,Colonic and uterine perforation history; FMD-like images can occur in vEDS.,case report,1 (+ affected sister),Cervical artery dissection: fibromuscular dysplasia versus vascular Ehlers-Danlos syndrome.,2019,https://doi.org/10.1080/08037051.2018.1557507,30623691,not open access,no - subscription/paywalled,abstract only,batch 2
fibromuscular dysplasia,spontaneous coronary artery dissection,fibromuscular dysplasia,spontaneous coronary artery dissection,common,rare,phenotype,similar,0.80,FMD is strongly associated with SCAD; head-to-pelvis vascular imaging and genetic testing in high-risk cases are recommended,Discusses genetic links between SCAD and FMD.,case series,2,Spontaneous Coronary Artery Dissection and Fibromuscular Dysplasia: A Case Series and Genetic Links.,2024,https://doi.org/10.7759/cureus.54105,38487126,not open access,no - subscription/paywalled,abstract only,batch 2
Takayasu arteritis,Kawasaki disease,Takayasu arteritis,Kawasaki disease,rare,rare,phenotype,related but distinct,0.40,"In children under 3, childhood Takayasu mimics IVIG-resistant Kawasaki disease, but involves aorta and branches with persistent lesions, while Kawasaki mainly causes coronary aneurysms that usually resolve",Imaging abnormalities resolved in 10.3% c-TAK vs 96.9% KD; consider c-TAK in female infants with prolonged fever unresponsive to IVIG.,retrospective comparative cohort,c-TAK and IVIG-resistant KD under 3 years,Clinical characteristics and vascular involvement of Takayasu arteritis versus Kawasaki disease in infants and young children.,2026,https://europepmc.org/article/PMC/PMC13245034,42106829,open access,yes - free full text in PMC/Europe PMC (not read),abstract only,batch 2
Behcet disease,Crohn disease,Behcet disease,Crohn disease,rare,common,phenotype,related but distinct,0.40,A patient diagnosed with UC then Crohn disease was finally diagnosed with Behçet syndrome after oral and genital ulcers appeared; infliximab induced remission,Highlights difficulty distinguishing intestinal Behçet from IBD.,case report,1,When Behçet Mimics Crohn's disease: A Diagnostic Challenge.,2026,https://doi.org/10.1055/a-2857-7832,42119702,not open access,no - subscription/paywalled,abstract only,batch 2
relapsing polychondritis,VEXAS syndrome,relapsing polychondritis,VEXAS syndrome,rare,rare,phenotype,related but distinct,0.40,"VEXAS (somatic UBA1) can present as relapsing polychondritis; older men with chondritis, macrocytic anaemia and refractory inflammation need marrow vacuole assessment and UBA1 sequencing","Glucocorticoids first-line; IL-1/IL-6 inhibitors, JAK inhibitors or allo-HSCT by phenotype.",case report + literature review,1,VEXAS syndrome unmasked from relapsing polychondritis and infection mimicry: a case-based review.,2026,https://doi.org/10.1007/s00296-026-06218-w,42405976,not open access,no - subscription/paywalled,abstract only,batch 2
relapsing polychondritis,VEXAS syndrome,relapsing polychondritis,VEXAS syndrome,rare,rare,phenotype,related but distinct,0.40,"Neurological involvement is uncommon in both; RP mainly causes meningitis, encephalitis, cranial neuropathies and stroke, while VEXAS adds peripheral nerve and muscle involvement",Highlights knowledge gaps on neurological complications in both overlapping conditions.,scoping review,NA,What should neurologists expect to observe in relapsing polychondritis and VEXAS?,2026,https://europepmc.org/article/PMC/PMC13152779,42112400,open access,yes - free full text in PMC/Europe PMC (not read),abstract only,batch 2
adult-onset Still disease,hemophagocytic lymphohistiocytosis,Still disease,hemophagocytic lymphohistiocytosis,rare,rare,epidemiology,related but distinct,0.40,"HLH occurred in a small minority of AOSD admissions and was not an independent predictor of death; DIC, liver failure, infection, respiratory failure and TMA were",Adjusted ORs for death 3.7-14.1 for listed complications.,national inpatient database study,"5,495 AOSD hospitalisations (2016-2019 NIS)",Nationwide Analysis of Adult-Onset Still Disease With and Without Hemophagocytic Lymphohistiocytosis.,2024,https://doi.org/10.1097/rhu.0000000000002100,38831495,not open access,no - subscription/paywalled,abstract only,batch 2
adult-onset Still disease,hemophagocytic lymphohistiocytosis,Still disease,hemophagocytic lymphohistiocytosis,rare,rare,pathways,similar,0.85,"Proposes that MAS, HLH, systemic JIA and AOSD are the same disease with different severity and presentation","MAS is reframed as autoimmune-associated reactive HLH, a class II histiocytosis.",letter (hypothesis),NA,Cloak and dagger: the case for adult onset still disease and hemophagocytic lymphohistiocytosis.,2009,https://doi.org/10.1007/s00296-008-0825-z,19115058,not open access,no - subscription/paywalled,abstract only,batch 2
familial Mediterranean fever,amyloidosis,familial Mediterranean fever,amyloidosis,rare,rare,other,related but distinct,0.40,"In FMF, AA amyloidosis is driven by inflammatory burden rather than MEFV genotype: only 9.6% of amyloidosis patients normalised CRP on colchicine vs 86.7% of genotype-matched relatives",Algerian cohort 1998-2025; recommends targeting complete CRP normalisation and genetic counselling.,comparative family study,"52 probands with AA amyloidosis, 30 relatives without",AA amyloidosis in familial Mediterranean fever: a comparative study of clinical and genetic features between Algerian probands and their relatives.,2026,https://doi.org/10.1007/s00296-026-06283-1,42696010,not open access,no - subscription/paywalled,abstract only,batch 2
amyloidosis,IgA nephropathy,amyloidosis,IgA nephropathy,rare,rare,other,related but distinct,0.40,"Mean platelet volume is lower in FMF-related AA amyloidosis than in IgA nephropathy, membranous nephropathy or FSGS, independent of proteinuria and renal function",MPV 7.9 vs 8.2 fL; predicted by platelet count and CRP.,retrospective comparative cohort,"biopsy-proven AA amyloidosis vs IgAN, 188 MN, 167 FSGS",Mean platelet volume in familial Mediterranean fever related AA amyloidosis and comparison with common primary glomerular diseases,2021,https://doi.org/10.3906/sag-2102-13,33984890,not open access,no - subscription/paywalled,abstract only,batch 2
amyloidosis,membranous nephropathy,amyloidosis,membranous nephropathy,rare,rare,other,related but distinct,0.40,"Mean platelet volume is lower in FMF-related AA amyloidosis than in membranous nephropathy, IgAN or FSGS",Low MPV in AA amyloidosis not explained by proteinuria.,retrospective comparative cohort,"biopsy-proven AA amyloidosis vs IgAN, 188 MN, 167 FSGS",Mean platelet volume in familial Mediterranean fever related AA amyloidosis and comparison with common primary glomerular diseases,2021,https://doi.org/10.3906/sag-2102-13,33984890,not open access,no - subscription/paywalled,abstract only,batch 2
amyloidosis,focal segmental glomerulosclerosis,amyloidosis,focal segmental glomerulosclerosis,rare,rare,other,related but distinct,0.40,"Mean platelet volume is lower in FMF-related AA amyloidosis than in FSGS, IgAN or MN",Largest MPV study in biopsy-proven AA amyloidosis.,retrospective comparative cohort,"biopsy-proven AA amyloidosis vs IgAN, 188 MN, 167 FSGS",Mean platelet volume in familial Mediterranean fever related AA amyloidosis and comparison with common primary glomerular diseases,2021,https://doi.org/10.3906/sag-2102-13,33984890,not open access,no - subscription/paywalled,abstract only,batch 2
light chain deposition disease,amyloidosis,light chain deposition disease,amyloidosis,rare,rare,pathways,related but distinct,0.40,"Amyloidogenic light chains are endocytosed by mesangial cells and form fibrils in lysosomes, whereas LCDD light chains signal at the cell surface",Both arise from glomerulopathic monoclonal light chains; mesangial responses resemble other common glomerulopathies; suggests therapeutic targets.,review,NA,Understanding Mesangial Pathobiology in AL-Amyloidosis and Monoclonal Ig Light Chain Deposition Disease.,2020,https://europepmc.org/article/PMC/PMC7609979,33163710,open access,yes - free full text in PMC/Europe PMC (not read),abstract only,batch 2
light chain deposition disease,amyloidosis,light chain deposition disease,amyloidosis,rare,rare,treatment,similar,0.80,A short daratumumab consolidation deepened haematological responses in both AL amyloidosis and LCDD after VCD,32% reached hemCR (20% MRD-negative); none relapsed at 25 months; bone marrow immune microenvironment changed.,prospective cohort,25 AL/LCDD patients,Consolidation with a short course of daratumumab in patients with AL amyloidosis or light chain deposition disease.,2021,https://doi.org/10.1080/13506129.2021.1971192,34468250,not open access,no - subscription/paywalled,abstract only,batch 2
Waldenstrom macroglobulinemia,IgM MGUS,Waldenstrom macroglobulinemia,MGUS,rare,common,genes,related but distinct,0.40,"6q deletion was found in 55% of WM but in no IgM MGUS, distinguishing the two",Minimal deleted region 6q23-6q24.3; likely a secondary event.,FISH case-control study,"38 WM, 12 IgM MGUS",6q deletion discriminates Waldenström macroglobulinemia from IgM monoclonal gammopathy of undetermined significance.,2006,https://doi.org/10.1016/j.cancergencyto.2006.04.009,16938573,not open access,no - subscription/paywalled,abstract only,batch 2
Waldenstrom macroglobulinemia,IgM MGUS,Waldenstrom macroglobulinemia,MGUS,rare,common,pathways,related but distinct,0.40,Gene expression profiling of marrow CD19+ and CD138+ cells separates WM from IgM MGUS (151 and 43 differentially expressed genes),"JAK/STAT, PI3K/Akt/mTOR and MAPK pathways distinguish WM in B cells; immune response and activation in plasma cells.",comparative microarray study,"21 WM, 10 IgM MGUS",Microarray demonstrates different gene expression profiling signatures between Waldenström macroglobulinemia and IgM monoclonal gammopathy of undetermined significance.,2013,https://doi.org/10.1016/j.clml.2013.02.012,23477935,not open access,no - subscription/paywalled,abstract only,batch 2
smoldering multiple myeloma,MGUS,smoldering multiple myeloma,MGUS,rare,common,phenotype,similar,0.80,Both MGUS and smouldering myeloma show altered skeletal phenotypes and increased fracture risk despite no osteolytic lesions; rapidly progressing cases have distinct bone remodelling,No evidence-based guidelines yet for skeletal monitoring in precursor stages.,review,NA,Skeletal health in the precursor stages of multiple myeloma: fracture risk and bone phenotypes in monoclonal gammopathy of undetermined significance and smouldering myeloma.,2026,https://doi.org/10.1016/j.pathol.2025.11.002,41565487,not open access,no - subscription/paywalled,abstract only,batch 2
mycosis fungoides,atopic dermatitis,mycosis fungoides,atopic dermatitis,rare,common,pathways,related but distinct,0.40,"Single-cell RNA-seq shows early-stage MF lesions have interferon-responsive proliferating keratinocytes, tumour-associated fibroblasts and exhausted malignant T cells not seen in AD","Markers include STAT1, ICAM1, CXCL2, TNFAIP6, RUNX3, IL4I1, CXCL13 and SOCS3.",single-cell transcriptomic case-control study,"early MF, AD and healthy skin",Molecular Markers Distinguishing Early-Stage Mycosis Fungoides From Atopic Dermatitis Skin Lesions.,2026,https://europepmc.org/article/PMC/PMC13022068,41888970,open access,yes - free full text in PMC/Europe PMC (not read),abstract only,batch 2
hairy cell leukemia variant,splenic marginal zone lymphoma,hairy cell leukemia variant,splenic marginal zone lymphoma,rare,rare,epidemiology,related but distinct,0.40,HCL-variant and SMZL share features but HCL-variant more often needs treatment (97% vs 77%) and has worse 5-year survival (57% vs 84%),"TP53 mutations, age and anaemia adverse in HCL-v; unmutated IGHV, age and anaemia adverse in SMZL; IGHV usage not prognostic.",retrospective comparative cohort,"35 HCL-variant, 68 SMZL",The prognostic impact of clinical and molecular features in hairy cell leukaemia variant and splenic marginal zone lymphoma.,2012,https://doi.org/10.1111/j.1365-2141.2012.09163.x,22594855,not open access,yes - free full text at publisher (not read),abstract only,batch 2
Burkitt lymphoma,diffuse large B-cell lymphoma,Burkitt lymphoma,diffuse large B-cell lymphoma,rare,rare,genes,related but distinct,0.40,"Recurrent chromosome abnormalities separate MYC+ DLBCL (e.g. +7, 15q-, +16, +18) from Burkitt lymphoma (1q gain, 13q-), with classifier specificity 90-100%",Unsupervised logistic regression accuracy 85%; helps when morphology is borderline.,cytogenetic data analysis with prediction models,public cytogenetic data (validation n=515),Distinct structural and numerical chromosome abnormalities determine the MYC status in diffuse large B-Cell lymphoma and help differentiate from Burkitt lymphoma: a cytogenetic data analysis using unsupervised and AI-driven prediction models.,2025,https://europepmc.org/article/PMC/PMC12334441,40681681,open access,yes - free full text in PMC/Europe PMC (not read),abstract only,batch 2
Burkitt lymphoma,diffuse large B-cell lymphoma,Burkitt lymphoma,diffuse large B-cell lymphoma,rare,rare,other,related but distinct,0.40,"Ki-67 is near 100% in Burkitt lymphoma versus 40-90% in DLBCL and helps distinguish them, which matters because treatment differs",BL is 40% of childhood NHL but <5% in adults; DLBCL ~25% of NHL worldwide.,literature review,NA,Ki-67 as a Marker to Differentiate Burkitt Lymphoma and Diffuse Large B-cell Lymphoma: A Literature Review.,2024,https://europepmc.org/article/PMC/PMC11584211,39583511,open access,yes - free full text in PMC/Europe PMC (not read),abstract only,batch 2
neuroblastoma,Wilms tumor,neuroblastoma,Wilms tumor,rare,rare,phenotype,related but distinct,0.40,"Primary intrarenal neuroblastoma in an infant mimicked Wilms tumour; vascular encasement, calcification or poor response to Wilms chemotherapy should prompt biopsy",8-month-old with right renal mass; management and prognosis differ substantially.,case report,1,Primary Intrarenal Neuroblastoma in an Infant Mimicking Wilms Tumor: A Rare Case Report and Diagnostic Dilemma.,2026,https://europepmc.org/article/PMC/PMC13241612,42256703,open access,yes - free full text in PMC/Europe PMC (not read),abstract only,batch 2
Ewing sarcoma,osteosarcoma,Ewing sarcoma,osteosarcoma,rare,rare,phenotype,related but distinct,0.40,Minimum and other ADC values on diffusion MRI are much lower in Ewing sarcoma than osteosarcoma and can separate them in borderline cases,ADCmin ~0.57 vs ~1.19 x10^-3 mm2/s; inter-observer ICC 0.99.,retrospective cross-sectional imaging study,"13 Ewing, 22 osteosarcoma",Diffusion-weighted imaging for the differentiation of Ewing sarcoma from osteosarcoma.,2021,https://doi.org/10.1007/s00256-021-03741-8,33797564,not open access,no - subscription/paywalled,abstract only,batch 2
Ewing sarcoma,osteosarcoma,Ewing sarcoma,osteosarcoma,rare,rare,phenotype,related but distinct,0.40,MRI radiomics (T2-FS AUC 0.88) differentiates pelvic osteosarcoma from Ewing sarcoma,LASSO-selected features from T2-FS and contrast T1; aids preoperative diagnosis and planning.,retrospective radiomics study,"66 (35 OS, 31 EWS)",Differentiation of Pelvic Osteosarcoma and Ewing Sarcoma Using Radiomic Analysis Based on T2-Weighted Images and Contrast-Enhanced T1-Weighted Images.,2020,https://europepmc.org/article/PMC/PMC7240794,32462033,open access,yes - free full text in PMC/Europe PMC (not read),abstract only,batch 2
osteosarcoma,Ewing sarcoma,osteosarcoma,Ewing sarcoma,rare,rare,epidemiology,related but distinct,0.40,"Danish population data 1990-2024 show widening survival gaps between children and young adults with osteosarcoma or Ewing sarcoma, linked to tumour site, size and relapse",Metastases or tumour >8 cm cut 5-year relative survival by 19-45 points; supports joint paediatric-adult protocols.,population-based cohort,all Danish early-life bone sarcomas 1990-2024,"Increasing survival disparity between children, adolescents, and young adults with osteosarcoma or Ewing sarcoma of bone from 1990 to 2024: a population-based cohort study.",2026,https://europepmc.org/article/PMC/PMC13112519,42017353,open access,yes - free full text in PMC/Europe PMC (not read),abstract only,batch 2
medulloblastoma,atypical teratoid rhabdoid tumor,medulloblastoma,atypical teratoid rhabdoid tumor,rare,rare,phenotype,related but distinct,0.40,Six MRI radiomic features distinguish AT/RT from medulloblastoma (AUC 0.86) despite similar imaging and histology,"T2 intensity percentile, texture and kurtosis most important; outcomes differ greatly.",multi-institutional retrospective radiomics study,"48 AT/RT, 96 matched medulloblastomas",Radiomic Phenotypes Distinguish Atypical Teratoid/Rhabdoid Tumors from Medulloblastoma.,2021,https://europepmc.org/article/PMC/PMC8423034,34266866,free in PMC,yes - free full text in PMC/Europe PMC (not read),abstract only,batch 2
atypical teratoid rhabdoid tumor,medulloblastoma,atypical teratoid rhabdoid tumor,medulloblastoma,rare,rare,genes,related but distinct,0.40,"AT/RT shows embryonic stem-like expression (Oct-4, Nanog, Sox-2, c-Myc) and high SERPINI1 and osteopontin compared with medulloblastoma",AT/RT frequently misdiagnosed as PNET/MB; markers may aid diagnosis.,comparative microarray study,primary AT/RT culture + tumour tissues,Differential expression profiling between atypical teratoid/rhabdoid and medulloblastoma tumor in vitro and in vivo using microarray analysis.,2010,https://doi.org/10.1007/s00381-009-1016-2,19902219,not open access,no - subscription/paywalled,abstract only,batch 2
mesothelioma,lung adenocarcinoma,mesothelioma,lung adenocarcinoma,rare,common,other,related but distinct,0.40,"SOX6 is expressed in 98% of epithelioid mesotheliomas vs 7% of lung adenocarcinomas, outperforming calretinin and D2-40 in specificity","Sensitivity 98%, specificity 93%; combinations with calretinin or WT1 improve performance.",comparative immunohistochemistry study,"54 mesothelioma, 69 adenocarcinoma",SOX6 is a Novel Immunohistochemical Marker for Differential Diagnosis of Epithelioid Mesothelioma From Lung Adenocarcinoma.,2020,https://doi.org/10.1097/pas.0000000000001507,32496433,not open access,no - subscription/paywalled,abstract only,batch 2
mesothelioma,lung adenocarcinoma,mesothelioma,lung adenocarcinoma,rare,common,other,related but distinct,0.40,"MUC21 is expressed in 96% of lung adenocarcinomas but only 3% of epithelioid mesotheliomas, a useful negative mesothelioma marker","Accuracy 96%, similar to CEA and claudin-4, better than TTF-1, napsin-A and MUC4.",comparative immunohistochemistry study,"70 mesothelioma, 70 adenocarcinoma","Mucin 21 is a novel, negative immunohistochemical marker for epithelioid mesothelioma for its differentiation from lung adenocarcinoma.",2019,https://doi.org/10.1111/his.13775,30329165,not open access,yes - free full text at publisher (not read),abstract only,batch 2
mesothelioma,lung adenocarcinoma,mesothelioma,lung adenocarcinoma,rare,common,other,related but distinct,0.40,SPARC is positive in 93% of solid epithelioid mesotheliomas vs 5% of solid lung adenocarcinomas and 4.5% of squamous carcinomas,Identified from cancer dependency map data; accuracy 94.6%.,comparative immunohistochemistry study,"45 mesothelioma, 40 adenocarcinoma, 45 squamous",SPARC Is a Novel Positive Immunohistochemical Marker of Epithelioid Mesothelioma to Differentiate It From Lung Adenocarcinoma and/or Squamous Cell Carcinoma.,2024,https://doi.org/10.1097/pas.0000000000002147,37899530,not open access,no - subscription/paywalled,abstract only,batch 2
uveal melanoma,cutaneous melanoma,uveal melanoma,cutaneous melanoma,rare,common,epidemiology,similar,0.80,Cutaneous melanoma patients have about 4-fold higher odds of uveal melanoma than matched keratinocyte carcinoma controls,UM preceded CM in 70% of dual cases; HR 14.3 after excluding prior UM; suggests cross-surveillance.,multicentre retrospective cohort (TriNetX),"52,860 per propensity-matched cohort",A Possible Link Between Cutaneous Melanoma and Uveal Melanoma: A Multicenter Retrospective Cohort Study.,2026,https://europepmc.org/article/PMC/PMC13564481,42738346,open access,yes - free full text in PMC/Europe PMC (not read),abstract only,batch 2
uveal melanoma,cutaneous melanoma,uveal melanoma,cutaneous melanoma,rare,common,genes,similar,0.85,"A subset of uveal melanomas shows UV-signature C>T mutations and shares mutated genes (BRAF, NRAS, TP53, CDKN2A, TERT) with cutaneous melanoma",C>T substitutions 17.0% UM vs 13.1% CM; suggests UV contributes to some UM and supports joint trials.,genomic database analysis,80 UM vs 343 CM (Firebrowse) + COSMIC,Presence and prevalence of UV related genetic mutations in uveal melanoma: similarities with cutaneous melanoma.,2020,https://doi.org/10.4149/neo_2020_190815n768,32305056,not open access,yes - free full text at publisher (not read),abstract only,batch 2
uveal melanoma,cutaneous melanoma,uveal melanoma,cutaneous melanoma,rare,common,pathways,related but distinct,0.40,"PD-L1 is expressed in 26% of metastatic cutaneous but only 5% of metastatic uveal melanomas, with fewer PD-1+ infiltrating lymphocytes in uveal",May explain poor PD-1 inhibitor response in UM; alternative immune evasion likely.,comparative immunohistochemistry study,"295 MCM, 78 MUM",PD-L1 expression in tumor metastasis is different between uveal melanoma and cutaneous melanoma.,2017,https://doi.org/10.2217/imt-2017-0066,29185395,not open access,yes - free full text at publisher (not read),abstract only,batch 2
gastrointestinal stromal tumor,leiomyosarcoma,gastrointestinal stromal tumor,leiomyosarcoma,rare,rare,epidemiology,related but distinct,0.40,Oesophageal GIST has much better 5-year survival than oesophageal leiomyosarcoma (62% vs 23%),"Young age, tumour <10 cm, oesophagectomy and GIST histology predicted survival; neoadjuvant therapy may help GIST.",national database cohort,"141 E-GIST, 38 E-LMS (NCDB 2004-2014)",A large national comparative study of clinicopathological features and long-term survivals between esophageal gastrointestinal stromal tumor and leiomyosarcoma.,2019,https://doi.org/10.1016/j.amjsurg.2018.10.046,30471808,not open access,no - subscription/paywalled,abstract only,batch 2
adrenocortical carcinoma,adrenocortical adenoma,adrenocortical carcinoma,adrenocortical adenoma,rare,common,other,related but distinct,0.40,Serum 11-deoxycortisol is the most useful steroid to discriminate ACC from adenoma regardless of sex or function; with tumour diameter and BMI AUC 0.95,Eight serum steroids by LC-MS/MS; sex and functional status affect other steroids.,matched retrospective cohort,1:1 matched ACC and ACA,Influence of sex and functional status on the value of serum steroid profiling in discriminating adrenocortical carcinoma from adrenocortical adenoma.,2024,https://europepmc.org/article/PMC/PMC11445004,39359414,open access,yes - free full text in PMC/Europe PMC (not read),abstract only,batch 2
adrenocortical carcinoma,adrenocortical adenoma,adrenocortical carcinoma,adrenocortical adenoma,rare,common,other,related but distinct,0.40,Neutrophil-to-lymphocyte ratio >2.6 discriminates ACC from adenoma (AUC 0.85) independent of tumour size; inflammation scores also track cortisol excess,ACC shows higher inflammation regardless of hormone secretion.,retrospective cohort,"429 ACA, 61 ACC",Inflammation-based scores in a large cohort of adrenocortical carcinoma and adrenocortical adenoma: role of the hormonal secretion pattern.,2025,https://europepmc.org/article/PMC/PMC11729201,38965182,open access,yes - free full text in PMC/Europe PMC (not read),abstract only,batch 2
hepatocellular carcinoma,cholangiocarcinoma,hepatocellular carcinoma,cholangiocarcinoma,rare,rare,other,related but distinct,0.40,"EUS-guided tissue acquisition is sensitive for both, but less so for HCC than intrahepatic cholangiocarcinoma (83% vs 100%; cytology 22% vs 78%)",Reflects pathological differences; histology key for HCC; no adverse events.,retrospective single-centre study,HCC and ICC patients (2016-2024),Comparative Diagnostic Sensitivity of Endoscopic Ultrasound-guided Tissue Acquisition for Hepatocellular Carcinoma Versus Intrahepatic Cholangiocarcinoma.,2027,https://europepmc.org/article/PMC/PMC13528442,42677207,open access,yes - free full text in PMC/Europe PMC (not read),abstract only,batch 2
hepatocellular carcinoma,cholangiocarcinoma,hepatocellular carcinoma,cholangiocarcinoma,rare,rare,phenotype,related but distinct,0.40,Combined B-mode and contrast-enhanced ultrasound separates hepatitis-associated intrahepatic cholangiocarcinoma from HCC (optimism-corrected AUC 0.91),"Sensitivity 97.5%, specificity 63.4%; useful when CT/MRI equivocal or contraindicated.",retrospective diagnostic study,chronic hepatitis patients with ICC or HCC,Contrast-enhanced ultrasound for precise differentiation of hepatitis-related intrahepatic cholangiocarcinoma and hepatocellular carcinoma.,2026,https://doi.org/10.1007/s00261-026-05401-8,41670674,not open access,no - subscription/paywalled,abstract only,batch 2
pancreatic neuroendocrine tumor,pancreatic ductal adenocarcinoma,pancreatic neuroendocrine tumor,pancreatic ductal adenocarcinoma,rare,rare,epidemiology,related but distinct,0.40,"Risk factors differ: diabetes (especially new-onset) raises pNEN odds, alcohol is inversely related, and smoking, obesity and aspirin show no association, unlike PDAC",New-onset T2DM OR ~2.7; family history of pancreatic cancer OR 1.44 (NS); largest pNEN risk-factor study.,case-control study,"927 pNEN, 1,807 controls (Mayo Clinic)",Discordant risk factors between pancreatic neuroendocrine neoplasms and pancreatic ductal adenocarcinoma.,2025,https://europepmc.org/article/PMC/PMC11896652,39932006,open access,yes - free full text in PMC/Europe PMC (not read),abstract only,batch 2
pancreatic neuroendocrine tumor,pancreatic ductal adenocarcinoma,pancreatic neuroendocrine tumor,pancreatic ductal adenocarcinoma,rare,rare,phenotype,related but distinct,0.40,Multiphasic CT radiomics plus clinical features distinguish hypovascular pNETs from PDAC (test AUC 0.85),SVM radiomics-only AUC 0.81; combined model's advantage not definitive.,retrospective radiomics study,"297 (99 hypo-PNET, 198 PDAC)",Radiomics based on multiphasic contrast-enhanced CT combined with clinical features for differentiating hypovascular pancreatic neuroendocrine tumors and pancreatic ductal adenocarcinoma.,2026,https://europepmc.org/article/PMC/PMC13110261,42034788,open access,yes - free full text in PMC/Europe PMC (not read),abstract only,batch 2
chordoma,chondrosarcoma,chordoma,chondrosarcoma,rare,rare,phenotype,related but distinct,0.40,"ADC values plus lateral location and arabesque enhancement accurately distinguish skull base chondrosarcoma from chordoma (sensitivity 93.9%, specificity 97.4%)",Lateral/paramidline location 85% vs 10%.,retrospective comparative imaging study,"41 chondrosarcoma, 41 chordoma",Revisitation of imaging features of skull base chondrosarcoma in comparison to chordoma.,2022,https://doi.org/10.1007/s11060-022-04097-2,35882753,not open access,no - subscription/paywalled,abstract only,batch 2
chordoma,chondrosarcoma,chordoma,chondrosarcoma,rare,rare,epidemiology,related but distinct,0.40,"Spinal chordoma and chondrosarcoma differ in clinical features and outcomes, with chordoma showing better long-term survival; ML calculator predicts survival","Age, tumour type and radiotherapy most influential; gross total resection important.",national database cohort (NCDB),spinal chordoma and chondrosarcoma 2004-2017,Risk calculator for long-term survival prediction of spinal chordoma versus chondrosarcoma: a nationwide analysis.,2025,https://doi.org/10.1007/s11060-025-05063-4,40295452,not open access,no - subscription/paywalled,abstract only,batch 2
desmoid tumor,familial adenomatous polyposis,desmoid tumor,familial adenomatous polyposis,rare,rare,epidemiology,related but distinct,0.40,"FAP-associated desmoids occur in younger, more often male patients and intra-abdominally or in the abdominal wall, so such desmoids should prompt colonoscopy",Intra-abdominal OR 18.9; mean age 36 vs 42; most FAP patients developed desmoids after FAP diagnosis.,nationwide pathology registry study,all Dutch desmoid-type fibromatoses 1999-2009,A nation-wide study comparing sporadic and familial adenomatous polyposis-related desmoid-type fibromatoses.,2011,https://doi.org/10.1002/ijc.25664,20830713,not open access,yes - free full text at publisher (not read),abstract only,batch 2
anaplastic thyroid carcinoma,papillary thyroid carcinoma,anaplastic thyroid carcinoma,papillary thyroid carcinoma,rare,common,phenotype,related but distinct,0.40,Anaplastic thyroid carcinoma presents as much larger nodules (mean 5.2 vs 1.9 cm) with anteroposterior/transverse ratio <1 in older women compared with PTC,Nodules >5 cm with microcalcifications in elderly women highly suggest ATC.,matched comparative ultrasound study,"7 ATC, 21 PTC",Comparison of ultrasonic features between anaplastic thyroid carcinoma and papillary thyroid carcinoma.,2015,https://doi.org/10.3881/j.issn.1000-503x.2015.01.013,25676274,not open access,no - subscription/paywalled,abstract only,batch 2
anaplastic thyroid carcinoma,papillary thyroid carcinoma,anaplastic thyroid carcinoma,papillary thyroid carcinoma,rare,common,genes,related but distinct,0.40,"PTC-derived ATCs consistently carry BRAF plus TERT promoter mutations, whereas FTC-derived ATCs show different mutation patterns (RAS, EIF1AX, PTEN)",Whole-exome sequencing of differentiated and anaplastic components; IHC matched mutation status.,comparative genomic study,"8 FTC-derived, 11 PTC-derived ATC",Progression of Follicular Thyroid Carcinomas to Anaplastic Thyroid Carcinomas: Molecular and Clinicopathologic Characteristics with Comparison to Papillary Thyroid Carcinoma-Derived Anaplastic Thyroid Carcinomas.,2025,https://doi.org/10.1007/s12022-025-09875-y,40887557,not open access,no - subscription/paywalled,abstract only,batch 2
papillary thyroid carcinoma,anaplastic thyroid carcinoma,papillary thyroid carcinoma,anaplastic thyroid carcinoma,common,rare,genes,related but distinct,0.40,BRAF V600E is present in most classical and hobnail PTC but in none of the ATC/PDTC samples studied; TERT C228T seen in ATC,Hobnail variant has specific molecular features between CPTC and ATC/PDTC.,targeted NGS study,"55 patients (17 HVPTC, 26 CPTC, 7 PDTC, 5 ATC)","Hobnail variant of papillary thyroid carcinoma: molecular profiling and comparison to classical papillary thyroid carcinoma, poorly differentiated thyroid carcinoma and anaplastic thyroid carcinoma.",2017,https://europepmc.org/article/PMC/PMC5400643,28423545,open access,yes - free full text in PMC/Europe PMC (not read),abstract only,batch 2
Merkel cell carcinoma,small cell lung cancer,Merkel cell carcinoma,small cell lung cancer,rare,rare,other,related but distinct,0.40,"ATOH1 and TFAP2B stain MCC but not SCLC, and CEACAM6 stains SCLC but not MCC, improving on CK20/TTF-1","CK20 and ATOH1 100% MCC/0% SCLC; CEACAM6+TTF-1 gives 93% sensitivity, 98% specificity for SCLC.",comparative immunohistochemistry study,"43 MCC, 59 SCLC","ATOH1, TFAP2B, and CEACAM6 as Immunohistochemical Markers to Distinguish Merkel Cell Carcinoma and Small Cell Lung Cancer.",2024,https://europepmc.org/article/PMC/PMC10886870,38398178,open access,yes - free full text in PMC/Europe PMC (not read),abstract only,batch 2
Merkel cell carcinoma,small cell lung cancer,Merkel cell carcinoma,small cell lung cancer,rare,rare,genes,related but distinct,0.40,"MCC and SCLC share neuroendocrine features, but 17 classifier genes discriminate them and 76 genes separate Classic vs Variant MCC subgroups",Validated by qRT-PCR; potential prognostic markers and targets.,comparative expression profiling study,10 MCC + 4 SCLC cell lines; 26 validation samples,Gene-expression profiling reveals distinct expression patterns for Classic versus Variant Merkel cell phenotypes and new classifier genes to distinguish Merkel cell from small-cell lung carcinoma.,2004,https://doi.org/10.1038/sj.onc.1207421,14755241,not open access,yes - free full text at publisher (not read),abstract only,batch 2
primary CNS lymphoma,glioblastoma,primary CNS lymphoma,glioblastoma,rare,rare,phenotype,related but distinct,0.40,"Contrast T1 MRI radiomics best distinguishes glioblastoma from primary CNS lymphoma (external AUC 0.91), with non-contrast CT also useful",1084 features from enhancing and non-enhancing regions; SHAP interpretability.,retrospective multicentre radiomics study,"543 (401 GBM, 142 PCNSL)",Radiomics-based differentiation between glioblastoma and primary central nervous system lymphoma: CT vs MRI.,2026,https://europepmc.org/article/PMC/PMC13104201,41840692,open access,yes - free full text in PMC/Europe PMC (not read),abstract only,batch 2
primary CNS lymphoma,glioblastoma,primary CNS lymphoma,glioblastoma,rare,rare,phenotype,related but distinct,0.40,"Among four PET tracers, FMISO best separated GBM from PCNSL (AUC 0.85, specificity 84%), while FLT had highest sensitivity",FDG AUC 0.78; dual-tracer combinations did not improve accuracy.,retrospective imaging study,"148 (96 GBM, 52 PCNSL)",Utility of various positron emission tomography tracers in differentiating primary central nervous system lymphoma from glioblastoma multiforme.,2026,https://europepmc.org/article/PMC/PMC13133314,42062652,open access,yes - free full text in PMC/Europe PMC (not read),abstract only,batch 2
primary CNS lymphoma,glioblastoma,primary CNS lymphoma,glioblastoma,rare,rare,phenotype,related but distinct,0.40,A cortical diffusion-enhancement mismatch sign appeared in 54% of superficial PCNSL and never in GBM (100% specific),Mostly non-GCB DLBCL; suggests cortical PCNSL arises from white matter.,retrospective imaging study,PCNSL and GBM with superficial lesions,Cortical Diffusion-Enhancement Mismatch Sign: A Specific Imaging Biomarker for Differentiating Primary Central Nervous System Lymphoma From Glioblastoma.,2026,https://doi.org/10.1227/neu.0000000000004089,42132378,not open access,no - subscription/paywalled,abstract only,batch 2
diffuse midline glioma,glioblastoma,diffuse midline glioma,glioblastoma,rare,rare,epidemiology,related but distinct,0.40,"Thalamic H3 K27-altered diffuse midline glioma patients were younger, had lower Ki67 and survived longer than thalamic GBM under the Stupp protocol (26.3 vs 14.7 months)",Less MGMT methylation in DMG; slight/no enhancement linked to longer survival.,retrospective single-centre cohort,thalamic DMG-H3K27 and thalamic GBM,"Clinical and survival differences between thalamic glioblastoma and thalamic diffuse midline glioma, H3 K27-altered.",2025,https://doi.org/10.1007/s11060-025-05273-w,41144061,not open access,no - subscription/paywalled,abstract only,batch 2
diffuse midline glioma,glioblastoma,diffuse midline glioma,glioblastoma,rare,rare,phenotype,related but distinct,0.40,"DCE-MRI perfusion parameters (rCBV, rCBF, Ve) with machine learning distinguish H3 K27-altered DMG from midline GBM (~77% accuracy)",Both grade 4 with 12-18 month survival but need different treatment.,retrospective imaging study,"62 (30 midline GBM, 32 DMG)",Non-invasive differentiation of diffuse midline glioma and midline glioblastoma using DCE-MRI perfusion parameters and machine learning classification in pediatric and young adult patients.,2026,https://doi.org/10.1007/s00234-026-04156-9,42671541,not open access,no - subscription/paywalled,abstract only,batch 2
diffuse midline glioma,glioblastoma,diffuse midline glioma,glioblastoma,rare,rare,pathways,related but distinct,0.40,"DMG (formerly DIPG) was long treated like histologically similar adult GBM, but its immune microenvironment and tumour-associated macrophage biology differ",Radiation gives marginal benefit; TAM-targeting strategies proposed for DMG.,review,NA,Current perspectives on diffuse midline glioma and a different role for the immune microenvironment compared to glioblastoma.,2022,https://europepmc.org/article/PMC/PMC9675250,36403059,open access,yes - free full text in PMC/Europe PMC (not read),abstract only,batch 2
Mowat-Wilson syndrome,Ruggieri-Happle syndrome,Mowat-Wilson syndrome,Ruggieri-Happle syndrome,rare,rare,phenotype,similar,0.80,Patient with confirmed Mowat-Wilson syndrome had cutis tricolor-like pigmentary mosaicism closely resembling Ruggieri-Happle syndrome; shared developmental pathways suggested (case report).,,,,Cutis Tricolor-Like Pigmentary Mosaicism in Mowat-Wilson Syndrome: Phenotypic Overlap With Ruggieri-Happle Syndrome,2026,https://pmc.ncbi.nlm.nih.gov/articles/PMC13617161/,,yes,yes - free full text in PMC (not read),abstract only,tim-part
MELAS,Turner syndrome,MELAS,Turner syndrome,rare,rare,phenotype,related but distinct,0.40,Turner syndrome features masked an underlying MELAS diagnosis and delayed it (case report).,,,,Phenotypic overlap masking MELAS in Turner syndrome: a diagnostic challenge,2026,https://pmc.ncbi.nlm.nih.gov/articles/PMC13525441/,,yes,yes - free full text in PMC (not read),abstract only,tim-part
Brugada syndrome,Arrhythmogenic cardiomyopathy,Brugada syndrome,Arrhythmogenic cardiomyopathy,rare,rare,phenotype; genes,similar,0.85,"A pathogenic RYR1 variant was found in a patient with overlapping Brugada and arrhythmogenic cardiomyopathy features, suggesting shared calcium-handling abnormalities (case report).",,,,RYR1 Pathogenic Variant in a Patient With Overlapping Features of Brugada Syndrome and Arrhythmogenic Cardiomyopathy,2026,https://pmc.ncbi.nlm.nih.gov/articles/PMC13154052/,,yes,yes - free full text in PMC (not read),abstract only,tim-part
Hypermobile Ehlers-Danlos syndrome,Hypermobility spectrum disorders,Ehlers-Danlos syndrome,Hypermobility spectrum disorders,rare (prevalence uncertain),rare/uncertain (prevalence uncertain),other (serum proteomics),similar,0.80,Serum proteomic profiling found shared protein signatures and no significant differences between hEDS and HSD.,,,,Proximity extension assay-based serum proteomic profiling identifies shared protein signatures in hypermobile Ehlers-Danlos syndrome and hypermobility spectrum disorders,2026,https://pmc.ncbi.nlm.nih.gov/articles/PMC13081554/,,yes,yes - free full text in PMC (not read),abstract only,tim-part
Hypermobile Ehlers-Danlos syndrome,Hypermobility spectrum disorders,Ehlers-Danlos syndrome,Hypermobility spectrum disorders,rare (prevalence uncertain),rare/uncertain (prevalence uncertain),phenotype,related but distinct,0.40,"In 2088 patients most self-reported symptoms and comorbidities overlapped, with some differing patterns.",,,,Similarities and differences in self-reported symptoms and comorbidities between hypermobile Ehlers-Danlos syndrome and hypermobility spectrum disorders,2024,https://pmc.ncbi.nlm.nih.gov/articles/PMC11630848/,,yes,yes - free full text in PMC (not read),abstract only,tim-part
Kawasaki disease,Multisystem inflammatory syndrome in children (MIS-C),Kawasaki disease,multisystem inflammatory syndrome in children (MIS-C),rare,rare,phenotype,related but distinct,0.40,Considerable overlap in cutaneous phenotypes risks diagnostic delay; skin findings are used in differential diagnosis.,,,,Cutaneous Clues in Kawasaki Disease: Clinical Implications and Differential Diagnosis with Multisystem Inflammatory Syndrome in Children,2026,https://pmc.ncbi.nlm.nih.gov/articles/PMC12898841/,,yes,yes - free full text in PMC (not read),abstract only,tim-part
Lymph node tuberculosis,Sarcoidosis,Lymph node tuberculosis,sarcoidosis,common,rare,other (serum metabolomics),related but distinct,0.40,"Glutamate, pyroglutamate and glutamine separated the two diseases (AUC > 0.98).",,,,Serum metabolic disparity between patients with lymph node tuberculosis and patients with sarcoidosis: towards differential diagnosis,2025,https://pmc.ncbi.nlm.nih.gov/articles/PMC12492615/,,yes,yes - free full text in PMC (not read),abstract only,tim-part
Tuberculosis (lymphadenopathy),Sarcoidosis,Tuberculosis (lymphadenopathy),sarcoidosis,common,rare,phenotype,related but distinct,0.40,"Clinical, radiological and histological findings alone cannot reliably separate the two; microbiology is critical. (Paper also covers malignancy; those pairs not listed.)",,,,"Differential Diagnosis in Patients Presenting With Peripheral Lymphadenopathy: Tuberculosis, Sarcoidosis, or Malignancy",2025,https://pmc.ncbi.nlm.nih.gov/articles/PMC12587210/,,yes,yes - free full text in PMC (not read),abstract only,tim-part
Neuromyelitis optica spectrum disorder,Multiple sclerosis,neuromyelitis optica spectrum disorder,multiple sclerosis,rare,common,treatment,similar,0.80,CD19-guided extended-interval rituximab gave comparable relapse control in both diseases.,,,,Optimizing Rituximab Maintenance Therapy: Outcomes of Extended-Interval Dosing in Multiple Sclerosis and Neuromyelitis Optica Spectrum Disorder,2026,https://pmc.ncbi.nlm.nih.gov/articles/PMC13278727/,,yes,yes - free full text in PMC (not read),abstract only,tim-part
MOG-antibody-associated disease,Neuromyelitis optica spectrum disorder,MOG-antibody-associated disease,neuromyelitis optica spectrum disorder,rare,rare,other (CSF biomarkers),related but distinct,0.40,CSF granulocyte and astrocyte markers discriminate the pairs in acute stages.,,,,Granulocyte and astrocyte markers distinguish MOG-antibody disease and neuromyelitis optica from multiple sclerosis,2026,https://pmc.ncbi.nlm.nih.gov/articles/PMC13058455/,,yes,yes - free full text in PMC (not read),abstract only,tim-part
MOG-antibody-associated disease,Multiple sclerosis,MOG-antibody-associated disease,multiple sclerosis,rare,common,other (CSF biomarkers),related but distinct,0.40,CSF granulocyte and astrocyte markers distinguish MOGAD from MS.,,,,Granulocyte and astrocyte markers distinguish MOG-antibody disease and neuromyelitis optica from multiple sclerosis,2026,https://pmc.ncbi.nlm.nih.gov/articles/PMC13058455/,,yes,yes - free full text in PMC (not read),abstract only,tim-part
Neuromyelitis optica spectrum disorder,Multiple sclerosis,neuromyelitis optica spectrum disorder,multiple sclerosis,rare,common,other (CSF biomarkers),related but distinct,0.40,CSF granulocyte and astrocyte markers distinguish NMOSD from MS.,,,,Granulocyte and astrocyte markers distinguish MOG-antibody disease and neuromyelitis optica from multiple sclerosis,2026,https://pmc.ncbi.nlm.nih.gov/articles/PMC13058455/,,yes,yes - free full text in PMC (not read),abstract only,tim-part
Multiple sclerosis,Neuromyelitis optica,multiple sclerosis,Neuromyelitis optica,common,rare,other (DNA methylation),related but distinct,0.40,"DNA methylation differs in regulatory architecture (transcription-factor sites, chromatin features) across the conditions.",,,,"Distinct Regulatory DNA Methylation Signatures Across Multiple Sclerosis, Neuromyelitis Optica, and Neurological Post-Acute Sequelae of COVID-19",2026,https://pmc.ncbi.nlm.nih.gov/articles/PMC13362688/,,yes,yes - free full text in PMC (not read),abstract only,tim-part
Multiple sclerosis,Neurological post-acute sequelae of COVID-19,multiple sclerosis,Neurological post-acute sequelae of COVID-19,common,common (uncertain),other (DNA methylation),related but distinct,0.40,Distinct regulatory methylation signatures between MS and neuro-PASC.,,,,"Distinct Regulatory DNA Methylation Signatures Across Multiple Sclerosis, Neuromyelitis Optica, and Neurological Post-Acute Sequelae of COVID-19",2026,https://pmc.ncbi.nlm.nih.gov/articles/PMC13362688/,,yes,yes - free full text in PMC (not read),abstract only,tim-part
Neuromyelitis optica,Neurological post-acute sequelae of COVID-19,Neuromyelitis optica,Neurological post-acute sequelae of COVID-19,rare,common (uncertain),other (DNA methylation),related but distinct,0.40,Distinct regulatory methylation signatures between NMO and neuro-PASC.,,,,"Distinct Regulatory DNA Methylation Signatures Across Multiple Sclerosis, Neuromyelitis Optica, and Neurological Post-Acute Sequelae of COVID-19",2026,https://pmc.ncbi.nlm.nih.gov/articles/PMC13362688/,,yes,yes - free full text in PMC (not read),abstract only,tim-part
Amyotrophic lateral sclerosis,Multiple sclerosis,amyotrophic lateral sclerosis,multiple sclerosis,rare,common,epidemiology,similar,0.80,"ALS and MS geographic distributions are strongly correlated even after controlling for sex, race and latitude.",,,,The geographic association of multiple sclerosis and amyotrophic lateral sclerosis,2025,https://pmc.ncbi.nlm.nih.gov/articles/PMC12521557/,,yes,yes - free full text in PMC (not read),abstract only,tim-part
Amyotrophic lateral sclerosis,Multiple sclerosis,amyotrophic lateral sclerosis,multiple sclerosis,rare,common,pathways,similar,0.85,"Metallothionein-3 is decreased in ALS and MS spinal cord, suggesting shared copper dysregulation.",,,,Decreased metallothionein-3 expression in the human spinal cord is a common feature of amyotrophic lateral sclerosis and multiple sclerosis,2026,https://pmc.ncbi.nlm.nih.gov/articles/PMC13009280/,,yes,yes - free full text in PMC (not read),abstract only,tim-part
Amyotrophic lateral sclerosis,Frontotemporal dementia,amyotrophic lateral sclerosis,frontotemporal dementia,rare,rare,treatment; pathways,similar,0.85,HDAC6 inhibitor rescued proteostasis defects and improved motor performance and survival in both ALS and FTD models.,,,,A next-generation HDAC6 inhibitor for amyotrophic lateral sclerosis and frontotemporal dementia,2026,https://pmc.ncbi.nlm.nih.gov/articles/PMC13140536/,,yes,yes - free full text in PMC (not read),abstract only,tim-part
Amyotrophic lateral sclerosis,Frontotemporal lobar degeneration,amyotrophic lateral sclerosis,Frontotemporal lobar degeneration,rare,rare,pathways,similar,0.85,Disruption of the physiological TDP-43 dimer is proposed to precede aggregation in both diseases.,,,,Maintenance and disruption of the physiological dimer structure of TDP-43 in amyotrophic lateral sclerosis and frontotemporal lobar degeneration,2026,https://pmc.ncbi.nlm.nih.gov/articles/PMC13343978/,,yes,yes - free full text in PMC (not read),abstract only,tim-part
Amyotrophic lateral sclerosis,Frontotemporal dementia,amyotrophic lateral sclerosis,frontotemporal dementia,rare,rare,genes,similar,0.85,Pathogenic C9orf72 expansions occur across the FTD-ALS spectrum (11% of Portuguese patients) with heterogeneous presentations.,,,,The spectrum of C9orf72 repeat lengths in Portuguese frontotemporal dementia and amyotrophic lateral sclerosis patients,2026,https://pmc.ncbi.nlm.nih.gov/articles/PMC13572641/,,yes,yes - free full text in PMC (not read),abstract only,tim-part
Amyotrophic lateral sclerosis,Frontotemporal dementia,amyotrophic lateral sclerosis,frontotemporal dementia,rare,rare,phenotype,related but distinct,0.40,Digital cognitive assessment detected baseline group differences between ALS and FTD.,,,,Longitudinal cognitive assessment using the Cumulus NeuLogiq platform in amyotrophic lateral sclerosis and frontotemporal dementia,2026,https://pmc.ncbi.nlm.nih.gov/articles/PMC13462116/,,yes,yes - free full text in PMC (not read),abstract only,tim-part
Fragile X syndrome,Autism spectrum disorder (idiopathic),fragile X syndrome,autism spectrum disorder,rare,common,phenotype,similar,0.80,"Both show shared hyperconnectivity in sensorimotor and default-mode networks, with distinct temporal and topological features.",,,,Unraveling the Individualized Shared and Distinct Dynamic Functional Connectivity in Idiopathic Autism Spectrum Disorder and Fragile X Syndrome,2026,https://pmc.ncbi.nlm.nih.gov/articles/PMC13398155/,,yes,yes - free full text in PMC (not read),abstract only,tim-part
Fragile X syndrome,Autism spectrum disorder,fragile X syndrome,autism spectrum disorder,rare,common,phenotype,related but distinct,0.40,Thicker sensory cortex in FXS suggests divergent early sensory processing versus ASD.,,,,Cerebral Cortex Morphometry and Relaxometry in Male Children With Fragile X Syndrome and Autism,2026,https://pmc.ncbi.nlm.nih.gov/articles/PMC13133409/,,yes,yes - free full text in PMC (not read),abstract only,tim-part
Fragile X syndrome,Autism spectrum disorder (idiopathic),fragile X syndrome,autism spectrum disorder,rare,common,phenotype,similar,0.80,"Both show reduced functional connectivity in default-mode, sensorimotor, cerebellar and visual networks versus controls, with distinct links to social symptom severity.",,,,Distinct and shared intrinsic resting-state functional networks in children with idiopathic autism spectrum disorder and fragile X syndrome,2025,https://pmc.ncbi.nlm.nih.gov/articles/PMC12532607/,,yes,yes - free full text in PMC (not read),abstract only,tim-part
Fragile X syndrome,Autism spectrum disorder,fragile X syndrome,autism spectrum disorder,rare,common,treatment,similar,0.80,Review: phosphodiesterase inhibition is a potential shared therapeutic route for FXS and ASD.,,,,The Emerging Role of Phosphodiesterase Inhibitors in Fragile X Syndrome and Autism Spectrum Disorder,2025,https://pmc.ncbi.nlm.nih.gov/articles/PMC12567357/,,yes,yes - free full text in PMC (not read),abstract only,tim-part
Fragile X syndrome (gray-zone FMR1 alleles),Autism spectrum disorder,Fragile X syndrome (gray-zone FMR1 alleles),autism spectrum disorder,rare,common,genes,related but distinct,0.40,Gray-zone FMR1 alleles (45-50 CGG repeats) are associated with ASD features.,,,,Overlapping Pathways: Autism Spectrum Disorder in Fragile X Carrier States and the Need for Greater Awareness,2025,https://pmc.ncbi.nlm.nih.gov/articles/PMC12672945/,,yes,yes - free full text in PMC (not read),abstract only,tim-part
Fragile X syndrome,Angelman syndrome,fragile X syndrome,Angelman syndrome,rare,rare,phenotype,similar,0.80,"Four distinct autism symptom profiles were found across FXS, Angelman, TSC and NF1, showing behavioural overlap but heterogeneity.",,,,"Autism Spectrum Disorder Symptom Profiles in Fragile X Syndrome, Angelman Syndrome, Tuberous Sclerosis Complex and Neurofibromatosis Type 1",2026,https://pmc.ncbi.nlm.nih.gov/articles/PMC12864356/,,yes,yes - free full text in PMC (not read),abstract only,tim-part
Fragile X syndrome,Tuberous sclerosis complex,fragile X syndrome,tuberous sclerosis complex,rare,rare,phenotype,similar,0.80,Same study: behavioural overlap in autism symptoms with heterogeneous profiles.,,,,"Autism Spectrum Disorder Symptom Profiles in Fragile X Syndrome, Angelman Syndrome, Tuberous Sclerosis Complex and Neurofibromatosis Type 1",2026,https://pmc.ncbi.nlm.nih.gov/articles/PMC12864356/,,yes,yes - free full text in PMC (not read),abstract only,tim-part
Fragile X syndrome,Neurofibromatosis type 1,fragile X syndrome,neurofibromatosis,rare,rare,phenotype,similar,0.80,Same study: behavioural overlap in autism symptoms with heterogeneous profiles.,,,,"Autism Spectrum Disorder Symptom Profiles in Fragile X Syndrome, Angelman Syndrome, Tuberous Sclerosis Complex and Neurofibromatosis Type 1",2026,https://pmc.ncbi.nlm.nih.gov/articles/PMC12864356/,,yes,yes - free full text in PMC (not read),abstract only,tim-part
Angelman syndrome,Tuberous sclerosis complex,Angelman syndrome,tuberous sclerosis complex,rare,rare,phenotype,similar,0.80,Same study: behavioural overlap in autism symptoms with heterogeneous profiles.,,,,"Autism Spectrum Disorder Symptom Profiles in Fragile X Syndrome, Angelman Syndrome, Tuberous Sclerosis Complex and Neurofibromatosis Type 1",2026,https://pmc.ncbi.nlm.nih.gov/articles/PMC12864356/,,yes,yes - free full text in PMC (not read),abstract only,tim-part
Angelman syndrome,Neurofibromatosis type 1,Angelman syndrome,neurofibromatosis,rare,rare,phenotype,similar,0.80,Same study: behavioural overlap in autism symptoms with heterogeneous profiles.,,,,"Autism Spectrum Disorder Symptom Profiles in Fragile X Syndrome, Angelman Syndrome, Tuberous Sclerosis Complex and Neurofibromatosis Type 1",2026,https://pmc.ncbi.nlm.nih.gov/articles/PMC12864356/,,yes,yes - free full text in PMC (not read),abstract only,tim-part
Tuberous sclerosis complex,Neurofibromatosis type 1,tuberous sclerosis complex,neurofibromatosis,rare,rare,phenotype,similar,0.80,Same study: behavioural overlap in autism symptoms with heterogeneous profiles.,,,,"Autism Spectrum Disorder Symptom Profiles in Fragile X Syndrome, Angelman Syndrome, Tuberous Sclerosis Complex and Neurofibromatosis Type 1",2026,https://pmc.ncbi.nlm.nih.gov/articles/PMC12864356/,,yes,yes - free full text in PMC (not read),abstract only,tim-part
Gaucher disease,Niemann-Pick disease,Gaucher disease,Niemann-Pick disease,rare,rare,pathways,similar,0.85,"Review: sphingolipid imbalance causes similar endothelial phenotypes despite different genes (GBA1, SMPD1).",,,,"The Sphingolipid Balance and Endothelial Dysfunction in Lysosomal Storage Diseases: Shared Mechanisms in Gaucher, Niemann-Pick and Fabry Disease",2026,https://pmc.ncbi.nlm.nih.gov/articles/PMC13361328/,,yes,yes - free full text in PMC (not read),abstract only,tim-part
Gaucher disease,Fabry disease,Gaucher disease,Fabry disease,rare,rare,pathways,similar,0.85,"Review: shared sphingolipid and endothelial mechanisms despite different genes (GBA1, GLA).",,,,"The Sphingolipid Balance and Endothelial Dysfunction in Lysosomal Storage Diseases: Shared Mechanisms in Gaucher, Niemann-Pick and Fabry Disease",2026,https://pmc.ncbi.nlm.nih.gov/articles/PMC13361328/,,yes,yes - free full text in PMC (not read),abstract only,tim-part
Niemann-Pick disease,Fabry disease,Niemann-Pick disease,Fabry disease,rare,rare,pathways,similar,0.85,"Review: shared sphingolipid and endothelial mechanisms despite different genes (SMPD1, GLA).",,,,"The Sphingolipid Balance and Endothelial Dysfunction in Lysosomal Storage Diseases: Shared Mechanisms in Gaucher, Niemann-Pick and Fabry Disease",2026,https://pmc.ncbi.nlm.nih.gov/articles/PMC13361328/,,yes,yes - free full text in PMC (not read),abstract only,tim-part
Gaucher disease type 1,Parkinson disease,Gaucher disease,Parkinson disease,rare,common,epidemiology,related but distinct,0.40,"About one in nine GD1 patients were diagnosed with PD by age 80 (4.0% at 60, 12.2% at 80).",,,,Age-Specific Parkinson Disease Risk in Gaucher Disease Type 1,2026,https://pmc.ncbi.nlm.nih.gov/articles/PMC13165275/,,yes,yes - free full text in PMC (not read),abstract only,tim-part
Adult-onset foveomacular vitelliform dystrophy,Age-related macular degeneration,Adult-onset foveomacular vitelliform dystrophy,age-related macular degeneration,rare,common,genes,similar,0.85,Title and abstract report genetic overlap between the two retinal diseases.,,,,Adult Onset Foveomacular Vitelliform Dystrophy Shows Genetic Overlap With Age-Related Macular Degeneration,2024,https://pmc.ncbi.nlm.nih.gov/articles/PMC11601137/,,yes,yes - free full text in PMC (not read),abstract only,tim-part
Transfusion-dependent thalassemia,Hereditary hemochromatosis,Transfusion-dependent thalassemia,hereditary hemochromatosis,rare,common (genotype-level),other (liver iron susceptometry),related but distinct,0.40,"Iron-specific mass susceptibilities differ, so each disorder needs its own conversion for noninvasive iron measurement.",,,,Liver Iron Susceptometry in Transfusional Iron Overload Disorders,2025,https://pmc.ncbi.nlm.nih.gov/articles/PMC12657335/,,yes,yes - free full text in PMC (not read),abstract only,tim-part
Psoriasis,Metabolic syndrome,psoriasis,Metabolic syndrome,common,common,genes,similar,0.85,"Significant genome-wide correlation and polygenic sharing, with enrichment in epidermis, adipose and liver.",,,,Shared genetic basis and spatial cellular atlas of psoriasis and metabolic syndrome,2026,https://pmc.ncbi.nlm.nih.gov/articles/PMC13577535/,,yes,yes - free full text in PMC (not read),abstract only,tim-part
Major depressive disorder,Autoimmune thyroid disease,Major depressive disorder,Autoimmune thyroid disease,common,common,genes,similar,0.85,14 pleiotropic loci mapped to 58 shared genes; co-occurrence risk 2.8-fold.,,,,Shared genetic architecture and pathways linking major depressive disorder and autoimmune thyroid disease,2026,https://pmc.ncbi.nlm.nih.gov/articles/PMC13438702/,,yes,yes - free full text in PMC (not read),abstract only,tim-part
Multiple sclerosis,Common cancers (12 types),multiple sclerosis,Common cancers (12 types),common,common,genes,related but distinct,0.40,12 MS-cancer pairs across nine loci show antagonistic pleiotropy (variants raise MS risk but lower cancer risk).,,,,Shared Genetic Effects and Antagonistic Pleiotropy Between Multiple Sclerosis and Common Cancers,2026,https://pmc.ncbi.nlm.nih.gov/articles/PMC13251448/,,yes,yes - free full text in PMC (not read),abstract only,tim-part
Leprechaunism (Donohue syndrome),Rabson-Mendenhall syndrome,Leprechaunism (Donohue syndrome),Rabson-Mendenhall syndrome,rare,rare,phenotype; genes,similar,0.85,Cited as phenotypically similar disorders that are likely to share causal genes (example in a gene-prediction paper; seen only as a search snippet).,,,,A Novel Algorithm for Rare Disease Gene Prediction Based on Phenotypic Similarity,2021,https://pmc.ncbi.nlm.nih.gov/articles/PMC8090663/,,yes,yes - free full text in PMC (not read),search snippet only,tim-part
