row_id,pmid,disease_a,disease_b,paper_title,year,link,w_phenotype,w_genetic,w_mechanism,w_therapeutic,w_natural_history,w_diagnostic_confusability,w_comorbidity,s_phenotype,s_genetic,s_mechanism,s_therapeutic,s_natural_history,s_diagnostic_confusability,s_comorbidity,notes,evidence
1,34680857,Marfan syndrome,Loeys-Dietz syndrome,Differential Diagnosis between Marfan Syndrome and Loeys-Dietz Syndrome Type 4: A Novel Chromosomal Deletion Covering TGFB2.,2021,https://europepmc.org/article/PMC/PMC8536070,0.30,0.30,0.00,0.00,0.00,0.40,0.00,0.6,0.4,,,,0.8,,,abstract only
2,40533124,Ehlers-Danlos syndrome,Loeys-Dietz syndrome,"Differences in Arterial Events in Vascular Ehlers-Danlos, Loeys-Dietz, and Marfan Syndrome.",2025,https://doi.org/10.1016/j.jacc.2025.04.023,0.40,0.30,0.00,0.00,0.30,0.00,0.00,0.4,0.2,,,0.4,,,,abstract only
3,40533124,Ehlers-Danlos syndrome,Marfan syndrome,"Differences in Arterial Events in Vascular Ehlers-Danlos, Loeys-Dietz, and Marfan Syndrome.",2025,https://doi.org/10.1016/j.jacc.2025.04.023,0.40,0.30,0.00,0.00,0.30,0.00,0.00,0.2,0.1,,,0.2,,,,abstract only
4,40533124,Loeys-Dietz syndrome,Marfan syndrome,"Differences in Arterial Events in Vascular Ehlers-Danlos, Loeys-Dietz, and Marfan Syndrome.",2025,https://doi.org/10.1016/j.jacc.2025.04.023,0.40,0.30,0.00,0.00,0.30,0.00,0.00,0.5,0.4,,,0.5,,,,abstract only
5,29270370,Marfan syndrome,Ehlers-Danlos syndrome,"Differences in manifestations of Marfan syndrome, Ehlers-Danlos syndrome, and Loeys-Dietz syndrome.",2017,https://europepmc.org/article/PMC/PMC5721110,0.50,0.30,0.20,0.00,0.00,0.00,0.00,0.3,0.2,0.3,,,,,,abstract only
6,29270370,Marfan syndrome,Loeys-Dietz syndrome,"Differences in manifestations of Marfan syndrome, Ehlers-Danlos syndrome, and Loeys-Dietz syndrome.",2017,https://europepmc.org/article/PMC/PMC5721110,0.50,0.30,0.20,0.00,0.00,0.00,0.00,0.6,0.5,0.6,,,,,,abstract only
7,29270370,Ehlers-Danlos syndrome,Loeys-Dietz syndrome,"Differences in manifestations of Marfan syndrome, Ehlers-Danlos syndrome, and Loeys-Dietz syndrome.",2017,https://europepmc.org/article/PMC/PMC5721110,0.50,0.30,0.20,0.00,0.00,0.00,0.00,0.3,0.2,0.3,,,,,,abstract only
8,34398260,Ehlers-Danlos syndrome,hypermobility spectrum disorder,Are patients with hypermobile Ehlers-Danlos syndrome or hypermobility spectrum disorder so different?,2021,https://europepmc.org/article/PMC/PMC8390400,0.60,0.00,0.00,0.40,0.00,0.00,0.00,0.8,,,0.8,,,,,abstract only
9,36243401,Ehlers-Danlos syndrome,hypermobility spectrum disorder,Bone parameters in hypermobile Ehlers-Danlos syndrome and hypermobility spectrum disorder: A comparative cross-sectional study.,2023,https://doi.org/10.1016/j.bone.2022.116583,0.60,0.00,0.40,0.00,0.00,0.00,0.00,0.7,,0.7,,,,,,abstract only
10,24756352,Gaucher disease,Parkinson disease,Comparison of Parkinson risk in Ashkenazi Jewish patients with Gaucher disease and GBA heterozygotes.,2014,https://europepmc.org/article/PMC/PMC4082726,0.00,0.30,0.00,0.00,0.20,0.00,0.50,,0.8,,,0.5,,0.7,,abstract only
11,21653695,Gaucher disease,Parkinson disease,Alpha-synuclein interacts with Glucocerebrosidase providing a molecular link between Parkinson and Gaucher diseases.,2011,https://europepmc.org/article/PMC/PMC3151053,0.00,0.30,0.70,0.00,0.00,0.00,0.00,,0.7,0.8,,,,,,abstract only
12,28662611,Niemann-Pick disease type C,Alzheimer disease,Cognition and anatomy of adult Niemann-Pick disease type C: Insights for the Alzheimer field.,2018,https://doi.org/10.1080/02643294.2017.1340264,0.50,0.00,0.50,0.00,0.00,0.00,0.00,0.6,,0.7,,,,,,abstract only
13,35123534,Fabry disease,multiple sclerosis,Neuroradiological differentiation of white matter lesions in patients with multiple sclerosis and Fabry disease.,2022,https://europepmc.org/article/PMC/PMC8817613,0.30,0.00,0.00,0.00,0.00,0.70,0.00,0.4,,,,,0.4,,,abstract only
14,30277321,Fabry disease,multiple sclerosis,Absence of infratentorial lesions in Fabry disease contributes to differential diagnosis with multiple sclerosis.,2018,https://europepmc.org/article/PMC/PMC6236241,0.40,0.00,0.00,0.00,0.00,0.60,0.00,0.3,,,,,0.3,,,abstract only
15,35029733,Fabry disease,multiple sclerosis,The central vein sign helps in differentiating multiple sclerosis from its mimickers: lessons from Fabry disease.,2022,https://doi.org/10.1007/s00330-021-08487-4,0.40,0.00,0.00,0.00,0.00,0.60,0.00,0.3,,,,,0.3,,,abstract only
16,41639618,Fabry disease,hypertrophic cardiomyopathy,Two diseases presenting only as cardiac hypertrophy: differences between the late-onset Fabry disease cardiac variant and hypertrophic cardiomyopathy.,2026,https://europepmc.org/article/PMC/PMC12958524,0.50,0.00,0.20,0.00,0.00,0.30,0.00,0.4,,0.2,,,0.5,,,abstract only
17,42268492,hypertrophic cardiomyopathy,Fabry disease,"Differential diagnosis of hypertrophic cardiomyopathy, fabry cardiomyopathy and cardiac amyloidosis: insights from right ventricular strain imaging echocardiography.",2026,https://doi.org/10.1007/s10554-026-03750-5,0.50,0.00,0.00,0.00,0.00,0.50,0.00,0.5,,,,,0.5,,,abstract only
18,42268492,hypertrophic cardiomyopathy,amyloidosis,"Differential diagnosis of hypertrophic cardiomyopathy, fabry cardiomyopathy and cardiac amyloidosis: insights from right ventricular strain imaging echocardiography.",2026,https://doi.org/10.1007/s10554-026-03750-5,0.50,0.00,0.00,0.00,0.00,0.50,0.00,0.4,,,,,0.5,,,abstract only
19,42268492,Fabry disease,amyloidosis,"Differential diagnosis of hypertrophic cardiomyopathy, fabry cardiomyopathy and cardiac amyloidosis: insights from right ventricular strain imaging echocardiography.",2026,https://doi.org/10.1007/s10554-026-03750-5,0.50,0.00,0.00,0.00,0.00,0.50,0.00,0.5,,,,,0.5,,,abstract only
20,42701481,amyloidosis,hypertrophic cardiomyopathy,The value of CMR-derived left atrial strain parameters in differential diagnosis of cardiac amyloidosis and hypertrophic cardiomyopathy.,2026,https://europepmc.org/article/PMC/PMC13545624,0.50,0.00,0.00,0.00,0.00,0.50,0.00,0.4,,,,,0.5,,,abstract only
21,35603480,Wilson disease,autoimmune hepatitis,Hepatic ultrastructural features distinguish paediatric Wilson disease from NAFLD and autoimmune hepatitis.,2022,https://doi.org/10.1111/liv.15319,0.50,0.00,0.00,0.00,0.00,0.50,0.00,0.3,,,,,0.3,,,abstract only
22,35603480,Wilson disease,metabolic dysfunction-associated steatotic liver disease,Hepatic ultrastructural features distinguish paediatric Wilson disease from NAFLD and autoimmune hepatitis.,2022,https://doi.org/10.1111/liv.15319,0.50,0.00,0.00,0.00,0.00,0.50,0.00,0.3,,,,,0.3,,,abstract only
23,40967762,primary ciliary dyskinesia,cystic fibrosis,Changes in sputum viscoelastic properties and airway inflammation in primary ciliary dyskinesia are comparable to cystic fibrosis on elexacaftor/tezacaftor/ivacaftor therapy.,2026,https://europepmc.org/article/PMC/PMC12873463,0.30,0.00,0.50,0.20,0.00,0.00,0.00,0.6,,0.6,0.4,,,,,abstract only
24,42504864,cystic fibrosis,primary ciliary dyskinesia,Comparing Multiple Breath Washout Parameters in a Matched Cohort of Children With Cystic Fibrosis and Primary Ciliary Dyskinesia.,2026,https://europepmc.org/article/PMC/PMC13403291,0.70,0.00,0.00,0.00,0.00,0.30,0.00,0.5,,,,,0.4,,,abstract only
25,41751343,Alzheimer disease,amyotrophic lateral sclerosis,"An Artificial Intelligence-Driven Multimorbidity Framework Reveals a Shared Metabolic and Immune Core Across Alzheimer's Disease, Amyotrophic Lateral Sclerosis, and Frontotemporal Dementia.",2026,https://europepmc.org/article/PMC/PMC12938555,0.00,0.00,0.60,0.20,0.00,0.00,0.20,,,0.6,0.5,,,0.5,,abstract only
26,41751343,Alzheimer disease,frontotemporal dementia,"An Artificial Intelligence-Driven Multimorbidity Framework Reveals a Shared Metabolic and Immune Core Across Alzheimer's Disease, Amyotrophic Lateral Sclerosis, and Frontotemporal Dementia.",2026,https://europepmc.org/article/PMC/PMC12938555,0.00,0.00,0.60,0.20,0.00,0.00,0.20,,,0.7,0.5,,,0.5,,abstract only
27,41751343,amyotrophic lateral sclerosis,frontotemporal dementia,"An Artificial Intelligence-Driven Multimorbidity Framework Reveals a Shared Metabolic and Immune Core Across Alzheimer's Disease, Amyotrophic Lateral Sclerosis, and Frontotemporal Dementia.",2026,https://europepmc.org/article/PMC/PMC12938555,0.00,0.00,0.60,0.20,0.00,0.00,0.20,,,0.8,0.6,,,0.6,,abstract only
28,40724841,Duchenne muscular dystrophy,Becker muscular dystrophy,Comparative Transcriptomic Profiling in Patients Affected by Duchenne and Becker Muscular Dystrophies: A Focus on ECM Genes Dysregulation.,2025,https://europepmc.org/article/PMC/PMC12294368,0.20,0.00,0.80,0.00,0.00,0.00,0.00,0.3,,0.6,,,,,,abstract only
29,40483507,Becker muscular dystrophy,Duchenne muscular dystrophy,Contrasting Becker and Duchenne muscular dystrophy serum biomarker candidates by using data independent acquisition LC-MS/MS.,2025,https://europepmc.org/article/PMC/PMC12144774,0.20,0.20,0.60,0.00,0.00,0.00,0.00,0.5,0.6,0.6,,,,,,abstract only
30,34993890,spinocerebellar ataxia,Huntington disease,Ocular Motor Findings Aid in Differentiation of Spinocerebellar Ataxia Type 17 from Huntington's Disease.,2023,https://doi.org/10.1007/s12311-021-01356-2,0.50,0.00,0.00,0.00,0.00,0.50,0.00,0.4,,,,,0.4,,,abstract only
31,33044188,Huntington disease-like 2,Huntington disease,The Neuropsychiatry of Huntington Disease-Like 2: A Comparison with Huntington's Disease.,2020,https://doi.org/10.3233/jhd-200422,0.70,0.30,0.00,0.00,0.00,0.00,0.00,0.7,0.6,,,,,,,abstract only
32,17980307,Rett syndrome,Angelman syndrome,The overlapping spectrum of rett and angelman syndromes: a clinical review.,2007,https://doi.org/10.1016/j.spen.2007.07.002,0.60,0.20,0.00,0.00,0.00,0.20,0.00,0.8,0.3,,,,0.8,,,abstract only
33,9733292,Rett syndrome,Angelman syndrome,Rett syndrome: significant clinical overlap with Angelman syndrome but not with methylation status.,1998,https://doi.org/10.1177/088307389801300907,0.50,0.30,0.00,0.00,0.00,0.20,0.00,0.8,0.2,,,,0.8,,,abstract only
34,30728968,Prader-Willi syndrome,Angelman syndrome,Baby food and bedtime: Evidence for opposite phenotypes from different genetic and epigenetic alterations in Prader-Willi and Angelman syndromes.,2019,https://europepmc.org/article/PMC/PMC6350130,0.60,0.20,0.20,0.00,0.00,0.00,0.00,0.2,0.6,0.4,,,,,,abstract only
35,25691410,Angelman syndrome,Prader-Willi syndrome,"Are Angelman and Prader-Willi syndromes more similar than we thought? Food-related behavior problems in Angelman, Cornelia de Lange, fragile X, Prader-Willi and 1p36 deletion syndromes.",2015,https://doi.org/10.1002/ajmg.a.36923,1.00,0.00,0.00,0.00,0.00,0.00,0.00,0.7,,,,,,,,abstract only
36,36167887,Williams syndrome,autism spectrum disorder,Comparison of the Social Responsiveness Scale-2 among Individuals with Autism Spectrum Disorder and Williams Syndrome in Japan.,2024,https://doi.org/10.1007/s10803-022-05740-7,1.00,0.00,0.00,0.00,0.00,0.00,0.00,0.5,,,,,,,,abstract only
37,42253337,neuromyelitis optica spectrum disorder,multiple sclerosis,Differences in disease burden between neuromyelitis optica spectrum disorder and multiple sclerosis in South China.,2026,https://europepmc.org/article/PMC/PMC13241614,0.20,0.00,0.20,0.00,0.60,0.00,0.00,0.2,,0.2,,0.2,,,,abstract only
38,40220551,neuromyelitis optica spectrum disorder,MOG antibody-associated disease,"Comparison of clinical features of aquaporin-4 positive neuromyelitis optica spectrum disorder (NMOSD), myelin oligodendrocyte glycoprotein associated disorder (MOGAD), and double seronegative NMOSD - A single center experience.",2025,https://doi.org/10.1016/j.jneuroim.2025.578591,0.60,0.00,0.00,0.00,0.30,0.10,0.00,0.4,,,,0.3,0.4,,,abstract only
39,41884840,neuromyelitis optica spectrum disorder,MOG antibody-associated disease,Distinct macular structural and microvascular alterations differentiate neuromyelitis optica spectrum disorder from myelin oligodendrocyte glycoprotein antibody-associated disease in optic neuritis.,2026,https://europepmc.org/article/PMC/PMC13010087,0.60,0.00,0.00,0.00,0.00,0.40,0.00,0.3,,,,,0.3,,,abstract only
40,40645758,multiple sclerosis,MOG antibody-associated disease,KFLC-index distinguishes multiple sclerosis from anti-myelin oligodendrocyte glycoprotein and aquaporin 4 diseases in a Chinese cohort.,2025,https://doi.org/10.1136/jnnp-2025-335953,0.00,0.00,0.40,0.00,0.00,0.60,0.00,,,0.3,,,0.3,,,abstract only
41,40645758,multiple sclerosis,neuromyelitis optica spectrum disorder,KFLC-index distinguishes multiple sclerosis from anti-myelin oligodendrocyte glycoprotein and aquaporin 4 diseases in a Chinese cohort.,2025,https://doi.org/10.1136/jnnp-2025-335953,0.00,0.00,0.40,0.00,0.00,0.60,0.00,,,0.3,,,0.3,,,abstract only
42,39072842,myasthenia gravis,Lambert-Eaton myasthenic syndrome,Myasthenia gravis Lambert-Eaton overlap syndrome: Recommended modification for the diagnostic criteria.,2024,https://doi.org/10.1002/mus.28221,0.20,0.00,0.20,0.00,0.00,0.60,0.00,0.7,,0.7,,,0.8,,,abstract only
43,40739619,Guillain-Barre syndrome,chronic inflammatory demyelinating polyneuropathy,An auxiliary diagnostic strategy for distinguishing Guillain-Barré syndrome and chronic inflammatory demyelinating polyneuropathy: combining platelet-to-lymphocyte ratio and cerebrospinal fluid interleukin-8 levels.,2025,https://europepmc.org/article/PMC/PMC12312457,0.00,0.00,0.50,0.00,0.00,0.50,0.00,,,0.4,,,0.4,,,abstract only
44,38011471,Guillain-Barre syndrome,chronic inflammatory demyelinating polyneuropathy,Comparison of ultrasound findings in Guillain-Barre syndrome and chronic inflammatory demyelinating polyneuropathy for differential diagnosis.,2021,https://europepmc.org/article/PMC/PMC8743174,0.60,0.00,0.00,0.00,0.00,0.40,0.00,0.4,,,,,0.5,,,abstract only
45,41360045,Guillain-Barre syndrome,chronic inflammatory demyelinating polyneuropathy,A combined approach of Interleukin-8 and magnetic resonance neurography to differentiate Guillain-Barré syndrome and chronic inflammatory demyelinating polyneuropathy.,2026,https://doi.org/10.1016/j.jns.2025.125675,0.30,0.00,0.50,0.00,0.00,0.20,0.00,0.4,,0.4,,,0.4,,,abstract only
46,39753882,idiopathic pulmonary fibrosis,systemic sclerosis,Common biomarkers of idiopathic pulmonary fibrosis and systemic sclerosis based on WGCNA and machine learning.,2025,https://europepmc.org/article/PMC/PMC11699037,0.00,0.00,0.80,0.00,0.00,0.00,0.20,,,0.7,,,,0.6,,abstract only
47,33859634,idiopathic pulmonary fibrosis,systemic sclerosis,Disparate Interferon Signaling and Shared Aberrant Basaloid Cells in Single-Cell Profiling of Idiopathic Pulmonary Fibrosis and Systemic Sclerosis-Associated Interstitial Lung Disease.,2021,https://europepmc.org/article/PMC/PMC8042271,0.00,0.20,0.80,0.00,0.00,0.00,0.00,,0.3,0.5,,,,,,abstract only
48,37535212,idiopathic pulmonary fibrosis,systemic sclerosis,Real life data on nintedanib safety: idiopathic pulmonary fibrosis versus systemic sclerosis-interstitial lung disease and strategies adopted to manage adverse effects.,2023,https://europepmc.org/article/PMC/PMC10518269,0.20,0.00,0.00,0.60,0.20,0.00,0.00,0.7,,,0.8,0.7,,,,abstract only
49,42667592,sarcoidosis,tuberculosis,Differentiating pulmonary sarcoidosis from pulmonary tuberculosis in clinical practice: Insights from routine blood tests.,2026,https://doi.org/10.1007/s11845-026-04580-z,0.00,0.00,0.40,0.00,0.00,0.60,0.00,,,0.3,,,0.4,,,abstract only
50,12719899,Behcet disease,Crohn disease,Enteroclysis findings of intestinal Behcet disease: a comparative study with Crohn disease.,2003,https://doi.org/10.1007/s00261-002-0036-0,0.80,0.00,0.00,0.00,0.20,0.00,0.00,0.6,,,,0.5,,,,abstract only
51,34691064,Still disease,hemophagocytic lymphohistiocytosis,Usefulness of Interleukin-18 as a Diagnostic Biomarker to Differentiate Adult-Onset Still's Disease With/Without Macrophage Activation Syndrome From Other Secondary Hemophagocytic Lymphohistiocytosis in Adults.,2021,https://europepmc.org/article/PMC/PMC8533049,0.00,0.00,0.70,0.00,0.00,0.30,0.00,,,0.4,,,0.4,,,abstract only
52,36443301,Still disease,macrophage activation syndrome,mTORC1 links pathology in experimental models of Still's disease and macrophage activation syndrome.,2022,https://europepmc.org/article/PMC/PMC9705324,0.00,0.00,1.00,0.00,0.00,0.00,0.00,,,0.8,,,,,,abstract only
53,41321462,hemophagocytic lymphohistiocytosis,sepsis,"Comparison of organ dysfunction patterns in pediatric hemophagocytic lymphohistiocytosis and sepsis: incidence, adverse outcomes, and cluster characteristics.",2025,https://europepmc.org/article/PMC/PMC12657473,0.70,0.00,0.00,0.00,0.30,0.00,0.00,0.7,,,,0.6,,,,abstract only
54,42696153,Kawasaki disease,multisystem inflammatory syndrome in children (MIS-C),Incomplete Kawasaki Disease Versus Non-severe Multisystem Inflammatory Syndrome in Children: Distinguishing Features from Contemporaneous Patients.,2026,https://doi.org/10.1007/s00246-026-04444-4,0.70,0.00,0.00,0.00,0.00,0.30,0.00,0.6,,,,,0.5,,,abstract only
55,41560383,Takayasu arteritis,giant cell arteritis,Distinguishing Takayasu Arteritis and Giant Cell Arteritis Based on Large-Vessel Involvement Patterns.,2026,https://europepmc.org/article/PMC/PMC12880768,0.60,0.00,0.00,0.00,0.00,0.40,0.00,0.5,,,,,0.5,,,abstract only
56,40550099,Takayasu arteritis,giant cell arteritis,"Elevated soluble CD226 in Takayasu arteritis is useful for differentiation from giant cell arteritis, disease activity assessment, and prognosis prediction.",2025,https://europepmc.org/article/PMC/PMC12187342,0.00,0.00,0.60,0.00,0.00,0.40,0.00,,,0.3,,,0.4,,,abstract only
57,39479944,Takayasu arteritis,giant cell arteritis,Comparison and Significance of Contrast-Enhanced Computed Tomographic Findings of Large-Vessel Vasculitis Before and After Treatment: Differences Between Takayasu Arteritis and Giant Cell Arteritis.,2024,https://europepmc.org/article/PMC/PMC11562625,0.70,0.00,0.00,0.00,0.30,0.00,0.00,0.6,,,,0.6,,,,abstract only
58,33068368,hypereosinophilic syndrome,eosinophilic granulomatosis with polyangiitis,A new index for distinguishing hypereosinophilic syndrome and antineutrophil cytoplasmic antibody-negative eosinophilic granulomatosis with polyangiitis.,2023,https://doi.org/10.12932/ap-080420-0805,0.00,0.00,0.50,0.00,0.00,0.50,0.00,,,0.3,,,0.4,,,abstract only
59,40201966,eosinophilic granulomatosis with polyangiitis,asthma,Insights from comparison of serum IgG4 between T2-eosinophilic asthma and eosinophilic granulomatosis with polyangiitis/idiopathic hypereosinophilic syndrome.,2025,https://doi.org/10.55563/clinexprheumatol/3ihc3t,0.30,0.00,0.70,0.00,0.00,0.00,0.00,0.6,,0.6,,,,,,abstract only
60,35129255,IgG4-related disease,primary sclerosing cholangitis,A novel serum metabolomic panel distinguishes IgG4-related sclerosing cholangitis from primary sclerosing cholangitis.,2022,https://europepmc.org/article/PMC/PMC9546203,0.00,0.00,0.70,0.00,0.00,0.30,0.00,,,0.3,,,0.3,,,abstract only
61,39819503,IgG4-related disease,primary sclerosing cholangitis,Epigenetic age acceleration and methylation differences in IgG4-related cholangitis and primary sclerosing cholangitis.,2025,https://europepmc.org/article/PMC/PMC11740490,0.00,0.00,1.00,0.00,0.00,0.00,0.00,,,0.4,,,,,,abstract only
62,35743640,IgG4-related disease,primary sclerosing cholangitis,Clinical Utility of Personalized Serum IgG Subclass Ratios for the Differentiation of IgG4-Related Sclerosing Cholangitis (IgG4-SC) from Primary Sclerosing Cholangitis (PSC) and Cholangiocarcinoma (CCA).,2022,https://europepmc.org/article/PMC/PMC9225113,0.00,0.00,0.70,0.00,0.00,0.30,0.00,,,0.3,,,0.3,,,abstract only
63,35743640,IgG4-related disease,cholangiocarcinoma,Clinical Utility of Personalized Serum IgG Subclass Ratios for the Differentiation of IgG4-Related Sclerosing Cholangitis (IgG4-SC) from Primary Sclerosing Cholangitis (PSC) and Cholangiocarcinoma (CCA).,2022,https://europepmc.org/article/PMC/PMC9225113,0.00,0.00,0.70,0.00,0.00,0.30,0.00,,,0.2,,,0.2,,,abstract only
64,41528476,pulmonary arterial hypertension,chronic thromboembolic pulmonary hypertension,What is the difference between pulmonary arterial hypertension and chronic thromboembolic pulmonary hypertension on phase-resolved functional lung MRI? A cross-sectional observational study.,2026,https://doi.org/10.1007/s00330-025-12271-z,0.60,0.00,0.00,0.00,0.00,0.40,0.00,0.3,,,,,0.3,,,abstract only
65,39139420,pulmonary arterial hypertension,chronic thromboembolic pulmonary hypertension,"Differences in Exercise Capacity, Ventilatory Efficiency, and Gas Exchange between Patients with Pulmonary Arterial Hypertension and Chronic Thromboembolic Pulmonary Hypertension Residing at High Altitude.",2024,https://europepmc.org/article/PMC/PMC11317340,0.70,0.00,0.00,0.00,0.30,0.00,0.00,0.3,,,,0.3,,,,abstract only
66,30673341,lymphangioleiomyomatosis,Birt-Hogg-Dube syndrome,Differentiation Between Lymphangioleiomyomatosis and Birt-Hogg-Dubé Syndrome: Analysis of Pulmonary Cysts on CT Images.,2019,https://doi.org/10.2214/ajr.18.20232,0.60,0.00,0.00,0.00,0.00,0.40,0.00,0.3,,,,,0.3,,,abstract only
67,30888864,Birt-Hogg-Dube syndrome,lymphangioleiomyomatosis,"Isolated Cystic Lung Disease: An Algorithmic Approach to Distinguishing Birt-Hogg-Dubé Syndrome, Lymphangioleiomyomatosis, and Lymphocytic Interstitial Pneumonia.",2019,https://doi.org/10.2214/ajr.18.20920,0.60,0.00,0.00,0.00,0.00,0.40,0.00,0.3,,,,,0.3,,,abstract only
68,30888864,Birt-Hogg-Dube syndrome,lymphocytic interstitial pneumonia,"Isolated Cystic Lung Disease: An Algorithmic Approach to Distinguishing Birt-Hogg-Dubé Syndrome, Lymphangioleiomyomatosis, and Lymphocytic Interstitial Pneumonia.",2019,https://doi.org/10.2214/ajr.18.20920,0.60,0.00,0.00,0.00,0.00,0.40,0.00,0.3,,,,,0.3,,,abstract only
69,30888864,lymphangioleiomyomatosis,lymphocytic interstitial pneumonia,"Isolated Cystic Lung Disease: An Algorithmic Approach to Distinguishing Birt-Hogg-Dubé Syndrome, Lymphangioleiomyomatosis, and Lymphocytic Interstitial Pneumonia.",2019,https://doi.org/10.2214/ajr.18.20920,0.60,0.00,0.00,0.00,0.00,0.40,0.00,0.3,,,,,0.3,,,abstract only
70,29220357,COPD,lymphangioleiomyomatosis,"Difference of the progression of pulmonary cysts assessed by computed tomography among COPD, lymphangioleiomyomatosis, and Birt-Hogg-Dubé syndrome.",2017,https://europepmc.org/article/PMC/PMC5722335,0.70,0.00,0.00,0.00,0.30,0.00,0.00,0.3,,,,0.3,,,,abstract only
71,29220357,COPD,Birt-Hogg-Dube syndrome,"Difference of the progression of pulmonary cysts assessed by computed tomography among COPD, lymphangioleiomyomatosis, and Birt-Hogg-Dubé syndrome.",2017,https://europepmc.org/article/PMC/PMC5722335,0.70,0.00,0.00,0.00,0.30,0.00,0.00,0.3,,,,0.3,,,,abstract only
72,29220357,lymphangioleiomyomatosis,Birt-Hogg-Dube syndrome,"Difference of the progression of pulmonary cysts assessed by computed tomography among COPD, lymphangioleiomyomatosis, and Birt-Hogg-Dubé syndrome.",2017,https://europepmc.org/article/PMC/PMC5722335,0.70,0.00,0.00,0.00,0.30,0.00,0.00,0.4,,,,0.4,,,,abstract only
73,32147744,neurofibromatosis,Legius syndrome,Legius Syndrome and its Relationship with Neurofibromatosis Type 1.,2020,https://europepmc.org/article/PMC/PMC9128993,0.60,0.20,0.00,0.00,0.00,0.20,0.00,0.7,0.6,,,,0.8,,,abstract only
74,26635368,neurofibromatosis,Legius syndrome,"Interaction between a Domain of the Negative Regulator of the Ras-ERK Pathway, SPRED1 Protein, and the GTPase-activating Protein-related Domain of Neurofibromin Is Implicated in Legius Syndrome and Neurofibromatosis Type 1.",2016,https://europepmc.org/article/PMC/PMC4751360,0.00,0.30,0.70,0.00,0.00,0.00,0.00,,0.8,0.8,,,,,,abstract only
75,27155212,Noonan syndrome,Costello syndrome,"Objective studies of the face of Noonan, Cardio-facio-cutaneous, and Costello syndromes: A comparison of three disorders of the Ras/MAPK signaling pathway.",2016,https://doi.org/10.1002/ajmg.a.37736,0.70,0.00,0.00,0.00,0.00,0.30,0.00,0.5,,,,,0.5,,,abstract only
76,27155212,Noonan syndrome,cardiofaciocutaneous syndrome,"Objective studies of the face of Noonan, Cardio-facio-cutaneous, and Costello syndromes: A comparison of three disorders of the Ras/MAPK signaling pathway.",2016,https://doi.org/10.1002/ajmg.a.37736,0.70,0.00,0.00,0.00,0.00,0.30,0.00,0.6,,,,,0.6,,,abstract only
77,27155212,cardiofaciocutaneous syndrome,Costello syndrome,"Objective studies of the face of Noonan, Cardio-facio-cutaneous, and Costello syndromes: A comparison of three disorders of the Ras/MAPK signaling pathway.",2016,https://doi.org/10.1002/ajmg.a.37736,0.70,0.00,0.00,0.00,0.00,0.30,0.00,0.5,,,,,0.5,,,abstract only
78,17704260,cardiofaciocutaneous syndrome,Noonan syndrome,Cardio-facio-cutaneous and Noonan syndromes due to mutations in the RAS/MAPK signalling pathway: genotype-phenotype relationships and overlap with Costello syndrome.,2007,https://europepmc.org/article/PMC/PMC2652823,0.20,0.80,0.00,0.00,0.00,0.00,0.00,0.7,0.6,,,,,,,abstract only
79,17704260,cardiofaciocutaneous syndrome,Costello syndrome,Cardio-facio-cutaneous and Noonan syndromes due to mutations in the RAS/MAPK signalling pathway: genotype-phenotype relationships and overlap with Costello syndrome.,2007,https://europepmc.org/article/PMC/PMC2652823,0.20,0.80,0.00,0.00,0.00,0.00,0.00,0.5,0.6,,,,,,,abstract only
80,34858328,Noonan syndrome,Turner syndrome,GH Responsiveness in Children With Noonan Syndrome Compared to Turner Syndrome.,2021,https://europepmc.org/article/PMC/PMC8631177,0.40,0.00,0.00,0.60,0.00,0.00,0.00,0.7,,,0.4,,,,,abstract only
81,26351466,Noonan syndrome,Turner syndrome,Noonan syndrome and Turner syndrome patients respond similarly to 4 years' growth-hormone therapy: longitudinal analysis of growth-hormone-naïve patients enrolled in the NordiNet® International Outcome Study and the ANSWER Program.,2015,https://europepmc.org/article/PMC/PMC4562101,0.40,0.00,0.00,0.60,0.00,0.00,0.00,0.7,,,0.8,,,,,abstract only
82,28804206,Noonan syndrome,Turner syndrome,Validation of auxological reference values for Japanese children with Noonan syndrome and comparison with growth in children with Turner syndrome.,2017,https://europepmc.org/article/PMC/PMC5537211,0.20,0.00,0.00,0.00,0.80,0.00,0.00,0.7,,,,0.5,,,,abstract only
83,39546055,hereditary hemorrhagic telangiectasia,juvenile polyposis syndrome,Overlap syndrome of hereditary hemorrhagic telangiectasia and juvenile polyposis syndrome: ten years follow-up-case series and review of literature.,2024,https://doi.org/10.1007/s10689-024-00425-9,0.40,0.40,0.00,0.00,0.20,0.00,0.00,0.8,0.8,,,0.6,,,,abstract only
84,35869926,SMAD4 juvenile polyposis-HHT,Myhre syndrome,An additional patient with SMAD4-Juvenile Polyposis-Hereditary hemorrhagic telangiectasia and connective tissue abnormalities: SMAD4 loss-of-function and gain-of-function pathogenic variants result in contrasting phenotypes.,2022,https://doi.org/10.1002/ajmg.a.62915,0.40,0.60,0.00,0.00,0.00,0.00,0.00,0.3,0.2,,,,,,,abstract only
85,40753397,Lynch syndrome,familial adenomatous polyposis,Genome-wide DNA methylation profiles of colorectal tumors in Lynch syndrome and familial adenomatous polyposis.,2025,https://europepmc.org/article/PMC/PMC12317532,0.00,0.20,0.80,0.00,0.00,0.00,0.00,,0.5,0.5,,,,,,abstract only
86,12135043,Lynch syndrome,familial adenomatous polyposis,Challenge in the differentiation between attenuated familial adenomatous polyposis and hereditary nonpolyposis colorectal cancer: case report with review of the literature.,2002,https://doi.org/10.1111/j.1572-0241.2002.05850.x,0.00,0.50,0.00,0.00,0.00,0.50,0.00,,0.6,,,,0.8,,,abstract only
87,39859141,thalassemia,sickle cell disease,Comparison of Asymptomatic Brain Lesions Between Thalassemia Major and Sickle Cell Anemia Patients.,2025,https://europepmc.org/article/PMC/PMC11766708,0.70,0.00,0.00,0.00,0.00,0.00,0.30,0.5,,,,,,0.5,,abstract only
88,40090899,thalassemia,sickle cell disease,Comparative analysis of mortality patterns and treatment strategies in thalassaemia and sickle cell disease patients: A 12-year study.,2025,https://doi.org/10.1111/bjh.20043,0.00,0.00,0.00,0.40,0.60,0.00,0.00,,,,0.5,0.5,,,,abstract only
89,11939256,aplastic anemia,paroxysmal nocturnal hemoglobinuria,Relationship between aplastic anemia and paroxysmal nocturnal hemoglobinuria.,2002,https://doi.org/10.1007/bf02982015,0.00,0.00,0.50,0.00,0.00,0.00,0.50,,,0.8,,,,0.8,,abstract only
90,14651743,paroxysmal nocturnal hemoglobinuria,aplastic anemia,Stem cells in paroxysmal nocturnal haemoglobinuria and aplastic anaemia: increasing evidence for overlap of haemopoietic defect.,2003,https://doi.org/10.1111/j.1365-3148.2003.00465.x,0.00,0.20,0.40,0.00,0.00,0.00,0.40,,0.8,0.8,,,,0.8,,abstract only
91,42260206,aplastic anemia,paroxysmal nocturnal hemoglobinuria,Immunological links between aplastic anemia and paroxysmal nocturnal hemoglobinuria.,2026,https://doi.org/10.1007/s12185-026-04236-9,0.00,0.00,0.60,0.20,0.00,0.00,0.20,,,0.9,0.8,,,0.8,,abstract only
92,31730685,atypical hemolytic uremic syndrome,thrombotic thrombocytopenic purpura,Prognostic utility of ADAMTS13 activity for the atypical hemolytic uremic syndrome (aHUS) and comparison of complement serology between aHUS and thrombotic thrombocytopenic purpura.,2019,https://europepmc.org/article/PMC/PMC6779945,0.00,0.00,0.70,0.00,0.00,0.30,0.00,,,0.3,,,0.2,,,abstract only
93,23739653,atypical hemolytic uremic syndrome,thrombotic thrombocytopenic purpura,Atypical hemolytic uremic syndrome and thrombotic thrombocytopenic purpura: clinically differentiating the thrombotic microangiopathies.,2013,https://doi.org/10.1016/j.ejim.2013.05.007,0.40,0.00,0.30,0.00,0.00,0.30,0.00,0.3,,0.2,,,0.2,,,abstract only
94,26386489,thrombotic thrombocytopenic purpura,atypical hemolytic uremic syndrome,The complex differential diagnosis between thrombotic thrombocytopenic purpura and the atypical hemolytic uremic syndrome: Laboratory weapons and their impact on treatment choice and monitoring.,2015,https://doi.org/10.1016/j.thromres.2015.09.007,0.30,0.00,0.40,0.00,0.00,0.30,0.00,0.3,,0.3,,,0.3,,,abstract only
95,36091172,Fanconi anemia,dyskeratosis congenita,Fanconi anemia and dyskeratosis congenita/telomere biology disorders: Two inherited bone marrow failure syndromes with genomic instability.,2022,https://europepmc.org/article/PMC/PMC9453478,0.30,0.30,0.40,0.00,0.00,0.00,0.00,0.6,0.4,0.5,,,,,,abstract only
96,41088272,Fanconi anemia,dyskeratosis congenita,Ending diagnostic odyssey by reanalysis of whole exome sequencing data: reclassification of suspected Fanconi anemia cases to dyskeratosis congenita and Diamond-Blackfan anemia.,2025,https://europepmc.org/article/PMC/PMC12522949,0.30,0.70,0.00,0.00,0.00,0.00,0.00,0.6,0.5,,,,,,,abstract only
97,41088272,Fanconi anemia,Diamond-Blackfan anemia,Ending diagnostic odyssey by reanalysis of whole exome sequencing data: reclassification of suspected Fanconi anemia cases to dyskeratosis congenita and Diamond-Blackfan anemia.,2025,https://europepmc.org/article/PMC/PMC12522949,0.30,0.70,0.00,0.00,0.00,0.00,0.00,0.5,0.5,,,,,,,abstract only
98,31931849,Pompe disease,limb-girdle muscular dystrophy,The Latin American experience with a next generation sequencing genetic panel for recessive limb-girdle muscular weakness and Pompe disease.,2020,https://europepmc.org/article/PMC/PMC6958675,0.00,0.60,0.00,0.00,0.00,0.40,0.00,,0.3,,,,0.6,,,abstract only
99,39678382,limb-girdle muscular dystrophy,Pompe disease,Detection of gene variants associated with recessive limb-girdle muscular weakness and Pompe disease in a global cohort of patients through the application of next-generation sequencing analysis.,2024,https://europepmc.org/article/PMC/PMC11638199,0.00,0.60,0.00,0.00,0.00,0.40,0.00,,0.3,,,,0.6,,,abstract only
100,29742245,Pompe disease,limb-girdle muscular dystrophy,Late-onset Pompe disease: what is the prevalence of limb-girdle muscular weakness presentation?,2018,https://doi.org/10.1590/0004-282x20180018,0.00,0.00,0.00,0.00,0.40,0.60,0.00,,,,,0.3,0.6,,,abstract only
101,12039660,ataxia with vitamin E deficiency,Friedreich ataxia,Clinical comparison between AVED patients with 744 del A mutation and Friedreich ataxia with GAA expansion in 15 Moroccan families.,2002,https://doi.org/10.1016/s0022-510x(02)00057-6,0.70,0.30,0.00,0.00,0.00,0.00,0.00,0.5,0.2,,,,,,,abstract only
102,8252047,Friedreich ataxia,ataxia with vitamin E deficiency,Localization of Friedreich ataxia phenotype with selective vitamin E deficiency to chromosome 8q by homozygosity mapping.,1993,https://doi.org/10.1038/ng1093-195,0.50,0.50,0.00,0.00,0.00,0.00,0.00,0.9,0.1,,,,,,,abstract only
103,37070132,spinal muscular atrophy,amyotrophic lateral sclerosis,Comparison of neurofilament light and heavy chain in spinal muscular atrophy and amyotrophic lateral sclerosis: A pilot study.,2023,https://europepmc.org/article/PMC/PMC10175988,0.00,0.00,0.60,0.00,0.00,0.40,0.00,,,0.5,,,0.4,,,abstract only
104,30518112,amyotrophic lateral sclerosis,spinal muscular atrophy,Multi-Study Proteomic and Bioinformatic Identification of Molecular Overlap between Amyotrophic Lateral Sclerosis (ALS) and Spinal Muscular Atrophy (SMA).,2018,https://europepmc.org/article/PMC/PMC6315439,0.00,0.00,1.00,0.00,0.00,0.00,0.00,,,0.7,,,,,,abstract only
105,29313812,spinal muscular atrophy,amyotrophic lateral sclerosis,Pathogenic commonalities between spinal muscular atrophy and amyotrophic lateral sclerosis: Converging roads to therapeutic development.,2018,https://doi.org/10.1016/j.ejmg.2017.12.001,0.00,0.30,0.70,0.00,0.00,0.00,0.00,,0.3,0.8,,,,,,abstract only
106,28522988,Charcot-Marie-Tooth disease,chronic inflammatory demyelinating polyneuropathy,Multiple Sites Ultrasonography of Peripheral Nerves in Differentiating Charcot-Marie-Tooth Type 1A from Chronic Inflammatory Demyelinating Polyradiculoneuropathy.,2017,https://europepmc.org/article/PMC/PMC5415572,0.40,0.00,0.00,0.00,0.00,0.60,0.00,0.3,,,,,0.3,,,abstract only
107,36608530,Charcot-Marie-Tooth disease,chronic inflammatory demyelinating polyneuropathy,Compound muscle action potential duration ratio for differentiation between Charcot-Marie-Tooth disease and CIDP.,2023,https://doi.org/10.1016/j.clinph.2022.12.004,0.40,0.00,0.00,0.00,0.00,0.60,0.00,0.3,,,,,0.3,,,abstract only
108,38583391,Charcot-Marie-Tooth disease,chronic inflammatory demyelinating polyneuropathy,Diagnostic value of lower extremity ultrasonographic nerve enlargement for differentiating demyelinating Charcot-Marie-Tooth disease from chronic inflammatory demyelinating polyneuropathy.,2024,https://doi.org/10.1016/j.jns.2024.122995,0.40,0.00,0.00,0.00,0.00,0.60,0.00,0.3,,,,,0.3,,,abstract only
109,29558884,Lennox-Gastaut syndrome,Dravet syndrome,Few individuals with Lennox-Gastaut syndrome have autism spectrum disorder: a comparison with Dravet syndrome.,2018,https://europepmc.org/article/PMC/PMC5859706,0.50,0.00,0.00,0.00,0.00,0.00,0.50,0.4,,,,,,0.3,,abstract only
110,39741657,Lennox-Gastaut syndrome,Dravet syndrome,Cost-Utility Analysis of Add-on Cannabidiol vs Usual Care Alone for the Treatment of Seizures in Patients With Treatment-Resistant Lennox-Gastaut Syndrome or Dravet Syndrome in the Netherlands.,2024,https://europepmc.org/article/PMC/PMC11686597,0.00,0.00,0.00,1.00,0.00,0.00,0.00,,,,0.8,,,,,abstract only
111,28186331,Dravet syndrome,Lennox-Gastaut syndrome,Adult motor phenotype differentiates Dravet syndrome from Lennox-Gastaut syndrome and links SCN1A to early onset parkinsonian features.,2017,https://doi.org/10.1111/epi.13692,0.50,0.00,0.00,0.00,0.00,0.50,0.00,0.3,,,,,0.4,,,abstract only
112,40987445,narcolepsy,idiopathic hypersomnia,Dynamic Functional Network Connectivity Patterns Distinguish Neurobiological Substrates of Narcolepsy Type 1 and Idiopathic Hypersomnia: Potential Biomarkers From Resting-State fMRI.,2026,https://doi.org/10.1111/jsr.70209,0.00,0.00,0.50,0.00,0.00,0.50,0.00,,,0.3,,,0.3,,,abstract only
113,39609258,narcolepsy,idiopathic hypersomnia,Can EEG spectral analysis distinguish children with narcolepsy from those with idiopathic hypersomnia and subjective sleepiness?,2025,https://doi.org/10.1111/jsr.14428,0.00,0.00,0.40,0.00,0.00,0.60,0.00,,,0.4,,,0.4,,,abstract only
114,32569350,Brugada syndrome,long QT syndrome,"E1784K, the most common Brugada syndrome and long-QT syndrome type 3 mutant, disrupts sodium channel inactivation through two separate mechanisms.",2020,https://europepmc.org/article/PMC/PMC7478868,0.00,0.50,0.50,0.00,0.00,0.00,0.00,,0.9,0.8,,,,,,abstract only
115,33576403,long QT syndrome,Brugada syndrome,Tbx5 variants disrupt Nav1.5 function differently in patients diagnosed with Brugada or Long QT Syndrome.,2022,https://doi.org/10.1093/cvr/cvab045,0.00,0.50,0.50,0.00,0.00,0.00,0.00,,0.4,0.3,,,,,,abstract only
116,36007726,long QT syndrome,Brugada syndrome,Disrupted CaV1.2 selectivity causes overlapping long QT and Brugada syndrome phenotypes in the CACNA1C-E1115K iPS cell model.,2023,https://doi.org/10.1016/j.hrthm.2022.08.021,0.20,0.40,0.40,0.00,0.00,0.00,0.00,0.8,0.9,0.7,,,,,,abstract only
117,37489866,Brugada syndrome,long QT syndrome,Secular trends of health care resource utilization and costs between Brugada syndrome and congenital long QT syndrome: A territory-wide study.,2023,https://europepmc.org/article/PMC/PMC10577540,0.00,0.00,0.00,0.00,1.00,0.00,0.00,,,,,0.4,,,,abstract only
118,40273901,cardiac sarcoidosis,arrhythmogenic right ventricular cardiomyopathy,Differentiating Cardiac Sarcoidosis from Arrhythmogenic Right Ventricular Cardiomyopathy: A Systematic Review.,2025,https://europepmc.org/article/PMC/PMC12105856,0.50,0.00,0.00,0.00,0.00,0.50,0.00,0.5,,,,,0.5,,,abstract only
119,30386667,eosinophilic esophagitis,gastro-oesophageal reflux disease,Gastro-oesophageal reflux disease and eosinophilic oesophagitis: What is the relationship?,2018,https://europepmc.org/article/PMC/PMC6209579,0.30,0.00,0.30,0.00,0.00,0.40,0.00,0.6,,0.5,,,0.7,,,abstract only
120,31852111,Crohn disease,primary intestinal lymphoma,Serum proteome profiles to differentiate Crohn disease from intestinal tuberculosis and primary intestinal lymphoma: A pilot study.,2019,https://europepmc.org/article/PMC/PMC6922555,0.00,0.00,0.60,0.00,0.00,0.40,0.00,,,0.3,,,0.3,,,abstract only
121,41717885,bullous pemphigoid,pemphigus vulgaris,A Specific Signature of Circulating Free Fatty Acid Discriminates Bullous Pemphigoid From Pemphigus Vulgaris and Healthy Controls.,2026,https://europepmc.org/article/PMC/PMC12921840,0.00,0.00,0.80,0.00,0.00,0.20,0.00,,,0.3,,,0.3,,,abstract only
122,37260420,bullous pemphigoid,pemphigus vulgaris,Divergent in situ expression of IL-31 and IL-31RA between bullous pemphigoid and pemphigus vulgaris.,2023,https://doi.org/10.1111/exd.14842,0.20,0.00,0.80,0.00,0.00,0.00,0.00,0.2,,0.2,,,,,,abstract only
123,38185033,pemphigus vulgaris,bullous pemphigoid,Comparison of gut microbiota dysbiosis between pemphigus vulgaris and bullous pemphigoid.,2024,https://doi.org/10.1016/j.intimp.2023.111470,0.00,0.00,1.00,0.00,0.00,0.00,0.00,,,0.5,,,,,,abstract only
124,39916647,polymyositis,dermatomyositis,Metabolomic Analysis of Serum Reveals a Unique Metabolomic Profile in Patients With Myositis and Identified Several Potential Biomarkers in Polymyositis Versus Dermatomyositis Patients.,2025,https://doi.org/10.1002/bmc.70011,0.00,0.00,1.00,0.00,0.00,0.00,0.00,,,0.6,,,,,,abstract only
125,26466692,hereditary angioedema,ACE-inhibitor-induced angioedema,Angiotensin-converting enzyme inhibitor-induced angioedema and hereditary angioedema: a comparison study of attack severity.,2015,https://doi.org/10.2169/internalmedicine.54.4181,0.80,0.00,0.00,0.00,0.00,0.20,0.00,0.4,,,,,0.5,,,abstract only
126,35923707,ACE-inhibitor-induced angioedema,hereditary angioedema,Molecular Genetic Screening in Patients With ACE Inhibitor/Angiotensin Receptor Blocker-Induced Angioedema to Explore the Role of Hereditary Angioedema Genes.,2022,https://europepmc.org/article/PMC/PMC9339951,0.00,0.60,0.40,0.00,0.00,0.00,0.00,,0.3,0.7,,,,,,abstract only
127,34423426,Erdheim-Chester disease,Langerhans cell histiocytosis,"Pulmonary manifestations of Erdheim-Chester disease: clinical characteristics, outcomes and comparison with Langerhans cell histiocytosis.",2021,https://doi.org/10.1111/bjh.17712,0.80,0.00,0.00,0.00,0.20,0.00,0.00,0.4,,,,0.4,,,,abstract only
128,41288639,Castleman disease,IgG4-related disease,"Clinicopathological features differentiating Castleman Disease from IgG4-related ophthalmic disease, a 10 years retrospective study.",2025,https://europepmc.org/article/PMC/PMC12707412,0.60,0.00,0.00,0.00,0.00,0.40,0.00,0.4,,,,,0.5,,,abstract only
129,39751922,IgG4-related disease,Castleman disease,Clinical and Radiologic Differences in Lung Involvement Between IgG4-Related Disease and Plasma Cell-Type Idiopathic Multicentric Castleman Disease.,2025,https://doi.org/10.1007/s00408-024-00782-3,0.60,0.00,0.00,0.00,0.00,0.40,0.00,0.4,,,,,0.5,,,abstract only
130,38378248,Castleman disease,IgG4-related disease,Diagnostic challenges of the idiopathic plasmacytic lymphadenopathy (IPL) subtype of idiopathic multicentric Castleman disease (iMCD): Factors to differentiate from IgG4-related disease.,2025,https://europepmc.org/article/PMC/PMC11333731,0.40,0.00,0.00,0.00,0.00,0.60,0.00,0.6,,,,,0.7,,,abstract only
131,28547963,thin basement membrane nephropathy,Alport syndrome,Difficulties in differentiating thin basement membrane disease from Alport syndrome.,2016,https://doi.org/10.5114/pjp.2016.65869,0.50,0.00,0.00,0.00,0.00,0.50,0.00,0.6,,,,,0.7,,,abstract only
132,24470729,Alport syndrome,thin basement membrane nephropathy,"X-linked, COL4A5 hypomorphic Alport mutations such as G624D and P628L may only exhibit thin basement membrane nephropathy with microhematuria and late onset kidney failure.",2013,https://europepmc.org/article/PMC/PMC3872455,0.40,0.60,0.00,0.00,0.00,0.00,0.00,0.6,0.6,,,,,,,abstract only
133,8005596,autosomal recessive polycystic kidney disease,autosomal dominant polycystic kidney disease,Autosomal recessive polycystic kidney disease does not map to the second gene locus for autosomal dominant polycystic kidney disease on chromosome 4.,1994,https://doi.org/10.1007/bf00201574,0.00,1.00,0.00,0.00,0.00,0.00,0.00,,0.1,,,,,,,abstract only
134,37654703,Usher syndrome,retinitis pigmentosa,USH2A variants causing retinitis pigmentosa or Usher syndrome provoke differential retinal phenotypes in disease-specific organoids.,2023,https://europepmc.org/article/PMC/PMC10465966,0.50,0.50,0.00,0.00,0.00,0.00,0.00,0.5,0.7,,,,,,,abstract only
135,33124170,Usher syndrome,retinitis pigmentosa,Correlation between Genotype and Phenotype in 69 Chinese Patients with USH2A Mutations: A comparative study of the patients with Usher Syndrome and Nonsyndromic Retinitis Pigmentosa.,2021,https://doi.org/10.1111/aos.14626,0.50,0.50,0.00,0.00,0.00,0.00,0.00,0.5,0.7,,,,,,,abstract only
136,41357352,Leber hereditary optic neuropathy,autosomal dominant optic atrophy,"Serum neuronal, glial and mitochondrial markers in autosomal dominant optic atrophy and Leber hereditary optic neuropathy.",2025,https://europepmc.org/article/PMC/PMC12675427,0.40,0.00,0.60,0.00,0.00,0.00,0.00,0.5,,0.6,,,,,,abstract only
137,21203403,Leber hereditary optic neuropathy,autosomal dominant optic atrophy,Variation in OPA1 does not explain the incomplete penetrance of Leber hereditary optic neuropathy.,2010,https://europepmc.org/article/PMC/PMC3012648,0.00,1.00,0.00,0.00,0.00,0.00,0.00,,0.2,,,,,,,abstract only
138,39449532,Stargardt disease,age-related macular degeneration,A comparative study of choroidal structural features in eyes with central macular atrophy related to Stargardt disease and non-exudative age-related macular degeneration.,2024,https://europepmc.org/article/PMC/PMC11670834,0.70,0.00,0.00,0.00,0.00,0.30,0.00,0.4,,,,,0.3,,,abstract only
139,28288486,age-related macular degeneration,Stargardt disease,Differential Disease Progression in Atrophic Age-Related Macular Degeneration and Late-Onset Stargardt Disease.,2017,https://doi.org/10.1167/iovs.16-20980,0.60,0.00,0.00,0.00,0.40,0.00,0.00,0.3,,,,0.3,,,,abstract only
140,35048199,age-related macular degeneration,Stargardt disease,Choroidal vascularity index in eyes with central macular atrophy secondary to age-related macular degeneration and Stargardt disease.,2022,https://doi.org/10.1007/s00417-021-05337-3,0.50,0.00,0.50,0.00,0.00,0.00,0.00,0.4,,0.4,,,,,,abstract only
141,29476423,Hutchinson-Gilford progeria syndrome,Werner syndrome,Differential stem cell aging kinetics in Hutchinson-Gilford progeria syndrome and Werner syndrome.,2018,https://europepmc.org/article/PMC/PMC5876188,0.00,0.20,0.80,0.00,0.00,0.00,0.00,,0.2,0.4,,,,,,abstract only
142,40595720,Alzheimer disease,Alzheimer disease,Proteomic analysis of Down syndrome cerebrospinal fluid compared to late-onset and autosomal dominant Alzheimer´s disease.,2025,https://europepmc.org/article/PMC/PMC12214755,0.00,0.00,1.00,0.00,0.00,0.00,0.00,,,0.6,,,,,same canonical name for both diseases (check pair),abstract only
143,42496102,fragile X syndrome,autism spectrum disorder,Unraveling the Individualized Shared and Distinct Dynamic Functional Connectivity in Idiopathic Autism Spectrum Disorder and Fragile X Syndrome.,2026,https://europepmc.org/article/PMC/PMC13398155,0.60,0.00,0.40,0.00,0.00,0.00,0.00,0.6,,0.5,,,,,,abstract only
144,42038228,fragile X syndrome,autism spectrum disorder,Commonalities and differences in the microbiota-metabolism-immune axis dysregulation patterns between fragile X syndrome and autism spectrum disorder.,2026,https://europepmc.org/article/PMC/PMC13106146,0.20,0.00,0.80,0.00,0.00,0.00,0.00,0.5,,0.5,,,,,,abstract only
145,42210557,fragile X syndrome,autism spectrum disorder,Capturing Phenotypic Heterogeneity in Differentiated Sensory Processing Profiles: Non-Syndromic Autism and Fragile X Syndrome.,2026,https://europepmc.org/article/PMC/PMC13287501,1.00,0.00,0.00,0.00,0.00,0.00,0.00,0.6,,,,,,,,abstract only
146,39614621,22q11.2 deletion syndrome,schizophrenia,Real-Life Functioning in 22q11.2 Deletion Syndrome in Relation to Neurocognitive Abilities and Psychotic Symptoms: A Comparison With Idiopathic Schizophrenia.,2025,https://europepmc.org/article/PMC/PMC11791388,0.70,0.00,0.00,0.00,0.00,0.00,0.30,0.6,,,,,,0.6,,abstract only
147,35075501,22q11.2 deletion syndrome,schizophrenia,Downregulation of miR-185 is a common pathogenic event in 22q11.2 deletion syndrome-related and idiopathic schizophrenia.,2022,https://doi.org/10.1007/s11011-022-00918-5,0.00,0.40,0.60,0.00,0.00,0.00,0.00,,0.8,0.7,,,,,,abstract only
148,41937202,22q11.2 deletion syndrome,schizophrenia,Hippocampal transcriptome profiling in a 22q11.2 deletion syndrome mouse model: comparison with human schizophrenia.,2026,https://europepmc.org/article/PMC/PMC13188264,0.00,0.30,0.70,0.00,0.00,0.00,0.00,,0.7,0.5,,,,,,abstract only
149,42730787,progressive supranuclear palsy,Parkinson disease,Axial-tremor imbalance as a clinical marker for distinguishing progressive supranuclear palsy from Parkinson's disease.,2026,https://doi.org/10.1007/s10072-026-09391-9,0.50,0.00,0.00,0.00,0.00,0.50,0.00,0.3,,,,,0.4,,,abstract only
150,42698292,Parkinson disease,progressive supranuclear palsy,Unveiling the Distinctive Brain Functional Dynamics Between Parkinson's Disease and Progressive Supranuclear Palsy.,2026,https://europepmc.org/article/PMC/PMC13545542,0.00,0.00,0.50,0.00,0.00,0.50,0.00,,,0.3,,,0.3,,,abstract only
151,42673764,multiple system atrophy,Parkinson disease,Plasma neurofilament light for early differentiation of multiple system atrophy from Parkinson disease.,2026,https://europepmc.org/article/PMC/PMC13560527,0.00,0.00,0.40,0.00,0.00,0.60,0.00,,,0.3,,,0.3,,,abstract only
152,41853966,Parkinson disease,multiple system atrophy,Diagnostic Value of Glycocalyx Shedding in Blood for Differentiating between Parkinson's Disease and Multiple System Atrophy.,2026,https://europepmc.org/article/PMC/PMC13518267,0.00,0.00,0.60,0.00,0.00,0.40,0.00,,,0.4,,,0.3,,,abstract only
153,42742667,Parkinson disease,multiple system atrophy,Sleep-Autonomic Interactions in Parkinson's Disease and Multiple System Atrophy: A Comparative Study Using Structural Equation Modeling.,2026,https://europepmc.org/article/PMC/PMC13577035,0.60,0.00,0.00,0.00,0.40,0.00,0.00,0.5,,,,0.3,,,,abstract only
154,40282991,progressive supranuclear palsy,corticobasal syndrome,Differentiating Progressive Supranuclear Palsy and Corticobasal Syndrome: Insights from Cerebrospinal Fluid Biomarkers-A Narrative Review.,2025,https://europepmc.org/article/PMC/PMC12028812,0.00,0.00,0.40,0.00,0.00,0.60,0.00,,,0.5,,,0.7,,,abstract only
155,25559883,Creutzfeldt-Jakob disease,Alzheimer disease,Association of cerebrospinal fluid prion protein levels and the distinction between Alzheimer disease and Creutzfeldt-Jakob disease.,2015,https://doi.org/10.1001/jamaneurol.2014.4068,0.00,0.00,0.40,0.00,0.00,0.60,0.00,,,0.3,,,0.3,,,abstract only
156,42330197,amyloidosis,amyloidosis,Pre-Amyloidosis Red-Flag Clinical Diagnoses in Light Chain (AL) Versus Age-Related Transthyretin (ATTRwt) Amyloidosis: Electronic Health Record-Based Descriptive Study.,2026,https://europepmc.org/article/PMC/PMC13286071,1.00,0.00,0.00,0.00,0.00,0.00,0.00,0.3,,,,,,,same canonical name for both diseases (check pair),abstract only
157,40902955,amyloidosis,amyloidosis,Echocardiographic Phenotypic Differences Between Light-Chain and Transthyretin Cardiac Amyloid and Relation to Outcome.,2025,https://doi.org/10.1016/j.echo.2025.08.017,1.00,0.00,0.00,0.00,0.00,0.00,0.00,0.3,,,,,,,same canonical name for both diseases (check pair),abstract only
158,42403461,sitosterolemia,familial hypercholesterolemia,Sitosterolemia misdiagnosed as homozygous familial hypercholesterolemia: A diagnostic challenge.,2026,https://europepmc.org/article/PMC/PMC13329572,0.30,0.20,0.00,0.00,0.00,0.50,0.00,0.7,0.2,,,,0.7,,,abstract only
159,38707657,sitosterolemia,familial hypercholesterolemia,Two Cases of Sitosterolemia Falsely Diagnosed as Familial Hypercholesterolemia: Could Digging Deeper Have Avoided Harm?,2024,https://europepmc.org/article/PMC/PMC11066937,0.20,0.20,0.00,0.00,0.00,0.60,0.00,0.7,0.2,,,,0.7,,,abstract only
160,21395678,maturity-onset diabetes of the young,diabetes mellitus,Islet autoantibodies can discriminate maturity-onset diabetes of the young (MODY) from Type 1 diabetes.,2011,https://doi.org/10.1111/j.1464-5491.2011.03287.x,0.00,0.00,0.40,0.00,0.00,0.60,0.00,,,0.2,,,0.3,,,abstract only
161,25792383,maturity-onset diabetes of the young,diabetes mellitus,Urinary C-Peptide/Creatinine Ratio Can Distinguish Maturity-Onset Diabetes of the Young from Type 1 Diabetes in Children and Adolescents: A Single-Center Experience.,2015,https://doi.org/10.1159/000375410,0.00,0.00,0.40,0.00,0.00,0.60,0.00,,,0.2,,,0.3,,,abstract only
162,31092478,maturity-onset diabetes of the young,diabetes mellitus,"Iatrogenic Hyperinsulinemia, Not Hyperglycemia, Drives Insulin Resistance in Type 1 Diabetes as Revealed by Comparison With GCK-MODY (MODY2).",2019,https://europepmc.org/article/PMC/PMC6692813,0.00,0.00,1.00,0.00,0.00,0.00,0.00,,,0.3,,,,,,abstract only
163,38795844,congenital adrenal hyperplasia,polycystic ovary syndrome,A comparison of obstetric and neonatal outcomes in polycystic ovary syndrome and congenital adrenal hyperplasia: a retrospective analysis of a population database.,2024,https://doi.org/10.1016/j.xfss.2024.05.001,0.50,0.00,0.00,0.00,0.50,0.00,0.00,0.5,,,,0.4,,,,abstract only
164,37021471,alpha-1 antitrypsin deficiency,COPD,Comparison among populations with severe and intermediate alpha1-antitrypsin deficiency and chronic obstructive pulmonary disease.,2024,https://doi.org/10.23736/s0026-4806.22.08266-0,0.60,0.00,0.00,0.00,0.40,0.00,0.00,0.5,,,,0.4,,,,abstract only
165,42232869,alpha-1 antitrypsin deficiency,COPD,"The Relationship Between Gas Transfer Measurements, Lung Volumes, and Spirometric Indices in Alpha-1 Antitrypsin Deficiency and Non-AATD COPD: A Systematic Review.",2026,https://europepmc.org/article/PMC/PMC13225003,0.80,0.00,0.00,0.00,0.00,0.20,0.00,0.6,,,,,0.5,,,abstract only
166,37927073,hypophosphatasia,X-linked hypophosphatemia,Diagnostic and New Therapeutic Approaches to Two Challenging Pediatric Metabolic Bone Disorders: Hypophosphatasia and X-linked Hypophosphatemic Rickets.,2024,https://doi.org/10.2174/0115733963206838231031102750,0.30,0.00,0.00,0.30,0.00,0.40,0.00,0.5,,,0.3,,0.5,,,abstract only
167,40387880,X-linked hypophosphatemia,hypophosphatasia,Inadequate pediatric reference ranges impede the diagnosis of X-linked hypophosphatemia and hypophosphatasia in Austria.,2025,https://europepmc.org/article/PMC/PMC12712075,0.00,0.00,0.00,0.00,0.00,1.00,0.00,,,,,,0.3,,,abstract only
168,16355813,achondroplasia,hypochondroplasia,"Comparison of clinical, radiological and molecular findings in Korean infants and children with achondroplasia and hypochondroplasia.",2005,https://doi.org/10.1515/jpem.2005.18.10.999,0.50,0.50,0.00,0.00,0.00,0.00,0.00,0.6,0.7,,,,,,,abstract only
169,12733711,achondroplasia,hypochondroplasia,The comparison of the effects of short-term growth hormone treatment in patients with achondroplasia and with hypochondroplasia.,2003,https://doi.org/10.1507/endocrj.50.69,0.00,0.00,0.00,1.00,0.00,0.00,0.00,,,,0.7,,,,,abstract only
170,7702086,achondroplasia,hypochondroplasia,A common FGFR3 gene mutation is present in achondroplasia but not in hypochondroplasia.,1995,https://doi.org/10.1002/ajmg.1320550132,0.00,1.00,0.00,0.00,0.00,0.00,0.00,,0.3,,,,,,,abstract only
171,9055906,achondroplasia,hypochondroplasia,"Common mutations in the gene encoding fibroblast growth factor receptor 3 account for achondroplasia, hypochondroplasia and thanatophoric dysplasia.",1996,https://doi.org/10.1111/j.1651-2227.1996.tb14291.x,0.00,1.00,0.00,0.00,0.00,0.00,0.00,,0.5,,,,,,,abstract only
172,39265269,CADASIL,multiple sclerosis,Comparing the imaging characteristics of middle-aged patients with multiple sclerosis and CADASIL: A retrospective cross-sectional study.,2024,https://doi.org/10.1016/j.msard.2024.105856,0.60,0.00,0.00,0.00,0.00,0.40,0.00,0.4,,,,,0.5,,,abstract only
173,42249339,CADASIL,multiple sclerosis,Inflammatory CADASIL: the cross-link between CADASIL and multiple sclerosis: a report of two cases and systematic review of the literature.,2026,https://europepmc.org/article/PMC/PMC13245051,0.00,0.00,0.00,0.00,0.00,0.60,0.40,,,,,,0.7,0.4,,abstract only
174,33013620,CADASIL,multiple sclerosis,CADASIL vs. Multiple Sclerosis: Is It Misdiagnosis or Concomitant? A Case Series.,2020,https://europepmc.org/article/PMC/PMC7500095,0.00,0.00,0.00,0.00,0.00,0.60,0.40,,,,,,0.7,0.4,,abstract only
175,29921486,MELAS,acute ischemic stroke,"Comparison of magnetic resonance spectroscopy (MRS) with arterial spin labeling (ASL) in the differentiation between mitochondrial encephalomyopathy, lactic Acidosis, plus stroke-like episodes (MELAS) and acute ischemic stroke (AIS).",2018,https://doi.org/10.1016/j.jocn.2018.06.015,0.00,0.00,0.50,0.00,0.00,0.50,0.00,,,0.2,,,0.3,,,abstract only
176,39367621,neuronal intranuclear inclusion disease,MELAS,Stroke-like episodes in patients with adult-onset neuronal intranuclear inclusion disease and patients with late-onset MELAS: A comparative study.,2024,https://europepmc.org/article/PMC/PMC11651200,0.70,0.00,0.00,0.00,0.00,0.30,0.00,0.5,,,,,0.6,,,abstract only
177,34137074,X-linked adrenoleukodystrophy,multiple sclerosis,Concurrent axon and myelin destruction differentiates X-linked adrenoleukodystrophy from multiple sclerosis.,2021,https://doi.org/10.1002/glia.24042,0.00,0.00,1.00,0.00,0.00,0.00,0.00,,,0.2,,,,,,abstract only
178,31452685,X-linked adrenoleukodystrophy,multiple sclerosis,B cell depletion can be effective in multiple sclerosis but failed in a patient with advanced childhood cerebral X-linked adrenoleukodystrophy.,2019,https://europepmc.org/article/PMC/PMC6696829,0.00,0.00,0.40,0.60,0.00,0.00,0.00,,,0.7,0.2,,,,,abstract only
179,33564404,Bartter syndrome,Gitelman syndrome,"Differential diagnosis of perinatal Bartter, Bartter and Gitelman syndromes.",2021,https://europepmc.org/article/PMC/PMC7857843,0.50,0.00,0.00,0.00,0.00,0.50,0.00,0.6,,,,,0.6,,,abstract only
180,35148746,primary aldosteronism,Gitelman syndrome,"Different roles of the RAAS affect bone metabolism in patients with primary aldosteronism, Gitelman syndrome and Bartter syndrome.",2022,https://europepmc.org/article/PMC/PMC8840772,0.20,0.00,0.80,0.00,0.00,0.00,0.00,0.3,,0.3,,,,,,abstract only
181,35148746,primary aldosteronism,Bartter syndrome,"Different roles of the RAAS affect bone metabolism in patients with primary aldosteronism, Gitelman syndrome and Bartter syndrome.",2022,https://europepmc.org/article/PMC/PMC8840772,0.20,0.00,0.80,0.00,0.00,0.00,0.00,0.3,,0.3,,,,,,abstract only
182,35148746,Bartter syndrome,Gitelman syndrome,"Different roles of the RAAS affect bone metabolism in patients with primary aldosteronism, Gitelman syndrome and Bartter syndrome.",2022,https://europepmc.org/article/PMC/PMC8840772,0.20,0.00,0.80,0.00,0.00,0.00,0.00,0.5,,0.6,,,,,,abstract only
183,40961460,primary lateral sclerosis,hereditary spastic paraplegia,"Serum NfL, but not GFAP, differentiates primary lateral sclerosis from adrenomyeloneuropathy and hereditary spastic paraplegia type 4.",2026,https://doi.org/10.1080/21678421.2025.2557936,0.00,0.00,0.40,0.00,0.00,0.60,0.00,,,0.3,,,0.5,,,abstract only
184,38687249,primary lateral sclerosis,hereditary spastic paraplegia,Upper motor neuron signs in primary lateral sclerosis and hereditary spastic paraplegia.,2024,https://doi.org/10.1002/mus.28100,1.00,0.00,0.00,0.00,0.00,0.00,0.00,0.6,,,,,,,,abstract only
185,35874840,anti-NMDA receptor encephalitis,schizophrenia,Comparison of Hematological Parameters Between First-Episode Schizophrenia and Anti-NMDAR Encephalitis.,2022,https://europepmc.org/article/PMC/PMC9298502,0.30,0.00,0.70,0.00,0.00,0.00,0.00,0.6,,0.3,,,,,,abstract only
186,22711711,Susac syndrome,multiple sclerosis,Lesion morphology at 7 Tesla MRI differentiates Susac syndrome from multiple sclerosis.,2012,https://doi.org/10.1177/1352458512441270,0.40,0.00,0.00,0.00,0.00,0.60,0.00,0.3,,,,,0.3,,,abstract only
187,39056308,Susac syndrome,multiple sclerosis,Diagnostic MRI Score to Differentiate Susac Syndrome from Primary Angiitis of the Central Nervous System and Multiple Sclerosis.,2024,https://doi.org/10.1002/ana.27043,0.40,0.00,0.00,0.00,0.00,0.60,0.00,0.3,,,,,0.3,,,abstract only
188,39056308,Susac syndrome,primary angiitis of the CNS,Diagnostic MRI Score to Differentiate Susac Syndrome from Primary Angiitis of the Central Nervous System and Multiple Sclerosis.,2024,https://doi.org/10.1002/ana.27043,0.40,0.00,0.00,0.00,0.00,0.60,0.00,0.4,,,,,0.4,,,abstract only
189,20683205,chronic granulomatous disease,Crohn disease,"Overlap, common features, and essential differences in pediatric granulomatous inflammatory bowel disease.",2010,https://doi.org/10.1097/mpg.0b013e3181dc0d73,0.50,0.00,0.20,0.00,0.00,0.30,0.00,0.7,,0.5,,,0.6,,,abstract only
190,18329128,Silver-Russell syndrome,Beckwith-Wiedemann syndrome,Growth retardation versus overgrowth: Silver-Russell syndrome is genetically opposite to Beckwith-Wiedemann syndrome.,2008,https://doi.org/10.1016/j.tig.2008.01.003,0.00,0.70,0.30,0.00,0.00,0.00,0.00,,0.1,0.2,,,,,,abstract only
191,41840691,Silver-Russell syndrome,Beckwith-Wiedemann syndrome,Phenotypic spectrum of 11p15.5 duplications: parent-of-origin and copy number variant size shape outcomes from Silver-Russell to Beckwith-Wiedemann syndromes.,2026,https://europepmc.org/article/PMC/PMC13104442,0.30,0.70,0.00,0.00,0.00,0.00,0.00,0.2,0.2,,,,,,,abstract only
192,12464997,Sotos syndrome,Weaver syndrome,NSD1 mutations are the major cause of Sotos syndrome and occur in some cases of Weaver syndrome but are rare in other overgrowth phenotypes.,2003,https://europepmc.org/article/PMC/PMC378618,0.30,0.70,0.00,0.00,0.00,0.00,0.00,0.7,0.7,,,,,,,abstract only
193,23592277,Sotos syndrome,Weaver syndrome,"The NSD1 and EZH2 overgrowth genes, similarities and differences.",2013,https://europepmc.org/article/PMC/PMC4845886,0.00,0.30,0.70,0.00,0.00,0.00,0.00,,0.6,0.5,,,,,,abstract only
194,31586495,Pitt-Hopkins syndrome,Angelman syndrome,Behavioural and psychological characteristics in Pitt-Hopkins syndrome: a comparison with Angelman and Cornelia de Lange syndromes.,2019,https://europepmc.org/article/PMC/PMC6778364,1.00,0.00,0.00,0.00,0.00,0.00,0.00,0.6,,,,,,,,abstract only
195,31586495,Pitt-Hopkins syndrome,Cornelia de Lange syndrome,Behavioural and psychological characteristics in Pitt-Hopkins syndrome: a comparison with Angelman and Cornelia de Lange syndromes.,2019,https://europepmc.org/article/PMC/PMC6778364,1.00,0.00,0.00,0.00,0.00,0.00,0.00,0.5,,,,,,,,abstract only
196,27617128,Pitt-Hopkins syndrome,Angelman syndrome,Pitt-Hopkins Syndrome and Differential Diagnosis: A Molecular and Clinical Challenge.,2015,https://europepmc.org/article/PMC/PMC4918722,0.50,0.20,0.00,0.00,0.00,0.30,0.00,0.8,0.2,,,,0.8,,,abstract only
197,31421289,Coffin-Siris syndrome,Nicolaides-Baraitser syndrome,Striking phenotypic overlap between Nicolaides-Baraitser and Coffin-Siris syndromes in monozygotic twins with ARID1B intragenic deletion.,2020,https://doi.org/10.1016/j.ejmg.2019.103739,0.60,0.40,0.00,0.00,0.00,0.00,0.00,0.9,0.8,,,,,,,abstract only
198,25249037,Coffin-Siris syndrome,Nicolaides-Baraitser syndrome,Coffin-Siris and Nicolaides-Baraitser syndromes are a common well recognizable cause of intellectual disability.,2015,https://doi.org/10.1016/j.braindev.2014.08.009,0.50,0.50,0.00,0.00,0.00,0.00,0.00,0.8,0.8,,,,,,,abstract only
199,25251717,5q11.2 microdeletion syndrome,CHARGE syndrome,Definition of 5q11.2 microdeletion syndrome reveals overlap with CHARGE syndrome and 22q11 deletion syndrome phenotypes.,2014,https://doi.org/10.1002/ajmg.a.36680,0.80,0.20,0.00,0.00,0.00,0.00,0.00,0.7,0.3,,,,,,,abstract only
200,25251717,5q11.2 microdeletion syndrome,22q11.2 deletion syndrome,Definition of 5q11.2 microdeletion syndrome reveals overlap with CHARGE syndrome and 22q11 deletion syndrome phenotypes.,2014,https://doi.org/10.1002/ajmg.a.36680,0.80,0.20,0.00,0.00,0.00,0.00,0.00,0.6,0.3,,,,,,,abstract only
201,39544689,Gaucher disease,acid sphingomyelinase deficiency,Acid sphingomyelinase deficiency and Gaucher disease in adults: Similarities and differences in two macrophage storage disorders.,2024,https://europepmc.org/article/PMC/PMC11558470,0.70,0.00,0.30,0.00,0.00,0.00,0.00,0.6,,0.6,,,,,,abstract only
202,37086570,Gaucher disease,acid sphingomyelinase deficiency,Importance to include differential diagnostics for acid sphingomyelinase deficiency (ASMD) in patients suspected to have to Gaucher disease.,2023,https://doi.org/10.1016/j.ymgme.2023.107563,0.20,0.00,0.20,0.00,0.00,0.60,0.00,0.7,,0.3,,,0.7,,,abstract only
203,38592326,Gaucher disease,acid sphingomyelinase deficiency,Gaucher Disease or Acid Sphingomyelinase Deficiency? The Importance of Differential Diagnosis.,2024,https://europepmc.org/article/PMC/PMC10932152,0.40,0.00,0.00,0.00,0.00,0.60,0.00,0.7,,,,,0.7,,,abstract only
204,37181352,Ehlers-Danlos syndrome,fibromyalgia,High overlap in patients diagnosed with hypermobile Ehlers-Danlos syndrome or hypermobile spectrum disorders with fibromyalgia and 40 self-reported symptoms and comorbidities.,2023,https://europepmc.org/article/PMC/PMC10166812,0.60,0.00,0.00,0.00,0.00,0.00,0.40,0.8,,,,,,0.8,,abstract only
205,24968706,Ehlers-Danlos syndrome,fibromyalgia,"Autonomic symptom burden in the hypermobility type of Ehlers-Danlos syndrome: a comparative study with two other EDS types, fibromyalgia, and healthy controls.",2014,https://doi.org/10.1016/j.semarthrit.2014.05.013,1.00,0.00,0.00,0.00,0.00,0.00,0.00,0.7,,,,,,,,abstract only
206,21391202,Ehlers-Danlos syndrome,fibromyalgia,Impairment and impact of pain in female patients with Ehlers-Danlos syndrome: a comparative study with fibromyalgia and rheumatoid arthritis.,2011,https://doi.org/10.1002/art.30337,1.00,0.00,0.00,0.00,0.00,0.00,0.00,0.7,,,,,,,,abstract only
207,21391202,Ehlers-Danlos syndrome,rheumatoid arthritis,Impairment and impact of pain in female patients with Ehlers-Danlos syndrome: a comparative study with fibromyalgia and rheumatoid arthritis.,2011,https://doi.org/10.1002/art.30337,1.00,0.00,0.00,0.00,0.00,0.00,0.00,0.5,,,,,,,,abstract only
208,37758163,osteogenesis imperfecta,hypophosphatasia,"Combination of osteogenesis imperfecta and hypophosphatasia in three children with multiple fractures, low bone mass and severe osteomalacia, a challenge for therapeutic management.",2023,https://doi.org/10.1016/j.ejmg.2023.104856,0.30,0.30,0.00,0.00,0.00,0.00,0.40,0.4,0.3,,,,,0.8,,abstract only
209,10508985,hypophosphatasia,osteogenesis imperfecta,Mild hypophosphatasia mimicking severe osteogenesis imperfecta in utero: bent but not broken.,1999,https://doi.org/10.1002/(sici)1096-8628(19991029)86:5<434::aid-ajmg8>3.0.co;2-c,0.40,0.00,0.00,0.00,0.00,0.60,0.00,0.6,,,,,0.7,,,abstract only
210,34262084,Krabbe disease,metachromatic leukodystrophy,Substrate reduction therapy for Krabbe disease and metachromatic leukodystrophy using a novel ceramide galactosyltransferase inhibitor.,2021,https://europepmc.org/article/PMC/PMC8280112,0.00,0.00,0.40,0.60,0.00,0.00,0.00,,,0.8,0.8,,,,,abstract only
211,7985561,neuronal ceroid lipofuscinosis,Rett syndrome,"Early differential diagnosis of infantile neuronal ceroid lipofuscinosis, Rett syndrome, and Krabbe disease by CT and MR.",1994,https://europepmc.org/article/PMC/PMC8334405,0.50,0.00,0.00,0.00,0.00,0.50,0.00,0.6,,,,,0.6,,,abstract only
212,7985561,neuronal ceroid lipofuscinosis,Krabbe disease,"Early differential diagnosis of infantile neuronal ceroid lipofuscinosis, Rett syndrome, and Krabbe disease by CT and MR.",1994,https://europepmc.org/article/PMC/PMC8334405,0.50,0.00,0.00,0.00,0.00,0.50,0.00,0.5,,,,,0.5,,,abstract only
213,7985561,Rett syndrome,Krabbe disease,"Early differential diagnosis of infantile neuronal ceroid lipofuscinosis, Rett syndrome, and Krabbe disease by CT and MR.",1994,https://europepmc.org/article/PMC/PMC8334405,0.50,0.00,0.00,0.00,0.00,0.50,0.00,0.4,,,,,0.4,,,abstract only
214,2344018,Rett syndrome,neuronal ceroid lipofuscinosis,Early stages of the Rett syndrome and infantile neuronal ceroid lipofuscinosis--a difficult differential diagnosis.,1990,https://doi.org/10.1016/s0387-7604(12)80168-9,0.60,0.00,0.00,0.00,0.00,0.40,0.00,0.6,,,,,0.8,,,abstract only
215,10461567,Rett syndrome,neuronal ceroid lipofuscinosis,Cerebrospinal fluid gangliosides in patients with Rett syndrome and infantile neuronal ceroid lipofuscinosis.,1999,https://doi.org/10.1016/s1090-3798(99)90099-5,0.00,0.00,1.00,0.00,0.00,0.00,0.00,,,0.3,,,,,,abstract only
216,40800601,idiopathic pulmonary fibrosis,COPD,Exploring the Causal Relationship Between Saliva Microbiota Abundance and Chronic Obstructive Pulmonary Disease/Idiopathic Pulmonary Fibrosis: A Two-Sample Mendelian Randomization Study.,2025,https://europepmc.org/article/PMC/PMC12341823,0.00,0.00,1.00,0.00,0.00,0.00,0.00,,,0.4,,,,,,abstract only
217,32324811,IgA vasculitis nephritis,IgA nephropathy,A cross-sectional analysis of clinicopathologic similarities and differences between Henoch-Schönlein purpura nephritis and IgA nephropathy.,2020,https://europepmc.org/article/PMC/PMC7179927,0.50,0.00,0.50,0.00,0.00,0.00,0.00,0.4,,0.8,,,,,,abstract only
218,37620917,IgA vasculitis nephritis,IgA nephropathy,Comparative study on clinicopathological features and prognosis of IgA vasculitis nephritis and IgA nephropathy in children.,2023,https://europepmc.org/article/PMC/PMC10464207,0.60,0.00,0.00,0.00,0.40,0.00,0.00,0.5,,,,0.4,,,,abstract only
219,31468231,IgA nephropathy,IgA vasculitis nephritis,A clinicopathological comparison between IgA nephropathy and Henoch-Schönlein purpura nephritis in children: use of the Oxford classification.,2019,https://doi.org/10.1007/s10157-019-01777-8,0.70,0.00,0.30,0.00,0.00,0.00,0.00,0.5,,0.6,,,,,,abstract only
220,39155806,Alzheimer disease,Huntington disease,"Comparing balance using the BESTest in Alzheimer, Huntington and Parkinson disease.",2024,https://europepmc.org/article/PMC/PMC11457608,1.00,0.00,0.00,0.00,0.00,0.00,0.00,0.4,,,,,,,,abstract only
221,39155806,Parkinson disease,Huntington disease,"Comparing balance using the BESTest in Alzheimer, Huntington and Parkinson disease.",2024,https://europepmc.org/article/PMC/PMC11457608,1.00,0.00,0.00,0.00,0.00,0.00,0.00,0.4,,,,,,,,abstract only
222,8479289,Alzheimer disease,Huntington disease,Reduction of calbindin-28k mRNA levels in Alzheimer as compared to Huntington hippocampus.,1993,https://doi.org/10.1016/0169-328x(93)90171-k,0.00,0.00,1.00,0.00,0.00,0.00,0.00,,,0.3,,,,,,abstract only
223,31903042,acute intermittent porphyria,Guillain-Barre syndrome,A Case of Acute Intermittent Porphyria Mimicking Guillain-Barré Syndrome.,2019,https://europepmc.org/article/PMC/PMC6927089,0.40,0.00,0.00,0.00,0.00,0.60,0.00,0.6,,,,,0.7,,,abstract only
224,41614107,tuberous sclerosis complex,autism spectrum disorder,Quality of life and disease burden in tuberous sclerosis and comparison with the population with idiopathic autism spectrum disorder: an investigation conducted through questionnaires and clinical data collection in the pediatric population.,2025,https://europepmc.org/article/PMC/PMC12847237,1.00,0.00,0.00,0.00,0.00,0.00,0.00,0.5,,,,,,,,abstract only
225,35651825,Angelman syndrome,fragile X syndrome,"Autism Symptoms in Children and Young Adults With Fragile X Syndrome, Angelman Syndrome, Tuberous Sclerosis Complex, and Neurofibromatosis Type 1: A Cross-Syndrome Comparison.",2022,https://europepmc.org/article/PMC/PMC9149157,1.00,0.00,0.00,0.00,0.00,0.00,0.00,0.4,,,,,,,,abstract only
226,35651825,neurofibromatosis,tuberous sclerosis complex,"Autism Symptoms in Children and Young Adults With Fragile X Syndrome, Angelman Syndrome, Tuberous Sclerosis Complex, and Neurofibromatosis Type 1: A Cross-Syndrome Comparison.",2022,https://europepmc.org/article/PMC/PMC9149157,1.00,0.00,0.00,0.00,0.00,0.00,0.00,0.5,,,,,,,,abstract only
227,26656734,Cushing disease,pseudo-Cushing syndrome,Performance of the 4-mg intravenous dexamethasone suppression test in differentiating Cushing disease from pseudo-Cushing syndrome.,2016,https://doi.org/10.1016/j.ando.2015.11.001,0.00,0.00,0.40,0.00,0.00,0.60,0.00,,,0.2,,,0.3,,,abstract only
228,21554373,Cushing disease,pseudo-Cushing syndrome,Corticotrophin-releasing hormone and desmopressin tests in the differential diagnosis between Cushing's disease and pseudo-Cushing state: a comparative study.,2011,https://doi.org/10.1111/j.1365-2265.2011.04096.x,0.00,0.00,0.40,0.00,0.00,0.60,0.00,,,0.2,,,0.3,,,abstract only
229,38844688,acromegaly,diabetes mellitus,"Diabetes mellitus in patients with acromegaly: pathophysiology, clinical challenges and management.",2024,https://doi.org/10.1038/s41574-024-00993-x,0.00,0.00,0.40,0.00,0.00,0.00,0.60,,,0.7,,,,0.8,,abstract only
230,25284247,acromegaly,diabetes mellitus,The prevalence of acromegaly in hospitalized patients with type 2 diabetes.,2015,https://doi.org/10.1507/endocrj.ej14-0254,0.00,0.00,0.00,0.00,0.40,0.00,0.60,,,,,0.4,,0.4,,abstract only
231,39444451,congenital lipodystrophy,diabetes mellitus,"Exploring lipodystrophy gene expression in adipocytes: unveiling insights into the pathogenesis of insulin resistance, type 2 diabetes, and clustering diseases (metabolic syndrome) in Asian Indians.",2024,https://europepmc.org/article/PMC/PMC11496143,0.00,0.30,0.70,0.00,0.00,0.00,0.00,,0.6,0.7,,,,,,abstract only
232,37090868,amyotrophic lateral sclerosis,Parkinson disease,"Differences in pharyngeal swallow event timing: Healthy aging, Parkinson disease, and amyotrophic lateral sclerosis.",2023,https://europepmc.org/article/PMC/PMC10116960,1.00,0.00,0.00,0.00,0.00,0.00,0.00,0.6,,,,,,,,abstract only
233,35858265,amyotrophic lateral sclerosis,Parkinson disease,"Comparison of Lingual Pressure Generation Capacity in Parkinson Disease, Amyotrophic Lateral Sclerosis, and Healthy Aging.",2022,https://europepmc.org/article/PMC/PMC9907496,1.00,0.00,0.00,0.00,0.00,0.00,0.00,0.6,,,,,,,,abstract only
234,21472771,Gaucher disease,dementia with Lewy bodies,"Acid β-glucosidase mutants linked to Gaucher disease, Parkinson disease, and Lewy body dementia alter α-synuclein processing.",2011,https://doi.org/10.1002/ana.22400,0.00,0.50,0.50,0.00,0.00,0.00,0.00,,0.8,0.8,,,,,,abstract only
235,34133410,Niemann-Pick disease type C,schizophrenia,Psychosis symptoms associated with Niemann-Pick disease type C.,2021,https://doi.org/10.1097/ypg.0000000000000286,0.60,0.00,0.00,0.00,0.00,0.40,0.00,0.8,,,,,0.8,,,abstract only
236,41520538,Niemann-Pick disease type C,schizophrenia,The possibility of patients with adult-onset Niemann-Pick disease type C in cases diagnosed with schizophrenia: Analysis of NPC novel biomarkers.,2026,https://doi.org/10.1016/j.jpsychires.2026.01.009,0.00,0.00,0.40,0.00,0.00,0.60,0.00,,,0.4,,,0.5,,,abstract only
237,11176969,spinocerebellar ataxia,Parkinson disease,Spinocerebellar ataxia type 3 phenotypically resembling parkinson disease in a black family.,2001,https://doi.org/10.1001/archneur.58.2.296,0.50,0.00,0.00,0.00,0.00,0.50,0.00,0.6,,,,,0.7,,,abstract only
238,17898197,spinocerebellar ataxia,Parkinson disease,"Linear T2 hyperintensity along the medial margin of the globus pallidus in patients with Machado-Joseph disease and Parkinson disease, and in healthy subjects.",2007,https://europepmc.org/article/PMC/PMC8134240,0.40,0.00,0.00,0.00,0.00,0.60,0.00,0.2,,,,,0.2,,,abstract only
239,39305028,spinocerebellar ataxia,Parkinson disease,Thermal Facial Profile and Orofacial Myofunctional Aspects in Movement Disorder Patients: Comparison Between Parkinson Disease and Spinocerebellar Ataxia Type 3.,2024,https://doi.org/10.1111/joor.13850,1.00,0.00,0.00,0.00,0.00,0.00,0.00,0.5,,,,,,,,abstract only
240,38457400,primary ciliary dyskinesia,asthma,The primary ciliary dyskinesia-related genetic risk score is associated with susceptibility to adult-onset asthma.,2024,https://doi.org/10.1371/journal.pone.0300000,0.00,1.00,0.00,0.00,0.00,0.00,0.00,,0.3,,,,,,,abstract only
241,30032860,cystic fibrosis,asthma,"Comparative proteomics of respiratory exosomes in cystic fibrosis, primary ciliary dyskinesia and asthma.",2018,https://doi.org/10.1016/j.jprot.2018.07.001,0.00,0.00,1.00,0.00,0.00,0.00,0.00,,,0.4,,,,,,abstract only
242,30032860,primary ciliary dyskinesia,asthma,"Comparative proteomics of respiratory exosomes in cystic fibrosis, primary ciliary dyskinesia and asthma.",2018,https://doi.org/10.1016/j.jprot.2018.07.001,0.00,0.00,1.00,0.00,0.00,0.00,0.00,,,0.4,,,,,,abstract only
243,30032860,cystic fibrosis,primary ciliary dyskinesia,"Comparative proteomics of respiratory exosomes in cystic fibrosis, primary ciliary dyskinesia and asthma.",2018,https://doi.org/10.1016/j.jprot.2018.07.001,0.00,0.00,1.00,0.00,0.00,0.00,0.00,,,0.5,,,,,,abstract only
244,26407091,schwannomatosis,neurofibromatosis,Clinical features of spinal schwannomas in 65 patients with schwannomatosis compared with 831 with solitary schwannomas and 102 with neurofibromatosis Type 2: a retrospective study at a single institution.,2016,https://doi.org/10.3171/2015.3.spine141145,1.00,0.00,0.00,0.00,0.00,0.00,0.00,0.4,,,,,,,,abstract only
245,19240728,tuberous sclerosis complex,von Hippel-Lindau disease,Renal involvement in tuberous sclerosis complex and von Hippel-Lindau disease: shared disease mechanisms?,2009,https://doi.org/10.1038/ncpneph1032,0.20,0.00,0.50,0.30,0.00,0.00,0.00,0.7,,0.7,0.7,,,,,abstract only
246,41142853,classical homocystinuria,Marfan syndrome,Think classical homocystinuria if the genetic test did not confirm Marfan syndrome: Late diagnosis and phenotypic variability in adult siblings with classical homocystinuria.,2025,https://europepmc.org/article/PMC/PMC12549521,0.30,0.10,0.00,0.00,0.00,0.60,0.00,0.6,0.1,,,,0.7,,,abstract only
247,38896263,myotonic dystrophy,myotonic dystrophy,Greater cortical thinning and microstructural integrity loss in myotonic dystrophy type 1 compared to myotonic dystrophy type 2.,2024,https://europepmc.org/article/PMC/PMC11319366,1.00,0.00,0.00,0.00,0.00,0.00,0.00,0.5,,,,,,,same canonical name for both diseases (check pair),abstract only
248,26048604,myotonic dystrophy,myotonic dystrophy,Peripheral nerve involvement in myotonic dystrophy type 2 - similar or different than in myotonic dystrophy type 1?,2015,https://doi.org/10.1016/j.pjnns.2015.04.008,1.00,0.00,0.00,0.00,0.00,0.00,0.00,0.5,,,,,,,same canonical name for both diseases (check pair),abstract only
249,12796551,myotonic dystrophy,myotonic dystrophy,Histopathological differences of myotonic dystrophy type 1 (DM1) and PROMM/DM2.,2003,https://doi.org/10.1212/01.wnl.0000065898.61358.09,0.00,0.00,1.00,0.00,0.00,0.00,0.00,,,0.4,,,,,same canonical name for both diseases (check pair),abstract only
250,40297747,spinal and bulbar muscular atrophy,amyotrophic lateral sclerosis,Different patterns of fasciculation in spinal and bulbar muscular atrophy and amyotrophic lateral sclerosis: a muscle ultrasonographic study.,2025,https://europepmc.org/article/PMC/PMC12035469,1.00,0.00,0.00,0.00,0.00,0.00,0.00,0.4,,,,,,,,abstract only
251,22246870,spinal and bulbar muscular atrophy,amyotrophic lateral sclerosis,Discrimination of spinal and bulbar muscular atrophy from amyotrophic lateral sclerosis using sensory nerve action potentials.,2012,https://doi.org/10.1002/mus.22291,0.40,0.00,0.00,0.00,0.00,0.60,0.00,0.4,,,,,0.4,,,abstract only
252,17122731,chorea-acanthocytosis,Huntington disease,Chorea-acanthocytosis: a mimicker of Huntington disease case report and review of the literature.,2006,https://doi.org/10.1097/01.nrl.0000245817.18773.f4,0.40,0.00,0.00,0.00,0.00,0.60,0.00,0.8,,,,,0.8,,,abstract only
253,30128557,McLeod syndrome,Huntington disease,Molecular Basis and Clinical Overview of McLeod Syndrome Compared With Other Neuroacanthocytosis Syndromes: A Review.,2018,https://doi.org/10.1001/jamaneurol.2018.2166,0.80,0.20,0.00,0.00,0.00,0.00,0.00,0.6,0.1,,,,,,,abstract only
254,42547667,Tay-Sachs disease,Sandhoff disease,Similarities and differences in the late-onset GM2 gangliosidoses: Tay-Sachs and Sandhoff diseases.,2026,https://europepmc.org/article/PMC/PMC13433390,0.80,0.00,0.20,0.00,0.00,0.00,0.00,0.5,,0.7,,,,,,abstract only
255,40266357,Tay-Sachs disease,Sandhoff disease,"Late-onset GM2 gangliosidosis: magnetic resonance imaging, diffusion tensor imaging, and correlational fiber tractography differentiate Tay-Sachs and Sandhoff diseases.",2025,https://europepmc.org/article/PMC/PMC12018622,1.00,0.00,0.00,0.00,0.00,0.00,0.00,0.5,,,,,,,,abstract only
256,23336697,mucopolysaccharidosis,autism spectrum disorder,"Mucopolysaccharidosis type III (Sanfilippo syndrome) and misdiagnosis of idiopathic developmental delay, attention deficit/hyperactivity disorder or autism spectrum disorder.",2013,https://europepmc.org/article/PMC/PMC3654162,0.40,0.00,0.00,0.00,0.00,0.60,0.00,0.5,,,,,0.6,,,abstract only
257,28856504,mucopolysaccharidosis,autism spectrum disorder,Symptoms of Autism Spectrum Disorder (ASD) in Individuals with Mucopolysaccharide Disease Type III (Sanfilippo Syndrome): A Systematic Review.,2017,https://europepmc.org/article/PMC/PMC5633638,0.50,0.00,0.00,0.00,0.00,0.00,0.50,0.6,,,,,,0.6,,abstract only
258,21808053,Aicardi-Goutieres syndrome,systemic lupus erythematosus,Dominant mutation of the TREX1 exonuclease gene in lupus and Aicardi-Goutieres syndrome.,2011,https://europepmc.org/article/PMC/PMC3173215,0.00,0.50,0.50,0.00,0.00,0.00,0.00,,0.9,0.8,,,,,,abstract only
259,36906447,cryopyrin-associated periodic syndrome,Schnitzler syndrome,"Similarities and differences in autoinflammatory diseases with urticarial rash, cryopyrin-associated periodic syndrome and Schnitzler syndrome.",2023,https://doi.org/10.1016/j.alit.2023.02.005,0.40,0.00,0.30,0.30,0.00,0.00,0.00,0.6,,0.6,0.7,,,,,abstract only
260,42027550,IgA nephropathy,Alport syndrome,Systematic Review of IgA Nephropathy Coexisting With Alport Syndrome.,2026,https://europepmc.org/article/PMC/PMC13101439,0.00,0.20,0.30,0.00,0.00,0.00,0.50,,0.2,0.3,,,,0.7,,abstract only
261,37059980,Alport syndrome,IgA nephropathy,Alport syndrome misdiagnosed with IgA nephropathy from familial history: a case report and brief review.,2023,https://europepmc.org/article/PMC/PMC10105455,0.30,0.00,0.00,0.00,0.00,0.70,0.00,0.5,,,,,0.6,,,abstract only
262,41898363,minimal change disease,focal segmental glomerulosclerosis,Serum Protein Electrophoresis and the Albumin-to-Globulin Ratio in the Differential Diagnosis of Minimal Change Disease and Focal Segmental Glomerulosclerosis.,2026,https://europepmc.org/article/PMC/PMC13024677,0.00,0.00,0.40,0.00,0.00,0.60,0.00,,,0.4,,,0.5,,,abstract only
263,41666944,minimal change disease,focal segmental glomerulosclerosis,Differential early tubular injury in minimal Change disease and Focal segmental Glomerulosclerosis: A Multifaceted analysis.,2026,https://doi.org/10.1016/j.gene.2026.150043,0.00,0.00,0.50,0.00,0.00,0.50,0.00,,,0.4,,,0.6,,,abstract only
264,38158966,C3 glomerulopathy,atypical hemolytic uremic syndrome,[Comparative characteristics of the complement system in patients with C3-glomerulopathy and atypical hemolytic uremic syndrome of chronic course who suffered an acute episode of thrombotic microangiopathy].,2023,https://doi.org/10.26442/00403660.2023.06.202269,0.00,0.00,1.00,0.00,0.00,0.00,0.00,,,0.5,,,,,,abstract only
265,42621905,C3 glomerulopathy,atypical hemolytic uremic syndrome,Complement-targeted therapies for C3 glomerulopathy and atypical hemolytic uremic syndrome: a time-limited rapid systematic review with narrative synthesis.,2026,https://europepmc.org/article/PMC/PMC13487681,0.00,0.00,0.00,1.00,0.00,0.00,0.00,,,,0.5,,,,,abstract only
266,30184319,hereditary spherocytosis,pyruvate kinase deficiency,Screening of hereditary spherocytosis and pyruvate kinase deficiency by automated blood count using erythrocytic and reticulocytic parameters.,2018,https://doi.org/10.1111/ijlh.12906,0.20,0.00,0.00,0.00,0.00,0.80,0.00,0.3,,,,,0.3,,,abstract only
267,19713223,Diamond-Blackfan anemia,Shwachman-Diamond syndrome,Distinct ribosome maturation defects in yeast models of Diamond-Blackfan anemia and Shwachman-Diamond syndrome.,2010,https://europepmc.org/article/PMC/PMC2805733,0.00,0.00,1.00,0.00,0.00,0.00,0.00,,,0.3,,,,,,abstract only
268,21435510,Shwachman-Diamond syndrome,5q- myelodysplastic syndrome,Non-Diamond Blackfan anemia disorders of ribosome function: Shwachman Diamond syndrome and 5q- syndrome.,2011,https://europepmc.org/article/PMC/PMC3072806,0.20,0.00,0.80,0.00,0.00,0.00,0.00,0.6,,0.7,,,,,,abstract only
269,35007321,polycythemia vera,essential thrombocythemia,A randomized phase 3 trial of interferon-α vs hydroxyurea in polycythemia vera and essential thrombocythemia.,2022,https://europepmc.org/article/PMC/PMC9101248,0.00,0.00,0.00,1.00,0.00,0.00,0.00,,,,0.8,,,,,abstract only
270,30241189,multiple myeloma,Waldenstrom macroglobulinemia,Clinical Presentation and Gene Expression Profiling of Immunoglobulin M Multiple Myeloma Compared With Other Myeloma Subtypes and Waldenström Macroglobulinemia.,2018,https://europepmc.org/article/PMC/PMC6180798,0.50,0.00,0.50,0.00,0.00,0.00,0.00,0.5,,0.4,,,,,,abstract only
271,32564775,multiple myeloma,Waldenstrom macroglobulinemia,Immunoglobulin M (IgM) multiple myeloma versus Waldenström macroglobulinemia: diagnostic challenges and therapeutic options: two case reports.,2020,https://europepmc.org/article/PMC/PMC7310052,0.40,0.00,0.00,0.00,0.00,0.60,0.00,0.6,,,,,0.6,,,abstract only
272,39675427,mycosis fungoides,psoriasis,Spatially Resolved Single-Cell Transcriptome Analysis of Mycosis Fungoides Reveals Distinct Biomarkers GNLY and FYB1 Compared With Psoriasis and Chronic Spongiotic Dermatitis.,2025,https://doi.org/10.1016/j.modpat.2024.100681,0.00,0.00,0.50,0.00,0.00,0.50,0.00,,,0.2,,,0.3,,,abstract only
273,41419138,mycosis fungoides,psoriasis,"Patterns and pitfalls: Dermoscopic differentiation of early-stage mycosis fungoides, atopic dermatitis, and psoriasis.",2026,https://doi.org/10.1016/j.jaad.2025.12.049,0.50,0.00,0.00,0.00,0.00,0.50,0.00,0.3,,,,,0.3,,,abstract only
274,41419138,mycosis fungoides,atopic dermatitis,"Patterns and pitfalls: Dermoscopic differentiation of early-stage mycosis fungoides, atopic dermatitis, and psoriasis.",2026,https://doi.org/10.1016/j.jaad.2025.12.049,0.50,0.00,0.00,0.00,0.00,0.50,0.00,0.3,,,,,0.3,,,abstract only
275,41205050,psoriasis,psoriasis,Comparison of All-Cause Mortality in Generalized Pustular Psoriasis and Plaque Psoriasis: A Systematic Review and Meta-Analysis.,2026,https://europepmc.org/article/PMC/PMC12873048,0.00,0.00,0.00,0.00,1.00,0.00,0.00,,,,,0.2,,,same canonical name for both diseases (check pair),abstract only
276,40109654,psoriasis,psoriasis,Proteomic Profiling and Clinical Insights: The Role of MMP9 in Differentiating Psoriasis Vulgaris from Generalized Pustular Psoriasis.,2025,https://europepmc.org/article/PMC/PMC11920628,0.00,0.00,1.00,0.00,0.00,0.00,0.00,,,0.3,,,,,same canonical name for both diseases (check pair),abstract only
277,17276014,xeroderma pigmentosum,Cockayne syndrome,"Xeroderma pigmentosum, trichothiodystrophy and Cockayne syndrome: a complex genotype-phenotype relationship.",2007,https://europepmc.org/article/PMC/PMC2288663,0.50,0.50,0.00,0.00,0.00,0.00,0.00,0.5,0.6,,,,,,,abstract only
278,17276014,xeroderma pigmentosum,trichothiodystrophy,"Xeroderma pigmentosum, trichothiodystrophy and Cockayne syndrome: a complex genotype-phenotype relationship.",2007,https://europepmc.org/article/PMC/PMC2288663,0.50,0.50,0.00,0.00,0.00,0.00,0.00,0.5,0.6,,,,,,,abstract only
279,10839544,ataxia-telangiectasia,Nijmegen breakage syndrome,Functional link between ataxia-telangiectasia and Nijmegen breakage syndrome gene products.,2000,https://doi.org/10.1038/35013083,0.00,0.00,1.00,0.00,0.00,0.00,0.00,,,0.8,,,,,,abstract only
280,12175309,Nijmegen breakage syndrome,ataxia-telangiectasia,Differing responses of Nijmegen breakage syndrome and ataxia telangiectasia cells to ionizing radiation.,2002,https://doi.org/10.1667/0033-7587(2002)158[0319:dronbs]2.0.co;2,0.00,0.00,1.00,0.00,0.00,0.00,0.00,,,0.3,,,,,,abstract only
281,29456787,ataxia-telangiectasia,Nijmegen breakage syndrome,Comparison of Selected Parameters of Redox Homeostasis in Patients with Ataxia-Telangiectasia and Nijmegen Breakage Syndrome.,2017,https://europepmc.org/article/PMC/PMC5804414,0.00,0.00,1.00,0.00,0.00,0.00,0.00,,,0.5,,,,,,abstract only
282,17536072,Wolfram syndrome,diabetes mellitus,"Microvascular diabetes complications in Wolfram syndrome (diabetes insipidus, diabetes mellitus, optic atrophy, and deafness [DIDMOAD]): an age- and duration-matched comparison with common type 1 diabetes.",2007,https://doi.org/10.2337/dc07-0380,0.60,0.00,0.00,0.00,0.40,0.00,0.00,0.3,,,,0.3,,,,abstract only
283,25916214,Wolfram syndrome,diabetes mellitus,Glycemic variability in patients with Wolfram syndrome is lower than in type 1 diabetes.,2015,https://europepmc.org/article/PMC/PMC4628085,0.60,0.00,0.40,0.00,0.00,0.00,0.00,0.3,,0.3,,,,,,abstract only
284,22004009,Alstrom syndrome,Bardet-Biedl syndrome,Differentiating Alström from Bardet-Biedl syndrome (BBS) using systematic ciliopathy genes sequencing.,2012,https://doi.org/10.3109/13816810.2011.620055,0.40,0.60,0.00,0.00,0.00,0.00,0.00,0.7,0.3,,,,,,,abstract only
285,27142762,Bardet-Biedl syndrome,Alstrom syndrome,Whole organism transcriptome analysis of zebrafish models of Bardet-Biedl Syndrome and Alström Syndrome provides mechanistic insight into shared and divergent phenotypes.,2016,https://europepmc.org/article/PMC/PMC4855444,0.00,0.00,1.00,0.00,0.00,0.00,0.00,,,0.6,,,,,,abstract only
286,38099591,Prader-Willi syndrome,Bardet-Biedl syndrome,Serum Ghrelin and Glucagon-like Peptide 1 Levels in Children with Prader-Willi and Bardet-Biedl Syndromes,2024,https://europepmc.org/article/PMC/PMC11590730,0.00,0.00,1.00,0.00,0.00,0.00,0.00,,,0.5,,,,,,abstract only
287,35098494,Prader-Willi syndrome,Bardet-Biedl syndrome,"Serum alpha-melanocyte-stimulating hormone (a-MSH), brain-derived neurotrophic factor (BDNF), and agouti-related protein (AGRP) levels in children with Prader-Willi or Bardet-Biedl syndromes.",2022,https://doi.org/10.1007/s40618-021-01737-8,0.00,0.00,1.00,0.00,0.00,0.00,0.00,,,0.5,,,,,,abstract only
288,34586410,Lowe syndrome,Dent disease,Identification of novel OCRL isoforms associated with phenotypic differences between Dent disease-2 and Lowe syndrome.,2022,https://doi.org/10.1093/ndt/gfab274,0.20,0.60,0.20,0.00,0.00,0.00,0.00,0.4,0.8,0.6,,,,,,abstract only
289,34680992,Dent disease,Lowe syndrome,Genotype Phenotype Correlation in Dent Disease 2 and Review of the Literature: OCRL Gene Pleiotropism or Extreme Phenotypic Variability of Lowe Syndrome?,2021,https://europepmc.org/article/PMC/PMC8535715,0.60,0.40,0.00,0.00,0.00,0.00,0.00,0.5,0.8,,,,,,,abstract only
290,34916229,Loeys-Dietz syndrome,Shprintzen-Goldberg syndrome,Loeys-Dietz and Shprintzen-Goldberg syndromes: analysis of TGF-β-opathies with craniofacial manifestations using an innovative multimodality method.,2022,https://europepmc.org/article/PMC/PMC9554024,0.60,0.00,0.40,0.00,0.00,0.00,0.00,0.6,,0.8,,,,,,abstract only
291,40815801,polyarteritis nodosa,deficiency of adenosine deaminase 2,Pediatric-Onset Polyarteritis Nodosa and Deficiency of Adenosine Deaminase 2: Clinical Overlap and Divergence.,2025,https://doi.org/10.1097/rhu.0000000000002270,0.50,0.00,0.00,0.00,0.00,0.50,0.00,0.5,,,,,0.6,,,abstract only
292,37216220,Behcet disease,familial Mediterranean fever,"Behçet disease, familial Mediterranean fever and MEFV variations: More than just an association.",2023,https://doi.org/10.1016/j.clim.2023.109630,0.00,0.60,0.00,0.00,0.00,0.00,0.40,,0.7,,,,,0.7,,abstract only
293,23633568,Behcet disease,familial Mediterranean fever,Targeted resequencing implicates the familial Mediterranean fever gene MEFV and the toll-like receptor 4 gene TLR4 in Behçet disease.,2013,https://europepmc.org/article/PMC/PMC3657824,0.00,1.00,0.00,0.00,0.00,0.00,0.00,,0.6,,,,,,,abstract only
294,35868738,VEXAS syndrome,relapsing polychondritis,Comparison between idiopathic and VEXAS-relapsing polychondritis: analysis of a French case series of 95 patients.,2022,https://europepmc.org/article/PMC/PMC9315905,0.70,0.30,0.00,0.00,0.00,0.00,0.00,0.4,0.1,,,,,,,abstract only
295,36307863,granulomatosis with polyangiitis,relapsing polychondritis,Differentiating tracheobronchial involvement in granulomatosis with polyangiitis and relapsing polychondritis on chest CT: a cohort study.,2022,https://europepmc.org/article/PMC/PMC9615207,0.50,0.00,0.00,0.00,0.00,0.50,0.00,0.4,,,,,0.4,,,abstract only
296,40609857,chronic beryllium disease,sarcoidosis,Beryllium Lymphocyte Proliferation Test: Differential Diagnosis of Sarcoidosis and Chronic Beryllium Disease.,2025,https://europepmc.org/article/PMC/PMC12831088,0.30,0.00,0.00,0.00,0.00,0.70,0.00,0.5,,,,,0.6,,,abstract only
297,25007084,sarcoidosis,chronic beryllium disease,Sarcoidosis and chronic beryllium disease: similarities and differences.,2014,https://doi.org/10.1055/s-0034-1377059,0.60,0.00,0.00,0.00,0.00,0.40,0.00,0.8,,,,,0.8,,,abstract only
298,35231481,Langerhans cell histiocytosis,lymphangioleiomyomatosis,Pulmonary Langerhans Cell Histiocytosis and Lymphangioleiomyomatosis Have Circulating Cells With Loss of Heterozygosity of the TSC2 Gene.,2022,https://europepmc.org/article/PMC/PMC9470734,0.00,0.20,0.80,0.00,0.00,0.00,0.00,,0.3,0.6,,,,,,abstract only
299,28954765,lymphangioleiomyomatosis,Langerhans cell histiocytosis,New insights in lymphangioleiomyomatosis and pulmonary Langerhans cell histiocytosis.,2017,https://europepmc.org/article/PMC/PMC9488980,0.60,0.00,0.20,0.00,0.20,0.00,0.00,0.6,,0.5,,0.6,,,,abstract only
300,38996781,fibrotic hypersensitivity pneumonitis,idiopathic pulmonary fibrosis,Validation of a computed tomography diagnostic model for differentiating fibrotic hypersensitivity pneumonitis from idiopathic pulmonary fibrosis.,2024,https://doi.org/10.1016/j.resinv.2024.07.002,0.40,0.00,0.00,0.00,0.00,0.60,0.00,0.4,,,,,0.4,,,abstract only
301,42469859,fibrotic hypersensitivity pneumonitis,idiopathic pulmonary fibrosis,Plasma proteomics and machine learning deliver non-invasive distinction between fibrotic hypersensitivity pneumonitis and idiopathic pulmonary fibrosis.,2026,https://doi.org/10.1186/s12967-026-08643-8,0.00,0.00,0.50,0.00,0.00,0.50,0.00,,,0.3,,,0.4,,,abstract only
302,14638887,narcolepsy,Kleine-Levin syndrome,"CSF hypocretin-1 levels in narcolepsy, Kleine-Levin syndrome, and other hypersomnias and neurological conditions.",2003,https://europepmc.org/article/PMC/PMC1757412,0.00,0.00,1.00,0.00,0.00,0.00,0.00,,,0.3,,,,,,abstract only
303,14638887,narcolepsy,idiopathic hypersomnia,"CSF hypocretin-1 levels in narcolepsy, Kleine-Levin syndrome, and other hypersomnias and neurological conditions.",2003,https://europepmc.org/article/PMC/PMC1757412,0.00,0.00,1.00,0.00,0.00,0.00,0.00,,,0.3,,,,,,abstract only
304,27080038,CDKL5 deficiency disorder,Rett syndrome,Prevalence and onset of comorbidities in the CDKL5 disorder differ from Rett syndrome.,2016,https://europepmc.org/article/PMC/PMC4832563,0.70,0.00,0.00,0.00,0.30,0.00,0.00,0.5,,,,0.4,,,,abstract only
305,31618813,Rett syndrome,CDKL5 deficiency disorder,Rett Syndrome and CDKL5 Deficiency Disorder: From Bench to Clinic.,2019,https://europepmc.org/article/PMC/PMC6834180,0.40,0.00,0.50,0.10,0.00,0.00,0.00,0.5,,0.5,0.4,,,,,abstract only
306,26930212,MECP2 duplication syndrome,Rett syndrome,MECP2 Duplication Syndrome: Evidence of Enhanced Oxidative Stress. A Comparison with Rett Syndrome.,2016,https://europepmc.org/article/PMC/PMC4773238,0.00,0.20,0.80,0.00,0.00,0.00,0.00,,0.4,0.7,,,,,,abstract only
307,36471747,Rett syndrome,MECP2 duplication syndrome,Rett Syndrome and MECP2 Duplication Syndrome: Disorders of MeCP2 Dosage.,2022,https://europepmc.org/article/PMC/PMC9719276,0.00,0.50,0.50,0.00,0.00,0.00,0.00,,0.3,0.4,,,,,,abstract only
308,41028553,Smith-Magenis syndrome,Potocki-Lupski syndrome,DNA methylation episignature for Smith-Magenis and Potocki-Lupski syndromes: a mirror perspective.,2026,https://doi.org/10.1038/s41431-025-01956-0,0.00,0.20,0.80,0.00,0.00,0.00,0.00,,0.2,0.3,,,,,,abstract only
309,27617127,Smith-Magenis syndrome,Potocki-Lupski syndrome,Neurodevelopmental Disorders Associated with Abnormal Gene Dosage: Smith-Magenis and Potocki-Lupski Syndromes.,2015,https://europepmc.org/article/PMC/PMC4918721,0.50,0.50,0.00,0.00,0.00,0.00,0.00,0.3,0.2,,,,,,,abstract only
310,29614955,Williams syndrome,7q11.23 duplication syndrome,A method for determining haploid and triploid genotypes and their association with vascular phenotypes in Williams syndrome and 7q11.23 duplication syndrome.,2018,https://europepmc.org/article/PMC/PMC5883342,0.50,0.50,0.00,0.00,0.00,0.00,0.00,0.2,0.2,,,,,,,abstract only
311,27219475,16p11.2 deletion,16p11.2 duplication,Reciprocal white matter alterations due to 16p11.2 chromosomal deletions versus duplications.,2016,https://europepmc.org/article/PMC/PMC6867519,0.00,0.00,1.00,0.00,0.00,0.00,0.00,,,0.2,,,,,,abstract only
312,36053814,16p11.2 deletion,16p11.2 duplication,Sensory processing in 16p11.2 deletion and 16p11.2 duplication.,2022,https://europepmc.org/article/PMC/PMC9826336,1.00,0.00,0.00,0.00,0.00,0.00,0.00,0.6,,,,,,,,abstract only
313,15947063,fragile X-associated tremor/ataxia syndrome,multiple system atrophy,The fragile X tremor ataxia syndrome in the differential diagnosis of multiple system atrophy: data from the EMSA Study Group.,2005,https://doi.org/10.1093/brain/awh535,0.00,0.40,0.00,0.00,0.00,0.60,0.00,,0.2,,,,0.5,,,abstract only
314,15956167,fragile X-associated tremor/ataxia syndrome,multiple system atrophy,FMR1 premutations associated with fragile X-associated tremor/ataxia syndrome in multiple system atrophy.,2005,https://doi.org/10.1001/archneur.62.6.962,0.00,0.60,0.00,0.00,0.00,0.40,0.00,,0.2,,,,0.5,,,abstract only
315,40581671,spinocerebellar ataxia,amyotrophic lateral sclerosis,Spinocerebellar ataxia type 2 followed by amyotrophic lateral sclerosis due to a pure CAG repeat expansion in ATXN2: a case report and literature review.,2025,https://doi.org/10.1007/s10072-025-08332-2,0.00,0.70,0.00,0.00,0.00,0.00,0.30,,0.8,,,,,0.7,,abstract only
316,35863128,multiple sclerosis,acute disseminated encephalomyelitis,"Oligoclonal bands, age 11-17 years, occipital lesion, and female sex differentiate pediatric multiple sclerosis from acute disseminated encephalomyelitis: A nationwide cohort study.",2022,https://doi.org/10.1016/j.msard.2022.104008,0.40,0.00,0.00,0.00,0.00,0.60,0.00,0.3,,,,,0.3,,,abstract only
317,40117898,multiple sclerosis,acute disseminated encephalomyelitis,Differentiating Pathology of Acute Disseminated Encephalomyelitis From Multiple Sclerosis in Children Using Diffusion Magnetic Resonance Biomarkers.,2025,https://europepmc.org/article/PMC/PMC12734242,0.30,0.00,0.70,0.00,0.00,0.00,0.00,0.3,,0.3,,,,,,abstract only
318,37034091,neurosarcoidosis,multiple sclerosis,Differentiating neurosarcoidosis from multiple sclerosis using combined analysis of basic CSF parameters and MRZ reaction.,2023,https://europepmc.org/article/PMC/PMC10080049,0.00,0.00,0.40,0.00,0.00,0.60,0.00,,,0.3,,,0.3,,,abstract only
319,41443010,neurosarcoidosis,multiple sclerosis,No differences in the proportions of immune cells in CSF of patients with neurosarcoidosis and multiple sclerosis.,2026,https://doi.org/10.1016/j.jocn.2025.111824,0.00,0.00,0.50,0.00,0.00,0.50,0.00,,,0.7,,,0.6,,,abstract only
320,18061280,Leber hereditary optic neuropathy,multiple sclerosis,Differential cerebro spinal fluid proteome investigation of Leber hereditary optic neuropathy (LHON) and multiple sclerosis.,2008,https://doi.org/10.1016/j.jneuroim.2007.10.004,0.00,0.00,1.00,0.00,0.00,0.00,0.00,,,0.5,,,,,,abstract only
321,39100385,Leber hereditary optic neuropathy,multiple sclerosis,A Comprehensive Review of Leber Hereditary Optic Neuropathy and Its Association with Multiple Sclerosis-Like Phenotypes Known as Harding's Disease.,2024,https://europepmc.org/article/PMC/PMC11296356,0.30,0.30,0.00,0.00,0.00,0.00,0.40,0.5,0.5,,,,,0.6,,abstract only
322,41927721,autoimmune pancreatitis,pancreatic ductal adenocarcinoma,Distinct difference of pancreatic tissue-specific microbiome in autoimmune pancreatitis and pancreatic ductal adenocarcinoma.,2026,https://europepmc.org/article/PMC/PMC13194858,0.00,0.00,0.70,0.00,0.00,0.30,0.00,,,0.2,,,0.2,,,abstract only
323,40804812,autoimmune pancreatitis,pancreatic ductal adenocarcinoma,Effective Extracellular Volume Fraction Determined by Equilibrium Contrast-Enhanced CT for Differentiating Autoimmune Pancreatitis from Pancreatic Ductal Adenocarcinoma.,2025,https://europepmc.org/article/PMC/PMC12346036,0.40,0.00,0.00,0.00,0.00,0.60,0.00,0.2,,,,,0.2,,,abstract only
324,41240319,eosinophilic esophagitis,achalasia,Overlapping Esophageal Disorders: A Population-Based Comparative Study of Eosinophilic Esophagitis Patients Also Diagnosed With Achalasia.,2026,https://doi.org/10.1111/nmo.70208,0.40,0.00,0.00,0.00,0.00,0.00,0.60,0.5,,,,,,0.5,,abstract only
325,20123584,Hirschsprung disease,chronic intestinal pseudo-obstruction,"Polymorphisms of the RET gene in hirschsprung disease, anorectal malformation and intestinal pseudo-obstruction in Taiwan.",2010,https://doi.org/10.1016/s0929-6646(10)60019-8,0.00,1.00,0.00,0.00,0.00,0.00,0.00,,0.5,,,,,,,abstract only
326,40634917,Alagille syndrome,biliary atresia,Prompt distinction of Alagille syndrome and biliary Atresia in infants: a comparative study.,2025,https://europepmc.org/article/PMC/PMC12239444,0.40,0.00,0.00,0.00,0.00,0.60,0.00,0.4,,,,,0.5,,,abstract only
327,15756213,progressive familial intrahepatic cholestasis,Alagille syndrome,Evaluation of risk for atherosclerosis in Alagille syndrome and progressive familial intrahepatic cholestasis: two congenital cholestatic diseases with different lipoprotein metabolisms.,2005,https://doi.org/10.1016/j.jpeds.2004.10.047,0.50,0.00,0.50,0.00,0.00,0.00,0.00,0.5,,0.5,,,,,,abstract only
328,41053679,glycogen storage disease,glycogen storage disease,Growth impairment in glycogen storage disease type I versus types III/VI/IX: a cross-sectional study.,2025,https://europepmc.org/article/PMC/PMC12502152,0.60,0.00,0.40,0.00,0.00,0.00,0.00,0.4,,0.4,,,,,same canonical name for both diseases (check pair),abstract only
329,6336817,glycogen storage disease,glycogen storage disease,Amino acid disturbances in type III glycogenosis: differences from type I glycogenosis.,1983,https://doi.org/10.1016/0026-0495(83)90159-2,0.00,0.00,1.00,0.00,0.00,0.00,0.00,,,0.3,,,,,same canonical name for both diseases (check pair),abstract only
330,31250694,fibrodysplasia ossificans progressiva,non-hereditary heterotopic ossification,Differential Vascularity in Genetic and Nonhereditary Heterotopic Ossification.,2019,https://doi.org/10.1177/1066896919857135,0.00,0.00,1.00,0.00,0.00,0.00,0.00,,,0.3,,,,,,abstract only
331,30273954,von Willebrand disease,hemophilia A,Long-Term Outcome after Joint Bleeds in Von Willebrand Disease Compared to Haemophilia A: A Post Hoc Analysis.,2018,https://doi.org/10.1055/s-0038-1670704,0.60,0.00,0.00,0.00,0.40,0.00,0.00,0.3,,,,0.3,,,,abstract only
332,32815913,von Willebrand disease,hemophilia A,Are Iranian patients with von Willebrand disease type 2N properly differentiated from hemophilia A and do they receive appropriate treatment?,2020,https://doi.org/10.1097/mbc.0000000000000932,0.00,0.40,0.00,0.00,0.00,0.60,0.00,,0.3,,,,0.6,,,abstract only
333,37182698,vaccine-induced immune thrombotic thrombocytopenia,heparin-induced thrombocytopenia,"Investigation of anti-PF4 versus anti-PF4/heparin reactivity using fluid-phase enzyme immunoassay for 4 anti-PF4 disorders: classic heparin-induced thrombocytopenia (HIT), autoimmune HIT, vaccine-induced immune thrombotic thrombocytopenia, and spontaneous HIT.",2023,https://doi.org/10.1016/j.jtha.2023.04.034,0.00,0.00,1.00,0.00,0.00,0.00,0.00,,,0.4,,,,,,abstract only
334,36706782,heparin-induced thrombocytopenia,vaccine-induced immune thrombotic thrombocytopenia,Mechanisms of Thrombosis in Heparin-Induced Thrombocytopenia and Vaccine-Induced Immune Thrombotic Thrombocytopenia.,2023,https://doi.org/10.1055/s-0043-1761269,0.00,0.00,1.00,0.00,0.00,0.00,0.00,,,0.6,,,,,,abstract only
335,10483019,catastrophic antiphospholipid syndrome,thrombotic thrombocytopenic purpura,Relapsing catastrophic antiphospholipid antibody syndrome: a mimic for thrombotic thrombocytopenic purpura?,1999,https://doi.org/10.1177/096120339900800613,0.00,0.00,0.00,0.40,0.00,0.60,0.00,,,,0.3,,0.6,,,abstract only
336,36693681,Erdheim-Chester disease,Rosai-Dorfman disease,"Erdheim-Chester disease with Rosai-Dorfman-like lesions: treatment with methotrexate, anakinra and upadacitinib.",2023,https://europepmc.org/article/PMC/PMC9884847,0.40,0.30,0.00,0.30,0.00,0.00,0.00,0.6,0.7,,0.3,,,,,abstract only
337,28606051,common variable immunodeficiency,X-linked agammaglobulinemia,Comparison of Bone Mineral Density in Common Variable Immunodeficiency and X-Linked Agammaglobulinaemia Patients.,2017,https://doi.org/10.2174/1871530317666170612093906,1.00,0.00,0.00,0.00,0.00,0.00,0.00,0.5,,,,,,,,abstract only
338,23325698,common variable immunodeficiency,X-linked agammaglobulinemia,Outcome of screening endoscopy in common variable immunodeficiency disorder and X-linked agammaglobulinemia.,2013,https://doi.org/10.1055/s-0032-1326078,1.00,0.00,0.00,0.00,0.00,0.00,0.00,0.4,,,,,,,,abstract only
339,29348920,Wiskott-Aldrich syndrome,immune thrombocytopenia,Wiskott-Aldrich syndrome that was initially diagnosed as immune thrombocytopenic purpura secondary to a cytomegalovirus infection.,2018,https://europepmc.org/article/PMC/PMC5768273,0.40,0.00,0.00,0.00,0.00,0.60,0.00,0.6,,,,,0.7,,,abstract only
340,33301882,hyper-IgE syndrome,atopic dermatitis,A set of clinical and laboratory markers differentiates hyper-IgE syndrome from severe atopic dermatitis.,2021,https://doi.org/10.1016/j.clim.2020.108645,0.40,0.00,0.00,0.00,0.00,0.60,0.00,0.4,,,,,0.4,,,abstract only
341,37507632,hyper-IgE syndrome,atopic dermatitis,Atypical Localization of Eczema Discriminates DOCK8 or STAT3 Deficiencies from Atopic Dermatitis.,2023,https://doi.org/10.1007/s10875-023-01554-z,0.40,0.00,0.00,0.00,0.00,0.60,0.00,0.4,,,,,0.4,,,abstract only
342,22919190,thyrotoxic periodic paralysis,idiopathic hypokalemic periodic paralysis,Comparative study of thyrotoxic periodic paralysis from idiopathic hypokalemic periodic paralysis: An experience from India.,2012,https://europepmc.org/article/PMC/PMC3424795,0.60,0.00,0.20,0.00,0.20,0.00,0.00,0.6,,0.4,,0.5,,,,abstract only
343,29925740,catecholaminergic polymorphic ventricular tachycardia,long QT syndrome,Differential Diagnosis Between Catecholaminergic Polymorphic Ventricular Tachycardia and Long QT Syndrome Type 1　- Modified Schwartz Score.,2018,https://doi.org/10.1253/circj.cj-17-1032,0.40,0.00,0.00,0.00,0.00,0.60,0.00,0.5,,,,,0.6,,,abstract only
344,32248794,Danon disease,hypertrophic cardiomyopathy,Clinical utility of genetic testing in the early diagnosis of Danon disease mimicking hypertrophic cardiomyopathy: a case report.,2020,https://europepmc.org/article/PMC/PMC7132987,0.20,0.20,0.00,0.00,0.00,0.60,0.00,0.7,0.4,,,,0.6,,,abstract only
345,42783013,left ventricular noncompaction,dilated cardiomyopathy,Long-Term Outcomes in Patients with Dilated Left Ventricular Non-Compaction Versus Dilated Cardiomyopathy: A Propensity Score Matching Study.,2026,https://europepmc.org/article/PMC/PMC13607913,0.30,0.00,0.00,0.00,0.70,0.00,0.00,0.5,,,,0.6,,,,abstract only
346,40863369,left ventricular noncompaction,dilated cardiomyopathy,Decreased Aortic Elasticity in Noncompaction Cardiomyopathy Compared to Dilated Cardiomyopathy.,2025,https://europepmc.org/article/PMC/PMC12386488,1.00,0.00,0.00,0.00,0.00,0.00,0.00,0.3,,,,,,,,abstract only
347,41820898,left ventricular noncompaction,dilated cardiomyopathy,Diagnostic utility of cardiac magnetic resonance-derived myocardial strain and fractal analysis in differentiating left ventricular noncompaction from dilated cardiomyopathy.,2026,https://europepmc.org/article/PMC/PMC13097976,0.40,0.00,0.00,0.00,0.00,0.60,0.00,0.3,,,,,0.3,,,abstract only
348,36624560,giant cell myocarditis,cardiac sarcoidosis,Cardiac magnetic resonance in giant cell myocarditis: a matched comparison with cardiac sarcoidosis.,2023,https://europepmc.org/article/PMC/PMC10029848,0.50,0.00,0.00,0.00,0.00,0.50,0.00,0.5,,,,,0.5,,,abstract only
349,37364717,giant cell myocarditis,cardiac sarcoidosis,Phenotyping of giant cell myocarditis versus cardiac sarcoidosis using cardiovascular magnetic resonance.,2023,https://doi.org/10.1016/j.ijcard.2023.131143,0.50,0.00,0.00,0.00,0.00,0.50,0.00,0.5,,,,,0.5,,,abstract only
350,39557143,giant cell myocarditis,cardiac sarcoidosis,Cardiovascular outcomes among giant cell myocarditis compared with cardiac sarcoidosis: A propensity score-matched analysis.,2025,https://doi.org/10.1016/j.pcad.2024.11.002,0.00,0.00,0.00,0.00,1.00,0.00,0.00,,,,,0.4,,,,abstract only
351,41264364,pulmonary veno-occlusive disease,pulmonary arterial hypertension,GDF15 is a putative biomarker for distinguishing pulmonary veno-occlusive disease and pulmonary arterial hypertension.,2026,https://europepmc.org/article/PMC/PMC12807463,0.00,0.00,0.50,0.00,0.00,0.50,0.00,,,0.3,,,0.3,,,abstract only
352,19634080,pulmonary veno-occlusive disease,pulmonary arterial hypertension,Idiopathic pulmonary arterial hypertension and pulmonary veno-occlusive disease: similarities and differences.,2009,https://doi.org/10.1055/s-0029-1233310,0.60,0.20,0.00,0.00,0.20,0.00,0.00,0.6,0.6,,,0.3,,,,abstract only
353,31202500,pulmonary veno-occlusive disease,pulmonary arterial hypertension,Unique wreath-like smooth muscle proliferation of the pulmonary vasculature in pulmonary veno-occlusive disease versus pulmonary arterial hypertension.,2020,https://doi.org/10.1016/j.jfma.2019.05.019,0.00,0.00,0.60,0.00,0.00,0.40,0.00,,,0.2,,,0.4,,,abstract only
354,22076985,choroideremia,retinitis pigmentosa,Transition zones between healthy and diseased retina in choroideremia (CHM) and Stargardt disease (STGD) as compared to retinitis pigmentosa (RP).,2011,https://europepmc.org/article/PMC/PMC3341121,1.00,0.00,0.00,0.00,0.00,0.00,0.00,0.4,,,,,,,,abstract only
355,22076985,Stargardt disease,retinitis pigmentosa,Transition zones between healthy and diseased retina in choroideremia (CHM) and Stargardt disease (STGD) as compared to retinitis pigmentosa (RP).,2011,https://europepmc.org/article/PMC/PMC3341121,1.00,0.00,0.00,0.00,0.00,0.00,0.00,0.4,,,,,,,,abstract only
356,10854112,Best vitelliform macular dystrophy,age-related macular degeneration,Mutations in the VMD2 gene are associated with juvenile-onset vitelliform macular dystrophy (Best disease) and adult vitelliform macular dystrophy but not age-related macular degeneration.,2000,https://doi.org/10.1038/sj.ejhg.5200447,0.00,1.00,0.00,0.00,0.00,0.00,0.00,,0.3,,,,,,,abstract only
357,10854112,Best vitelliform macular dystrophy,adult-onset vitelliform macular dystrophy,Mutations in the VMD2 gene are associated with juvenile-onset vitelliform macular dystrophy (Best disease) and adult vitelliform macular dystrophy but not age-related macular degeneration.,2000,https://doi.org/10.1038/sj.ejhg.5200447,0.00,1.00,0.00,0.00,0.00,0.00,0.00,,0.7,,,,,,,abstract only
358,10453731,Best vitelliform macular dystrophy,age-related macular degeneration,Evaluation of the Best disease gene in patients with age-related macular degeneration and other maculopathies.,1999,https://doi.org/10.1007/s004390050986,0.00,1.00,0.00,0.00,0.00,0.00,0.00,,0.2,,,,,,,abstract only
359,30959067,sympathetic ophthalmia,Vogt-Koyanagi-Harada disease,Comparison of Clinical Features and Visual Outcome between Sympathetic Ophthalmia and Vogt-Koyanagi-Harada Disease in Chinese Patients.,2019,https://doi.org/10.1016/j.ophtha.2019.03.049,0.70,0.00,0.00,0.00,0.30,0.00,0.00,0.6,,,,0.5,,,,abstract only
360,24734166,Vogt-Koyanagi-Harada disease,sympathetic ophthalmia,Gender differences in vogt-koyanagi-harada disease and sympathetic ophthalmia.,2014,https://europepmc.org/article/PMC/PMC3964687,0.00,0.00,0.00,0.00,1.00,0.00,0.00,,,,,0.6,,,,abstract only
361,33716932,amyloidosis,chronic inflammatory demyelinating polyneuropathy,Nerve Ultrasound Comparison Between Transthyretin Familial Amyloid Polyneuropathy and Chronic Inflammatory Demyelinating Polyneuropathy.,2021,https://europepmc.org/article/PMC/PMC7953716,0.40,0.00,0.00,0.00,0.00,0.60,0.00,0.4,,,,,0.4,,,abstract only
362,32217467,amyloidosis,chronic inflammatory demyelinating polyneuropathy,Quantitative sudomotor test helps differentiate transthyretin familial amyloid polyneuropathy from chronic inflammatory demyelinating polyneuropathy.,2020,https://doi.org/10.1016/j.clinph.2020.01.022,0.40,0.00,0.00,0.00,0.00,0.60,0.00,0.4,,,,,0.4,,,abstract only
363,26179010,POEMS syndrome,chronic inflammatory demyelinating polyneuropathy,Thrombocytosis distinguishes POEMS syndrome from chronic inflammatory demyelinating polyneuropathy.,2015,https://doi.org/10.1002/mus.24768,0.40,0.00,0.00,0.00,0.00,0.60,0.00,0.3,,,,,0.2,,,abstract only
364,35257327,POEMS syndrome,chronic inflammatory demyelinating polyneuropathy,Nerve Ultrasound Performances in Differentiating POEMS Syndrome from CIDP.,2022,https://europepmc.org/article/PMC/PMC9226218,0.40,0.00,0.00,0.00,0.00,0.60,0.00,0.3,,,,,0.3,,,abstract only
365,38683209,amyotrophic lateral sclerosis,multifocal motor neuropathy,Diagnostic value of neurofilaments in differentiating motor neuron disease from multifocal motor neuropathy.,2024,https://europepmc.org/article/PMC/PMC11233354,0.00,0.00,0.40,0.00,0.00,0.60,0.00,,,0.2,,,0.2,,,abstract only
366,38334356,multifocal motor neuropathy,amyotrophic lateral sclerosis,Multifocal motor neuropathy as a mimic of amyotrophic lateral sclerosis: Serum neurofilament light chain as a reliable diagnostic biomarker.,2024,https://doi.org/10.1002/mus.28054,0.00,0.00,0.40,0.00,0.00,0.60,0.00,,,0.2,,,0.2,,,abstract only
367,33137570,multifocal motor neuropathy,amyotrophic lateral sclerosis,Difference in distribution of fasciculations between multifocal motor neuropathy and amyotrophic lateral sclerosis.,2020,https://doi.org/10.1016/j.clinph.2020.08.021,0.60,0.00,0.00,0.00,0.00,0.40,0.00,0.4,,,,,0.5,,,abstract only
368,42184234,behavioural variant frontotemporal dementia,Alzheimer disease,Pupillometry as a Differential Indicator of Cognitive Processing in Alzheimer Disease and Behavioral Variant Frontotemporal Dementia.,2026,https://doi.org/10.1097/wad.0000000000000725,0.50,0.00,0.50,0.00,0.00,0.00,0.00,0.3,,0.3,,,,,,abstract only
369,12601098,hemiplegic migraine,migraine with aura,Evidence for a separate type of migraine with aura: sporadic hemiplegic migraine.,2003,https://doi.org/10.1212/01.wnl.0000046524.25369.7d,0.60,0.40,0.00,0.00,0.00,0.00,0.00,0.3,0.3,,,,,,,abstract only
370,11735221,hemiplegic migraine,migraine with aura,Migraine with aura susceptibility locus on chromosome 19p13 is distinct from the familial hemiplegic migraine locus.,2001,https://doi.org/10.1006/geno.2001.6665,0.00,1.00,0.00,0.00,0.00,0.00,0.00,,0.1,,,,,,,abstract only
371,29946973,osteogenesis imperfecta,osteoporosis,Comparison of Bone Microarchitecture Between Adult Osteogenesis Imperfecta and Early-Onset Osteoporosis.,2018,https://doi.org/10.1007/s00223-018-0447-8,1.00,0.00,0.00,0.00,0.00,0.00,0.00,0.5,,,,,,,,abstract only
372,2052622,osteogenesis imperfecta,osteoporosis,Mutation in a gene for type I procollagen (COL1A2) in a woman with postmenopausal osteoporosis: evidence for phenotypic and genotypic overlap with mild osteogenesis imperfecta.,1991,https://europepmc.org/article/PMC/PMC51885,0.00,1.00,0.00,0.00,0.00,0.00,0.00,,0.7,,,,,,,abstract only
373,36465977,alkaptonuria,osteoarthritis,Development of an Effective Therapy for Alkaptonuria - Lessons for Osteoarthritis.,2021,https://europepmc.org/article/PMC/PMC9524786,0.00,0.00,0.60,0.40,0.00,0.00,0.00,,,0.6,0.6,,,,,abstract only
374,34277783,eosinophilic granulomatosis with polyangiitis,asthma,Retrospective comparison of high-resolution computed tomography of eosinophilic granulomatosis with polyangiitis with severe asthma.,2021,https://europepmc.org/article/PMC/PMC8267300,0.40,0.00,0.00,0.00,0.00,0.60,0.00,0.4,,,,,0.4,,,abstract only
375,37605658,eosinophilic granulomatosis with polyangiitis,asthma,Retrospective Analysis of the Burden of Illness of Eosinophilic Granulomatosis With Polyangiitis (EGPA) Versus Asthma in Commercially Insured US Patients.,2023,https://europepmc.org/article/PMC/PMC10440019,0.00,0.00,0.00,0.00,1.00,0.00,0.00,,,,,0.3,,,,abstract only
376,40751367,allergic bronchopulmonary aspergillosis,asthma,Fungal-Driven Airways Dis-Immunity From Asthma to Allergic Bronchopulmonary Aspergillosis: Dissecting Similarities and Differences. An EAACI Task Force Report.,2025,https://europepmc.org/article/PMC/PMC12666763,0.40,0.00,0.40,0.00,0.00,0.20,0.00,0.7,,0.7,,,0.7,,,abstract only
377,41735429,Still disease,rheumatoid arthritis,Clustering reveals diagnostic overlap between Still's disease and a hyperinflammatory subset of seronegative rheumatoid arthritis.,2026,https://europepmc.org/article/PMC/PMC13031936,0.40,0.00,0.00,0.00,0.00,0.60,0.00,0.6,,,,,0.7,,,abstract only
378,3659381,Still disease,rheumatoid arthritis,"Carpal alterations in adult-onset Still disease, juvenile chronic arthritis, and adult-onset rheumatoid arthritis: comparative study.",1987,https://doi.org/10.1148/radiology.165.2.3659381,0.40,0.00,0.00,0.00,0.00,0.60,0.00,0.4,,,,,0.4,,,abstract only
379,38576084,Hutchinson-Gilford progeria syndrome,atherosclerosis,Progeria-based vascular model identifies networks associated with cardiovascular aging and disease.,2024,https://europepmc.org/article/PMC/PMC11258467,0.00,0.00,1.00,0.00,0.00,0.00,0.00,,,0.6,,,,,,abstract only
380,39206565,Hutchinson-Gilford progeria syndrome,atherosclerosis,Endothelial-to-Mesenchymal Transition Contributes to Accelerated Atherosclerosis in Hutchinson-Gilford Progeria Syndrome.,2024,https://doi.org/10.1161/circulationaha.123.065768,0.00,0.00,1.00,0.00,0.00,0.00,0.00,,,0.6,,,,,,abstract only
381,31498018,primary aldosteronism,Gitelman syndrome,Uncommon presentation of primary hyperaldosteronism with severe hypomagnesemia: a Gitelman syndrome mimic.,2019,https://europepmc.org/article/PMC/PMC6746263,0.40,0.00,0.00,0.00,0.00,0.60,0.00,0.5,,,,,0.6,,,abstract only
382,42793682,Wilson disease,primary sclerosing cholangitis,Critical Analysis of Metallothionein Immunohistochemistry for Diagnosis of Pediatric Wilson Disease: Histologic Scoring Facilitates Distinction from Clinical Mimics.,2026,https://europepmc.org/article/PMC/PMC13605009,0.00,0.00,0.40,0.00,0.00,0.60,0.00,,,0.2,,,0.2,,,abstract only
383,42793682,Wilson disease,metabolic dysfunction-associated steatotic liver disease,Critical Analysis of Metallothionein Immunohistochemistry for Diagnosis of Pediatric Wilson Disease: Histologic Scoring Facilitates Distinction from Clinical Mimics.,2026,https://europepmc.org/article/PMC/PMC13605009,0.00,0.00,0.40,0.00,0.00,0.60,0.00,,,0.2,,,0.2,,,abstract only
384,35888023,logopenic primary progressive aphasia,Alzheimer disease,Logogenic Primary Progressive Aphasia or Alzheimer Disease: Contribution of Acoustic Markers in Early Differential Diagnosis.,2022,https://europepmc.org/article/PMC/PMC9316974,0.00,0.00,0.40,0.00,0.00,0.60,0.00,,,0.7,,,0.6,,,abstract only
385,33441454,Alzheimer disease,Alzheimer disease,Memory Resilience in Alzheimer Disease With Primary Progressive Aphasia.,2021,https://europepmc.org/article/PMC/PMC8105903,1.00,0.00,0.00,0.00,0.00,0.00,0.00,0.5,,,,,,,same canonical name for both diseases (check pair),abstract only
386,40943826,amyloidosis,cardiac sarcoidosis,A Comparative Analysis of Cardiac Amyloidosis and Cardiac Sarcoidosis: A Single-Center Experience.,2025,https://europepmc.org/article/PMC/PMC12429141,0.60,0.00,0.00,0.00,0.00,0.40,0.00,0.5,,,,,0.5,,,abstract only
387,31309727,sarcoidosis,amyloidosis,"Comparison of Ultrasound Features of Major Salivary Glands in Sarcoidosis, Amyloidosis, and Sjögren's Syndrome.",2020,https://doi.org/10.1002/acr.24029,1.00,0.00,0.00,0.00,0.00,0.00,0.00,0.5,,,,,,,,abstract only
388,26968971,lymphangioleiomyomatosis,COPD,Reduced physical activity in lymphangioleiomyomatosis compared with COPD and healthy controls: disease-specific impact and clinical correlates.,2016,https://doi.org/10.1136/thoraxjnl-2015-207852,1.00,0.00,0.00,0.00,0.00,0.00,0.00,0.3,,,,,,,,abstract only
389,32962746,lymphangioleiomyomatosis,COPD,Benefits of pulmonary rehabilitation in patients with advanced lymphangioleiomyomatosis (LAM) compared with COPD - a retrospective analysis.,2020,https://europepmc.org/article/PMC/PMC7507679,0.00,0.00,0.00,1.00,0.00,0.00,0.00,,,,0.5,,,,,abstract only
390,42074127,lymphangioleiomyomatosis,COPD,"Cross-Disease Breathomics by PTR-TOF-MS: Multiclass Machine Learning and Network Remodeling Across Asthma, COPD, Cystic Fibrosis, and Lymphangioleiomyomatosis.",2026,https://europepmc.org/article/PMC/PMC13116732,0.00,0.00,0.80,0.00,0.00,0.20,0.00,,,0.3,,,0.3,,,abstract only
391,42074127,cystic fibrosis,COPD,"Cross-Disease Breathomics by PTR-TOF-MS: Multiclass Machine Learning and Network Remodeling Across Asthma, COPD, Cystic Fibrosis, and Lymphangioleiomyomatosis.",2026,https://europepmc.org/article/PMC/PMC13116732,0.00,0.00,0.80,0.00,0.00,0.20,0.00,,,0.3,,,0.3,,,abstract only
392,32887357,Rett syndrome,autism spectrum disorder,Differentiating Females with Rett Syndrome and Those with Multi-Comorbid Autism Spectrum Disorder Using Physiological Biomarkers: A Novel Approach.,2020,https://europepmc.org/article/PMC/PMC7563706,0.00,0.00,0.50,0.00,0.00,0.50,0.00,,,0.3,,,0.3,,,abstract only
393,29317982,Rett syndrome,autism spectrum disorder,Lactonase Activity and Lipoprotein-Phospholipase A2 as Possible Novel Serum Biomarkers for the Differential Diagnosis of Autism Spectrum Disorders and Rett Syndrome: Results from a Pilot Study.,2017,https://europepmc.org/article/PMC/PMC5727786,0.00,0.00,1.00,0.00,0.00,0.00,0.00,,,0.6,,,,,,abstract only
394,23226951,Rett syndrome,autism spectrum disorder,The relationship of Rett syndrome and MECP2 disorders to autism.,2012,https://europepmc.org/article/PMC/PMC3513680,0.50,0.30,0.00,0.00,0.00,0.00,0.20,0.6,0.6,,,,,0.6,,abstract only
395,29490614,Smith-Magenis syndrome,Angelman syndrome,"A cross-syndrome cohort comparison of sleep disturbance in children with Smith-Magenis syndrome, Angelman syndrome, autism spectrum disorder and tuberous sclerosis complex.",2018,https://europepmc.org/article/PMC/PMC5831859,1.00,0.00,0.00,0.00,0.00,0.00,0.00,0.3,,,,,,,,abstract only
396,29490614,Angelman syndrome,autism spectrum disorder,"A cross-syndrome cohort comparison of sleep disturbance in children with Smith-Magenis syndrome, Angelman syndrome, autism spectrum disorder and tuberous sclerosis complex.",2018,https://europepmc.org/article/PMC/PMC5831859,1.00,0.00,0.00,0.00,0.00,0.00,0.00,0.4,,,,,,,,abstract only
397,27802104,Cornelia de Lange syndrome,autism spectrum disorder,"A Comparative Study of Sociability in Angelman, Cornelia de Lange, Fragile X, Down and Rubinstein Taybi Syndromes and Autism Spectrum Disorder.",2016,https://doi.org/10.1352/1944-7558-121.6.465,1.00,0.00,0.00,0.00,0.00,0.00,0.00,0.5,,,,,,,,abstract only
398,27802104,Angelman syndrome,autism spectrum disorder,"A Comparative Study of Sociability in Angelman, Cornelia de Lange, Fragile X, Down and Rubinstein Taybi Syndromes and Autism Spectrum Disorder.",2016,https://doi.org/10.1352/1944-7558-121.6.465,1.00,0.00,0.00,0.00,0.00,0.00,0.00,0.4,,,,,,,,abstract only
399,15389774,neurofibromatosis,autism spectrum disorder,Association between the neurofibromatosis-1 (NF1) locus and autism in the Japanese population.,2004,https://doi.org/10.1002/ajmg.b.20119,0.00,0.70,0.00,0.00,0.00,0.00,0.30,,0.6,,,,,0.7,,abstract only
400,42387549,neurofibromatosis,autism spectrum disorder,"Autism in neurofibromatosis type 1: prevalence, phenotype and clinical implications.",2026,https://europepmc.org/article/PMC/PMC13617810,0.40,0.00,0.00,0.00,0.00,0.00,0.60,0.5,,,,,,0.7,,abstract only
401,38812813,Prader-Willi syndrome,essential obesity,Metabolomic profiling of Prader-Willi syndrome compared with essential obesity.,2024,https://europepmc.org/article/PMC/PMC11133515,0.00,0.00,1.00,0.00,0.00,0.00,0.00,,,0.3,,,,,,abstract only
402,40283476,Prader-Willi syndrome,essential obesity,"Comparison of Body Composition, Basal Metabolic Rate and Metabolic Outcomes of Adults with Prader-Willi Syndrome and Age- and BMI-Matched Patients with Essential Obesity.",2025,https://europepmc.org/article/PMC/PMC12027937,0.60,0.00,0.40,0.00,0.00,0.00,0.00,0.4,,0.4,,,,,,abstract only
403,40094938,Prader-Willi syndrome,essential obesity,Epigenetic Age in Prader-Willi Syndrome and Essential Obesity: A Comparison with Chronological and Vascular Ages.,2025,https://europepmc.org/article/PMC/PMC11900933,0.00,0.00,1.00,0.00,0.00,0.00,0.00,,,0.2,,,,,,abstract only
404,25989416,Cornelia de Lange syndrome,fragile X syndrome,"Contrasting age related changes in autism spectrum disorder phenomenology in Cornelia de Lange, Fragile X, and Cri du Chat syndromes: Results from a 2.5 year follow-up.",2015,https://doi.org/10.1002/ajmg.c.31438,0.60,0.00,0.00,0.00,0.40,0.00,0.00,0.3,,,,0.2,,,,abstract only
405,16761297,Smith-Lemli-Opitz syndrome,autism spectrum disorder,The near universal presence of autism spectrum disorders in children with Smith-Lemli-Opitz syndrome.,2006,https://doi.org/10.1002/ajmg.a.31294,0.40,0.00,0.00,0.00,0.00,0.00,0.60,0.6,,,,,,0.9,,abstract only
406,34773316,autism spectrum disorder,Smith-Lemli-Opitz syndrome,Isolated autism is not an indication for Smith-Lemli-Opitz syndrome biochemical testing.,2022,https://doi.org/10.1111/jpc.15795,0.00,0.00,0.00,0.00,0.00,0.30,0.70,,,,,,0.1,0.1,,abstract only
407,41222041,cystic fibrosis,primary ciliary dyskinesia,Cystic Fibrosis and Primary Ciliary Dyskinesia Share Extensive Similarities: Is It Time to Place Them Under a Common Umbrella?,2025,https://europepmc.org/article/PMC/PMC12606690,0.50,0.00,0.50,0.00,0.00,0.00,0.00,0.8,,0.8,,,,,,abstract only
408,39703463,Duchenne muscular dystrophy,Becker muscular dystrophy,The Persistence of Duchenne vs Becker Muscular Dystrophies: Vive la Difference?,2025,https://europepmc.org/article/PMC/PMC11655166,0.40,0.60,0.00,0.00,0.00,0.00,0.00,0.3,0.9,,,,,,,abstract only
409,39850649,Gaucher disease,multiple myeloma,"Prevalence of type I Gaucher disease in patients with smoldering or multiple myeloma: Results from the prospective, observational CHAGAL study.",2025,https://europepmc.org/article/PMC/PMC11754764,0.00,0.20,0.00,0.00,0.00,0.00,0.80,,0.4,,,,,0.3,,abstract only
410,36155958,alpha-1 antitrypsin deficiency,COPD,Unique and shared systemic biomarkers for emphysema in Alpha-1 Antitrypsin deficiency and chronic obstructive pulmonary disease.,2022,https://europepmc.org/article/PMC/PMC9507992,0.00,0.00,1.00,0.00,0.00,0.00,0.00,,,0.6,,,,,,abstract only
411,36115362,anti-NMDA receptor encephalitis,schizophrenia,Clinical characterisation of patients in the post-acute stage of anti-NMDA receptor encephalitis: a prospective cohort study and comparison with patients with schizophrenia spectrum disorders.,2022,https://doi.org/10.1016/s1474-4422(22)00299-x,0.80,0.00,0.20,0.00,0.00,0.00,0.00,0.6,,0.3,,,,,,abstract only
412,40188787,anti-NMDA receptor encephalitis,schizophrenia,Cognitive outcomes and performance of patients diagnosed and treated for N-Methyl-D-Aspartate receptor antibody-mediated (NMDAR) encephalitis compared with patients with schizophrenia and healthy controls.,2025,https://doi.org/10.1016/j.pscychresns.2025.111983,1.00,0.00,0.00,0.00,0.00,0.00,0.00,0.5,,,,,,,,abstract only
413,41576003,Ehlers-Danlos syndrome,ME/CFS,Shared autonomic phenotype of long COVID and myalgic encephalomyelitis/chronic fatigue syndrome.,2026,https://europepmc.org/article/PMC/PMC12829881,0.70,0.00,0.30,0.00,0.00,0.00,0.00,0.7,,0.6,,,,,,abstract only
414,41576003,Ehlers-Danlos syndrome,long COVID,Shared autonomic phenotype of long COVID and myalgic encephalomyelitis/chronic fatigue syndrome.,2026,https://europepmc.org/article/PMC/PMC12829881,0.70,0.00,0.30,0.00,0.00,0.00,0.00,0.7,,0.6,,,,,,abstract only
415,41100648,Glanzmann thrombasthenia,Bernard-Soulier syndrome,Natural history &amp; quality of life in Glanzmann thrombasthenia &amp; Bernard Soulier syndrome: An observational study from India.,2025,https://europepmc.org/article/PMC/PMC12624748,0.40,0.00,0.00,0.00,0.60,0.00,0.00,0.5,,,,0.5,,,,abstract only
416,40565512,Bernard-Soulier syndrome,Glanzmann thrombasthenia,Automated Quantitative Immunofluorescence Microscopy Approach for Diagnosis of Hereditary Thrombopathies: A Proof of Concept Using Bernard-Soulier Syndrome and Glanzmann Thrombasthenia.,2025,https://europepmc.org/article/PMC/PMC12192073,0.00,0.00,0.00,0.00,0.00,1.00,0.00,,,,,,0.3,,,abstract only
417,37627208,primary myelofibrosis,essential thrombocythemia,Easily Applicable Predictive Score for Differential Diagnosis of Prefibrotic Primary Myelofibrosis from Essential Thrombocythemia.,2023,https://europepmc.org/article/PMC/PMC10452817,0.40,0.00,0.00,0.00,0.00,0.60,0.00,0.4,,,,,0.4,,,abstract only
418,36857745,essential thrombocythemia,primary myelofibrosis,Comparison of Clinical and Molecular Features Between Patients With Essential Thrombocythemia and Early/Prefibrotic Primary Myelofibrosis Presenting With Thrombocytosis in Taiwan.,2023,https://doi.org/10.1093/ajcp/aqac173,0.40,0.00,0.20,0.00,0.00,0.40,0.00,0.4,,0.4,,,0.4,,,abstract only
419,40420654,systemic mastocytosis,hereditary alpha-tryptasemia,Histamine metabolite to basal serum tryptase ratios in systemic mastocytosis and hereditary alpha tryptasemia using a validated LC-MS/MS approach.,2025,https://doi.org/10.1515/cclm-2025-0189,0.00,0.00,0.40,0.00,0.00,0.00,0.60,,,0.4,,,,0.6,,abstract only
420,31594025,Evans syndrome,immune thrombocytopenia,Long-term remission rates after splenectomy in adults with Evans syndrome compared to immune thrombocytopenia: A single-center retrospective study.,2020,https://europepmc.org/article/PMC/PMC7023892,0.00,0.00,0.00,0.60,0.40,0.00,0.00,,,,0.5,0.4,,,,abstract only
421,39096193,immune thrombocytopenia,Evans syndrome,Familial autoimmunity and risk of developing immune thrombocytopenia and Evans syndrome.,2024,https://doi.org/10.1002/pbc.31239,0.00,0.40,0.00,0.00,0.00,0.00,0.60,,0.5,,,,,0.6,,abstract only
422,11422224,congenital dyserythropoietic anemia,hereditary spherocytosis,Flow-cytometric analysis of erythrocytes and reticulocytes in congenital dyserythropoietic anaemia type II (CDA II): value in differential diagnosis with hereditary spherocytosis.,2001,https://doi.org/10.1046/j.1365-2257.2001.00354.x,0.00,0.00,0.00,0.00,0.00,1.00,0.00,,,,,,0.3,,,abstract only
423,27784127,congenital dyserythropoietic anemia,hereditary spherocytosis,CD44 as a Potential Screening Marker for Preliminary Differentiation Between Congenital Dyserythropoietic Anemia Type II and Hereditary Spherocytosis.,2018,https://doi.org/10.1002/cyto.b.21488,0.00,0.00,0.00,0.00,0.00,1.00,0.00,,,,,,0.3,,,abstract only
424,20068224,autoimmune lymphoproliferative syndrome,Evans syndrome,Identifying autoimmune lymphoproliferative syndrome in children with Evans syndrome: a multi-institutional study.,2010,https://doi.org/10.1182/blood-2009-08-239525,0.80,0.20,0.00,0.00,0.00,0.00,0.00,0.8,0.6,,,,,,,abstract only
425,15542578,Evans syndrome,autoimmune lymphoproliferative syndrome,Unmasking Evans syndrome: T-cell phenotype and apoptotic response reveal autoimmune lymphoproliferative syndrome (ALPS).,2005,https://doi.org/10.1182/blood-2004-09-3542,0.50,0.00,0.50,0.00,0.00,0.00,0.00,0.8,,0.6,,,,,,abstract only
426,25463430,IPEX syndrome,APECED,Disease specificity of anti-tryptophan hydroxylase-1 and anti-AIE-75 autoantibodies in APECED and IPEX syndrome.,2015,https://doi.org/10.1016/j.clim.2014.10.010,0.00,0.00,1.00,0.00,0.00,0.00,0.00,,,0.2,,,,,,abstract only
427,26213192,APECED,IPEX syndrome,[Difference in target antigens between central tolerance and peripheral tolerance deficiencies].,2015,https://doi.org/10.2177/jsci.38.142,0.00,0.00,1.00,0.00,0.00,0.00,0.00,,,0.2,,,,,,abstract only
428,22230404,hyper-IgM syndrome,common variable immunodeficiency,"Hyper-IgM, neutropenia, mild infections and low response to polyclonal stimulation: hyper-IgM syndrome or common variable immunodeficiency?",2011,https://doi.org/10.1177/039463201102400416,0.40,0.00,0.00,0.00,0.00,0.60,0.00,0.8,,,,,0.8,,,abstract only
429,19229980,chronic granulomatous disease,Crohn disease,CD68 expression is markedly different in Crohn's disease and the colitis associated with chronic granulomatous disease.,2009,https://doi.org/10.1002/ibd.20890,0.00,0.00,0.50,0.00,0.00,0.50,0.00,,,0.2,,,0.3,,,abstract only
430,24947584,chronic granulomatous disease,Crohn disease,Chronic granulomatous disease mimicking early-onset Crohn's disease with cutaneous manifestations.,2014,https://europepmc.org/article/PMC/PMC4097086,0.40,0.00,0.00,0.00,0.00,0.60,0.00,0.7,,,,,0.8,,,abstract only
431,35944600,familial Mediterranean fever,TRAPS,"Use of the Auto-inflammatory Disease Activity Index to monitor disease activity in patients with colchicine-resistant Familial Mediterranean Fever, Mevalonate Kinase Deficiency, and TRAPS treated with canakinumab.",2022,https://doi.org/10.1016/j.jbspin.2022.105448,0.00,0.00,0.00,1.00,0.00,0.00,0.00,,,,0.7,,,,,abstract only
432,35944600,familial Mediterranean fever,mevalonate kinase deficiency,"Use of the Auto-inflammatory Disease Activity Index to monitor disease activity in patients with colchicine-resistant Familial Mediterranean Fever, Mevalonate Kinase Deficiency, and TRAPS treated with canakinumab.",2022,https://doi.org/10.1016/j.jbspin.2022.105448,0.00,0.00,0.00,1.00,0.00,0.00,0.00,,,,0.7,,,,,abstract only
433,35944600,mevalonate kinase deficiency,TRAPS,"Use of the Auto-inflammatory Disease Activity Index to monitor disease activity in patients with colchicine-resistant Familial Mediterranean Fever, Mevalonate Kinase Deficiency, and TRAPS treated with canakinumab.",2022,https://doi.org/10.1016/j.jbspin.2022.105448,0.00,0.00,0.00,1.00,0.00,0.00,0.00,,,,0.7,,,,,abstract only
434,40925030,mevalonate kinase deficiency,familial Mediterranean fever,Mevalonate kinase deficiency in a familial Mediterranean fever endemic region: a single-center experience.,2025,https://doi.org/10.24953/turkjpediatr.2025.6015,0.00,0.00,0.00,0.40,0.00,0.60,0.00,,,,0.4,,0.5,,,abstract only
435,25708585,familial Mediterranean fever,mevalonate kinase deficiency,Overlap of familial Mediterranean fever and hyper-IgD syndrome in an Arabic kindred.,2015,https://doi.org/10.1007/s10875-015-0140-x,0.40,0.60,0.00,0.00,0.00,0.00,0.00,0.8,0.7,,,,,,,abstract only
436,33709179,PFAPA syndrome,familial Mediterranean fever,"Galectin-3: a new biomarker for differentiating periodic fever, adenitis, pharyngitis, aphthous stomatitis (PFAPA) syndrome from familial Mediterranean fever?",2022,https://doi.org/10.1007/s00296-021-04827-1,0.00,0.00,0.40,0.00,0.00,0.60,0.00,,,0.3,,,0.3,,,abstract only
437,30019226,familial Mediterranean fever,PFAPA syndrome,"Familial Mediterranean fever and periodic fever, aphthous stomatitis, pharyngitis, and adenitis (PFAPA) syndrome: shared features and main differences.",2019,https://doi.org/10.1007/s00296-018-4105-2,0.60,0.00,0.00,0.00,0.00,0.40,0.00,0.6,,,,,0.7,,,abstract only
438,33560445,Blau syndrome,sarcoidosis,Distinguishing Blau Syndrome from Systemic Sarcoidosis.,2021,https://europepmc.org/article/PMC/PMC9762981,0.70,0.10,0.20,0.00,0.00,0.00,0.00,0.7,0.1,0.5,,,,,,abstract only
439,15459013,Blau syndrome,Blau syndrome,Early-onset sarcoidosis and CARD15 mutations with constitutive nuclear factor-kappaB activation: common genetic etiology with Blau syndrome.,2005,https://doi.org/10.1182/blood-2004-07-2972,0.40,0.60,0.00,0.00,0.00,0.00,0.00,0.9,0.8,,,,,,same canonical name for both diseases (check pair),abstract only
440,33419741,antisynthetase syndrome,idiopathic pulmonary fibrosis,Clinicoserological features of antisynthetase syndrome (ASyS)-associated interstitial lung disease presenting to respiratory services: comparison with idiopathic pulmonary fibrosis and ASyS diagnosed in rheumatology services.,2021,https://europepmc.org/article/PMC/PMC7798409,0.60,0.00,0.00,0.30,0.10,0.00,0.00,0.4,,,0.4,0.4,,,,abstract only
441,41672504,Takayasu arteritis,giant cell arteritis,Autoantibodies and B Cells in Takayasu Arteritis and Giant Cell Arteritis: Comparative Insights into Large-Vessel Vasculitis.,2026,https://doi.org/10.1620/tjem.2026.j008,0.00,0.00,1.00,0.00,0.00,0.00,0.00,,,0.5,,,,,,abstract only
442,42387612,giant cell arteritis,polymyalgia rheumatica,Plasma proteome differences between giant cell arteritis and polymyalgia rheumatica: a pilot study.,2026,https://europepmc.org/article/PMC/PMC13587367,0.00,0.00,1.00,0.00,0.00,0.00,0.00,,,0.4,,,,,,abstract only
443,41401110,polymyalgia rheumatica,giant cell arteritis,Overlapping macrophage immune profiles in polymyalgia rheumatica and giant cell arteritis.,2026,https://doi.org/10.1093/rheumatology/keaf629,0.00,0.00,1.00,0.00,0.00,0.00,0.00,,,0.7,,,,,,abstract only
444,39270208,mixed connective tissue disease,systemic lupus erythematosus,Association of Combined Autoreactivity to Sm/RNP Common Motif and U1 RNP With Mixed Connective Tissue Disease and Systemic Lupus Erythematosus.,2024,https://europepmc.org/article/PMC/PMC11638137,0.40,0.00,0.60,0.00,0.00,0.00,0.00,0.4,,0.5,,,,,,abstract only
445,29796907,systemic lupus erythematosus,mixed connective tissue disease,The impact of anti-U1-RNP positivity: systemic lupus erythematosus versus mixed connective tissue disease.,2018,https://doi.org/10.1007/s00296-018-4059-4,0.00,0.00,0.60,0.00,0.00,0.40,0.00,,,0.5,,,0.4,,,abstract only
446,35968155,Kikuchi-Fujimoto disease,systemic lupus erythematosus,Kikuchi-Fujimoto Disease: A Differential for When It is Not Systemic Lupus Erythematosus.,2022,https://europepmc.org/article/PMC/PMC9363934,0.40,0.00,0.00,0.00,0.00,0.60,0.00,0.6,,,,,0.7,,,abstract only
447,32895357,Still disease,Still disease,Systemic juvenile idiopathic arthritis versus adult-onset Still´s disease: the pertinence of changing the current classification criteria.,2020,https://pubmed.ncbi.nlm.nih.gov/32895357,0.50,0.00,0.00,0.00,0.00,0.50,0.00,0.7,,,,,0.7,,same canonical name for both diseases (check pair),abstract only
448,31507416,Still disease,Still disease,Anakinra Drug Retention Rate and Predictive Factors of Long-Term Response in Systemic Juvenile Idiopathic Arthritis and Adult Onset Still Disease.,2019,https://europepmc.org/article/PMC/PMC6715768,0.00,0.00,0.00,1.00,0.00,0.00,0.00,,,,0.8,,,,same canonical name for both diseases (check pair),abstract only
449,30760470,inclusion body myositis,polymyositis,[18F]Florbetapir positron emission tomography: identification of muscle amyloid in inclusion body myositis and differentiation from polymyositis.,2019,https://europepmc.org/article/PMC/PMC6517800,0.00,0.00,0.40,0.00,0.00,0.60,0.00,,,0.2,,,0.3,,,abstract only
450,23649793,inclusion body myositis,polymyositis,Invasive fibroblasts: fundamental difference between sporadic inclusion body myositis and polymyositis.,2014,https://doi.org/10.1002/mus.23898,0.00,0.00,1.00,0.00,0.00,0.00,0.00,,,0.2,,,,,,abstract only
451,36575500,limb-girdle muscular dystrophy,facioscapulohumeral muscular dystrophy,"Identification of circulating miRNAs differentially expressed in patients with Limb-girdle, Duchenne or facioscapulohumeral muscular dystrophies.",2022,https://europepmc.org/article/PMC/PMC9793535,0.00,0.00,1.00,0.00,0.00,0.00,0.00,,,0.3,,,,,,abstract only
452,36575500,limb-girdle muscular dystrophy,Duchenne muscular dystrophy,"Identification of circulating miRNAs differentially expressed in patients with Limb-girdle, Duchenne or facioscapulohumeral muscular dystrophies.",2022,https://europepmc.org/article/PMC/PMC9793535,0.00,0.00,1.00,0.00,0.00,0.00,0.00,,,0.3,,,,,,abstract only
453,36575500,Duchenne muscular dystrophy,facioscapulohumeral muscular dystrophy,"Identification of circulating miRNAs differentially expressed in patients with Limb-girdle, Duchenne or facioscapulohumeral muscular dystrophies.",2022,https://europepmc.org/article/PMC/PMC9793535,0.00,0.00,1.00,0.00,0.00,0.00,0.00,,,0.3,,,,,,abstract only
454,34340613,facioscapulohumeral muscular dystrophy,limb-girdle muscular dystrophy,"The effects of 12 weeks' resistance training on psychological parameters and quality of life in adults with Facioscapulohumeral, Becker, and Limb-girdle dystrophies.",2022,https://doi.org/10.1080/09638288.2021.1955306,1.00,0.00,0.00,0.00,0.00,0.00,0.00,0.5,,,,,,,,abstract only
455,34340613,facioscapulohumeral muscular dystrophy,Becker muscular dystrophy,"The effects of 12 weeks' resistance training on psychological parameters and quality of life in adults with Facioscapulohumeral, Becker, and Limb-girdle dystrophies.",2022,https://doi.org/10.1080/09638288.2021.1955306,1.00,0.00,0.00,0.00,0.00,0.00,0.00,0.5,,,,,,,,abstract only
456,34340613,Becker muscular dystrophy,limb-girdle muscular dystrophy,"The effects of 12 weeks' resistance training on psychological parameters and quality of life in adults with Facioscapulohumeral, Becker, and Limb-girdle dystrophies.",2022,https://doi.org/10.1080/09638288.2021.1955306,1.00,0.00,0.00,0.00,0.00,0.00,0.00,0.5,,,,,,,,abstract only
457,35534195,oculopharyngeal muscular dystrophy,myasthenia gravis,Oculopharyngeal muscular dystrophy coexisting with myasthenia gravis.,2022,https://doi.org/10.1136/practneurol-2022-003429,0.00,0.00,0.30,0.00,0.00,0.00,0.70,,,0.5,,,,0.8,,abstract only
458,23453859,myasthenia gravis,oculopharyngeal muscular dystrophy,Oculopharyngeal muscular dystrophy as a cause of progression of weakness in antibody positive myasthenia gravis.,2013,https://europepmc.org/article/PMC/PMC4181576,0.00,0.00,0.00,0.00,0.00,0.30,0.70,,,,,,0.6,0.8,,abstract only
459,27224435,Morvan syndrome,amyotrophic lateral sclerosis,A Case of Morvan Syndrome Mimicking Amyotrophic Lateral Sclerosis With Frontotemporal Dementia.,2016,https://doi.org/10.1097/cnd.0000000000000118,0.40,0.00,0.00,0.00,0.00,0.60,0.00,0.6,,,,,0.6,,,abstract only
460,27667361,dopa-responsive dystonia,Parkinson disease,Dopa-responsive dystonia or early-onset Parkinson disease - Genotype-phenotype correlation.,2017,https://doi.org/10.1016/j.pjnns.2016.07.013,0.50,0.50,0.00,0.00,0.00,0.00,0.00,0.6,0.6,,,,,,,abstract only
461,7880338,dopa-responsive dystonia,cerebral palsy,Dopa-responsive dystonia simulating cerebral palsy.,1994,https://doi.org/10.1016/0887-8994(94)90109-0,0.40,0.00,0.00,0.00,0.00,0.60,0.00,0.6,,,,,0.7,,,abstract only
462,21935284,dopa-responsive dystonia,cerebral palsy,Dopa-responsive dystonia with a novel initiation codon mutation in the GCH1 gene misdiagnosed as cerebral palsy.,2011,https://europepmc.org/article/PMC/PMC3172666,0.40,0.00,0.00,0.00,0.00,0.60,0.00,0.6,,,,,0.7,,,abstract only
463,42501323,Lafora disease,Unverricht-Lundborg disease,Photosensitivity in Lafora and Unverricht-Lundborg progressive myoclonic epilepsies.,2026,https://doi.org/10.1002/epi.70407,0.60,0.00,0.40,0.00,0.00,0.00,0.00,0.6,,0.5,,,,,,abstract only
464,15623692,Unverricht-Lundborg disease,Lafora disease,Sensorimotor cortex excitability in Unverricht-Lundborg disease and Lafora body disease.,2004,https://doi.org/10.1212/01.wnl.0000147475.71345.aa,0.00,0.00,1.00,0.00,0.00,0.00,0.00,,,0.3,,,,,,abstract only
465,7485240,Lafora disease,Unverricht-Lundborg disease,Lafora disease is not linked to the Unverricht-Lundborg locus.,1995,https://doi.org/10.1002/ajmg.1320600114,0.00,1.00,0.00,0.00,0.00,0.00,0.00,,0.1,,,,,,,abstract only
466,15827867,Kearns-Sayre syndrome,chronic progressive external ophthalmoplegia,Sensorineural hearing loss in patients with chronic progressive external ophthalmoplegia or Kearns-Sayre syndrome.,2005,https://doi.org/10.1007/s00415-005-0827-7,0.60,0.40,0.00,0.00,0.00,0.00,0.00,0.6,0.5,,,,,,,abstract only
467,12903032,chronic progressive external ophthalmoplegia,Kearns-Sayre syndrome,[Mitochondrial DNA mutations in patients with chronic progressive external ophthalmoplegia and Kearns-Sayre syndrome].,2003,https://pubmed.ncbi.nlm.nih.gov/12903032,0.00,1.00,0.00,0.00,0.00,0.00,0.00,,0.7,,,,,,,abstract only
468,18332249,Leigh syndrome,MELAS,The G13513A mutation in the ND5 gene of mitochondrial DNA as a common cause of MELAS or Leigh syndrome: evidence from 12 cases.,2008,https://doi.org/10.1001/archneurol.2007.67,0.40,0.60,0.00,0.00,0.00,0.00,0.00,0.8,0.9,,,,,,,abstract only
469,31178082,Leigh syndrome,MELAS,Transition from Leigh syndrome to MELAS syndrome in a patient with heteroplasmic MT-ND3 m.10158T>C.,2019,https://doi.org/10.1016/j.braindev.2019.05.006,0.40,0.60,0.00,0.00,0.00,0.00,0.00,0.9,0.9,,,,,,,abstract only
470,20610441,MERRF,MELAS,MERRF/MELAS overlap syndrome: a double pathogenic mutation in mitochondrial tRNA genes.,2010,https://doi.org/10.1136/jmg.2009.072058,0.40,0.60,0.00,0.00,0.00,0.00,0.00,0.8,0.9,,,,,,,abstract only
471,24338029,MERRF,MELAS,MERRF/MELAS overlap syndrome due to the m.3291T>C mutation.,2014,https://doi.org/10.1007/s11011-013-9464-5,0.40,0.60,0.00,0.00,0.00,0.00,0.00,0.9,0.8,,,,,,,abstract only
472,9010525,X-linked adrenoleukodystrophy,Krabbe disease,Involvement of the pontomedullary corticospinal tracts: a useful finding in the diagnosis of X-linked adrenoleukodystrophy.,1997,https://europepmc.org/article/PMC/PMC8337858,0.40,0.00,0.00,0.00,0.00,0.60,0.00,0.3,,,,,0.3,,,abstract only
473,9010525,X-linked adrenoleukodystrophy,Alexander disease,Involvement of the pontomedullary corticospinal tracts: a useful finding in the diagnosis of X-linked adrenoleukodystrophy.,1997,https://europepmc.org/article/PMC/PMC8337858,0.40,0.00,0.00,0.00,0.00,0.60,0.00,0.3,,,,,0.3,,,abstract only
474,9010525,X-linked adrenoleukodystrophy,metachromatic leukodystrophy,Involvement of the pontomedullary corticospinal tracts: a useful finding in the diagnosis of X-linked adrenoleukodystrophy.,1997,https://europepmc.org/article/PMC/PMC8337858,0.40,0.00,0.00,0.00,0.00,0.60,0.00,0.3,,,,,0.3,,,abstract only
475,9010525,X-linked adrenoleukodystrophy,Pelizaeus-Merzbacher disease,Involvement of the pontomedullary corticospinal tracts: a useful finding in the diagnosis of X-linked adrenoleukodystrophy.,1997,https://europepmc.org/article/PMC/PMC8337858,0.40,0.00,0.00,0.00,0.00,0.60,0.00,0.3,,,,,0.3,,,abstract only
476,9010525,X-linked adrenoleukodystrophy,Canavan disease,Involvement of the pontomedullary corticospinal tracts: a useful finding in the diagnosis of X-linked adrenoleukodystrophy.,1997,https://europepmc.org/article/PMC/PMC8337858,0.40,0.00,0.00,0.00,0.00,0.60,0.00,0.3,,,,,0.3,,,abstract only
477,39320477,vanishing white matter disease,metachromatic leukodystrophy,Quantitative MRI distinguishes different leukodystrophies and correlates with clinical measures.,2025,https://europepmc.org/article/PMC/PMC11914348,0.50,0.00,0.50,0.00,0.00,0.00,0.00,0.2,,0.2,,,,,,abstract only
478,14579150,Menkes disease,Wilson disease,A comparison of the mutation spectra of Menkes disease and Wilson disease.,2004,https://doi.org/10.1007/s00439-003-1045-y,0.00,0.60,0.40,0.00,0.00,0.00,0.00,,0.6,0.7,,,,,,abstract only
479,8298639,Wilson disease,Menkes disease,The Wilson disease gene is a putative copper transporting P-type ATPase similar to the Menkes gene.,1993,https://doi.org/10.1038/ng1293-327,0.00,0.60,0.40,0.00,0.00,0.00,0.00,,0.8,0.8,,,,,,abstract only
480,27878136,Menkes disease,Wilson disease,Phenotypic convergence of Menkes and Wilson disease.,2016,https://europepmc.org/article/PMC/PMC5114694,0.60,0.40,0.00,0.00,0.00,0.00,0.00,0.8,0.7,,,,,,,abstract only
481,32335868,hereditary neuropathy with liability to pressure palsies,Charcot-Marie-Tooth disease,Quality of life in hereditary neuropathy with liability to pressure palsies is as impaired as in Charcot-Marie-Tooth disease type 1A.,2021,https://doi.org/10.1007/s13760-020-01355-w,1.00,0.00,0.00,0.00,0.00,0.00,0.00,0.5,,,,,,,,abstract only
482,41400104,Charcot-Marie-Tooth disease,hereditary neuropathy with liability to pressure palsies,Aberrant Molecular Myelin Architecture in Charcot-Marie-Tooth Disease Type 1A and Hereditary Neuropathy With Liability to Pressure Palsies.,2026,https://europepmc.org/article/PMC/PMC12706824,0.00,0.00,1.00,0.00,0.00,0.00,0.00,,,0.8,,,,,,abstract only
483,28802056,Charcot-Marie-Tooth disease,hereditary neuropathy with liability to pressure palsies,Different nerve ultrasound patterns in charcot-marie-tooth types and hereditary neuropathy with liability to pressure palsies.,2018,https://doi.org/10.1002/mus.25766,1.00,0.00,0.00,0.00,0.00,0.00,0.00,0.5,,,,,,,,abstract only
484,37931375,moyamoya disease,intracranial atherosclerotic disease,Can combined high-resolution vessel wall imaging and multiple post-labeling delay 3D pseudo-continuous arterial spin labeling differentiate moyamoya disease from atherosclerotic moyamoya syndrome?,2023,https://doi.org/10.1016/j.ejrad.2023.111184,0.60,0.00,0.00,0.00,0.00,0.40,0.00,0.3,,,,,0.3,,,abstract only
485,40524355,moyamoya disease,intracranial atherosclerotic disease,The Differences of Cerebral Hyperperfusion in Patients With Moyamoya Disease and Atherosclerotic Occlusive Cerebrovascular Disease Evaluated by 99m Tc-ECD SPECT One Day After Revascularization Surgery.,2025,https://doi.org/10.1097/rlu.0000000000005929,0.60,0.00,0.40,0.00,0.00,0.00,0.00,0.3,,0.3,,,,,,abstract only
486,23531608,Rasmussen encephalitis,focal cortical dysplasia,Clinico-pathological investigations of Rasmussen encephalitis suggest multifocal disease progression and associated focal cortical dysplasia.,2013,https://doi.org/10.1684/epd.2013.0555,0.50,0.00,0.50,0.00,0.00,0.00,0.00,0.5,,0.3,,,,,,abstract only
487,6399079,Creutzfeldt-Jakob disease,subacute sclerosing panencephalitis,Alterations in brain gangliosides and other lipids of patients with Creutzfeldt-Jakob disease and subacute sclerosing panencephalitis (SSPE).,1984,https://pubmed.ncbi.nlm.nih.gov/6399079,0.00,0.00,1.00,0.00,0.00,0.00,0.00,,,0.6,,,,,,abstract only
488,31435640,Dravet syndrome,West syndrome,Synaptic clustering differences due to different GABRB3 mutations cause variable epilepsy syndromes.,2019,https://europepmc.org/article/PMC/PMC6776116,0.00,1.00,0.00,0.00,0.00,0.00,0.00,,0.5,,,,,,,abstract only
489,31435640,Dravet syndrome,Lennox-Gastaut syndrome,Synaptic clustering differences due to different GABRB3 mutations cause variable epilepsy syndromes.,2019,https://europepmc.org/article/PMC/PMC6776116,0.00,1.00,0.00,0.00,0.00,0.00,0.00,,0.5,,,,,,,abstract only
490,31435640,West syndrome,Lennox-Gastaut syndrome,Synaptic clustering differences due to different GABRB3 mutations cause variable epilepsy syndromes.,2019,https://europepmc.org/article/PMC/PMC6776116,0.00,1.00,0.00,0.00,0.00,0.00,0.00,,0.5,,,,,,,abstract only
491,24886560,Joubert syndrome,Meckel-Gruber syndrome,Mutations in B9D1 and MKS1 cause mild Joubert syndrome: expanding the genetic overlap with the lethal ciliopathy Meckel syndrome.,2014,https://europepmc.org/article/PMC/PMC4113192,0.40,0.60,0.00,0.00,0.00,0.00,0.00,0.7,0.9,,,,,,,abstract only
492,26729329,Meckel-Gruber syndrome,Joubert syndrome,Enhanced diagnostic yield in Meckel-Gruber and Joubert syndrome through exome sequencing supplemented with split-read mapping.,2016,https://europepmc.org/article/PMC/PMC4700600,0.00,0.60,0.00,0.00,0.00,0.40,0.00,,0.8,,,,0.7,,,abstract only
493,19540516,autosomal recessive polycystic kidney disease,nephronophthisis,"MKS3-related ciliopathy with features of autosomal recessive polycystic kidney disease, nephronophthisis, and Joubert Syndrome.",2009,https://europepmc.org/article/PMC/PMC2925444,0.40,0.60,0.00,0.00,0.00,0.00,0.00,0.8,0.9,,,,,,,abstract only
494,19540516,autosomal recessive polycystic kidney disease,Joubert syndrome,"MKS3-related ciliopathy with features of autosomal recessive polycystic kidney disease, nephronophthisis, and Joubert Syndrome.",2009,https://europepmc.org/article/PMC/PMC2925444,0.40,0.60,0.00,0.00,0.00,0.00,0.00,0.8,0.9,,,,,,,abstract only
495,19540516,nephronophthisis,Joubert syndrome,"MKS3-related ciliopathy with features of autosomal recessive polycystic kidney disease, nephronophthisis, and Joubert Syndrome.",2009,https://europepmc.org/article/PMC/PMC2925444,0.40,0.60,0.00,0.00,0.00,0.00,0.00,0.8,0.9,,,,,,,abstract only
496,30496127,Liddle syndrome,primary aldosteronism,Liddle syndrome misdiagnosed as primary aldosteronism resulting from a novel frameshift mutation of SCNN1B.,2018,https://europepmc.org/article/PMC/PMC6311463,0.20,0.20,0.00,0.00,0.00,0.60,0.00,0.7,0.2,,,,0.8,,,abstract only
497,35723567,Liddle syndrome,primary aldosteronism,Liddle syndrome misdiagnosed as primary aldosteronism is caused by inaccurate aldosterone-rennin detection while a novel <i>SCNN1G</i> mutation is discovered.,2022,https://doi.org/10.1080/08037051.2022.2088471,0.30,0.00,0.00,0.00,0.00,0.70,0.00,0.7,,,,,0.8,,,abstract only
498,32073219,diabetes insipidus,diabetes insipidus,A female with X-linked Nephrogenic diabetes insipidus in a family with inherited central diabetes Insipidus: Case report and review of the literature.,2020,https://doi.org/10.1002/ajmg.a.61516,0.40,0.60,0.00,0.00,0.00,0.00,0.00,0.5,0.3,,,,,,same canonical name for both diseases (check pair),abstract only
499,38551325,diabetes insipidus,primary polydipsia,Psychopathological characteristics in patients with arginine vasopressin deficiency (central diabetes insipidus) and primary polydipsia compared to healthy controls.,2024,https://doi.org/10.1093/ejendo/lvae040,0.40,0.00,0.00,0.00,0.00,0.60,0.00,0.6,,,,,0.6,,,abstract only
500,41153850,diabetes insipidus,primary polydipsia,Beyond Biomarkers: Blending Copeptin and Clinical Cues to Distinguish Central Diabetes Insipidus from Primary Polydipsia in Children.,2025,https://europepmc.org/article/PMC/PMC12561882,0.00,0.00,0.40,0.00,0.00,0.60,0.00,,,0.3,,,0.4,,,abstract only
501,1414815,diabetes insipidus,primary polydipsia,Use of T1-weighted MR imaging to differentiate between primary polydipsia and central diabetes insipidus.,1992,https://europepmc.org/article/PMC/PMC8335229,0.00,0.00,0.00,0.00,0.00,1.00,0.00,,,,,,0.3,,,abstract only
502,41809483,primary biliary cholangitis,primary sclerosing cholangitis,Fatigue and circadian rhythm in non-cirrhotic primary biliary cholangitis: An exploratory comparison with primary sclerosing cholangitis and healthy controls.,2026,https://europepmc.org/article/PMC/PMC12968687,1.00,0.00,0.00,0.00,0.00,0.00,0.00,0.4,,,,,,,,abstract only
503,42441677,primary biliary cholangitis,primary sclerosing cholangitis,[Hepatic Overlap Syndrome: Primary Sclerosing Cholangitis and Primary Biliary Cholangitis. Case Review].,2026,https://doi.org/10.4067/s0034-98872026000400533,0.40,0.00,0.00,0.00,0.00,0.00,0.60,0.7,,,,,,0.8,,abstract only
504,41321881,primary biliary cholangitis,autoimmune hepatitis,AMA-Negative Primary Biliary Cholangitis and Autoimmune Hepatitis Overlap Syndrome Presenting With Bullous Pemphigoid: A Case Report.,2025,https://europepmc.org/article/PMC/PMC12660015,0.40,0.00,0.00,0.00,0.00,0.00,0.60,0.7,,,,,,0.6,,abstract only
505,29137095,Crigler-Najjar syndrome,Gilbert syndrome,Differences in UGT1A1 gene mutations and pathological liver changes between Chinese patients with Gilbert syndrome and Crigler-Najjar syndrome type II.,2017,https://europepmc.org/article/PMC/PMC5690788,0.00,0.60,0.40,0.00,0.00,0.00,0.00,,0.6,0.4,,,,,,abstract only
506,41658774,Crigler-Najjar syndrome,Gilbert syndrome,Between Crigler-Najjar Syndrome Type II and Gilbert Syndrome: Expanding the Spectrum of Uridine Diphosphate Glucuronosyltransferase 1A1 (UGT1A1)-Related Hyperbilirubinemia.,2026,https://europepmc.org/article/PMC/PMC12875353,0.50,0.50,0.00,0.00,0.00,0.00,0.00,0.8,0.8,,,,,,,abstract only
507,26250421,Crigler-Najjar syndrome,Gilbert syndrome,Genotype of UGT1A1 and phenotype correlation between Crigler-Najjar syndrome type II and Gilbert syndrome.,2016,https://doi.org/10.1111/jgh.13071,0.40,0.60,0.00,0.00,0.00,0.00,0.00,0.6,0.7,,,,,,,abstract only
508,36157610,Dubin-Johnson syndrome,Rotor syndrome,Rotor Syndrome Presenting as Dubin-Johnson Syndrome.,2022,https://europepmc.org/article/PMC/PMC9459587,0.40,0.00,0.00,0.00,0.00,0.60,0.00,0.7,,,,,0.8,,,abstract only
509,20955959,Dubin-Johnson syndrome,Rotor syndrome,"Hyperbilirubinemia syndromes (Gilbert-Meulengracht, Crigler-Najjar, Dubin-Johnson, and Rotor syndrome).",2010,https://doi.org/10.1016/j.bpg.2010.07.007,0.50,0.50,0.00,0.00,0.00,0.00,0.00,0.8,0.4,,,,,,,abstract only
510,20955959,Gilbert syndrome,Crigler-Najjar syndrome,"Hyperbilirubinemia syndromes (Gilbert-Meulengracht, Crigler-Najjar, Dubin-Johnson, and Rotor syndrome).",2010,https://doi.org/10.1016/j.bpg.2010.07.007,0.50,0.50,0.00,0.00,0.00,0.00,0.00,0.7,0.8,,,,,,,abstract only
511,38006404,Budd-Chiari syndrome,sinusoidal obstruction syndrome,Primary Budd-Chiari syndrome versus sinusoidal obstruction syndrome: a review.,2024,https://doi.org/10.1080/03007995.2023.2288909,0.50,0.00,0.50,0.00,0.00,0.00,0.00,0.5,,0.3,,,,,,abstract only
512,39623880,Peutz-Jeghers syndrome,juvenile polyposis syndrome,Prevalence and Incidence of Peutz-Jeghers Syndrome and Juvenile Polyposis Syndrome in Japan: A Nationwide Epidemiological Survey in 2022.,2025,https://doi.org/10.1111/jgh.16839,0.00,0.00,0.00,0.00,1.00,0.00,0.00,,,,,0.5,,,,abstract only
513,26826408,Peutz-Jeghers syndrome,juvenile polyposis syndrome,"Morphologic characterization of hamartomatous gastrointestinal polyps in Cowden syndrome, Peutz-Jeghers syndrome, and juvenile polyposis syndrome.",2016,https://doi.org/10.1016/j.humpath.2015.10.002,1.00,0.00,0.00,0.00,0.00,0.00,0.00,0.5,,,,,,,,abstract only
514,26826408,PTEN hamartoma tumor syndrome,Peutz-Jeghers syndrome,"Morphologic characterization of hamartomatous gastrointestinal polyps in Cowden syndrome, Peutz-Jeghers syndrome, and juvenile polyposis syndrome.",2016,https://doi.org/10.1016/j.humpath.2015.10.002,1.00,0.00,0.00,0.00,0.00,0.00,0.00,0.5,,,,,,,,abstract only
515,26826408,PTEN hamartoma tumor syndrome,juvenile polyposis syndrome,"Morphologic characterization of hamartomatous gastrointestinal polyps in Cowden syndrome, Peutz-Jeghers syndrome, and juvenile polyposis syndrome.",2016,https://doi.org/10.1016/j.humpath.2015.10.002,1.00,0.00,0.00,0.00,0.00,0.00,0.00,0.5,,,,,,,,abstract only
516,21659347,PTEN hamartoma tumor syndrome,PTEN hamartoma tumor syndrome,Predicting PTEN mutations: an evaluation of Cowden syndrome and Bannayan-Riley-Ruvalcaba syndrome clinical features.,2011,https://doi.org/10.1136/jmg.2011.088807,0.50,0.50,0.00,0.00,0.00,0.00,0.00,0.8,0.8,,,,,,same canonical name for both diseases (check pair),abstract only
517,31564436,PTEN hamartoma tumor syndrome,autism spectrum disorder,Distinct Alterations in Tricarboxylic Acid Cycle Metabolites Associate with Cancer and Autism Phenotypes in Cowden Syndrome and Bannayan-Riley-Ruvalcaba Syndrome.,2019,https://europepmc.org/article/PMC/PMC6817552,0.00,0.30,0.70,0.00,0.00,0.00,0.00,,0.7,0.6,,,,,,abstract only
518,34198491,Li-Fraumeni syndrome,hereditary breast and ovarian cancer,Association between Predicted Effects of <i>TP53</i> Missense Variants on Protein Conformation and Their Phenotypic Presentation as Li-Fraumeni Syndrome or Hereditary Breast Cancer.,2021,https://europepmc.org/article/PMC/PMC8231809,0.00,1.00,0.00,0.00,0.00,0.00,0.00,,0.5,,,,,,,abstract only
519,30414230,hereditary breast and ovarian cancer,Li-Fraumeni syndrome,Low risk of invasive lobular carcinoma of the breast in carriers of BRCA1 (hereditary breast and ovarian cancer) and TP53 (Li-Fraumeni syndrome) germline mutations.,2019,https://doi.org/10.1111/tbj.13154,1.00,0.00,0.00,0.00,0.00,0.00,0.00,0.7,,,,,,,,abstract only
520,27594983,multiple endocrine neoplasia,multiple endocrine neoplasia,A patient with MEN1 typical features and MEN2-like features.,2016,https://europepmc.org/article/PMC/PMC5008851,0.50,0.50,0.00,0.00,0.00,0.00,0.00,0.7,0.3,,,,,,same canonical name for both diseases (check pair),abstract only
521,20816580,multiple endocrine neoplasia,multiple endocrine neoplasia,"Endocrine cancer predisposition syndromes: hereditary paraganglioma, multiple endocrine neoplasia type 1, multiple endocrine neoplasia type 2, and hereditary thyroid cancer.",2010,https://doi.org/10.1016/j.hoc.2010.06.008,0.50,0.50,0.00,0.00,0.00,0.00,0.00,0.4,0.2,,,,,,same canonical name for both diseases (check pair),abstract only
522,39722564,von Hippel-Lindau disease,pheochromocytoma,Pheochromocytoma in von Hippel-Lindau Disease: Clinical Features and Comparison With Sporadic Pheochromocytoma.,2025,https://doi.org/10.1111/cen.15190,0.70,0.30,0.00,0.00,0.00,0.00,0.00,0.4,0.5,,,,,,,abstract only
523,36825822,Gorlin syndrome,multiple hereditary infundibulocystic basal cell carcinoma,SUFU-associated Gorlin syndrome: Expanding the spectrum between classic nevoid basal cell carcinoma syndrome and multiple hereditary infundibulocystic basal cell carcinoma.,2023,https://doi.org/10.1111/ajd.14014,0.50,0.50,0.00,0.00,0.00,0.00,0.00,0.8,0.8,,,,,,,abstract only
524,33036044,fibrous dysplasia,Paget disease of bone,"Fibrous Dysplasia, Paget's Disease of Bone, and Other Uncommon Sclerotic Bone Lesions of the Craniofacial Bones.",2020,https://doi.org/10.1055/s-0039-3400292,0.40,0.00,0.00,0.00,0.00,0.60,0.00,0.5,,,,,0.5,,,abstract only
525,38477512,constitutional delay of growth and puberty,Kallmann syndrome,Contributions of Common Genetic Variants to Constitutional Delay of Puberty and Idiopathic Hypogonadotropic Hypogonadism.,2024,https://europepmc.org/article/PMC/PMC11651688,0.00,1.00,0.00,0.00,0.00,0.00,0.00,,0.1,,,,,,,abstract only
526,38477512,constitutional delay of growth and puberty,congenital hypogonadotropic hypogonadism,Contributions of Common Genetic Variants to Constitutional Delay of Puberty and Idiopathic Hypogonadotropic Hypogonadism.,2024,https://europepmc.org/article/PMC/PMC11651688,0.00,1.00,0.00,0.00,0.00,0.00,0.00,,0.1,,,,,,,abstract only
527,38477512,congenital hypogonadotropic hypogonadism,Kallmann syndrome,Contributions of Common Genetic Variants to Constitutional Delay of Puberty and Idiopathic Hypogonadotropic Hypogonadism.,2024,https://europepmc.org/article/PMC/PMC11651688,0.00,1.00,0.00,0.00,0.00,0.00,0.00,,0.8,,,,,,,abstract only
528,29969875,constitutional delay of growth and puberty,Kallmann syndrome,Delayed puberty versus hypogonadism: a challenge for the pediatrician.,2018,https://europepmc.org/article/PMC/PMC6057016,0.30,0.00,0.00,0.00,0.00,0.70,0.00,0.5,,,,,0.6,,,abstract only
529,41073368,Klinefelter syndrome,Kallmann syndrome,Body Composition by DXA in Patients with Klinefelter and Kallmann Syndrome: The Kama Study.,2026,https://europepmc.org/article/PMC/PMC13016807,0.70,0.00,0.30,0.00,0.00,0.00,0.00,0.5,,0.3,,,,,,abstract only
530,33483888,congenital hypogonadotropic hypogonadism,Klinefelter syndrome,Serum insulin-like factor 3 quantification by LC-MS/MS in male patients with hypogonadotropic hypogonadism and Klinefelter syndrome.,2021,https://doi.org/10.1007/s12020-021-02609-0,0.00,0.00,1.00,0.00,0.00,0.00,0.00,,,0.4,,,,,,abstract only
531,22414926,Laron syndrome,growth hormone deficiency,Head circumference in untreated and IGF-I treated patients with Laron syndrome: comparison with untreated and hGH-treated children with isolated growth hormone deficiency.,2012,https://doi.org/10.1016/j.ghir.2012.02.005,1.00,0.00,0.00,0.00,0.00,0.00,0.00,0.4,,,,,,,,abstract only
532,18341092,Laron syndrome,growth hormone deficiency,Foot length before and during insulin-like growth factor-I treatment of children with laron syndrome compared to human growth hormone treatment of children with isolated growth hormone deficiency.,2007,https://doi.org/10.1515/jpem.2007.20.12.1325,1.00,0.00,0.00,0.00,0.00,0.00,0.00,0.4,,,,,,,,abstract only
533,9030966,growth hormone deficiency,Laron syndrome,Muscle force and endurance in untreated and human growth hormone or insulin-like growth factor-I-treated patients with growth hormone deficiency or Laron syndrome.,1997,https://doi.org/10.1159/000185429,1.00,0.00,0.00,0.00,0.00,0.00,0.00,0.4,,,,,,,,abstract only
534,233700,pseudohypoparathyroidism,hypoparathyroidism,"Pseudohypoparathyroidism and idiopathic hypoparathyroidism: relationship between serum calcium and parathyroid hormone levels and urinary cyclic adenosine-3',5'-monophosphate response to parathyroid extract.",1978,https://doi.org/10.1210/jcem-46-6-872,0.00,0.00,0.60,0.00,0.00,0.40,0.00,,,0.2,,,0.3,,,abstract only
535,17660624,pseudohypoparathyroidism,hypoparathyroidism,[Difference in the therapeutic response to active vitamin D3 between PTH-deficient hypoparathyroidism and pseudohypoparathyroidism].,2007,https://pubmed.ncbi.nlm.nih.gov/17660624,0.00,0.00,0.40,0.60,0.00,0.00,0.00,,,0.3,0.2,,,,,abstract only
536,41693148,Beckwith-Wiedemann syndrome,congenital hyperinsulinism,Functional evaluation of pancreatic islets from patients with Beckwith-Wiedemann syndrome and congenital hyperinsulinism.,2026,https://europepmc.org/article/PMC/PMC13271797,0.00,0.00,0.60,0.00,0.00,0.00,0.40,,,0.6,,,,0.8,,abstract only
537,26572961,Costello syndrome,Beckwith-Wiedemann syndrome,Paternal uniparental disomy 11p15.5 in the pancreatic nodule of an infant with Costello syndrome: Shared mechanism for hyperinsulinemic hypoglycemia in neonates with Costello and Beckwith-Wiedemann syndrome and somatic loss of heterozygosity in Costello syndrome driving clonal expansion.,2016,https://europepmc.org/article/PMC/PMC4784973,0.00,0.50,0.50,0.00,0.00,0.00,0.00,,0.6,0.7,,,,,,abstract only
538,28102591,Beckwith-Wiedemann syndrome,Sotos syndrome,"Hyperinsulinemic hypoglycemia in Beckwith-Wiedemann, Sotos, and Kabuki syndromes: A nationwide survey in Japan.",2017,https://doi.org/10.1002/ajmg.a.38011,1.00,0.00,0.00,0.00,0.00,0.00,0.00,0.6,,,,,,,,abstract only
539,28102591,Beckwith-Wiedemann syndrome,Kabuki syndrome,"Hyperinsulinemic hypoglycemia in Beckwith-Wiedemann, Sotos, and Kabuki syndromes: A nationwide survey in Japan.",2017,https://doi.org/10.1002/ajmg.a.38011,1.00,0.00,0.00,0.00,0.00,0.00,0.00,0.6,,,,,,,,abstract only
540,28102591,Sotos syndrome,Kabuki syndrome,"Hyperinsulinemic hypoglycemia in Beckwith-Wiedemann, Sotos, and Kabuki syndromes: A nationwide survey in Japan.",2017,https://doi.org/10.1002/ajmg.a.38011,1.00,0.00,0.00,0.00,0.00,0.00,0.00,0.6,,,,,,,,abstract only
541,22538993,neonatal diabetes,diabetes mellitus,Glycated albumin in patients with neonatal diabetes mellitus is apparently low in relation to glycemia compared with that in patients with type 1 diabetes mellitus.,2012,https://doi.org/10.1159/000337914,0.00,0.00,1.00,0.00,0.00,0.00,0.00,,,0.3,,,,,,abstract only
542,24038369,diabetes mellitus,neonatal diabetes,Glycaemic control in children with neonatal diabetes and type 1 diabetes in Vietnam.,2011,https://doi.org/10.1016/j.inhe.2011.03.008,0.00,0.00,0.00,1.00,0.00,0.00,0.00,,,,0.5,,,,,abstract only
543,35782613,phenylketonuria,maple syrup urine disease,Domino liver transplant from a donor with maple syrup urine disease into a recipient with phenylketonuria.,2022,https://europepmc.org/article/PMC/PMC9248231,0.00,0.00,0.00,1.00,0.00,0.00,0.00,,,,0.6,,,,,abstract only
544,39414728,maple syrup urine disease,phenylketonuria,Acceptability of dried blood spot collection by primary caregivers of Filipino patients with maple syrup urine disease (MSUD) and phenylketonuria (PKU).,2024,https://europepmc.org/article/PMC/PMC11645370,0.00,0.00,0.00,1.00,0.00,0.00,0.00,,,,0.8,,,,,abstract only
545,35722880,tyrosinemia type 1,phenylketonuria,Neurocognitive outcome and mental health in children with tyrosinemia type 1 and phenylketonuria: A comparison between two genetic disorders affecting the same metabolic pathway.,2022,https://europepmc.org/article/PMC/PMC9540223,1.00,0.00,0.00,0.00,0.00,0.00,0.00,0.5,,,,,,,,abstract only
546,37865339,phenylketonuria,tyrosinemia type 1,"The effects of phenylalanine and tyrosine levels on dopamine production in rat PC12 cells. Implications for treatment of phenylketonuria, tyrosinemia type 1 and comorbid neurodevelopmental disorders.",2023,https://doi.org/10.1016/j.neuint.2023.105629,0.00,0.00,1.00,0.00,0.00,0.00,0.00,,,0.6,,,,,,abstract only
547,8127075,MCAD deficiency,sudden infant death syndrome,Scottish frequency of the common G985 mutation in the medium-chain acyl-CoA dehydrogenase (MCAD) gene and the role of MCAD deficiency in sudden infant death syndrome (SIDS).,1993,https://doi.org/10.1007/bf00711516,0.00,0.20,0.00,0.00,0.00,0.00,0.80,,0.4,,,,,0.2,,abstract only
548,1570195,MCAD deficiency,sudden infant death syndrome,Frequency of medium-chain acyl-CoA dehydrogenase deficiency G-985 mutation in sudden infant death syndrome.,1992,https://doi.org/10.1203/00006450-199204000-00001,0.00,0.20,0.00,0.00,0.00,0.00,0.80,,0.4,,,,,0.2,,abstract only
549,37974207,Zellweger spectrum disorder,X-linked adrenoleukodystrophy,Abnormal activation of MAPKs pathways and inhibition of autophagy in a group of patients with Zellweger spectrum disorders and X-linked adrenoleukodystrophy.,2023,https://europepmc.org/article/PMC/PMC10652488,0.00,0.00,1.00,0.00,0.00,0.00,0.00,,,0.8,,,,,,abstract only
550,25079577,Zellweger spectrum disorder,X-linked adrenoleukodystrophy,Late-onset Zellweger spectrum disorder caused by PEX6 mutations mimicking X-linked adrenoleukodystrophy.,2014,https://doi.org/10.1016/j.pediatrneurol.2014.03.020,0.30,0.10,0.00,0.00,0.00,0.60,0.00,0.7,0.1,,,,0.8,,,abstract only
551,18336720,Refsum disease,retinitis pigmentosa,Midlife diagnosis of Refsum disease in siblings with retinitis pigmentosa -- the footprint is the clue: a case report.,2008,https://europepmc.org/article/PMC/PMC2275283,0.00,0.00,0.00,0.00,0.00,0.50,0.50,,,,,,0.6,0.8,,abstract only
552,39566847,sitosterolemia,cerebrotendinous xanthomatosis,"A sterol panel for rare lipid disorders: sitosterolemia, cerebrotendinous xanthomatosis and Smith-Lemli-Opitz syndrome.",2025,https://europepmc.org/article/PMC/PMC11714705,0.00,0.00,0.40,0.00,0.00,0.60,0.00,,,0.2,,,0.2,,,abstract only
553,39566847,sitosterolemia,Smith-Lemli-Opitz syndrome,"A sterol panel for rare lipid disorders: sitosterolemia, cerebrotendinous xanthomatosis and Smith-Lemli-Opitz syndrome.",2025,https://europepmc.org/article/PMC/PMC11714705,0.00,0.00,0.40,0.00,0.00,0.60,0.00,,,0.2,,,0.2,,,abstract only
554,39566847,cerebrotendinous xanthomatosis,Smith-Lemli-Opitz syndrome,"A sterol panel for rare lipid disorders: sitosterolemia, cerebrotendinous xanthomatosis and Smith-Lemli-Opitz syndrome.",2025,https://europepmc.org/article/PMC/PMC11714705,0.00,0.00,0.40,0.00,0.00,0.60,0.00,,,0.2,,,0.2,,,abstract only
555,39238074,familial chylomicronemia syndrome,multifactorial chylomicronemia syndrome,Comparison of Patients With Familial Chylomicronemia Syndrome and Multifactorial Chylomicronemia Syndrome.,2025,https://europepmc.org/article/PMC/PMC11913094,0.50,0.30,0.00,0.00,0.00,0.20,0.00,0.4,0.1,,,,0.6,,,abstract only
556,30655019,familial chylomicronemia syndrome,multifactorial chylomicronemia syndrome,Chylomicronemia: Differences between familial chylomicronemia syndrome and multifactorial chylomicronemia.,2019,https://doi.org/10.1016/j.atherosclerosis.2018.12.019,0.60,0.40,0.00,0.00,0.00,0.00,0.00,0.4,0.1,,,,,,,abstract only
557,42742892,multifactorial chylomicronemia syndrome,familial chylomicronemia syndrome,Evinacumab Across Different Lipid Phenotypes: A Systematic Review and Meta-Analysis.,2026,https://doi.org/10.1007/s12325-026-03783-1,0.00,0.00,0.00,1.00,0.00,0.00,0.00,,,,0.5,,,,,abstract only
558,7749883,Tangier disease,LCAT deficiency,Reverse cholesterol transport in plasma of patients with different forms of familial HDL deficiency.,1995,https://doi.org/10.1161/01.atv.15.5.691,0.00,0.00,1.00,0.00,0.00,0.00,0.00,,,0.4,,,,,,abstract only
559,7749883,Tangier disease,apolipoprotein A-I deficiency,Reverse cholesterol transport in plasma of patients with different forms of familial HDL deficiency.,1995,https://doi.org/10.1161/01.atv.15.5.691,0.00,0.00,1.00,0.00,0.00,0.00,0.00,,,0.5,,,,,,abstract only
560,7749883,LCAT deficiency,apolipoprotein A-I deficiency,Reverse cholesterol transport in plasma of patients with different forms of familial HDL deficiency.,1995,https://doi.org/10.1161/01.atv.15.5.691,0.00,0.00,1.00,0.00,0.00,0.00,0.00,,,0.5,,,,,,abstract only
561,34360653,mucopolysaccharidosis,mucopolysaccharidosis,Differences in MPS I and MPS II Disease Manifestations.,2021,https://europepmc.org/article/PMC/PMC8345985,0.50,0.00,0.50,0.00,0.00,0.00,0.00,0.5,,0.6,,,,,same canonical name for both diseases (check pair),abstract only
562,16762159,mucopolysaccharidosis,juvenile idiopathic arthritis,Attenuated type I mucopolysaccharidosis in the differential diagnosis of juvenile idiopathic arthritis: a series of 13 patients with Scheie syndrome.,2006,https://pubmed.ncbi.nlm.nih.gov/16762159,0.30,0.00,0.00,0.00,0.00,0.70,0.00,0.6,,,,,0.6,,,abstract only
563,40621767,mucopolysaccharidosis,juvenile idiopathic arthritis,How not to Misdiagnose the Mild Forms of Mucopolysaccharidosis and Juvenile Idiopathic Arthritis.,2026,https://doi.org/10.2174/0115733963321478250316112649,0.30,0.00,0.00,0.00,0.00,0.70,0.00,0.6,,,,,0.6,,,abstract only
564,27469132,mucopolysaccharidosis,GM1 gangliosidosis,Measurement of Elevated Concentrations of Urine Keratan Sulfate by UPLC-MSMS in Lysosomal Storage Disorders (LSDs): Comparison of Urine Keratan Sulfate Levels in MPS IVA Versus Other LSDs.,2017,https://europepmc.org/article/PMC/PMC5509552,0.00,0.00,0.60,0.00,0.00,0.40,0.00,,,0.5,,,0.5,,,abstract only
565,27469132,mucopolysaccharidosis,mucolipidosis type II,Measurement of Elevated Concentrations of Urine Keratan Sulfate by UPLC-MSMS in Lysosomal Storage Disorders (LSDs): Comparison of Urine Keratan Sulfate Levels in MPS IVA Versus Other LSDs.,2017,https://europepmc.org/article/PMC/PMC5509552,0.00,0.00,0.60,0.00,0.00,0.40,0.00,,,0.5,,,0.5,,,abstract only
566,20882348,Niemann-Pick disease type C,Gaucher disease,Misdiagnosis of Niemann-Pick disease type C as Gaucher disease.,2010,https://europepmc.org/article/PMC/PMC3053412,0.30,0.00,0.00,0.00,0.00,0.70,0.00,0.7,,,,,0.8,,,abstract only
567,40427492,Gaucher disease,Niemann-Pick disease type C,c-Abl/TFEB Pathway Activation as a Common Pathogenic Mechanism in Lysosomal Storage Diseases: Therapeutic Potential of c-Abl Inhibitors.,2025,https://europepmc.org/article/PMC/PMC12109443,0.00,0.00,1.00,0.00,0.00,0.00,0.00,,,0.8,,,,,,abstract only
568,40427492,Gaucher disease,acid sphingomyelinase deficiency,c-Abl/TFEB Pathway Activation as a Common Pathogenic Mechanism in Lysosomal Storage Diseases: Therapeutic Potential of c-Abl Inhibitors.,2025,https://europepmc.org/article/PMC/PMC12109443,0.00,0.00,1.00,0.00,0.00,0.00,0.00,,,0.8,,,,,,abstract only
569,40427492,acid sphingomyelinase deficiency,Niemann-Pick disease type C,c-Abl/TFEB Pathway Activation as a Common Pathogenic Mechanism in Lysosomal Storage Diseases: Therapeutic Potential of c-Abl Inhibitors.,2025,https://europepmc.org/article/PMC/PMC12109443,0.00,0.00,1.00,0.00,0.00,0.00,0.00,,,0.8,,,,,,abstract only
570,31194046,Niemann-Pick disease type C,Gaucher disease,"Prevalence of antibodies to ganglioside and Hep 2 in Gaucher, Niemann - Pick type C and Sanfilippo diseases.",2019,https://europepmc.org/article/PMC/PMC6554541,0.00,0.00,1.00,0.00,0.00,0.00,0.00,,,0.5,,,,,,abstract only
571,31194046,Niemann-Pick disease type C,mucopolysaccharidosis,"Prevalence of antibodies to ganglioside and Hep 2 in Gaucher, Niemann - Pick type C and Sanfilippo diseases.",2019,https://europepmc.org/article/PMC/PMC6554541,0.00,0.00,1.00,0.00,0.00,0.00,0.00,,,0.5,,,,,,abstract only
572,28576916,Fabry disease,multiple sclerosis,Fabry heterozygote mimicking multiple sclerosis.,2017,https://europepmc.org/article/PMC/PMC5534993,0.30,0.00,0.00,0.00,0.00,0.70,0.00,0.6,,,,,0.7,,,abstract only
573,40359611,Pompe disease,limb-girdle muscular dystrophy,Screening for Pompe disease in Serbian patients with limb-girdle muscle weakness.,2025,https://doi.org/10.1016/j.clineuro.2025.108950,0.00,0.00,0.00,0.00,0.40,0.60,0.00,,,,,0.3,0.6,,,abstract only
574,23361305,Barth syndrome,left ventricular noncompaction,Left ventricular noncompaction (LVNC) and low mitochondrial membrane potential are specific for Barth syndrome.,2013,https://europepmc.org/article/PMC/PMC3825551,0.67,0.33,0.00,0.00,0.00,0.00,0.00,0.7,0.6,,,,,,,abstract only
575,18365900,left ventricular noncompaction,Barth syndrome,Prevalence of Barth syndrome in adult left ventricular hypertrabeculation / noncompaction.,2008,https://doi.org/10.1080/14017430701882400,0.40,0.00,0.00,0.00,0.00,0.00,0.60,0.2,,,,,,0.1,,abstract only
576,31284935,Brugada syndrome,arrhythmogenic right ventricular cardiomyopathy,Clinical Differences in Japanese Patients Between Brugada Syndrome and Arrhythmogenic Right Ventricular Cardiomyopathy With Long-Term Follow-Up.,2019,https://doi.org/10.1016/j.amjcard.2019.05.067,0.60,0.00,0.00,0.00,0.40,0.00,0.00,0.4,,,,0.3,,,,abstract only
577,34007738,arrhythmogenic right ventricular cardiomyopathy,Brugada syndrome,Arrhythmogenic Right Ventricular Dysplasia and Brugada Syndrome Overlap.,2021,https://europepmc.org/article/PMC/PMC8121129,0.70,0.30,0.00,0.00,0.00,0.00,0.00,0.8,0.6,,,,,,,abstract only
578,42716889,Takotsubo syndrome,acute myocardial infarction,Comparison of Takotsubo syndrome with acute myocardial infarction in Spain using hospital discharge data (MBDS).,2026,https://doi.org/10.1016/j.medine.2026.502555,0.50,0.00,0.00,0.00,0.50,0.00,0.00,0.3,,,,0.3,,,,abstract only
579,41427596,Takotsubo syndrome,acute myocardial infarction,Repolarization Abnormalities in Patients With Takotsubo Syndrome Versus Acute Anterior Myocardial Infarction.,2026,https://doi.org/10.1111/pace.70098,1.00,0.00,0.00,0.00,0.00,0.00,0.00,0.3,,,,,,,,abstract only
580,27424827,pulmonary alveolar proteinosis,idiopathic pulmonary fibrosis,Pulmonary alveolar proteinosis-like change: A fairly common reaction associated with the severity of idiopathic pulmonary fibrosis.,2016,https://doi.org/10.1016/j.resinv.2016.02.004,0.00,0.00,0.00,0.00,0.00,0.00,1.00,,,,,,,0.5,,abstract only
581,12715332,pulmonary alveolar proteinosis,idiopathic pulmonary fibrosis,Pulmonary alveolar proteinosis mimicking idiopathic pulmonary fibrosis.,2003,https://doi.org/10.1053/adpa.2003.50013,0.40,0.00,0.00,0.00,0.00,0.60,0.00,0.7,,,,,0.8,,,abstract only
582,35912848,idiopathic pulmonary hemosiderosis,celiac disease,Celiac disease and idiopathic pulmonary hemosiderosis: a literature review of the Lane-Hamilton syndrome.,2022,https://doi.org/10.1080/00325481.2022.2109121,0.00,0.00,0.00,0.00,0.00,0.00,1.00,,,,,,,0.8,,abstract only
583,35088581,idiopathic pulmonary hemosiderosis,celiac disease,Association between idiopathic pulmonary hemosiderosis and celiac disease in pediatric patients: A scoping review of the literature over the past 50 years.,2022,https://doi.org/10.1002/ppul.25847,0.00,0.00,0.00,0.00,0.00,0.00,1.00,,,,,,,0.6,,abstract only
584,32553662,Netherton syndrome,atopic dermatitis,Initial Evidence of Distinguishable Bacterial and Fungal Dysbiosis in the Skin of Patients with Atopic Dermatitis or Netherton Syndrome.,2021,https://doi.org/10.1016/j.jid.2020.05.102,0.00,0.00,1.00,0.00,0.00,0.00,0.00,,,0.4,,,,,,abstract only
585,32553662,Netherton syndrome,ichthyosis vulgaris,Initial Evidence of Distinguishable Bacterial and Fungal Dysbiosis in the Skin of Patients with Atopic Dermatitis or Netherton Syndrome.,2021,https://doi.org/10.1016/j.jid.2020.05.102,0.00,0.00,1.00,0.00,0.00,0.00,0.00,,,0.5,,,,,,abstract only
586,36516271,Netherton syndrome,atopic dermatitis,Dual antibody inhibition of KLK5 and KLK7 for Netherton syndrome and atopic dermatitis.,2022,https://doi.org/10.1126/scitranslmed.abp9159,0.00,0.00,0.20,0.80,0.00,0.00,0.00,,,0.7,0.8,,,,,abstract only
587,36442136,Darier disease,Hailey-Hailey disease,Subcellular compartmentalization of STIM1 for the distinction of Darier disease from Hailey-Hailey disease.,2022,https://doi.org/10.1111/ddg.14912,0.00,0.00,0.50,0.00,0.00,0.50,0.00,,,0.4,,,0.3,,,abstract only
588,28719980,epidermolysis bullosa acquisita,bullous pemphigoid,Distinguishing Epidermolysis Bullosa Acquisita From Bullous Pemphigoid Without Direct Immunofluorescence.,2018,https://doi.org/10.1177/1203475417722734,0.00,0.00,0.00,0.00,0.00,1.00,0.00,,,,,,0.3,,,abstract only
589,22016274,bullous pemphigoid,epidermolysis bullosa acquisita,Accuracy of indirect immunofluorescence on sodium chloride-split skin in the differential diagnosis of bullous pemphigoid and epidermolysis bullosa acquisita.,2011,https://doi.org/10.4103/0378-6323.86479,0.00,0.00,0.00,0.00,0.00,1.00,0.00,,,,,,0.3,,,abstract only
590,27057091,dermatitis herpetiformis,bullous pemphigoid,Tissue Factor in Dermatitis Herpetiformis and Bullous Pemphigoid: Link between Immune and Coagulation System in Subepidermal Autoimmune Bullous Diseases.,2015,https://europepmc.org/article/PMC/PMC4709721,0.00,0.00,1.00,0.00,0.00,0.00,0.00,,,0.6,,,,,,abstract only
591,10570380,dermatitis herpetiformis,linear IgA bullous dermatosis,Circulating autoantibodies to tissue transglutaminase differentiate patients with dermatitis herpetiformis from those with linear IgA disease.,1999,https://doi.org/10.1016/s0190-9622(99)70253-7,0.00,0.00,0.40,0.00,0.00,0.60,0.00,,,0.3,,,0.3,,,abstract only
592,39570799,dermatitis herpetiformis,linear IgA bullous dermatosis,A Comparative Study of Direct Immunofluorescence Patterns in Linear IgA Bullous Dermatosis Versus Dermatitis Herpetiformis.,2024,https://doi.org/10.1097/dad.0000000000002864,0.00,0.00,0.00,0.00,0.00,1.00,0.00,,,,,,0.3,,,abstract only
593,38908771,linear IgA bullous dermatosis,dermatitis herpetiformis,Targeted serum proteome profiling reveals nicotinamide adenine dinucleotide phosphate (NADPH)-related biomarkers to discriminate linear IgA bullous disorder from dermatitis herpetiformis.,2024,https://doi.org/10.1016/j.clim.2024.110291,0.00,0.00,1.00,0.00,0.00,0.00,0.00,,,0.6,,,,,,abstract only
594,38031879,pyoderma gangrenosum,hidradenitis suppurativa,"Genetic mutations in pyoderma gangrenosum, hidradenitis suppurativa, and associated autoinflammatory syndromes: Insights into pathogenic mechanisms and shared pathways.",2024,https://europepmc.org/article/PMC/PMC11484153,0.00,1.00,0.00,0.00,0.00,0.00,0.00,,0.6,,,,,,,abstract only
595,38031879,pyoderma gangrenosum,PAPA syndrome,"Genetic mutations in pyoderma gangrenosum, hidradenitis suppurativa, and associated autoinflammatory syndromes: Insights into pathogenic mechanisms and shared pathways.",2024,https://europepmc.org/article/PMC/PMC11484153,0.00,1.00,0.00,0.00,0.00,0.00,0.00,,0.7,,,,,,,abstract only
596,2488874,porphyria cutanea tarda,erythropoietic protoporphyria,Mechanisms of phototoxicity in porphyria cutanea tarda and erythropoietic protoporphyria.,1989,https://pubmed.ncbi.nlm.nih.gov/2488874,0.30,0.00,0.70,0.00,0.00,0.00,0.00,0.4,,0.5,,,,,,abstract only
597,18221605,porphyria cutanea tarda,erythropoietic protoporphyria,"Treatment options in acute porphyria, porphyria cutanea tarda, and erythropoietic protoporphyria.",2007,https://doi.org/10.1007/s11938-007-0044-9,0.00,0.00,0.00,1.00,0.00,0.00,0.00,,,,0.3,,,,,abstract only
598,18221605,acute intermittent porphyria,porphyria cutanea tarda,"Treatment options in acute porphyria, porphyria cutanea tarda, and erythropoietic protoporphyria.",2007,https://doi.org/10.1007/s11938-007-0044-9,0.00,0.00,0.00,1.00,0.00,0.00,0.00,,,,0.3,,,,,abstract only
599,21695020,autosomal recessive congenital ichthyosis,autosomal recessive congenital ichthyosis,The roles of ABCA12 in keratinocyte differentiation and lipid barrier formation in the epidermis.,2011,https://europepmc.org/article/PMC/PMC3117010,0.00,0.00,1.00,0.00,0.00,0.00,0.00,,,0.5,,,,,same canonical name for both diseases (check pair),abstract only
600,23622185,incontinentia pigmenti,hypomelanosis of Ito,Incontinentia pigmenti and hypomelanosis of Ito.,2013,https://doi.org/10.1016/b978-0-444-52891-9.00040-3,0.40,0.00,0.00,0.00,0.00,0.60,0.00,0.6,,,,,0.6,,,abstract only
601,38866359,retinoblastoma,Coats disease,Apparent Diffusion Coefficient (ADC) Differentiates Retinoblastoma from Coats Disease on MRI.,2024,https://doi.org/10.1016/j.ajo.2024.05.023,0.40,0.00,0.00,0.00,0.00,0.60,0.00,0.3,,,,,0.3,,,abstract only
602,33266342,retinoblastoma,Coats disease,MR Imaging Features to Differentiate Retinoblastoma from Coats' Disease and Persistent Fetal Vasculature.,2020,https://europepmc.org/article/PMC/PMC7760210,0.40,0.00,0.00,0.00,0.00,0.60,0.00,0.3,,,,,0.3,,,abstract only
603,33266342,retinoblastoma,persistent fetal vasculature,MR Imaging Features to Differentiate Retinoblastoma from Coats' Disease and Persistent Fetal Vasculature.,2020,https://europepmc.org/article/PMC/PMC7760210,0.40,0.00,0.00,0.00,0.00,0.60,0.00,0.3,,,,,0.3,,,abstract only
604,20079539,achromatopsia,cone dystrophy,Comprehensive analysis of the achromatopsia genes CNGA3 and CNGB3 in progressive cone dystrophy.,2010,https://doi.org/10.1016/j.ophtha.2009.09.008,0.00,1.00,0.00,0.00,0.00,0.00,0.00,,0.4,,,,,,,abstract only
605,22903242,achromatopsia,cone dystrophy,Establishing baseline rod electroretinogram values in achromatopsia and cone dystrophy.,2012,https://doi.org/10.1007/s10633-012-9350-1,1.00,0.00,0.00,0.00,0.00,0.00,0.00,0.6,,,,,,,,abstract only
606,38323530,Leber congenital amaurosis,retinitis pigmentosa,"&lt;i&gt;RPE65&lt;/i&gt; mutations in Leber congenital amaurosis, early-onset severe retinal dystrophy, and retinitis pigmentosa from a tertiary eye care center in India.",2024,https://doi.org/10.1080/13816810.2024.2309559,0.00,1.00,0.00,0.00,0.00,0.00,0.00,,0.7,,,,,,,abstract only
607,36819107,retinitis pigmentosa,Leber congenital amaurosis,"Cost-effective sequence analysis of 113 genes in 1,192 probands with retinitis pigmentosa and Leber congenital amaurosis.",2023,https://europepmc.org/article/PMC/PMC9936074,0.00,1.00,0.00,0.00,0.00,0.00,0.00,,0.6,,,,,,,abstract only
608,25390597,birdshot chorioretinopathy,sarcoidosis,Sarcoid choroiditis simulating birdshot chorioretinopathy.,2008,https://doi.org/10.1097/icb.0b013e31809ed9a2,0.40,0.00,0.00,0.00,0.00,0.60,0.00,0.8,,,,,0.8,,,abstract only
609,37152637,aniridia,WAGR syndrome,Visual Acuity in Aniridia and WAGR Syndrome.,2023,https://europepmc.org/article/PMC/PMC10162095,0.56,0.44,0.00,0.00,0.00,0.00,0.00,0.5,0.7,,,,,,,abstract only
610,37032444,Stickler syndrome,Marfan syndrome,Use of vitreous phenotype as a key clinical marker to identify Ocular-only Stickler syndrome in a family with Marfan syndrome.,2024,https://doi.org/10.1177/11206721231169309,0.58,0.17,0.00,0.00,0.00,0.25,0.00,0.7,0.2,,,,0.8,,,abstract only
611,36545263,Stickler syndrome,Marfan syndrome,Biometric Variations in High Myopia Associated with Different Underlying Ocular and Genetic Conditions.,2023,https://europepmc.org/article/PMC/PMC9761849,1.00,0.00,0.00,0.00,0.00,0.00,0.00,0.4,,,,,,,,abstract only
612,24478233,cutis laxa,Ehlers-Danlos syndrome,Autosomal recessive cutis laxa type 2A (ARCL2A) mimicking Ehlers-Danlos syndrome by its dermatological manifestations: report of three affected patients.,2014,https://doi.org/10.1002/ajmg.a.36411,0.30,0.00,0.00,0.00,0.00,0.70,0.00,0.7,,,,,0.7,,,abstract only
613,33030144,pseudoachondroplasia,multiple epiphyseal dysplasia,Age Dependent Progression of Multiple Epiphyseal Dysplasia and Pseudoachondroplasia Due to Heterozygous Mutations in COMP Gene.,2020,https://doi.org/10.14712/23362936.2020.14,0.40,0.60,0.00,0.00,0.00,0.00,0.00,0.6,0.9,,,,,,,abstract only
614,8267011,pseudoachondroplasia,multiple epiphyseal dysplasia,"Patient with double heterozygosity for achondroplasia and pseudoachondroplasia, with comments on these conditions and the relationship between pseudoachondroplasia and multiple epiphyseal dysplasia, Fairbank type.",1993,https://doi.org/10.1002/ajmg.1320470535,1.00,0.00,0.00,0.00,0.00,0.00,0.00,0.5,,,,,,,,abstract only
615,8267011,achondroplasia,pseudoachondroplasia,"Patient with double heterozygosity for achondroplasia and pseudoachondroplasia, with comments on these conditions and the relationship between pseudoachondroplasia and multiple epiphyseal dysplasia, Fairbank type.",1993,https://doi.org/10.1002/ajmg.1320470535,0.40,0.00,0.00,0.00,0.00,0.00,0.60,0.3,,,,,,0.8,,abstract only
616,22634226,achondroplasia,thanatophoric dysplasia,Intermittent PTH (1-34) injection rescues the retarded skeletal development and postnatal lethality of mice mimicking human achondroplasia and thanatophoric dysplasia.,2012,https://doi.org/10.1093/hmg/dds181,0.00,0.60,0.00,0.40,0.00,0.00,0.00,,0.9,,0.6,,,,,abstract only
617,3181205,osteogenesis imperfecta,hypophosphatasia,Lethal osteogenesis imperfecta: abnormal collagen metabolism and biochemical characteristics of hypophosphatasia.,1988,https://doi.org/10.1007/bf00442478,0.00,0.00,0.50,0.00,0.00,0.00,0.50,,,0.6,,,,0.6,,abstract only
618,35371638,X-linked hypophosphatemia,nutritional rickets,Dramatic Transformation After Burosumab in a Young Boy With X-linked Hypophosphatemia: A Life-Changing Saga.,2022,https://europepmc.org/article/PMC/PMC8938246,0.00,0.00,0.00,0.40,0.00,0.60,0.00,,,,0.1,,0.7,,,abstract only
619,29321794,CHARGE syndrome,Kabuki syndrome,"Individual Clinically Diagnosed with CHARGE Syndrome but with a Mutation in <i>KMT2D</i>, a Gene Associated with Kabuki Syndrome: A Case Report.",2017,https://europepmc.org/article/PMC/PMC5732153,0.60,0.40,0.00,0.00,0.00,0.00,0.00,0.9,0.3,,,,,,,abstract only
620,39969027,Kabuki syndrome,CHARGE syndrome,Kabuki and CHARGE syndromes: overlapping symptoms and diagnostic challenges.,2025,https://europepmc.org/article/PMC/PMC11869784,0.60,0.00,0.00,0.00,0.00,0.40,0.00,0.8,,,,,0.8,,,abstract only
621,36373849,Cornelia de Lange syndrome,Rubinstein-Taybi syndrome,The developmental trajectories of the behavioral phenotype and neuropsychiatric functioning in Cornelia de Lange and Rubinstein Taybi syndromes: A longitudinal study.,2023,https://europepmc.org/article/PMC/PMC10099472,1.00,0.00,0.00,0.00,0.00,0.00,0.00,0.5,,,,,,,,abstract only
622,35468572,Cornelia de Lange syndrome,Rubinstein-Taybi syndrome,Age-related hallmarks of psychopathology in Cornelia de Lange and Rubinstein-Taybi syndromes.,2022,https://doi.org/10.1016/j.ridd.2022.104235,1.00,0.00,0.00,0.00,0.00,0.00,0.00,0.5,,,,,,,,abstract only
623,24058414,Pitt-Hopkins syndrome,Mowat-Wilson syndrome,"Knockdown of human TCF4 affects multiple signaling pathways involved in cell survival, epithelial to mesenchymal transition and neuronal differentiation.",2013,https://europepmc.org/article/PMC/PMC3751932,0.40,0.00,0.60,0.00,0.00,0.00,0.00,0.6,,0.3,,,,,,abstract only
624,24058414,Pitt-Hopkins syndrome,Angelman syndrome,"Knockdown of human TCF4 affects multiple signaling pathways involved in cell survival, epithelial to mesenchymal transition and neuronal differentiation.",2013,https://europepmc.org/article/PMC/PMC3751932,0.40,0.00,0.60,0.00,0.00,0.00,0.00,0.6,,0.3,,,,,,abstract only
625,18812405,2q23.1 microdeletion syndrome,Angelman syndrome,2q23.1 microdeletion identified by array comparative genomic hybridisation: an emerging phenotype with Angelman-like features?,2009,https://europepmc.org/article/PMC/PMC3236717,0.80,0.20,0.00,0.00,0.00,0.00,0.00,0.8,0.2,,,,,,,abstract only
626,18342287,Christianson syndrome,Angelman syndrome,"SLC9A6 mutations cause X-linked mental retardation, microcephaly, epilepsy, and ataxia, a phenotype mimicking Angelman syndrome.",2008,https://europepmc.org/article/PMC/PMC2427207,0.70,0.30,0.00,0.00,0.00,0.00,0.00,0.8,0.3,,,,,,,abstract only
627,18342287,Angelman syndrome,Christianson syndrome,"SLC9A6 mutations cause X-linked mental retardation, microcephaly, epilepsy, and ataxia, a phenotype mimicking Angelman syndrome.",2008,https://europepmc.org/article/PMC/PMC2427207,0.70,0.30,0.00,0.00,0.00,0.00,0.00,0.8,0.3,,,,,,,abstract only
628,19623215,FOXG1 syndrome,Rett syndrome,Atypical Rett syndrome with selective FOXG1 deletion detected by comparative genomic hybridization: case report and review of literature.,2009,https://europepmc.org/article/PMC/PMC2987032,0.60,0.40,0.00,0.00,0.00,0.00,0.00,0.8,0.3,,,,,,,abstract only
629,38459409,FOXG1 syndrome,Rett syndrome,FOXG1 variants can be associated with milder phenotypes than congenital Rett syndrome with unassisted walking and language development.,2024,https://doi.org/10.1002/ajmg.b.32970,0.60,0.40,0.00,0.00,0.00,0.00,0.00,0.6,0.2,,,,,,,abstract only
630,34776852,Phelan-McDermid syndrome,autism spectrum disorder,Common and Distinct Disruptions of Cortical Surface Morphology Between Autism Spectrum Disorder Children With and Without <i>SHANK3</i> Deficiency.,2021,https://europepmc.org/article/PMC/PMC8581670,0.70,0.30,0.00,0.00,0.00,0.00,0.00,0.6,0.7,,,,,,,abstract only
631,35538192,ADNP syndrome,Phelan-McDermid syndrome,"SH3- and actin-binding domains connect ADNP and SHANK3, revealing a fundamental shared mechanism underlying autism.",2022,https://doi.org/10.1038/s41380-022-01603-w,0.00,0.20,0.80,0.00,0.00,0.00,0.00,,0.5,0.8,,,,,,abstract only
632,42464451,Angelman syndrome,Dup15q syndrome,UBE3A Dosage Imbalance as a Molecular Framework Linking Angelman Syndrome and Dup15q-Associated Autism Phenotypes.,2026,https://doi.org/10.1002/ajmg.b.70025,0.00,0.70,0.30,0.00,0.00,0.00,0.00,,0.2,0.3,,,,,,abstract only
633,26022164,Prader-Willi syndrome,Dup15q syndrome,"Prader-Willi, Angelman, and 15q11-q13 Duplication Syndromes.",2015,https://europepmc.org/article/PMC/PMC4449422,0.00,1.00,0.00,0.00,0.00,0.00,0.00,,0.6,,,,,,,abstract only
634,26022164,Angelman syndrome,Prader-Willi syndrome,"Prader-Willi, Angelman, and 15q11-q13 Duplication Syndromes.",2015,https://europepmc.org/article/PMC/PMC4449422,0.00,1.00,0.00,0.00,0.00,0.00,0.00,,0.6,,,,,,,abstract only
635,41749627,trisomy 18,trisomy 13,Trisomy 18 and Trisomy 13: A Retrospective Cohort Study at a Tertiary Hospital.,2026,https://europepmc.org/article/PMC/PMC12939952,0.70,0.00,0.00,0.00,0.30,0.00,0.00,0.7,,,,0.7,,,,abstract only
636,20113418,1p36 deletion syndrome,Prader-Willi syndrome,1p36 deletion syndrome associated with Prader-Willi-like phenotype.,2010,https://doi.org/10.1111/j.1442-200x.2010.03090.x,0.80,0.20,0.00,0.00,0.00,0.00,0.00,0.6,0.2,,,,,,,abstract only
637,16564757,1p36 deletion syndrome,Prader-Willi syndrome,"Prader-Willi-like phenotype: investigation of 1p36 deletion in 41 patients with delayed psychomotor development, hypotonia, obesity and/or hyperphagia, learning disabilities and behavioral problems.",2006,https://doi.org/10.1016/j.ejmg.2006.02.001,0.80,0.20,0.00,0.00,0.00,0.00,0.00,0.6,0.2,,,,,,,abstract only
638,25339544,Simpson-Golabi-Behmel syndrome,Beckwith-Wiedemann syndrome,Twenty-one years to the right diagnosis - clinical overlap of Simpson-Golabi-Behmel and Beckwith-Wiedemann syndrome.,2015,https://doi.org/10.1002/ajmg.a.36825,0.60,0.00,0.00,0.00,0.00,0.40,0.00,0.8,,,,,0.7,,,abstract only
639,7554352,Simpson-Golabi-Behmel syndrome,Perlman syndrome,"Clinical overlap of Beckwith-Wiedemann, Perlman and Simpson-Golabi-Behmel syndromes: a diagnostic pitfall.",1995,https://doi.org/10.1111/j.1399-0004.1995.tb04307.x,0.60,0.00,0.00,0.00,0.00,0.40,0.00,0.8,,,,,0.6,,,abstract only
640,41560462,Noonan syndrome,Noonan syndrome,Neuropathic Pain and Enlarged Nerves in Adult Noonan Syndrome and Noonan Syndrome With Multiple Lentigines: Health-Related Quality of Life and Neurologic Symptoms.,2026,https://doi.org/10.1002/ajmga.70060,1.00,0.00,0.00,0.00,0.00,0.00,0.00,0.6,,,,,,,same canonical name for both diseases (check pair),abstract only
641,37098811,Klinefelter syndrome,"47,XYY syndrome","Morbidity, mortality, and socioeconomics in Klinefelter syndrome and 47,XYY syndrome: a comparative review.",2023,https://europepmc.org/article/PMC/PMC10160544,0.20,0.00,0.00,0.00,0.80,0.00,0.00,0.5,,,,0.5,,,,abstract only
642,22893477,"47,XYY syndrome",Klinefelter syndrome,"Socio-economic factors affect mortality in 47,XYY syndrome-A comparison with the background population and Klinefelter syndrome.",2012,https://doi.org/10.1002/ajmg.a.35539,0.00,0.00,0.00,0.00,1.00,0.00,0.00,,,,,0.5,,,,abstract only
643,20014371,"47,XYY syndrome",Klinefelter syndrome,"An extra X or Y chromosome: contrasting the cognitive and motor phenotypes in childhood in boys with 47,XYY syndrome or 47,XXY Klinefelter syndrome.",2009,https://europepmc.org/article/PMC/PMC2876236,1.00,0.00,0.00,0.00,0.00,0.00,0.00,0.5,,,,,,,,abstract only
644,40762104,Kabuki syndrome,Wiedemann-Steiner syndrome,"Academic Learning Profiles Across Disorders of KMT2 Gene Family: Superimposed and Distinct Features Across Kabuki, Wiedemann-Steiner and ODLURO Syndromes.",2025,https://doi.org/10.1111/jir.70017,1.00,0.00,0.00,0.00,0.00,0.00,0.00,0.7,,,,,,,,abstract only
645,40762104,Wiedemann-Steiner syndrome,O'Donnell-Luria-Rodan syndrome,"Academic Learning Profiles Across Disorders of KMT2 Gene Family: Superimposed and Distinct Features Across Kabuki, Wiedemann-Steiner and ODLURO Syndromes.",2025,https://doi.org/10.1111/jir.70017,1.00,0.00,0.00,0.00,0.00,0.00,0.00,0.6,,,,,,,,abstract only
646,40762104,Kabuki syndrome,O'Donnell-Luria-Rodan syndrome,"Academic Learning Profiles Across Disorders of KMT2 Gene Family: Superimposed and Distinct Features Across Kabuki, Wiedemann-Steiner and ODLURO Syndromes.",2025,https://doi.org/10.1111/jir.70017,1.00,0.00,0.00,0.00,0.00,0.00,0.00,0.6,,,,,,,,abstract only
647,25724810,Coffin-Siris syndrome,Nicolaides-Baraitser syndrome,Exome sequencing unravels unexpected differential diagnoses in individuals with the tentative diagnosis of Coffin-Siris and Nicolaides-Baraitser syndromes.,2015,https://doi.org/10.1007/s00439-015-1535-8,0.40,0.60,0.00,0.00,0.00,0.00,0.00,0.8,0.6,,,,,,,abstract only
648,26323055,Smith-Magenis syndrome,Prader-Willi syndrome,Individuals with Smith-Magenis syndrome display profound neurodevelopmental behavioral deficiencies and exhibit food-related behaviors equivalent to Prader-Willi syndrome.,2015,https://doi.org/10.1016/j.ridd.2015.08.011,1.00,0.00,0.00,0.00,0.00,0.00,0.00,0.4,,,,,,,,abstract only
649,9833657,Prader-Willi syndrome,Smith-Magenis syndrome,"Problem behaviors associated with deletion Prader-Willi, Smith-Magenis, and cri du chat syndromes.",1998,https://doi.org/10.1352/0895-8017(1998)103<0264:pbawdp>2.0.co;2,1.00,0.00,0.00,0.00,0.00,0.00,0.00,0.5,,,,,,,,abstract only
650,9833657,Prader-Willi syndrome,cri du chat syndrome,"Problem behaviors associated with deletion Prader-Willi, Smith-Magenis, and cri du chat syndromes.",1998,https://doi.org/10.1352/0895-8017(1998)103<0264:pbawdp>2.0.co;2,1.00,0.00,0.00,0.00,0.00,0.00,0.00,0.5,,,,,,,,abstract only
651,9833657,Smith-Magenis syndrome,cri du chat syndrome,"Problem behaviors associated with deletion Prader-Willi, Smith-Magenis, and cri du chat syndromes.",1998,https://doi.org/10.1352/0895-8017(1998)103<0264:pbawdp>2.0.co;2,1.00,0.00,0.00,0.00,0.00,0.00,0.00,0.5,,,,,,,,abstract only
652,28063379,ataxia-telangiectasia,Bloom syndrome,"Oxidative stress, mitochondrial abnormalities and antioxidant defense in Ataxia-telangiectasia, Bloom syndrome and Nijmegen breakage syndrome.",2017,https://europepmc.org/article/PMC/PMC5219618,0.00,0.00,1.00,0.00,0.00,0.00,0.00,,,0.7,,,,,,abstract only
653,28063379,ataxia-telangiectasia,Nijmegen breakage syndrome,"Oxidative stress, mitochondrial abnormalities and antioxidant defense in Ataxia-telangiectasia, Bloom syndrome and Nijmegen breakage syndrome.",2017,https://europepmc.org/article/PMC/PMC5219618,0.00,0.00,1.00,0.00,0.00,0.00,0.00,,,0.7,,,,,,abstract only
654,28063379,Bloom syndrome,Nijmegen breakage syndrome,"Oxidative stress, mitochondrial abnormalities and antioxidant defense in Ataxia-telangiectasia, Bloom syndrome and Nijmegen breakage syndrome.",2017,https://europepmc.org/article/PMC/PMC5219618,0.00,0.00,1.00,0.00,0.00,0.00,0.00,,,0.7,,,,,,abstract only
655,10678659,Rothmund-Thomson syndrome,Werner syndrome,Rothmund-Thomson syndrome due to RECQ4 helicase mutations: report and clinical and molecular comparisons with Bloom syndrome and Werner syndrome.,2000,https://doi.org/10.1002/(sici)1096-8628(20000131)90:3<223::aid-ajmg7>3.0.co;2-z,0.40,0.60,0.00,0.00,0.00,0.00,0.00,0.6,0.6,,,,,,,abstract only
656,10678659,Rothmund-Thomson syndrome,Bloom syndrome,Rothmund-Thomson syndrome due to RECQ4 helicase mutations: report and clinical and molecular comparisons with Bloom syndrome and Werner syndrome.,2000,https://doi.org/10.1002/(sici)1096-8628(20000131)90:3<223::aid-ajmg7>3.0.co;2-z,0.40,0.60,0.00,0.00,0.00,0.00,0.00,0.5,0.6,,,,,,,abstract only
657,27238185,Bloom syndrome,Werner syndrome,Bloom's syndrome: Why not premature aging?: A comparison of the BLM and WRN helicases.,2017,https://europepmc.org/article/PMC/PMC5124422,0.00,0.30,0.70,0.00,0.00,0.00,0.00,,0.6,0.4,,,,,,abstract only
658,22549407,mandibuloacral dysplasia,Hutchinson-Gilford progeria syndrome,A novel homozygous p.Arg527Leu LMNA mutation in two unrelated Egyptian families causes overlapping mandibuloacral dysplasia and progeria syndrome.,2012,https://europepmc.org/article/PMC/PMC3476705,0.40,0.60,0.00,0.00,0.00,0.00,0.00,0.7,0.8,,,,,,,abstract only
659,17327460,familial partial lipodystrophy,diabetes mellitus,"Common variation in the LMNA gene (encoding lamin A/C) and type 2 diabetes: association analyses in 9,518 subjects.",2007,https://europepmc.org/article/PMC/PMC2672988,0.00,1.00,0.00,0.00,0.00,0.00,0.00,,0.4,,,,,,,abstract only
660,17327437,familial partial lipodystrophy,diabetes mellitus,"Common variation in LMNA increases susceptibility to type 2 diabetes and associates with elevated fasting glycemia and estimates of body fat and height in the general population: studies of 7,495 Danish whites.",2007,https://doi.org/10.2337/db06-0927,0.00,1.00,0.00,0.00,0.00,0.00,0.00,,0.4,,,,,,,abstract only
661,26494903,Alstrom syndrome,Bardet-Biedl syndrome,Differential effects on β-cell mass by disruption of Bardet-Biedl syndrome or Alstrom syndrome genes.,2016,https://europepmc.org/article/PMC/PMC4690491,0.00,0.00,1.00,0.00,0.00,0.00,0.00,,,0.4,,,,,,abstract only
662,41347296,cystic fibrosis,primary ciliary dyskinesia,Taste and Smell Disorders in Children and Young Adults With Cystic Fibrosis and Primary Ciliary Dyskinesia-A Prospective Comparative Study.,2025,https://europepmc.org/article/PMC/PMC12679337,1.00,0.00,0.00,0.00,0.00,0.00,0.00,0.5,,,,,,,,abstract only
663,29307846,autoimmune enteropathy,celiac disease,Features of Adult Autoimmune Enteropathy Compared With Refractory Celiac Disease.,2018,https://doi.org/10.1016/j.cgh.2017.12.044,0.70,0.00,0.00,0.30,0.00,0.00,0.00,0.4,,,0.5,,,,,abstract only
664,27099674,autoimmune enteropathy,celiac disease,Autoimmune enteropathy: not all flat mucosa mean coeliac disease.,2016,https://europepmc.org/article/PMC/PMC4833853,0.40,0.00,0.00,0.00,0.00,0.60,0.00,0.5,,,,,0.6,,,abstract only
665,28545554,Whipple disease,rheumatoid arthritis,Whipple's disease mimicking rheumatoid arthritis can cause misdiagnosis and treatment failure.,2017,https://europepmc.org/article/PMC/PMC5445468,0.30,0.00,0.00,0.10,0.00,0.60,0.00,0.7,,,0.1,,0.8,,,abstract only
666,34214704,eosinophilic gastroenteritis,eosinophilic esophagitis,Comparison of Nonesophageal Eosinophilic Gastrointestinal Disorders with Eosinophilic Esophagitis: A Nationwide Survey.,2021,https://doi.org/10.1016/j.jaip.2021.06.026,0.60,0.00,0.00,0.00,0.40,0.00,0.00,0.4,,,,0.4,,,,abstract only
667,42825915,eosinophilic gastroenteritis,eosinophilic esophagitis,"Clinical Characteristics, Diagnostic Challenges, and Therapeutic Outcomes in Non-eosinophilic Esophagitis Eosinophilic Gastrointestinal Diseases in Comparison with Eosinophilic Esophagitis. ",2026,https://doi.org/10.18502/ijaai.v25is11.22484,1.00,0.00,0.00,0.00,0.00,0.00,0.00,0.4,,,,,,,,abstract only
668,15164229,chronic myeloid leukemia,essential thrombocythemia,Philadelphia (Ph) chromosome-positive thrombocythemia without features of chronic myeloid leukemia in peripheral blood: natural history and diagnostic differentiation from Ph-negative essential thrombocythemia.,2004,https://doi.org/10.1007/s00277-004-0877-4,0.50,0.50,0.00,0.00,0.00,0.00,0.00,0.3,0.7,,,,,,,abstract only
669,42279591,chronic myeloid leukemia,essential thrombocythemia,"Application of NanoString Technologies in Chronic Myeloid Leukemia, Essential Thrombocythemia, Primary Myelofibrosis, and Polycythemia Vera: A Pilot Study.",2026,https://europepmc.org/article/PMC/PMC13256799,0.00,0.00,1.00,0.00,0.00,0.00,0.00,,,0.4,,,,,,abstract only
670,42279591,chronic myeloid leukemia,polycythemia vera,"Application of NanoString Technologies in Chronic Myeloid Leukemia, Essential Thrombocythemia, Primary Myelofibrosis, and Polycythemia Vera: A Pilot Study.",2026,https://europepmc.org/article/PMC/PMC13256799,0.00,0.00,1.00,0.00,0.00,0.00,0.00,,,0.4,,,,,,abstract only
671,42279591,polycythemia vera,essential thrombocythemia,"Application of NanoString Technologies in Chronic Myeloid Leukemia, Essential Thrombocythemia, Primary Myelofibrosis, and Polycythemia Vera: A Pilot Study.",2026,https://europepmc.org/article/PMC/PMC13256799,0.00,0.00,1.00,0.00,0.00,0.00,0.00,,,0.6,,,,,,abstract only
672,40259860,aplastic anemia,myelodysplastic syndrome,Comparison of severe aplastic anaemia and lower risk hypoplastic myelodysplastic neoplasms: Critical role of megakaryocyte count in distinguishing aplastic anaemia from myelodysplastic neoplasms.,2025,https://europepmc.org/article/PMC/PMC12166340,0.40,0.00,0.00,0.00,0.00,0.60,0.00,0.4,,,,,0.5,,,abstract only
673,39412754,aplastic anemia,myelodysplastic syndrome,A flow cytometric approach to compare stem cell apoptosis in aplastic anemia and hypoplastic myelodysplastic syndrome.,2024,https://doi.org/10.4103/hemoncstem.hemoncstem-d-24-00008,0.00,0.00,0.40,0.00,0.00,0.60,0.00,,,0.3,,,0.5,,,abstract only
674,31808900,aplastic anemia,myelodysplastic syndrome,Idiopathic aplastic anemia vs hypocellular myelodysplastic syndrome.,2019,https://europepmc.org/article/PMC/PMC6913491,0.40,0.00,0.00,0.00,0.00,0.60,0.00,0.4,,,,,0.5,,,abstract only
675,25359990,GATA2 deficiency,aplastic anemia,GATA2 deficiency-associated bone marrow disorder differs from idiopathic aplastic anemia.,2015,https://europepmc.org/article/PMC/PMC4281830,0.50,0.50,0.00,0.00,0.00,0.00,0.00,0.3,0.2,,,,,,,abstract only
676,41323808,hereditary hemochromatosis,thalassemia,Liver iron susceptometry is different in patients with transfusion dependent thalassemia and sickle cell disease compared with hemochromatosis.,2025,https://europepmc.org/article/PMC/PMC12657335,0.00,0.00,1.00,0.00,0.00,0.00,0.00,,,0.2,,,,,,abstract only
677,41323808,hereditary hemochromatosis,sickle cell disease,Liver iron susceptometry is different in patients with transfusion dependent thalassemia and sickle cell disease compared with hemochromatosis.,2025,https://europepmc.org/article/PMC/PMC12657335,0.00,0.00,1.00,0.00,0.00,0.00,0.00,,,0.2,,,,,,abstract only
678,25035146,Diamond-Blackfan anemia,Pearson syndrome,Pearson syndrome in a Diamond-Blackfan anemia cohort.,2014,https://europepmc.org/article/PMC/PMC4102705,0.00,0.40,0.00,0.00,0.00,0.60,0.00,,0.2,,,,0.6,,,abstract only
679,34569763,Pearson syndrome,Diamond-Blackfan anemia,Pearson syndrome in a child transplanted for Diamond-Blackfan anemia.,2021,https://doi.org/10.5546/aap.2021.eng.e559,0.40,0.00,0.00,0.00,0.00,0.60,0.00,0.8,,,,,0.8,,,abstract only
680,16924324,Chediak-Higashi syndrome,Griscelli syndrome,Polarized light microscopy of hair shafts aids in the differential diagnosis of Chédiak-Higashi and Griscelli-Prunieras syndromes.,2006,https://doi.org/10.1590/s1807-59322006000400009,0.40,0.00,0.00,0.00,0.00,0.60,0.00,0.5,,,,,0.2,,,abstract only
681,18937330,Griscelli syndrome,Chediak-Higashi syndrome,"Treatment of the X-linked lymphoproliferative, Griscelli and Chédiak-Higashi syndromes by HLH directed therapy.",2009,https://doi.org/10.1002/pbc.21790,0.00,0.00,0.00,1.00,0.00,0.00,0.00,,,,0.7,,,,,abstract only
682,18937330,Griscelli syndrome,X-linked lymphoproliferative disease,"Treatment of the X-linked lymphoproliferative, Griscelli and Chédiak-Higashi syndromes by HLH directed therapy.",2009,https://doi.org/10.1002/pbc.21790,0.00,0.00,0.00,1.00,0.00,0.00,0.00,,,,0.7,,,,,abstract only
683,18937330,Chediak-Higashi syndrome,X-linked lymphoproliferative disease,"Treatment of the X-linked lymphoproliferative, Griscelli and Chédiak-Higashi syndromes by HLH directed therapy.",2009,https://doi.org/10.1002/pbc.21790,0.00,0.00,0.00,1.00,0.00,0.00,0.00,,,,0.7,,,,,abstract only
684,20489057,X-linked lymphoproliferative disease,hemophagocytic lymphohistiocytosis,XIAP deficiency: a unique primary immunodeficiency best classified as X-linked familial hemophagocytic lymphohistiocytosis and not as X-linked lymphoproliferative disease.,2010,https://europepmc.org/article/PMC/PMC2938130,0.50,0.50,0.00,0.00,0.00,0.00,0.00,0.8,0.6,,,,,,,abstract only
685,20823128,hemophagocytic lymphohistiocytosis,common variable immunodeficiency,Atypical familial hemophagocytic lymphohistiocytosis due to mutations in UNC13D and STXBP2 overlaps with primary immunodeficiency diseases.,2010,https://europepmc.org/article/PMC/PMC2995566,0.50,0.00,0.50,0.00,0.00,0.00,0.00,0.5,,0.4,,,,,,abstract only
686,20823128,hemophagocytic lymphohistiocytosis,X-linked lymphoproliferative disease,Atypical familial hemophagocytic lymphohistiocytosis due to mutations in UNC13D and STXBP2 overlaps with primary immunodeficiency diseases.,2010,https://europepmc.org/article/PMC/PMC2995566,0.50,0.00,0.50,0.00,0.00,0.00,0.00,0.5,,0.4,,,,,,abstract only
687,39737131,Erdheim-Chester disease,Langerhans cell histiocytosis,Overlap syndrome of Erdheim-Chester disease and Langerhans cell histiocytosis: A case report.,2024,https://europepmc.org/article/PMC/PMC11683406,0.00,0.50,0.00,0.00,0.00,0.00,0.50,,0.7,,,,,0.8,,abstract only
688,35568079,IgG4-related disease,Kimura disease,Distinct disease-specific Tfh cell populations in 2 different fibrotic diseases: IgG<sub>4</sub>-related disease and Kimura disease.,2022,https://europepmc.org/article/PMC/PMC10369367,0.00,0.00,1.00,0.00,0.00,0.00,0.00,,,0.3,,,,,,abstract only
689,26452023,Kimura disease,IgG4-related disease,Retrospective Multicentric Study of 25 Kimura Disease Patients: Emphasis on Therapeutics and Shared Features with Cutaneous IgG4-Related Disease.,2015,https://doi.org/10.1159/000439346,0.60,0.00,0.00,0.40,0.00,0.00,0.00,0.6,,,0.4,,,,,abstract only
690,33600452,IgG4-related disease,idiopathic retroperitoneal fibrosis,Clinical characteristics of IgG4-related retroperitoneal fibrosis versus idiopathic retroperitoneal fibrosis.,2021,https://europepmc.org/article/PMC/PMC7891782,1.00,0.00,0.00,0.00,0.00,0.00,0.00,0.7,,,,,,,,abstract only
691,35043583,IgG4-related disease,idiopathic retroperitoneal fibrosis,Differences of clinicopathological features between IgG4-related and non-IgG4-related idiopathic retroperitoneal fibrosis.,2022,https://doi.org/10.1111/1756-185x.14287,1.00,0.00,0.00,0.00,0.00,0.00,0.00,0.6,,,,,,,,abstract only
692,6847724,eosinophilic fasciitis,systemic sclerosis,Capillary microscopy in eosinophilic fasciitis. A comparison with systemic sclerosis.,1983,https://doi.org/10.1002/art.1780260507,0.40,0.00,0.00,0.00,0.00,0.60,0.00,0.2,,,,,0.2,,,abstract only
693,41043651,morphea,systemic sclerosis,Are systemic sclerosis and localized scleroderma (morphea) part of a common disease spectrum? A systematic review on their coexistence.,2025,https://doi.org/10.1016/j.clindermatol.2025.09.032,0.50,0.00,0.50,0.00,0.00,0.00,0.00,0.6,,0.6,,,,,,abstract only
694,42758881,morphea,systemic sclerosis,"Histopathologic Comparison Between Morphea, Lichen Sclerosus, and Systemic Sclerosis: A Prospective Cross-Sectional Observational Study From a Tertiary Care Hospital.",2026,https://doi.org/10.1097/dad.0000000000003241,1.00,0.00,0.00,0.00,0.00,0.00,0.00,0.6,,,,,,,,abstract only
695,42758881,lichen sclerosus,systemic sclerosis,"Histopathologic Comparison Between Morphea, Lichen Sclerosus, and Systemic Sclerosis: A Prospective Cross-Sectional Observational Study From a Tertiary Care Hospital.",2026,https://doi.org/10.1097/dad.0000000000003241,1.00,0.00,0.00,0.00,0.00,0.00,0.00,0.5,,,,,,,,abstract only
696,42758881,morphea,lichen sclerosus,"Histopathologic Comparison Between Morphea, Lichen Sclerosus, and Systemic Sclerosis: A Prospective Cross-Sectional Observational Study From a Tertiary Care Hospital.",2026,https://doi.org/10.1097/dad.0000000000003241,1.00,0.00,0.00,0.00,0.00,0.00,0.00,0.5,,,,,,,,abstract only
697,25693439,nephrogenic systemic fibrosis,scleromyxedema,[Causal relationship between the use of gadolinium based contrast media and nephrogenic systemic fibrosis].,2014,https://doi.org/10.4067/s0034-98872014001200010,0.40,0.00,0.00,0.00,0.00,0.60,0.00,0.7,,,,,0.8,,,abstract only
698,27866757,IgG4-related disease,Sjogren syndrome,"Differential diagnosis of IgG4-related sialadenitis, primary Sjögren syndrome, and chronic obstructive submandibular sialadenitis.",2017,https://doi.org/10.1016/j.bjoms.2016.10.021,0.40,0.00,0.00,0.00,0.00,0.60,0.00,0.4,,,,,0.4,,,abstract only
699,42569525,polyarteritis nodosa,cryoglobulinemic vasculitis,Systemic Idiopathic Polyarteritis Nodosa Mimicking Cryoglobulinemic Vasculitis: A Diagnostic Challenge.,2026,https://europepmc.org/article/PMC/PMC13450197,0.40,0.00,0.00,0.00,0.00,0.60,0.00,0.7,,,,,0.8,,,abstract only
700,34169779,anti-GBM disease,ANCA-associated vasculitis,Renal and overall outcomes of double-positive (ANCA and anti-GBM antibodies) patients compared to ANCA-associated vasculitis patients with severe renal involvement: A multicenter retrospective study with systematic renal pathology analysis.,2022,https://doi.org/10.1080/03009742.2021.1920120,0.40,0.00,0.00,0.00,0.60,0.00,0.00,0.6,,,,0.5,,,,abstract only
701,38001978,anti-GBM disease,ANCA-associated vasculitis,"Three Diseases Mediated by Different Immunopathologic Mechanisms-ANCA-Associated Vasculitis, Anti-Glomerular Basement Membrane Disease, and Immune Complex-Mediated Glomerulonephritis-A Common Clinical and Histopathologic Picture: Rapidly Progressive Crescentic Glomerulonephritis.",2023,https://europepmc.org/article/PMC/PMC10669599,0.00,0.00,1.00,0.00,0.00,0.00,0.00,,,0.2,,,,,,abstract only
702,41373530,membranous nephropathy,minimal change disease,Immune Checkpoint Signatures in Minimal Change Disease and Membranous Nephropathy: Divergent Pathways of a Shared Imbalance.,2025,https://europepmc.org/article/PMC/PMC12692590,0.00,0.00,1.00,0.00,0.00,0.00,0.00,,,0.3,,,,,,abstract only
703,37199269,membranous nephropathy,minimal change disease,Combination of the gut microbiota and clinical indicators as a potential index for differentiating idiopathic membranous nephropathy and minimal change disease.,2023,https://europepmc.org/article/PMC/PMC10198007,0.00,0.00,0.40,0.00,0.00,0.60,0.00,,,0.3,,,0.4,,,abstract only
704,34508140,membranous nephropathy,minimal change disease,Development and validation of a discrimination model between primary PLA2R-negative membranous nephropathy and minimal change disease confirmed by renal biopsy.,2021,https://europepmc.org/article/PMC/PMC8433159,0.00,0.00,0.00,0.00,0.00,1.00,0.00,,,,,,0.4,,,abstract only
705,33854525,IgA nephropathy,lupus nephritis,Weighted Gene Co-expression Network Analysis Reveals Different Immunity but Shared Renal Pathology Between IgA Nephropathy and Lupus Nephritis.,2021,https://europepmc.org/article/PMC/PMC8039522,0.00,0.00,1.00,0.00,0.00,0.00,0.00,,,0.5,,,,,,abstract only
706,33199236,lupus nephritis,IgA nephropathy,Urinary sediments could differentiate endocapillary proliferative lupus nephritis and endocapillary proliferative IgA nephropathy.,2021,https://doi.org/10.1016/j.intimp.2020.107122,0.00,0.00,0.00,0.00,0.00,1.00,0.00,,,,,,0.3,,,abstract only
707,40191091,IgA nephropathy,lupus nephritis,Novel Biomarkers as Non-Invasive Diagnostic Tools in IgA Nephropathy: A Comparative Study with Lupus Nephritis and Membranous Nephropathy.,2025,https://europepmc.org/article/PMC/PMC11972577,0.00,0.00,0.00,0.00,0.00,1.00,0.00,,,,,,0.3,,,abstract only
708,40191091,IgA nephropathy,membranous nephropathy,Novel Biomarkers as Non-Invasive Diagnostic Tools in IgA Nephropathy: A Comparative Study with Lupus Nephritis and Membranous Nephropathy.,2025,https://europepmc.org/article/PMC/PMC11972577,0.00,0.00,0.00,0.00,0.00,1.00,0.00,,,,,,0.3,,,abstract only
709,36281086,IgA nephropathy,Fabry disease,IgA nephropathy with mimicking Fabry disease: A case report and literature review.,2022,https://europepmc.org/article/PMC/PMC9592316,0.40,0.00,0.00,0.00,0.00,0.60,0.00,0.7,,,,,0.8,,,abstract only
710,25880437,Bartter syndrome,Gitelman syndrome,"Differential diagnosis of Bartter syndrome, Gitelman syndrome, and pseudo-Bartter/Gitelman syndrome based on clinical characteristics.",2016,https://doi.org/10.1038/gim.2015.56,0.40,0.00,0.00,0.00,0.00,0.60,0.00,0.6,,,,,0.6,,,abstract only
711,25880437,Bartter syndrome,pseudo-Bartter syndrome,"Differential diagnosis of Bartter syndrome, Gitelman syndrome, and pseudo-Bartter/Gitelman syndrome based on clinical characteristics.",2016,https://doi.org/10.1038/gim.2015.56,0.40,0.00,0.00,0.00,0.00,0.60,0.00,0.6,,,,,0.6,,,abstract only
712,25880437,Gitelman syndrome,pseudo-Bartter syndrome,"Differential diagnosis of Bartter syndrome, Gitelman syndrome, and pseudo-Bartter/Gitelman syndrome based on clinical characteristics.",2016,https://doi.org/10.1038/gim.2015.56,0.40,0.00,0.00,0.00,0.00,0.60,0.00,0.6,,,,,0.6,,,abstract only
713,37515374,idiopathic hypokalemic periodic paralysis,Andersen-Tawil syndrome,Muscle MRI in periodic paralysis shows myopathy is common and correlates with intramuscular fat accumulation.,2023,https://doi.org/10.1002/mus.27947,1.00,0.00,0.00,0.00,0.00,0.00,0.00,0.6,,,,,,,,abstract only
714,37515374,idiopathic hypokalemic periodic paralysis,hyperkalemic periodic paralysis,Muscle MRI in periodic paralysis shows myopathy is common and correlates with intramuscular fat accumulation.,2023,https://doi.org/10.1002/mus.27947,1.00,0.00,0.00,0.00,0.00,0.00,0.00,0.6,,,,,,,,abstract only
715,29309601,Andersen-Tawil syndrome,catecholaminergic polymorphic ventricular tachycardia,Different responses to exercise between Andersen-Tawil syndrome and catecholaminergic polymorphic ventricular tachycardia.,2018,https://doi.org/10.1093/europace/eux351,0.40,0.00,0.00,0.00,0.00,0.60,0.00,0.3,,,,,0.3,,,abstract only
716,16818210,catecholaminergic polymorphic ventricular tachycardia,Andersen-Tawil syndrome,Genotypic heterogeneity and phenotypic mimicry among unrelated patients referred for catecholaminergic polymorphic ventricular tachycardia genetic testing.,2006,https://doi.org/10.1016/j.hrthm.2006.03.025,0.00,0.40,0.00,0.00,0.00,0.60,0.00,,0.2,,,,0.7,,,abstract only
717,16818210,catecholaminergic polymorphic ventricular tachycardia,long QT syndrome,Genotypic heterogeneity and phenotypic mimicry among unrelated patients referred for catecholaminergic polymorphic ventricular tachycardia genetic testing.,2006,https://doi.org/10.1016/j.hrthm.2006.03.025,0.00,0.40,0.00,0.00,0.00,0.60,0.00,,0.2,,,,0.7,,,abstract only
718,6888415,paramyotonia congenita,myotonia congenita,Distinguishing paramyotonia congenita and myotonia congenita by electromyography.,1983,https://doi.org/10.1002/mus.880060506,0.00,0.00,0.00,0.00,0.00,1.00,0.00,,,,,,0.2,,,abstract only
719,7201578,paramyotonia congenita,myotonia congenita,Electromyographic distinction between paramyotonia congenita and myotonia congenita: effect of cold.,1982,https://doi.org/10.1212/wnl.32.8.827,0.00,0.00,0.00,0.00,0.00,1.00,0.00,,,,,,0.2,,,abstract only
720,2722193,myotonia congenita,myotonic dystrophy,Myotonia congenita (Thomsen's disease) excluded from the region of the myotonic dystrophy locus on chromosome 19.,1989,https://doi.org/10.1007/bf00284051,0.00,1.00,0.00,0.00,0.00,0.00,0.00,,0.1,,,,,,,abstract only
721,21204798,myotonic dystrophy,myotonia congenita,Myotonia congenita and myotonic dystrophy in the same family: coexistence of a CLCN1 mutation and expansion in the CNBP (ZNF9) gene.,2011,https://doi.org/10.1111/j.1399-0004.2010.01616.x,0.00,0.30,0.00,0.00,0.00,0.00,0.70,,0.2,,,,,0.8,,abstract only
722,34932651,congenital myasthenic syndrome,myasthenia gravis,Congenital myasthenic syndrome in a cohort of patients with 'double' seronegative myasthenia gravis.,2022,https://europepmc.org/article/PMC/PMC9651496,0.00,0.40,0.00,0.00,0.00,0.60,0.00,,0.3,,,,0.6,,,abstract only
723,26363966,congenital myasthenic syndrome,myasthenia gravis,Congenital myasthenic syndrome due to mutation in CHRNE gene with clinical worsening and thymic hyperplasia attributed to association with autoimmune-myasthenia gravis.,2015,https://doi.org/10.1016/j.nmd.2015.08.001,0.00,0.00,0.00,0.00,0.00,1.00,0.00,,,,,,0.5,,,abstract only
724,41361909,Lambert-Eaton myasthenic syndrome,small cell lung cancer,Paraneoplastic Lambert-Eaton myasthenic syndrome associated with non-small cell lung cancer: data from the European LEMS registry and systematic review.,2025,https://europepmc.org/article/PMC/PMC12687528,0.00,0.00,0.00,0.00,0.00,0.00,1.00,,,,,,,0.7,,abstract only
725,14516314,spinal muscular atrophy,congenital myopathy,Cardiac ankyrin repeat protein is preferentially induced in atrophic myofibers of congenital myopathy and spinal muscular atrophy.,2003,https://doi.org/10.1046/j.1440-1827.2003.01541.x,0.00,0.00,1.00,0.00,0.00,0.00,0.00,,,0.6,,,,,,abstract only
726,14516314,nemaline myopathy,central core disease,Cardiac ankyrin repeat protein is preferentially induced in atrophic myofibers of congenital myopathy and spinal muscular atrophy.,2003,https://doi.org/10.1046/j.1440-1827.2003.01541.x,0.00,0.00,1.00,0.00,0.00,0.00,0.00,,,0.2,,,,,,abstract only
727,7873112,spinal muscular atrophy,congenital myopathy,Correlation of flexion contractures with upper extremity function and pain for spinal muscular atrophy and congenital myopathy patients.,1995,https://doi.org/10.1097/00002060-199501000-00006,1.00,0.00,0.00,0.00,0.00,0.00,0.00,0.6,,,,,,,,abstract only
728,40275672,centronuclear myopathy,centronuclear myopathy,Liver function in X-linked myotubular myopathy and autosomal dominant centronuclear myopathy: Data of the unite-CNM study.,2025,https://europepmc.org/article/PMC/PMC13142885,1.00,0.00,0.00,0.00,0.00,0.00,0.00,0.4,,,,,,,same canonical name for both diseases (check pair),abstract only
729,15832002,Emery-Dreifuss muscular dystrophy,limb-girdle muscular dystrophy,"Cardiac dysrhythmias,cardiomyopathy and muscular dystrophy in patients with Emery-Dreifuss muscular dystrophy and limb-girdle muscular dystrophy type 1B.",2005,https://europepmc.org/article/PMC/PMC2808607,0.80,0.20,0.00,0.00,0.00,0.00,0.00,0.8,0.3,,,,,,,abstract only
730,9608559,Emery-Dreifuss muscular dystrophy,limb-girdle muscular dystrophy,Early presentation of X-linked Emery-Dreifuss muscular dystrophy resembling limb-girdle muscular dystrophy.,1998,https://doi.org/10.1016/s0960-8966(98)00006-6,0.40,0.00,0.00,0.00,0.00,0.60,0.00,0.6,,,,,0.7,,,abstract only
731,21496625,Bethlem myopathy,Ullrich congenital muscular dystrophy,The collagen VI-related myopathies Ullrich congenital muscular dystrophy and Bethlem myopathy.,2011,https://europepmc.org/article/PMC/PMC5207779,0.40,0.60,0.00,0.00,0.00,0.00,0.00,0.6,0.9,,,,,,,abstract only
732,24163611,Bethlem myopathy,Ullrich congenital muscular dystrophy,"Body composition, muscle strength, and physical function of patients with Bethlem myopathy and Ullrich congenital muscular dystrophy.",2013,https://europepmc.org/article/PMC/PMC3791808,1.00,0.00,0.00,0.00,0.00,0.00,0.00,0.5,,,,,,,,abstract only
733,40668264,giant axonal neuropathy,Charcot-Marie-Tooth disease,Charcot-Marie-Tooth-like presentation in giant axonal neuropathy: clinical variability and prevalence in a large Japanese case series.,2025,https://europepmc.org/article/PMC/PMC12267338,0.60,0.00,0.00,0.00,0.00,0.40,0.00,0.7,,,,,0.6,,,abstract only
734,11053687,giant axonal neuropathy,Charcot-Marie-Tooth disease,Charcot-Marie-Tooth 2-like presentation of an Algerian family with giant axonal neuropathy.,2000,https://doi.org/10.1016/s0960-8966(00)00141-3,0.60,0.00,0.00,0.00,0.00,0.40,0.00,0.7,,,,,0.6,,,abstract only
735,32723684,erythromelalgia,small fiber neuropathy,Acute monophasic erythromelalgia pain in five children diagnosed as small-fiber neuropathy.,2020,https://europepmc.org/article/PMC/PMC10021072,0.50,0.00,0.00,0.00,0.00,0.00,0.50,0.7,,,,,,0.7,,abstract only
736,36815391,erythromelalgia,small fiber neuropathy,A severe case of primary erythromelalgia presenting as small fiber neuropathy with a novel SCN9A mutation.,2023,https://doi.org/10.1111/1346-8138.16754,0.50,0.50,0.00,0.00,0.00,0.00,0.00,0.7,0.6,,,,,,,abstract only
737,19697886,benign hereditary chorea,Huntington disease,[Differential diagnosis of chorea].,2009,https://pubmed.ncbi.nlm.nih.gov/19697886,0.40,0.00,0.00,0.00,0.00,0.60,0.00,0.5,,,,,0.5,,,abstract only
738,9302278,spinocerebellar ataxia,episodic ataxia type 2,Episodic ataxia type 2 (EA2) and spinocerebellar ataxia type 6 (SCA6) due to CAG repeat expansion in the CACNA1A gene on chromosome 19p.,1997,https://doi.org/10.1093/hmg/6.11.1973,0.00,1.00,0.00,0.00,0.00,0.00,0.00,,0.8,,,,,,,abstract only
739,14526175,spinocerebellar ataxia,episodic ataxia type 2,Spinocerebellar ataxia type 6 and episodic ataxia type 2: differences and similarities between two allelic disorders.,2003,https://doi.org/10.1159/000072849,0.50,0.50,0.00,0.00,0.00,0.00,0.00,0.6,0.9,,,,,,,abstract only
740,14526175,spinocerebellar ataxia,hemiplegic migraine,Spinocerebellar ataxia type 6 and episodic ataxia type 2: differences and similarities between two allelic disorders.,2003,https://doi.org/10.1159/000072849,0.50,0.50,0.00,0.00,0.00,0.00,0.00,0.4,0.9,,,,,,,abstract only
741,40149486,episodic ataxia type 2,spinocerebellar ataxia,Effects of Levetiracetam on Episodic Ataxia Type 2 and Spinocerebellar Ataxia Type 6 with Episodic Ataxic Symptoms: A Case Series.,2025,https://europepmc.org/article/PMC/PMC11942281,0.00,0.00,0.00,1.00,0.00,0.00,0.00,,,,0.6,,,,,abstract only
742,42616133,CANVAS,multiple system atrophy,Does CANVAS mimic MSA-C? A prospective multimodal study.,2026,https://doi.org/10.1007/s00415-026-14005-7,0.40,0.00,0.00,0.00,0.00,0.60,0.00,0.6,,,,,0.6,,,abstract only
743,32939785,CANVAS,multiple system atrophy,Biallelic Intronic AAGGG Expansion of RFC1 is Related to Multiple System Atrophy.,2020,https://doi.org/10.1002/ana.25902,0.00,1.00,0.00,0.00,0.00,0.00,0.00,,0.4,,,,,,,abstract only
744,35735602,autoimmune encephalitis,Creutzfeldt-Jakob disease,Alzheimer's disease cerebrospinal fluid biomarkers differentiate patients with Creutzfeldt-Jakob disease and autoimmune encephalitis.,2022,https://europepmc.org/article/PMC/PMC9463096,0.00,0.00,0.40,0.00,0.00,0.60,0.00,,,0.3,,,0.3,,,abstract only
745,34589751,autoimmune encephalitis,Creutzfeldt-Jakob disease,Autoimmune Encephalitis versus Creutzfeldt-Jakob disease in a patient with typical Facio-brachial dystonic seizures: A case report with Diagnostic challenges.,2021,https://europepmc.org/article/PMC/PMC8474545,0.40,0.00,0.00,0.00,0.00,0.60,0.00,0.6,,,,,0.6,,,abstract only
746,7908444,fatal familial insomnia,Creutzfeldt-Jakob disease,Fatal familial insomnia and familial Creutzfeldt-Jakob disease: different prion proteins determined by a DNA polymorphism.,1994,https://europepmc.org/article/PMC/PMC43466,0.40,0.60,0.00,0.00,0.00,0.00,0.00,0.2,0.9,,,,,,,abstract only
747,24902808,Creutzfeldt-Jakob disease,fatal familial insomnia,"Analyses of the similarity and difference of global gene expression profiles in cortex regions of three neurodegenerative diseases: sporadic Creutzfeldt-Jakob disease (sCJD), fatal familial insomnia (FFI), and Alzheimer's disease (AD).",2014,https://doi.org/10.1007/s12035-014-8758-x,0.00,0.00,1.00,0.00,0.00,0.00,0.00,,,0.6,,,,,,abstract only
748,24902808,Creutzfeldt-Jakob disease,Alzheimer disease,"Analyses of the similarity and difference of global gene expression profiles in cortex regions of three neurodegenerative diseases: sporadic Creutzfeldt-Jakob disease (sCJD), fatal familial insomnia (FFI), and Alzheimer's disease (AD).",2014,https://doi.org/10.1007/s12035-014-8758-x,0.00,0.00,1.00,0.00,0.00,0.00,0.00,,,0.4,,,,,,abstract only
749,39124670,Creutzfeldt-Jakob disease,fatal familial insomnia,Creutzfeldt-Jakob Disease and Fatal Familial Insomnia: Demographics and In-Hospital Mortality in Spain.,2024,https://europepmc.org/article/PMC/PMC11312717,0.00,0.00,0.00,0.00,1.00,0.00,0.00,,,,,0.5,,,,abstract only
750,2176119,Gerstmann-Straussler-Scheinker disease,Alzheimer disease,Neurofibrillary tangles of the Indiana kindred of Gerstmann-Sträussler-Scheinker disease share antigenic determinants with those of Alzheimer disease.,1990,https://doi.org/10.1016/0006-8993(90)91304-y,0.00,0.00,1.00,0.00,0.00,0.00,0.00,,,0.7,,,,,,abstract only
751,29142239,Creutzfeldt-Jakob disease,Alzheimer disease,Differential overexpression of SERPINA3 in human prion diseases.,2017,https://europepmc.org/article/PMC/PMC5688139,0.00,0.00,1.00,0.00,0.00,0.00,0.00,,,0.6,,,,,,abstract only
752,19433659,progressive multifocal leukoencephalopathy,multiple sclerosis,Progressive multifocal leukoencephalopathy and relapsing-remitting multiple sclerosis: a comparative study.,2009,https://doi.org/10.1001/archneurol.2009.31,0.40,0.00,0.00,0.00,0.00,0.60,0.00,0.3,,,,,0.3,,,abstract only
753,28538242,neurosyphilis,Alzheimer disease,"Neuropsychiatric Features of Neurosyphilis: Frequency, Relationship with the Severity of Cognitive Impairment and Comparison with Alzheimer Disease.",2017,https://doi.org/10.1159/000476060,1.00,0.00,0.00,0.00,0.00,0.00,0.00,0.5,,,,,,,,abstract only
754,35639012,neurosyphilis,behavioural variant frontotemporal dementia,Neurosyphilis Mimicking Behavioral Variant of Frontotemporal Dementia in a 59-Year-Old Man.,2022,https://doi.org/10.1097/wnn.0000000000000299,0.40,0.00,0.00,0.00,0.00,0.60,0.00,0.7,,,,,0.8,,,abstract only
755,42582597,idiopathic intracranial hypertension,migraine,Papilledema is not the point: intracranial pressure dysregulation as a common pathway in migraine and idiopathic intracranial hypertension.,2026,https://europepmc.org/article/PMC/PMC13457942,0.30,0.00,0.70,0.00,0.00,0.00,0.00,0.6,,0.7,,,,,,abstract only
756,36748660,idiopathic intracranial hypertension,migraine,Depression and anxiety in women with idiopathic intracranial hypertension compared to migraine: A matched controlled cohort study.,2023,https://europepmc.org/article/PMC/PMC10952318,0.60,0.00,0.00,0.00,0.00,0.00,0.40,0.3,,,,,,0.7,,abstract only
757,34715671,spontaneous intracranial hypotension,Chiari I malformation,Differentiation of Chiari malformation type 1 and spontaneous intracranial hypotension using objective measurements of midbrain sagging.,2022,https://doi.org/10.3171/2021.6.jns211010,0.40,0.00,0.00,0.00,0.00,0.60,0.00,0.3,,,,,0.3,,,abstract only
758,37176727,spontaneous intracranial hypotension,Chiari I malformation,Overview of Spontaneous Intracranial Hypotension and Differential Diagnosis with Chiari I Malformation.,2023,https://europepmc.org/article/PMC/PMC10179697,0.40,0.00,0.00,0.00,0.00,0.60,0.00,0.4,,,,,0.4,,,abstract only
759,7566276,syringomyelia,multiple sclerosis,"[Syringomyelia, a neglected differential diagnosis in multiple sclerosis. 6 cases from a specialty clinic for multiple sclerosis].",1995,https://pubmed.ncbi.nlm.nih.gov/7566276,0.00,0.00,0.00,0.00,0.00,0.67,0.33,,,,,,0.7,0.3,,abstract only
760,23252517,syringomyelia,multiple sclerosis,Six-year follow-up of a case series with non-communicating syringomyelia in multiple sclerosis.,2013,https://doi.org/10.1111/ene.12052,0.50,0.00,0.00,0.00,0.00,0.00,0.50,0.4,,,,,,0.5,,abstract only
761,23723037,congenital central hypoventilation syndrome,Rett syndrome,"Genetic diseases: congenital central hypoventilation, Rett, and Prader-Willi syndromes.",2012,https://doi.org/10.1002/cphy.c100037,0.50,0.50,0.00,0.00,0.00,0.00,0.00,0.4,0.3,,,,,,,abstract only
762,23723037,congenital central hypoventilation syndrome,Prader-Willi syndrome,"Genetic diseases: congenital central hypoventilation, Rett, and Prader-Willi syndromes.",2012,https://doi.org/10.1002/cphy.c100037,0.50,0.50,0.00,0.00,0.00,0.00,0.00,0.4,0.3,,,,,,,abstract only
763,23723037,Rett syndrome,Prader-Willi syndrome,"Genetic diseases: congenital central hypoventilation, Rett, and Prader-Willi syndromes.",2012,https://doi.org/10.1002/cphy.c100037,0.50,0.50,0.00,0.00,0.00,0.00,0.00,0.4,0.3,,,,,,,abstract only
764,30879749,Hirschsprung disease,congenital central hypoventilation syndrome,Congenital central hypoventilation syndrome and Hirschsprung disease: A retrospective review of the French National Registry Center on 33 cases.,2019,https://doi.org/10.1016/j.jpedsurg.2019.02.014,0.00,0.00,0.00,0.00,0.00,0.00,1.00,,,,,,,0.7,,abstract only
765,30999961,congenital central hypoventilation syndrome,Hirschsprung disease,Two novel mutations in exon 3 of PHOX2B gene: think about congenital central hypoventilation syndrome in patients with Hirschsprung disease.,2019,https://europepmc.org/article/PMC/PMC6471850,0.00,0.50,0.00,0.00,0.00,0.00,0.50,,0.6,,,,,0.8,,abstract only
766,14523991,Waardenburg syndrome,Hirschsprung disease,Analysis of SOX10 mutations identified in Waardenburg-Hirschsprung patients: Differential effects on target gene regulation.,2003,https://doi.org/10.1002/jcb.10656,0.40,0.60,0.00,0.00,0.00,0.00,0.00,0.8,0.8,,,,,,,abstract only
767,12447940,Waardenburg syndrome,congenital hypomyelinating neuropathy,"Congenital hypomyelinating neuropathy, central dysmyelination, and Waardenburg-Hirschsprung disease: phenotypes linked by SOX10 mutation.",2002,https://doi.org/10.1002/ana.10404,0.40,0.60,0.00,0.00,0.00,0.00,0.00,0.8,0.9,,,,,,,abstract only
768,29106856,Usher syndrome,Waardenburg syndrome,Genetic analysis of a Chinese family with members affected with Usher syndrome type II and Waardenburg syndrome type IV.,2017,https://doi.org/10.1016/j.ijporl.2017.08.012,0.40,0.60,0.00,0.00,0.00,0.00,0.00,0.6,0.8,,,,,,,abstract only
769,40426046,Pendred syndrome,enlarged vestibular aqueduct,Genetic heterogeneity in patients with enlarged vestibular aqueduct and Pendred syndrome.,2025,https://europepmc.org/article/PMC/PMC12107780,0.00,1.00,0.00,0.00,0.00,0.00,0.00,,0.8,,,,,,,abstract only
770,30741891,Pendred syndrome,enlarged vestibular aqueduct,The Natural History of Hearing Loss in Pendred Syndrome and Non-Syndromic Enlarged Vestibular Aqueduct.,2019,https://doi.org/10.1097/mao.0000000000002140,0.00,0.00,0.00,0.00,1.00,0.00,0.00,,,,,0.5,,,,abstract only
771,9752968,otosclerosis,osteogenesis imperfecta,Association of COL1A1 and otosclerosis: evidence for a shared genetic etiology with mild osteogenesis imperfecta.,1998,https://pubmed.ncbi.nlm.nih.gov/9752968,0.40,0.60,0.00,0.00,0.00,0.00,0.00,0.7,0.7,,,,,,,abstract only
772,38518766,osteogenesis imperfecta,otosclerosis,Otic Capsule Demineralization and Hearing Outcome of Stapes Surgery for Osteogenesis Imperfecta in Comparison With Otosclerosis.,2024,https://doi.org/10.1097/mao.0000000000004166,0.50,0.00,0.00,0.50,0.00,0.00,0.00,0.6,,,0.4,,,,,abstract only
773,32692268,osteogenesis imperfecta,otosclerosis,The impact of stapes surgery on osteogenesis imperfecta: a retrospective comparison of operative outcomes with those for patients with otosclerosis.,2020,https://doi.org/10.1080/00016489.2020.1786161,0.00,0.00,0.00,1.00,0.00,0.00,0.00,,,,0.5,,,,,abstract only
774,36421882,superficial siderosis,amyotrophic lateral sclerosis,CNS Superficial Siderosis Mimicking a Motor Neuron Disease.,2022,https://europepmc.org/article/PMC/PMC9688038,0.40,0.00,0.00,0.00,0.00,0.60,0.00,0.7,,,,,0.8,,,abstract only
775,22549355,superficial siderosis,amyotrophic lateral sclerosis,Superficial siderosis should be included in the differential diagnosis of motor neuron disease.,2012,https://doi.org/10.1097/nrl.0b013e318251e6d6,0.40,0.00,0.00,0.00,0.00,0.60,0.00,0.7,,,,,0.8,,,abstract only
776,20643691,Gaucher disease,Parkinson disease,Interaction between parkin and mutant glucocerebrosidase variants: a possible link between Parkinson disease and Gaucher disease.,2010,https://doi.org/10.1093/hmg/ddq292,0.00,0.00,1.00,0.00,0.00,0.00,0.00,,,0.7,,,,,,abstract only
777,26406132,Gaucher disease,Parkinson disease,Color Discrimination in Patients with Gaucher Disease and Parkinson Disease.,2015,https://doi.org/10.3233/jpd-150585,1.00,0.00,0.00,0.00,0.00,0.00,0.00,0.5,,,,,,,,abstract only
778,18834923,Niemann-Pick disease type C,Alzheimer disease,"Variation in NPC1, the gene encoding Niemann-Pick C1, a protein involved in intracellular cholesterol transport, is associated with Alzheimer disease and/or aging in the Polish population.",2008,https://europepmc.org/article/PMC/PMC2630970,0.00,1.00,0.00,0.00,0.00,0.00,0.00,,0.4,,,,,,,abstract only
779,31359511,Krabbe disease,metachromatic leukodystrophy,General anesthesia safety in progressive leukodystrophies: A retrospective study of patients with Krabbe disease and metachromatic leukodystrophy.,2019,https://doi.org/10.1111/pan.13714,0.00,0.00,0.00,1.00,0.00,0.00,0.00,,,,0.6,,,,,abstract only
780,38533650,metachromatic leukodystrophy,X-linked adrenoleukodystrophy,"Experiences of patients with metachromatic leukodystrophy, adrenoleukodystrophy, or Krabbe disease and the experiences of their family members: a qualitative systematic review.",2024,https://europepmc.org/article/PMC/PMC11230659,1.00,0.00,0.00,0.00,0.00,0.00,0.00,0.6,,,,,,,,abstract only
781,14564716,GM1 gangliosidosis,Tay-Sachs disease,Brain ceramide hexosides in Tay-Sachs disease and generalized gangliosidosis (GM1-gangliosidosis).,1967,https://doi.org/10.1016/s0022-2275(20)38922-7,0.00,0.00,1.00,0.00,0.00,0.00,0.00,,,0.5,,,,,,abstract only
782,25439737,neuronal ceroid lipofuscinosis,Rett syndrome,Rett-like onset in late-infantile neuronal ceroid lipofuscinosis (CLN7) caused by compound heterozygous mutation in the MFSD8 gene and review of the literature data on clinical onset signs.,2015,https://doi.org/10.1016/j.ejpn.2014.07.008,0.40,0.00,0.00,0.00,0.00,0.60,0.00,0.7,,,,,0.7,,,abstract only
783,41464699,Wilson disease,autoimmune hepatitis,Wilson's Disease with Autoimmune Hepatitis Manifestation in a Pediatric Patient: A Case Report and Literature Review.,2025,https://europepmc.org/article/PMC/PMC12733960,0.00,0.00,0.00,0.00,0.00,0.00,1.00,,,,,,,0.7,,abstract only
784,41095865,alpha-1 antitrypsin deficiency,cystic fibrosis,Evaluation of Alpha1 Antitrypsin Deficiency-Associated Mutations in People with Cystic Fibrosis.,2025,https://europepmc.org/article/PMC/PMC12524791,0.00,1.00,0.00,0.00,0.00,0.00,0.00,,0.4,,,,,,,abstract only
785,16385367,alpha-1 antitrypsin deficiency,cystic fibrosis,[Association between alpha 1 antitrypsin deficiency and cystic fibrosis severity].,2005,https://doi.org/10.2223/jped.1423,0.00,1.00,0.00,0.00,0.00,0.00,0.00,,0.2,,,,,,,abstract only
786,17105849,lymphangioleiomyomatosis,tuberous sclerosis complex,Sporadic lymphangioleiomyomatosis and tuberous sclerosis complex with lymphangioleiomyomatosis: comparison of CT features.,2007,https://europepmc.org/article/PMC/PMC2940246,1.00,0.00,0.00,0.00,0.00,0.00,0.00,0.6,,,,,,,,abstract only
787,33981713,lymphangioleiomyomatosis,tuberous sclerosis complex,Exploring the Role of Matrix Metalloproteinases as Biomarkers in Sporadic Lymphangioleiomyomatosis and Tuberous Sclerosis Complex. A Pilot Study.,2021,https://europepmc.org/article/PMC/PMC8107231,0.00,0.00,1.00,0.00,0.00,0.00,0.00,,,0.5,,,,,,abstract only
788,26156073,tuberous sclerosis complex,lymphangioleiomyomatosis,Everolimus for renal angiomyolipoma in patients with tuberous sclerosis complex or sporadic lymphangioleiomyomatosis: extension of a randomized controlled trial.,2016,https://doi.org/10.1093/ndt/gfv249,0.00,0.00,0.00,1.00,0.00,0.00,0.00,,,,0.8,,,,,abstract only
789,42516693,hereditary hemorrhagic telangiectasia,pulmonary arterial hypertension,A Case of High Pressure and High Stakes: Pulmonary Arterial Hypertension Emergence in an Infant With Hereditary Hemorrhagic Telangiectasia.,2026,https://europepmc.org/article/PMC/PMC13404785,0.00,0.30,0.00,0.00,0.00,0.00,0.70,,0.6,,,,,0.6,,abstract only
790,17174418,Eisenmenger syndrome,pulmonary arterial hypertension,Effects of chronic sildenafil in patients with Eisenmenger syndrome versus idiopathic pulmonary arterial hypertension.,2007,https://doi.org/10.1016/j.ijcard.2006.10.018,0.00,0.00,0.00,1.00,0.00,0.00,0.00,,,,0.6,,,,,abstract only
791,18519847,Eisenmenger syndrome,pulmonary arterial hypertension,Circulating endothelial progenitor cells in patients with Eisenmenger syndrome and idiopathic pulmonary arterial hypertension.,2008,https://doi.org/10.1161/circulationaha.108.769646,0.00,0.00,1.00,0.00,0.00,0.00,0.00,,,0.5,,,,,,abstract only
792,34416318,Eisenmenger syndrome,pulmonary arterial hypertension,Impact of cyanosis on ventilatory responses during stair climb exercise in Eisenmenger syndrome and idiopathic pulmonary arterial hypertension.,2021,https://doi.org/10.1016/j.ijcard.2021.08.020,1.00,0.00,0.00,0.00,0.00,0.00,0.00,0.5,,,,,,,,abstract only
793,30623691,Ehlers-Danlos syndrome,fibromuscular dysplasia,Cervical artery dissection: fibromuscular dysplasia versus vascular Ehlers-Danlos syndrome.,2019,https://doi.org/10.1080/08037051.2018.1557507,0.36,0.00,0.00,0.09,0.00,0.55,0.00,0.7,,,0.1,,0.8,,,abstract only
794,38487126,fibromuscular dysplasia,spontaneous coronary artery dissection,Spontaneous Coronary Artery Dissection and Fibromuscular Dysplasia: A Case Series and Genetic Links.,2024,https://doi.org/10.7759/cureus.54105,0.00,0.30,0.00,0.00,0.00,0.00,0.70,,0.5,,,,,0.7,,abstract only
795,42106829,Takayasu arteritis,Kawasaki disease,Clinical characteristics and vascular involvement of Takayasu arteritis versus Kawasaki disease in infants and young children.,2026,https://europepmc.org/article/PMC/PMC13245034,0.60,0.00,0.00,0.00,0.00,0.40,0.00,0.4,,,,,0.6,,,abstract only
796,42119702,Behcet disease,Crohn disease,When Behçet Mimics Crohn's disease: A Diagnostic Challenge.,2026,https://doi.org/10.1055/a-2857-7832,0.40,0.00,0.00,0.00,0.00,0.60,0.00,0.7,,,,,0.8,,,abstract only
797,42405976,relapsing polychondritis,VEXAS syndrome,VEXAS syndrome unmasked from relapsing polychondritis and infection mimicry: a case-based review.,2026,https://doi.org/10.1007/s00296-026-06218-w,0.40,0.00,0.00,0.00,0.00,0.60,0.00,0.7,,,,,0.7,,,abstract only
798,42112400,relapsing polychondritis,VEXAS syndrome,What should neurologists expect to observe in relapsing polychondritis and VEXAS?,2026,https://europepmc.org/article/PMC/PMC13152779,1.00,0.00,0.00,0.00,0.00,0.00,0.00,0.6,,,,,,,,abstract only
799,38831495,Still disease,hemophagocytic lymphohistiocytosis,Nationwide Analysis of Adult-Onset Still Disease With and Without Hemophagocytic Lymphohistiocytosis.,2024,https://doi.org/10.1097/rhu.0000000000002100,0.00,0.00,0.00,0.00,0.00,0.00,1.00,,,,,,,0.6,,abstract only
800,19115058,Still disease,hemophagocytic lymphohistiocytosis,Cloak and dagger: the case for adult onset still disease and hemophagocytic lymphohistiocytosis.,2009,https://doi.org/10.1007/s00296-008-0825-z,0.00,0.00,0.00,0.00,0.00,0.00,1.00,,,,,,,0.7,,abstract only
801,42696010,familial Mediterranean fever,amyloidosis,AA amyloidosis in familial Mediterranean fever: a comparative study of clinical and genetic features between Algerian probands and their relatives.,2026,https://doi.org/10.1007/s00296-026-06283-1,0.00,0.30,0.00,0.00,0.00,0.00,0.70,,0.3,,,,,0.7,,abstract only
802,33984890,amyloidosis,IgA nephropathy,Mean platelet volume in familial Mediterranean fever related AA amyloidosis and comparison with common primary glomerular diseases,2021,https://doi.org/10.3906/sag-2102-13,0.00,0.00,1.00,0.00,0.00,0.00,0.00,,,0.2,,,,,,abstract only
803,33984890,amyloidosis,membranous nephropathy,Mean platelet volume in familial Mediterranean fever related AA amyloidosis and comparison with common primary glomerular diseases,2021,https://doi.org/10.3906/sag-2102-13,0.00,0.00,1.00,0.00,0.00,0.00,0.00,,,0.2,,,,,,abstract only
804,33984890,amyloidosis,focal segmental glomerulosclerosis,Mean platelet volume in familial Mediterranean fever related AA amyloidosis and comparison with common primary glomerular diseases,2021,https://doi.org/10.3906/sag-2102-13,0.00,0.00,1.00,0.00,0.00,0.00,0.00,,,0.2,,,,,,abstract only
805,33163710,light chain deposition disease,amyloidosis,Understanding Mesangial Pathobiology in AL-Amyloidosis and Monoclonal Ig Light Chain Deposition Disease.,2020,https://europepmc.org/article/PMC/PMC7609979,0.00,0.00,1.00,0.00,0.00,0.00,0.00,,,0.7,,,,,,abstract only
806,34468250,light chain deposition disease,amyloidosis,Consolidation with a short course of daratumumab in patients with AL amyloidosis or light chain deposition disease.,2021,https://doi.org/10.1080/13506129.2021.1971192,0.00,0.00,0.00,1.00,0.00,0.00,0.00,,,,0.8,,,,,abstract only
807,16938573,Waldenstrom macroglobulinemia,MGUS,6q deletion discriminates Waldenström macroglobulinemia from IgM monoclonal gammopathy of undetermined significance.,2006,https://doi.org/10.1016/j.cancergencyto.2006.04.009,0.00,0.50,0.00,0.00,0.00,0.50,0.00,,0.3,,,,0.3,,,abstract only
808,23477935,Waldenstrom macroglobulinemia,MGUS,Microarray demonstrates different gene expression profiling signatures between Waldenström macroglobulinemia and IgM monoclonal gammopathy of undetermined significance.,2013,https://doi.org/10.1016/j.clml.2013.02.012,0.00,0.00,1.00,0.00,0.00,0.00,0.00,,,0.3,,,,,,abstract only
809,41565487,smoldering multiple myeloma,MGUS,Skeletal health in the precursor stages of multiple myeloma: fracture risk and bone phenotypes in monoclonal gammopathy of undetermined significance and smouldering myeloma.,2026,https://doi.org/10.1016/j.pathol.2025.11.002,1.00,0.00,0.00,0.00,0.00,0.00,0.00,0.5,,,,,,,,abstract only
810,41888970,mycosis fungoides,atopic dermatitis,Molecular Markers Distinguishing Early-Stage Mycosis Fungoides From Atopic Dermatitis Skin Lesions.,2026,https://europepmc.org/article/PMC/PMC13022068,0.00,0.00,0.40,0.00,0.00,0.60,0.00,,,0.3,,,0.3,,,abstract only
811,22594855,hairy cell leukemia variant,splenic marginal zone lymphoma,The prognostic impact of clinical and molecular features in hairy cell leukaemia variant and splenic marginal zone lymphoma.,2012,https://doi.org/10.1111/j.1365-2141.2012.09163.x,0.60,0.40,0.00,0.00,0.00,0.00,0.00,0.6,0.5,,,,,,,abstract only
812,40681681,Burkitt lymphoma,diffuse large B-cell lymphoma,Distinct structural and numerical chromosome abnormalities determine the MYC status in diffuse large B-Cell lymphoma and help differentiate from Burkitt lymphoma: a cytogenetic data analysis using unsupervised and AI-driven prediction models.,2025,https://europepmc.org/article/PMC/PMC12334441,0.00,1.00,0.00,0.00,0.00,0.00,0.00,,0.3,,,,,,,abstract only
813,39583511,Burkitt lymphoma,diffuse large B-cell lymphoma,Ki-67 as a Marker to Differentiate Burkitt Lymphoma and Diffuse Large B-cell Lymphoma: A Literature Review.,2024,https://europepmc.org/article/PMC/PMC11584211,0.00,0.00,0.00,0.00,0.00,1.00,0.00,,,,,,0.3,,,abstract only
814,42256703,neuroblastoma,Wilms tumor,Primary Intrarenal Neuroblastoma in an Infant Mimicking Wilms Tumor: A Rare Case Report and Diagnostic Dilemma.,2026,https://europepmc.org/article/PMC/PMC13241612,0.40,0.00,0.00,0.00,0.00,0.60,0.00,0.7,,,,,0.8,,,abstract only
815,33797564,Ewing sarcoma,osteosarcoma,Diffusion-weighted imaging for the differentiation of Ewing sarcoma from osteosarcoma.,2021,https://doi.org/10.1007/s00256-021-03741-8,0.00,0.00,0.00,0.00,0.00,1.00,0.00,,,,,,0.3,,,abstract only
816,32462033,Ewing sarcoma,osteosarcoma,Differentiation of Pelvic Osteosarcoma and Ewing Sarcoma Using Radiomic Analysis Based on T2-Weighted Images and Contrast-Enhanced T1-Weighted Images.,2020,https://europepmc.org/article/PMC/PMC7240794,0.00,0.00,0.00,0.00,0.00,1.00,0.00,,,,,,0.3,,,abstract only
817,42017353,osteosarcoma,Ewing sarcoma,"Increasing survival disparity between children, adolescents, and young adults with osteosarcoma or Ewing sarcoma of bone from 1990 to 2024: a population-based cohort study.",2026,https://europepmc.org/article/PMC/PMC13112519,0.00,0.00,0.00,0.00,1.00,0.00,0.00,,,,,0.5,,,,abstract only
818,34266866,medulloblastoma,atypical teratoid rhabdoid tumor,Radiomic Phenotypes Distinguish Atypical Teratoid/Rhabdoid Tumors from Medulloblastoma.,2021,https://europepmc.org/article/PMC/PMC8423034,0.00,0.00,0.00,0.00,0.00,1.00,0.00,,,,,,0.3,,,abstract only
819,19902219,atypical teratoid rhabdoid tumor,medulloblastoma,Differential expression profiling between atypical teratoid/rhabdoid and medulloblastoma tumor in vitro and in vivo using microarray analysis.,2010,https://doi.org/10.1007/s00381-009-1016-2,0.00,0.00,1.00,0.00,0.00,0.00,0.00,,,0.3,,,,,,abstract only
820,32496433,mesothelioma,lung adenocarcinoma,SOX6 is a Novel Immunohistochemical Marker for Differential Diagnosis of Epithelioid Mesothelioma From Lung Adenocarcinoma.,2020,https://doi.org/10.1097/pas.0000000000001507,0.00,0.00,0.00,0.00,0.00,1.00,0.00,,,,,,0.2,,,abstract only
821,30329165,mesothelioma,lung adenocarcinoma,"Mucin 21 is a novel, negative immunohistochemical marker for epithelioid mesothelioma for its differentiation from lung adenocarcinoma.",2019,https://doi.org/10.1111/his.13775,0.00,0.00,0.00,0.00,0.00,1.00,0.00,,,,,,0.2,,,abstract only
822,37899530,mesothelioma,lung adenocarcinoma,SPARC Is a Novel Positive Immunohistochemical Marker of Epithelioid Mesothelioma to Differentiate It From Lung Adenocarcinoma and/or Squamous Cell Carcinoma.,2024,https://doi.org/10.1097/pas.0000000000002147,0.00,0.00,0.00,0.00,0.00,1.00,0.00,,,,,,0.2,,,abstract only
823,42738346,uveal melanoma,cutaneous melanoma,A Possible Link Between Cutaneous Melanoma and Uveal Melanoma: A Multicenter Retrospective Cohort Study.,2026,https://europepmc.org/article/PMC/PMC13564481,0.00,0.30,0.00,0.00,0.00,0.00,0.70,,0.2,,,,,0.4,,abstract only
824,32305056,uveal melanoma,cutaneous melanoma,Presence and prevalence of UV related genetic mutations in uveal melanoma: similarities with cutaneous melanoma.,2020,https://doi.org/10.4149/neo_2020_190815n768,0.00,1.00,0.00,0.00,0.00,0.00,0.00,,0.5,,,,,,,abstract only
825,29185395,uveal melanoma,cutaneous melanoma,PD-L1 expression in tumor metastasis is different between uveal melanoma and cutaneous melanoma.,2017,https://doi.org/10.2217/imt-2017-0066,0.00,0.00,1.00,0.00,0.00,0.00,0.00,,,0.3,,,,,,abstract only
826,30471808,gastrointestinal stromal tumor,leiomyosarcoma,A large national comparative study of clinicopathological features and long-term survivals between esophageal gastrointestinal stromal tumor and leiomyosarcoma.,2019,https://doi.org/10.1016/j.amjsurg.2018.10.046,0.50,0.00,0.00,0.00,0.50,0.00,0.00,0.5,,,,0.4,,,,abstract only
827,39359414,adrenocortical carcinoma,adrenocortical adenoma,Influence of sex and functional status on the value of serum steroid profiling in discriminating adrenocortical carcinoma from adrenocortical adenoma.,2024,https://europepmc.org/article/PMC/PMC11445004,0.00,0.00,0.00,0.00,0.00,1.00,0.00,,,,,,0.2,,,abstract only
828,38965182,adrenocortical carcinoma,adrenocortical adenoma,Inflammation-based scores in a large cohort of adrenocortical carcinoma and adrenocortical adenoma: role of the hormonal secretion pattern.,2025,https://europepmc.org/article/PMC/PMC11729201,0.00,0.00,1.00,0.00,0.00,0.00,0.00,,,0.3,,,,,,abstract only
829,42677207,hepatocellular carcinoma,cholangiocarcinoma,Comparative Diagnostic Sensitivity of Endoscopic Ultrasound-guided Tissue Acquisition for Hepatocellular Carcinoma Versus Intrahepatic Cholangiocarcinoma.,2027,https://europepmc.org/article/PMC/PMC13528442,0.00,0.00,0.00,0.00,0.00,1.00,0.00,,,,,,0.3,,,abstract only
830,41670674,hepatocellular carcinoma,cholangiocarcinoma,Contrast-enhanced ultrasound for precise differentiation of hepatitis-related intrahepatic cholangiocarcinoma and hepatocellular carcinoma.,2026,https://doi.org/10.1007/s00261-026-05401-8,0.00,0.00,0.00,0.00,0.00,1.00,0.00,,,,,,0.3,,,abstract only
831,39932006,pancreatic neuroendocrine tumor,pancreatic ductal adenocarcinoma,Discordant risk factors between pancreatic neuroendocrine neoplasms and pancreatic ductal adenocarcinoma.,2025,https://europepmc.org/article/PMC/PMC11896652,0.00,0.00,0.00,0.00,1.00,0.00,0.00,,,,,0.3,,,,abstract only
832,42034788,pancreatic neuroendocrine tumor,pancreatic ductal adenocarcinoma,Radiomics based on multiphasic contrast-enhanced CT combined with clinical features for differentiating hypovascular pancreatic neuroendocrine tumors and pancreatic ductal adenocarcinoma.,2026,https://europepmc.org/article/PMC/PMC13110261,0.00,0.00,0.00,0.00,0.00,1.00,0.00,,,,,,0.3,,,abstract only
833,35882753,chordoma,chondrosarcoma,Revisitation of imaging features of skull base chondrosarcoma in comparison to chordoma.,2022,https://doi.org/10.1007/s11060-022-04097-2,0.00,0.00,0.00,0.00,0.00,1.00,0.00,,,,,,0.4,,,abstract only
834,40295452,chordoma,chondrosarcoma,Risk calculator for long-term survival prediction of spinal chordoma versus chondrosarcoma: a nationwide analysis.,2025,https://doi.org/10.1007/s11060-025-05063-4,0.00,0.00,0.00,0.00,1.00,0.00,0.00,,,,,0.4,,,,abstract only
835,20830713,desmoid tumor,familial adenomatous polyposis,A nation-wide study comparing sporadic and familial adenomatous polyposis-related desmoid-type fibromatoses.,2011,https://doi.org/10.1002/ijc.25664,0.00,0.40,0.00,0.00,0.00,0.00,0.60,,0.7,,,,,0.6,,abstract only
836,25676274,anaplastic thyroid carcinoma,papillary thyroid carcinoma,Comparison of ultrasonic features between anaplastic thyroid carcinoma and papillary thyroid carcinoma.,2015,https://doi.org/10.3881/j.issn.1000-503x.2015.01.013,0.00,0.00,0.00,0.00,0.00,1.00,0.00,,,,,,0.3,,,abstract only
837,40887557,anaplastic thyroid carcinoma,papillary thyroid carcinoma,Progression of Follicular Thyroid Carcinomas to Anaplastic Thyroid Carcinomas: Molecular and Clinicopathologic Characteristics with Comparison to Papillary Thyroid Carcinoma-Derived Anaplastic Thyroid Carcinomas.,2025,https://doi.org/10.1007/s12022-025-09875-y,0.00,0.00,1.00,0.00,0.00,0.00,0.00,,,0.5,,,,,,abstract only
838,28423545,papillary thyroid carcinoma,anaplastic thyroid carcinoma,"Hobnail variant of papillary thyroid carcinoma: molecular profiling and comparison to classical papillary thyroid carcinoma, poorly differentiated thyroid carcinoma and anaplastic thyroid carcinoma.",2017,https://europepmc.org/article/PMC/PMC5400643,0.00,0.00,1.00,0.00,0.00,0.00,0.00,,,0.5,,,,,,abstract only
839,38398178,Merkel cell carcinoma,small cell lung cancer,"ATOH1, TFAP2B, and CEACAM6 as Immunohistochemical Markers to Distinguish Merkel Cell Carcinoma and Small Cell Lung Cancer.",2024,https://europepmc.org/article/PMC/PMC10886870,0.00,0.00,0.00,0.00,0.00,1.00,0.00,,,,,,0.3,,,abstract only
840,14755241,Merkel cell carcinoma,small cell lung cancer,Gene-expression profiling reveals distinct expression patterns for Classic versus Variant Merkel cell phenotypes and new classifier genes to distinguish Merkel cell from small-cell lung carcinoma.,2004,https://doi.org/10.1038/sj.onc.1207421,0.00,0.00,1.00,0.00,0.00,0.00,0.00,,,0.6,,,,,,abstract only
841,41840692,primary CNS lymphoma,glioblastoma,Radiomics-based differentiation between glioblastoma and primary central nervous system lymphoma: CT vs MRI.,2026,https://europepmc.org/article/PMC/PMC13104201,0.00,0.00,0.00,0.00,0.00,1.00,0.00,,,,,,0.3,,,abstract only
842,42062652,primary CNS lymphoma,glioblastoma,Utility of various positron emission tomography tracers in differentiating primary central nervous system lymphoma from glioblastoma multiforme.,2026,https://europepmc.org/article/PMC/PMC13133314,0.00,0.00,0.00,0.00,0.00,1.00,0.00,,,,,,0.3,,,abstract only
843,42132378,primary CNS lymphoma,glioblastoma,Cortical Diffusion-Enhancement Mismatch Sign: A Specific Imaging Biomarker for Differentiating Primary Central Nervous System Lymphoma From Glioblastoma.,2026,https://doi.org/10.1227/neu.0000000000004089,0.00,0.00,0.00,0.00,0.00,1.00,0.00,,,,,,0.2,,,abstract only
844,41144061,diffuse midline glioma,glioblastoma,"Clinical and survival differences between thalamic glioblastoma and thalamic diffuse midline glioma, H3 K27-altered.",2025,https://doi.org/10.1007/s11060-025-05273-w,0.00,0.00,0.00,0.00,1.00,0.00,0.00,,,,,0.4,,,,abstract only
845,42671541,diffuse midline glioma,glioblastoma,Non-invasive differentiation of diffuse midline glioma and midline glioblastoma using DCE-MRI perfusion parameters and machine learning classification in pediatric and young adult patients.,2026,https://doi.org/10.1007/s00234-026-04156-9,0.00,0.00,0.00,0.00,0.00,1.00,0.00,,,,,,0.3,,,abstract only
846,36403059,diffuse midline glioma,glioblastoma,Current perspectives on diffuse midline glioma and a different role for the immune microenvironment compared to glioblastoma.,2022,https://europepmc.org/article/PMC/PMC9675250,0.00,0.00,1.00,0.00,0.00,0.00,0.00,,,0.4,,,,,,abstract only
847,,Mowat-Wilson syndrome,Ruggieri-Happle syndrome,Cutis Tricolor-Like Pigmentary Mosaicism in Mowat-Wilson Syndrome: Phenotypic Overlap With Ruggieri-Happle Syndrome,2026,https://pmc.ncbi.nlm.nih.gov/articles/PMC13617161/,0.80,0.00,0.20,0.00,0.00,0.00,0.00,0.8,,0.5,,,,,,abstract only
848,,MELAS,Turner syndrome,Phenotypic overlap masking MELAS in Turner syndrome: a diagnostic challenge,2026,https://pmc.ncbi.nlm.nih.gov/articles/PMC13525441/,0.40,0.00,0.00,0.00,0.00,0.60,0.00,0.6,,,,,0.6,,,abstract only
849,,Brugada syndrome,Arrhythmogenic cardiomyopathy,RYR1 Pathogenic Variant in a Patient With Overlapping Features of Brugada Syndrome and Arrhythmogenic Cardiomyopathy,2026,https://pmc.ncbi.nlm.nih.gov/articles/PMC13154052/,0.60,0.00,0.40,0.00,0.00,0.00,0.00,0.7,,0.5,,,,,,abstract only
850,,Ehlers-Danlos syndrome,Hypermobility spectrum disorders,Proximity extension assay-based serum proteomic profiling identifies shared protein signatures in hypermobile Ehlers-Danlos syndrome and hypermobility spectrum disorders,2026,https://pmc.ncbi.nlm.nih.gov/articles/PMC13081554/,0.00,0.00,1.00,0.00,0.00,0.00,0.00,,,0.8,,,,,,abstract only
851,,Ehlers-Danlos syndrome,Hypermobility spectrum disorders,Similarities and differences in self-reported symptoms and comorbidities between hypermobile Ehlers-Danlos syndrome and hypermobility spectrum disorders,2024,https://pmc.ncbi.nlm.nih.gov/articles/PMC11630848/,1.00,0.00,0.00,0.00,0.00,0.00,0.00,0.8,,,,,,,,abstract only
852,,Kawasaki disease,multisystem inflammatory syndrome in children (MIS-C),Cutaneous Clues in Kawasaki Disease: Clinical Implications and Differential Diagnosis with Multisystem Inflammatory Syndrome in Children,2026,https://pmc.ncbi.nlm.nih.gov/articles/PMC12898841/,0.40,0.00,0.00,0.00,0.00,0.60,0.00,0.7,,,,,0.7,,,abstract only
853,,Lymph node tuberculosis,sarcoidosis,Serum metabolic disparity between patients with lymph node tuberculosis and patients with sarcoidosis: towards differential diagnosis,2025,https://pmc.ncbi.nlm.nih.gov/articles/PMC12492615/,0.00,0.00,0.80,0.00,0.00,0.20,0.00,,,0.2,,,0.3,,,abstract only
854,,Tuberculosis (lymphadenopathy),sarcoidosis,"Differential Diagnosis in Patients Presenting With Peripheral Lymphadenopathy: Tuberculosis, Sarcoidosis, or Malignancy",2025,https://pmc.ncbi.nlm.nih.gov/articles/PMC12587210/,0.40,0.00,0.00,0.00,0.00,0.60,0.00,0.6,,,,,0.7,,,abstract only
855,,neuromyelitis optica spectrum disorder,multiple sclerosis,Optimizing Rituximab Maintenance Therapy: Outcomes of Extended-Interval Dosing in Multiple Sclerosis and Neuromyelitis Optica Spectrum Disorder,2026,https://pmc.ncbi.nlm.nih.gov/articles/PMC13278727/,0.00,0.00,0.00,1.00,0.00,0.00,0.00,,,,0.7,,,,,abstract only
856,,MOG-antibody-associated disease,neuromyelitis optica spectrum disorder,Granulocyte and astrocyte markers distinguish MOG-antibody disease and neuromyelitis optica from multiple sclerosis,2026,https://pmc.ncbi.nlm.nih.gov/articles/PMC13058455/,0.00,0.00,1.00,0.00,0.00,0.00,0.00,,,0.4,,,,,,abstract only
857,,MOG-antibody-associated disease,multiple sclerosis,Granulocyte and astrocyte markers distinguish MOG-antibody disease and neuromyelitis optica from multiple sclerosis,2026,https://pmc.ncbi.nlm.nih.gov/articles/PMC13058455/,0.00,0.00,1.00,0.00,0.00,0.00,0.00,,,0.2,,,,,,abstract only
858,,neuromyelitis optica spectrum disorder,multiple sclerosis,Granulocyte and astrocyte markers distinguish MOG-antibody disease and neuromyelitis optica from multiple sclerosis,2026,https://pmc.ncbi.nlm.nih.gov/articles/PMC13058455/,0.00,0.00,1.00,0.00,0.00,0.00,0.00,,,0.2,,,,,,abstract only
859,,multiple sclerosis,Neuromyelitis optica,"Distinct Regulatory DNA Methylation Signatures Across Multiple Sclerosis, Neuromyelitis Optica, and Neurological Post-Acute Sequelae of COVID-19",2026,https://pmc.ncbi.nlm.nih.gov/articles/PMC13362688/,0.00,0.00,1.00,0.00,0.00,0.00,0.00,,,0.3,,,,,,abstract only
860,,multiple sclerosis,Neurological post-acute sequelae of COVID-19,"Distinct Regulatory DNA Methylation Signatures Across Multiple Sclerosis, Neuromyelitis Optica, and Neurological Post-Acute Sequelae of COVID-19",2026,https://pmc.ncbi.nlm.nih.gov/articles/PMC13362688/,0.00,0.00,1.00,0.00,0.00,0.00,0.00,,,0.3,,,,,,abstract only
861,,Neuromyelitis optica,Neurological post-acute sequelae of COVID-19,"Distinct Regulatory DNA Methylation Signatures Across Multiple Sclerosis, Neuromyelitis Optica, and Neurological Post-Acute Sequelae of COVID-19",2026,https://pmc.ncbi.nlm.nih.gov/articles/PMC13362688/,0.00,0.00,1.00,0.00,0.00,0.00,0.00,,,0.3,,,,,,abstract only
862,,amyotrophic lateral sclerosis,multiple sclerosis,The geographic association of multiple sclerosis and amyotrophic lateral sclerosis,2025,https://pmc.ncbi.nlm.nih.gov/articles/PMC12521557/,0.00,0.00,0.00,0.00,1.00,0.00,0.00,,,,,0.7,,,,abstract only
863,,amyotrophic lateral sclerosis,multiple sclerosis,Decreased metallothionein-3 expression in the human spinal cord is a common feature of amyotrophic lateral sclerosis and multiple sclerosis,2026,https://pmc.ncbi.nlm.nih.gov/articles/PMC13009280/,0.00,0.00,1.00,0.00,0.00,0.00,0.00,,,0.7,,,,,,abstract only
864,,amyotrophic lateral sclerosis,frontotemporal dementia,A next-generation HDAC6 inhibitor for amyotrophic lateral sclerosis and frontotemporal dementia,2026,https://pmc.ncbi.nlm.nih.gov/articles/PMC13140536/,0.00,0.00,0.40,0.60,0.00,0.00,0.00,,,0.8,0.8,,,,,abstract only
865,,amyotrophic lateral sclerosis,Frontotemporal lobar degeneration,Maintenance and disruption of the physiological dimer structure of TDP-43 in amyotrophic lateral sclerosis and frontotemporal lobar degeneration,2026,https://pmc.ncbi.nlm.nih.gov/articles/PMC13343978/,0.00,0.00,1.00,0.00,0.00,0.00,0.00,,,0.8,,,,,,abstract only
866,,amyotrophic lateral sclerosis,frontotemporal dementia,The spectrum of C9orf72 repeat lengths in Portuguese frontotemporal dementia and amyotrophic lateral sclerosis patients,2026,https://pmc.ncbi.nlm.nih.gov/articles/PMC13572641/,0.00,1.00,0.00,0.00,0.00,0.00,0.00,,0.8,,,,,,,abstract only
867,,amyotrophic lateral sclerosis,frontotemporal dementia,Longitudinal cognitive assessment using the Cumulus NeuLogiq platform in amyotrophic lateral sclerosis and frontotemporal dementia,2026,https://pmc.ncbi.nlm.nih.gov/articles/PMC13462116/,1.00,0.00,0.00,0.00,0.00,0.00,0.00,0.5,,,,,,,,abstract only
868,,fragile X syndrome,autism spectrum disorder,Unraveling the Individualized Shared and Distinct Dynamic Functional Connectivity in Idiopathic Autism Spectrum Disorder and Fragile X Syndrome,2026,https://pmc.ncbi.nlm.nih.gov/articles/PMC13398155/,1.00,0.00,0.00,0.00,0.00,0.00,0.00,0.6,,,,,,,,abstract only
869,,fragile X syndrome,autism spectrum disorder,Cerebral Cortex Morphometry and Relaxometry in Male Children With Fragile X Syndrome and Autism,2026,https://pmc.ncbi.nlm.nih.gov/articles/PMC13133409/,1.00,0.00,0.00,0.00,0.00,0.00,0.00,0.4,,,,,,,,abstract only
870,,fragile X syndrome,autism spectrum disorder,Distinct and shared intrinsic resting-state functional networks in children with idiopathic autism spectrum disorder and fragile X syndrome,2025,https://pmc.ncbi.nlm.nih.gov/articles/PMC12532607/,1.00,0.00,0.00,0.00,0.00,0.00,0.00,0.6,,,,,,,,abstract only
871,,fragile X syndrome,autism spectrum disorder,The Emerging Role of Phosphodiesterase Inhibitors in Fragile X Syndrome and Autism Spectrum Disorder,2025,https://pmc.ncbi.nlm.nih.gov/articles/PMC12567357/,0.00,0.00,0.00,1.00,0.00,0.00,0.00,,,,0.7,,,,,abstract only
872,,Fragile X syndrome (gray-zone FMR1 alleles),autism spectrum disorder,Overlapping Pathways: Autism Spectrum Disorder in Fragile X Carrier States and the Need for Greater Awareness,2025,https://pmc.ncbi.nlm.nih.gov/articles/PMC12672945/,0.00,0.50,0.00,0.00,0.00,0.00,0.50,,0.5,,,,,0.6,,abstract only
873,,fragile X syndrome,Angelman syndrome,"Autism Spectrum Disorder Symptom Profiles in Fragile X Syndrome, Angelman Syndrome, Tuberous Sclerosis Complex and Neurofibromatosis Type 1",2026,https://pmc.ncbi.nlm.nih.gov/articles/PMC12864356/,1.00,0.00,0.00,0.00,0.00,0.00,0.00,0.5,,,,,,,,abstract only
874,,fragile X syndrome,tuberous sclerosis complex,"Autism Spectrum Disorder Symptom Profiles in Fragile X Syndrome, Angelman Syndrome, Tuberous Sclerosis Complex and Neurofibromatosis Type 1",2026,https://pmc.ncbi.nlm.nih.gov/articles/PMC12864356/,1.00,0.00,0.00,0.00,0.00,0.00,0.00,0.5,,,,,,,,abstract only
875,,fragile X syndrome,neurofibromatosis,"Autism Spectrum Disorder Symptom Profiles in Fragile X Syndrome, Angelman Syndrome, Tuberous Sclerosis Complex and Neurofibromatosis Type 1",2026,https://pmc.ncbi.nlm.nih.gov/articles/PMC12864356/,1.00,0.00,0.00,0.00,0.00,0.00,0.00,0.5,,,,,,,,abstract only
876,,Angelman syndrome,tuberous sclerosis complex,"Autism Spectrum Disorder Symptom Profiles in Fragile X Syndrome, Angelman Syndrome, Tuberous Sclerosis Complex and Neurofibromatosis Type 1",2026,https://pmc.ncbi.nlm.nih.gov/articles/PMC12864356/,1.00,0.00,0.00,0.00,0.00,0.00,0.00,0.5,,,,,,,,abstract only
877,,Angelman syndrome,neurofibromatosis,"Autism Spectrum Disorder Symptom Profiles in Fragile X Syndrome, Angelman Syndrome, Tuberous Sclerosis Complex and Neurofibromatosis Type 1",2026,https://pmc.ncbi.nlm.nih.gov/articles/PMC12864356/,1.00,0.00,0.00,0.00,0.00,0.00,0.00,0.5,,,,,,,,abstract only
878,,tuberous sclerosis complex,neurofibromatosis,"Autism Spectrum Disorder Symptom Profiles in Fragile X Syndrome, Angelman Syndrome, Tuberous Sclerosis Complex and Neurofibromatosis Type 1",2026,https://pmc.ncbi.nlm.nih.gov/articles/PMC12864356/,1.00,0.00,0.00,0.00,0.00,0.00,0.00,0.5,,,,,,,,abstract only
879,,Gaucher disease,Niemann-Pick disease,"The Sphingolipid Balance and Endothelial Dysfunction in Lysosomal Storage Diseases: Shared Mechanisms in Gaucher, Niemann-Pick and Fabry Disease",2026,https://pmc.ncbi.nlm.nih.gov/articles/PMC13361328/,0.00,0.00,1.00,0.00,0.00,0.00,0.00,,,0.8,,,,,,abstract only
880,,Gaucher disease,Fabry disease,"The Sphingolipid Balance and Endothelial Dysfunction in Lysosomal Storage Diseases: Shared Mechanisms in Gaucher, Niemann-Pick and Fabry Disease",2026,https://pmc.ncbi.nlm.nih.gov/articles/PMC13361328/,0.00,0.00,1.00,0.00,0.00,0.00,0.00,,,0.8,,,,,,abstract only
881,,Niemann-Pick disease,Fabry disease,"The Sphingolipid Balance and Endothelial Dysfunction in Lysosomal Storage Diseases: Shared Mechanisms in Gaucher, Niemann-Pick and Fabry Disease",2026,https://pmc.ncbi.nlm.nih.gov/articles/PMC13361328/,0.00,0.00,1.00,0.00,0.00,0.00,0.00,,,0.8,,,,,,abstract only
882,,Gaucher disease,Parkinson disease,Age-Specific Parkinson Disease Risk in Gaucher Disease Type 1,2026,https://pmc.ncbi.nlm.nih.gov/articles/PMC13165275/,0.00,0.30,0.00,0.00,0.00,0.00,0.70,,0.7,,,,,0.6,,abstract only
883,,Adult-onset foveomacular vitelliform dystrophy,age-related macular degeneration,Adult Onset Foveomacular Vitelliform Dystrophy Shows Genetic Overlap With Age-Related Macular Degeneration,2024,https://pmc.ncbi.nlm.nih.gov/articles/PMC11601137/,0.30,0.70,0.00,0.00,0.00,0.00,0.00,0.6,0.7,,,,,,,abstract only
884,,Transfusion-dependent thalassemia,hereditary hemochromatosis,Liver Iron Susceptometry in Transfusional Iron Overload Disorders,2025,https://pmc.ncbi.nlm.nih.gov/articles/PMC12657335/,0.00,0.00,1.00,0.00,0.00,0.00,0.00,,,0.2,,,,,,abstract only
885,,psoriasis,Metabolic syndrome,Shared genetic basis and spatial cellular atlas of psoriasis and metabolic syndrome,2026,https://pmc.ncbi.nlm.nih.gov/articles/PMC13577535/,0.00,0.70,0.00,0.00,0.00,0.00,0.30,,0.8,,,,,0.8,,abstract only
886,,Major depressive disorder,Autoimmune thyroid disease,Shared genetic architecture and pathways linking major depressive disorder and autoimmune thyroid disease,2026,https://pmc.ncbi.nlm.nih.gov/articles/PMC13438702/,0.00,0.70,0.00,0.00,0.00,0.00,0.30,,0.8,,,,,0.8,,abstract only
887,,multiple sclerosis,Common cancers (12 types),Shared Genetic Effects and Antagonistic Pleiotropy Between Multiple Sclerosis and Common Cancers,2026,https://pmc.ncbi.nlm.nih.gov/articles/PMC13251448/,0.00,1.00,0.00,0.00,0.00,0.00,0.00,,0.3,,,,,,,abstract only
888,,Leprechaunism (Donohue syndrome),Rabson-Mendenhall syndrome,A Novel Algorithm for Rare Disease Gene Prediction Based on Phenotypic Similarity,2021,https://pmc.ncbi.nlm.nih.gov/articles/PMC8090663/,0.60,0.40,0.00,0.00,0.00,0.00,0.00,0.8,0.8,,,,,,,abstract only
889,10812537,amyotrophic lateral sclerosis,cervical myelopathy mimicking ALS,Differential diagnosis of amyotrophic lateral sclerosis and similar syndromes.,2000,https://europepmc.org/article/MED/10812537,0.40,0.00,0.00,0.00,0.00,0.60,0.00,0.7,,,,,0.7,,,abstract only
890,31186973,moyamoya disease,multiple sclerosis,Moyamoya Disease May Mimic Multiple Sclerosis?,2019,https://europepmc.org/article/PMC/PMC6521521,0.40,0.00,0.00,0.00,0.00,0.60,0.00,0.6,,,,,0.7,,,abstract only
891,42763515,pan-neurofascin antibody nodopathy,Guillain-Barre syndrome,Pan-Neurofascin Antibody-Associated Nodopathy: A Critical Guillain-Barre Syndrome Mimic in the Differential Diagnosis-Report of Two Cases.,2026,https://europepmc.org/article/PMC/PMC13589164,0.20,0.00,0.00,0.20,0.00,0.60,0.00,0.7,,,0.2,,0.8,,,abstract only
892,26342352,Eagle syndrome,temporomandibular disorder,Eagle's syndrome-A non-perceived differential diagnosis of temporomandibular disorder.,2015,https://europepmc.org/article/PMC/PMC4601974,0.40,0.00,0.00,0.00,0.00,0.60,0.00,0.6,,,,,0.7,,,abstract only
893,27257502,Sjogren syndrome,systemic sclerosis,Overlap syndrome with Sjogren's syndrome and systemic sclerosis in a steel rolling mill worker: a case report.,2016,https://europepmc.org/article/PMC/PMC4890486,0.50,0.00,0.00,0.00,0.00,0.00,0.50,0.7,,,,,,0.7,,abstract only
894,12720042,systemic sclerosis,polymyositis,Progressive systemic sclerosis-polymyositis overlap syndrome with eosinophilic pleural effusion.,2003,https://europepmc.org/article/MED/12720042,0.50,0.00,0.00,0.00,0.00,0.00,0.50,0.8,,,,,,0.8,,abstract only
895,36467985,Yao syndrome,familial Mediterranean fever,NOD2 Versus MEFV: Differential Diagnosis of Yao Syndrome and Familial Mediterranean Fever.,2021,https://europepmc.org/article/PMC/PMC9524798,0.60,0.30,0.00,0.00,0.00,0.10,0.00,0.6,0.2,,,,0.7,,,abstract only
896,39371867,pancreatic heterotopia,Crohn's disease,Pancreatic Heterotopia Presenting as a Mimic of Fistulizing Crohn's Disease: Expanding the Differential Diagnosis of Inflammatory Bowel Disease.,2024,https://europepmc.org/article/PMC/PMC11452229,0.40,0.00,0.00,0.00,0.00,0.60,0.00,0.7,,,,,0.8,,,abstract only
897,18832792,Behcet disease (neuro-Behcet),multiple sclerosis,Visual evoked potentials in differential diagnosis of multiple sclerosis and neurobehcet's disease.,2008,https://europepmc.org/article/MED/18832792,0.40,0.00,0.00,0.00,0.00,0.60,0.00,0.3,,,,,0.3,,,abstract only
898,15734832,Cushing syndrome,diabetes mellitus,"A role for sphingolipids in producing the common features of type 2 diabetes, metabolic syndrome X, and Cushing's syndrome.",2005,https://europepmc.org/article/MED/15734832,0.00,0.00,1.00,0.00,0.00,0.00,0.00,,,0.8,,,,,,abstract only
899,15734832,Cushing syndrome,metabolic syndrome,"A role for sphingolipids in producing the common features of type 2 diabetes, metabolic syndrome X, and Cushing's syndrome.",2005,https://europepmc.org/article/MED/15734832,0.00,0.00,1.00,0.00,0.00,0.00,0.00,,,0.8,,,,,,abstract only
900,12710512,mitochondrial myopathy,amyotrophic lateral sclerosis,Mitochondriopathy as a differential diagnosis of amyotrophic lateral sclerosis.,2002,https://europepmc.org/article/MED/12710512,0.40,0.00,0.00,0.00,0.00,0.60,0.00,0.6,,,,,0.6,,,abstract only
901,24015197,Fabry disease,multiple sclerosis,Fabry disease - underestimated in the differential diagnosis of multiple sclerosis?,2013,https://europepmc.org/article/PMC/PMC3756019,0.40,0.00,0.00,0.00,0.00,0.60,0.00,0.6,,,,,0.7,,,abstract only
902,37126919,giant cell arteritis,non-arteritic anterior ischemic optic neuropathy,Incidence of giant cell arteritis mimicking non-arteritic anterior optic neuropathy.,2023,https://europepmc.org/article/MED/37126919,0.40,0.00,0.00,0.00,0.00,0.60,0.00,0.6,,,,,0.6,,,abstract only
903,42816146,giant cell arteritis,non-arteritic anterior ischemic optic neuropathy,Paracentral acute middle maculopathy in giant cell arteritis versus non-arteritic anterior ischaemic optic neuropathy.,2026,https://europepmc.org/article/MED/42816146,1.00,0.00,0.00,0.00,0.00,0.00,0.00,0.3,,,,,,,,abstract only
904,12811781,hexosaminidase A deficiency,amyotrophic lateral sclerosis,Hexosaminidase A deficiency is an uncommon cause of a syndrome mimicking amyotrophic lateral sclerosis.,2003,https://europepmc.org/article/MED/12811781,0.00,0.40,0.00,0.00,0.00,0.60,0.00,,0.5,,,,0.6,,,abstract only
905,37761488,multisystem inflammatory syndrome in children,Kawasaki disease shock syndrome,Similarities and Differences between Multisystem Inflammatory Syndrome in Children (MIS-C) and Kawasaki Disease Shock Syndrome.,2023,https://europepmc.org/article/PMC/PMC10527784,1.00,0.00,0.00,0.00,0.00,0.00,0.00,0.6,,,,,,,,abstract only
906,30926335,hepatic veno-occlusive disease,pulmonary veno-occlusive disease,Understanding the Similarities and Differences between Hepatic and Pulmonary Veno-Occlusive Disease.,2019,https://europepmc.org/article/MED/30926335,0.50,0.00,0.50,0.00,0.00,0.00,0.00,0.5,,0.5,,,,,,abstract only
907,28524075,22q11.2 deletion syndrome,autism spectrum disorder,Examining the Overlap between Autism Spectrum Disorder and 22q11.2 Deletion Syndrome.,2017,https://europepmc.org/article/PMC/PMC5454981,0.50,0.50,0.00,0.00,0.00,0.00,0.00,0.5,0.5,,,,,,,abstract only
908,42730886,Lhermitte-Duclos disease,autism spectrum disorder,Recognizing genetic association between Lhermitte-Duclos Disease and Autism Spectrum Disorder in PTEN-related patients: a case report and literature comprehension.,2026,https://europepmc.org/article/MED/42730886,0.00,1.00,0.00,0.00,0.00,0.00,0.00,,0.7,,,,,,,abstract only
909,35449491,ANCA-associated vasculitis,IgG4-related disease,ANCA-associated vasculitis and IgG4-related disease overlap syndrome: a case report and literature review.,2022,https://europepmc.org/article/PMC/PMC9023041,1.00,0.00,0.00,0.00,0.00,0.00,0.00,0.6,,,,,,,,abstract only
910,30533328,Sjogren syndrome,inflammatory myopathy,A Case of Sjögren's Syndrome Mimicking Inflammatory Myopathy.,2018,https://europepmc.org/article/PMC/PMC6279011,0.40,0.00,0.00,0.00,0.00,0.60,0.00,0.7,,,,,0.7,,,abstract only
911,34881068,copper deficiency,myelodysplastic syndrome,Mimicking Myelodysplastic Syndrome: Importance of Differential Diagnosis.,2021,https://europepmc.org/article/PMC/PMC8648467,0.40,0.00,0.00,0.00,0.00,0.60,0.00,0.8,,,,,0.8,,,abstract only
912,21483282,Hansen disease (leprosy),systemic vasculitis,Hansen's disease mimicking a systemic vasculitis.,2011,https://europepmc.org/article/MED/21483282,0.40,0.00,0.00,0.00,0.00,0.60,0.00,0.8,,,,,0.8,,,abstract only
913,32860282,GNE myopathy,hereditary motor neuropathy,A case of GNE myopathy mimicking hereditary motor neuropathy.,2020,https://europepmc.org/article/MED/32860282,0.40,0.00,0.00,0.00,0.00,0.60,0.00,0.7,,,,,0.7,,,abstract only
914,19938689,frontotemporal lobar degeneration with ubiquitin inclusions,amyotrophic lateral sclerosis,[Neuropathological similarities and differences between frontotemporal lobar degeneration with ubiquitin inclusions and amyotrophic lateral sclerosis with dementia].,2009,https://europepmc.org/article/MED/19938689,0.00,0.00,1.00,0.00,0.00,0.00,0.00,,,0.8,,,,,,abstract only
915,39246875,statin-induced myopathy,Guillain-Barre syndrome,A Neuropathy Mimic: Statin-Induced Myopathy Presenting as Guillain-Barré Syndrome.,2024,https://europepmc.org/article/PMC/PMC11380724,0.40,0.00,0.00,0.00,0.00,0.60,0.00,0.7,,,,,0.8,,,abstract only
916,11048747,infantile neuroaxonal dystrophy,giant axonal neuropathy,Infantile neuroaxonal dystrophy and giant axonal neuropathy--overlap diseases of neuronal cytoskeletal elements in childhood?,2000,https://europepmc.org/article/MED/11048747,0.60,0.00,0.40,0.00,0.00,0.00,0.00,0.7,,0.3,,,,,,abstract only
917,25133025,Behcet disease,Crohn disease,Similarities and differences between Behçet's disease and Crohn's disease.,2014,https://europepmc.org/article/PMC/PMC4133522,0.60,0.00,0.00,0.00,0.00,0.40,0.00,0.6,,,,,0.6,,,abstract only
918,15553371,multiple sclerosis,systemic vasculitis,[Differential diagnosis of multiple sclerosis and systemic vasculitis].,2004,https://europepmc.org/article/MED/15553371,1.00,0.00,0.00,0.00,0.00,0.00,0.00,0.3,,,,,,,,abstract only
919,11798978,systemic lupus erythematosus vasculitis,antiphospholipid syndrome,Lupus vasculitis: differential diagnosis with antiphospholipid syndrome.,2002,https://europepmc.org/article/MED/11798978,0.60,0.00,0.00,0.40,0.00,0.00,0.00,0.5,,,0.2,,,,,abstract only
920,37476365,systemic sclerosis,cryoglobulinemic vasculitis,A Case of Overlap Syndrome of Systemic Sclerosis and Cryoglobulinemic Vasculitis With Central Nervous System Involvement.,2021,https://europepmc.org/article/PMC/PMC10324908,0.50,0.00,0.00,0.00,0.00,0.00,0.50,0.6,,,,,,0.7,,abstract only
921,41282429,ANCA-associated vasculitis,inflammatory bowel disease,Small Vessel Vasculitis Mimicking Inflammatory Bowel Disease.,2025,https://europepmc.org/article/PMC/PMC12637322,0.40,0.00,0.00,0.00,0.00,0.60,0.00,0.7,,,,,0.8,,,abstract only
922,9723027,refractory anemia with excess blasts (childhood MDS),5q- syndrome,5q- in a child with refractory anemia with excess blasts: similarities to 5q- syndrome in adults.,1998,https://europepmc.org/article/MED/9723027,0.50,0.50,0.00,0.00,0.00,0.00,0.00,0.7,0.7,,,,,,,abstract only
923,18325818,Parkinson disease,multiple system atrophy,Biomarkers to detect central dopamine deficiency and distinguish Parkinson disease from multiple system atrophy.,2008,https://europepmc.org/article/PMC/PMC2650101,0.00,0.00,0.40,0.00,0.00,0.60,0.00,,,0.3,,,0.3,,,abstract only
924,29379463,Parkinson disease,multiple system atrophy,The Bulbocavernosus Reflex in the Differential Diagnosis of Multiple System Atrophy with Predominant Parkinsonism and Parkinson's Disease.,2017,https://europepmc.org/article/PMC/PMC5770797,0.00,0.00,0.00,0.00,0.00,1.00,0.00,,,,,,0.3,,,abstract only
925,7484652,tuberous sclerosis complex,insulinoma,The association between tuberous sclerosis and insulinoma.,1995,https://europepmc.org/article/PMC/PMC8338067,0.00,0.40,0.00,0.00,0.00,0.00,0.60,,0.5,,,,,0.6,,abstract only
926,22286647,fibromuscular dysplasia,vasculitis,Fibromuscular dysplasia: a differential diagnosis of vasculitis.,2012,https://europepmc.org/article/MED/22286647,0.40,0.00,0.00,0.00,0.00,0.60,0.00,0.6,,,,,0.6,,,abstract only
927,42778417,thiamine deficiency neuropathy,Guillain-Barre syndrome,[A case of thiamine deficiency neuropathy with acute progression mimicking Guillain-Barré syndrome].,2026,https://europepmc.org/article/MED/42778417,0.40,0.00,0.00,0.00,0.00,0.60,0.00,0.8,,,,,0.8,,,abstract only
928,36644003,varicella-zoster vasculitis,giant cell arteritis,Ischemic Optic Neuropathy Secondary to Varicella-Zoster Vasculitis Mimicking Giant Cell Arteritis: Case Report.,2022,https://europepmc.org/article/PMC/PMC9834640,0.40,0.00,0.00,0.00,0.00,0.60,0.00,0.8,,,,,0.8,,,abstract only
929,18685286,Guillain-Barre syndrome,chronic inflammatory demyelinating polyneuropathy,Corticosteroids can help distinguish between Guillain-Barré syndrome and first attack of chronic inflammatory demyelinating neuropathy: an illustrative case report.,2008,https://europepmc.org/article/MED/18685286,0.00,0.00,0.00,0.40,0.00,0.60,0.00,,,,0.3,,0.6,,,abstract only
930,18651056,Churg-Strauss syndrome,idiopathic hypereosinophilic syndrome,[Churg-Strauss vasculitis and idiopathic hypereosinophyl syndrome: role of molecular biology in the differential diagnosis of hypereosinophyl syndrome].,2008,https://europepmc.org/article/MED/18651056,0.00,0.00,0.40,0.00,0.00,0.60,0.00,,,0.4,,,0.5,,,abstract only
931,41999517,PLEC-related congenital myasthenic syndrome,plectin-related myopathy,Adult-onset PLEC-related congenital myasthenic syndrome-myopathy overlap with upper limb predominant weakness.,2026,https://europepmc.org/article/PMC/PMC13091873,0.70,0.30,0.00,0.00,0.00,0.00,0.00,0.8,0.7,,,,,,,abstract only
932,42529627,Miller Fisher syndrome,Guillain-Barre syndrome,Miller Fisher Syndrome With Guillain-Barré Syndrome Overlap in a 20-Month-Old Girl: A Case Report.,2026,https://europepmc.org/article/PMC/PMC13418938,1.00,0.00,0.00,0.00,0.00,0.00,0.00,0.8,,,,,,,,abstract only
933,25378855,systemic lupus erythematosus,systemic sclerosis,Shrinking lung syndrome in systemic lupus erythematosus-scleroderma overlap.,2014,https://europepmc.org/article/PMC/PMC4220329,0.60,0.00,0.00,0.00,0.00,0.00,0.40,0.7,,,,,,0.7,,abstract only
934,25124931,familial exudative vitreoretinopathy,"microcephaly, lymphedema and chorioretinal dysplasia (MLCRD)","Phenotypic overlap between familial exudative vitreoretinopathy and microcephaly, lymphedema, and chorioretinal dysplasia caused by KIF11 mutations.",2014,https://europepmc.org/article/MED/25124931,0.40,0.60,0.00,0.00,0.00,0.00,0.00,0.8,0.9,,,,,,,abstract only
935,26949435,Brugada syndrome,arrhythmogenic right ventricular cardiomyopathy,An overlap of Brugada syndrome and arrhythmogenic right ventricular cardiomyopathy/dysplasia.,2016,https://europepmc.org/article/PMC/PMC4759121,1.00,0.00,0.00,0.00,0.00,0.00,0.00,0.8,,,,,,,,abstract only
936,41441534,Leber hereditary optic neuropathy,multiple sclerosis,Mitochondrial-Immune Overlap in Leber Hereditary Optic Neuropathy: A Case Report and Lessons Learned.,2025,https://europepmc.org/article/PMC/PMC12736598,0.60,0.00,0.00,0.00,0.00,0.00,0.40,0.5,,,,,,0.6,,abstract only
937,41441534,Leber hereditary optic neuropathy,neuromyelitis optica spectrum disorder,Mitochondrial-Immune Overlap in Leber Hereditary Optic Neuropathy: A Case Report and Lessons Learned.,2025,https://europepmc.org/article/PMC/PMC12736598,0.60,0.00,0.00,0.00,0.00,0.00,0.40,0.5,,,,,,0.5,,abstract only
938,30936345,Leber hereditary optic neuropathy,multiple sclerosis,Harding's disease: an important MS mimic.,2019,https://europepmc.org/article/PMC/PMC6453285,0.60,0.00,0.00,0.00,0.00,0.00,0.40,0.8,,,,,,0.8,,abstract only
939,12053130,posterior cortical atrophy,Alzheimer disease,Posterior cortical atrophy: clinical characteristics and differences compared to Alzheimer's disease.,2002,https://europepmc.org/article/MED/12053130,0.70,0.00,0.30,0.00,0.00,0.00,0.00,0.5,,0.7,,,,,,abstract only
940,19608203,spinocerebellar ataxia,hereditary spastic paraplegia,Six cases of SCA3/MJD patients that mimic hereditary spastic paraplegia in clinic.,2009,https://europepmc.org/article/MED/19608203,0.40,0.00,0.00,0.00,0.00,0.60,0.00,0.7,,,,,0.7,,,abstract only
941,16928348,amyotrophic lateral sclerosis,frontotemporal dementia,The relationship between amyotrophic lateral sclerosis and frontotemporal dementia.,2006,https://europepmc.org/article/MED/16928348,0.60,0.00,0.40,0.00,0.00,0.00,0.00,0.7,,0.7,,,,,,abstract only
942,16901420,tuberous sclerosis complex,autistic disorder,Study of the relationship between tuberous sclerosis complex and autistic disorder.,2006,https://europepmc.org/article/MED/16901420,0.40,0.00,0.00,0.00,0.00,0.00,0.60,0.5,,,,,,0.7,,abstract only
943,31207089,1p36 deletion syndrome,hypoxic ischemic encephalopathy,Perinatal distress in 1p36 deletion syndrome can mimic hypoxic ischemic encephalopathy.,2019,https://europepmc.org/article/PMC/PMC7254578,0.40,0.00,0.00,0.00,0.00,0.60,0.00,0.7,,,,,0.7,,,abstract only
944,20012952,hereditary hemorrhagic telangiectasia,juvenile polyposis,Hereditary hemorrhagic telangiectasia and juvenile polyposis: an overlap of syndromes.,2010,https://europepmc.org/article/MED/20012952,0.40,0.60,0.00,0.00,0.00,0.00,0.00,0.8,0.9,,,,,,,abstract only
945,21559162,Klippel-Trenaunay syndrome,Sturge-Weber syndrome,Klippel-Trenaunay and Sturge-Weber overlap syndrome with phakomatosis pigmentovascularis.,2010,https://europepmc.org/article/PMC/PMC3087993,1.00,0.00,0.00,0.00,0.00,0.00,0.00,0.7,,,,,,,,abstract only
946,22345790,Sturge-Weber syndrome,Klippel-Trenaunay syndrome,Overlap of sturge-weber syndrome and klippel-trenaunay syndrome.,2011,https://europepmc.org/article/PMC/PMC3276916,1.00,0.00,0.00,0.00,0.00,0.00,0.00,0.7,,,,,,,,abstract only
947,12895238,Henoch-Schonlein purpura,polyarteritis nodosa,Polyangitis overlap syndrome: a fatal case combined with adult Henoch-Schönlein purpura and polyarteritis nodosa.,2003,https://europepmc.org/article/MED/12895238,1.00,0.00,0.00,0.00,0.00,0.00,0.00,0.6,,,,,,,,abstract only
948,12796552,Leigh syndrome,MELAS,A missense mutation in the mitochondrial ND5 gene associated with a Leigh-MELAS overlap syndrome.,2003,https://europepmc.org/article/MED/12796552,0.40,0.60,0.00,0.00,0.00,0.00,0.00,0.9,0.9,,,,,,,abstract only
949,27267532,rheumatic fever,Takayasu arteritis,Association between rheumatic fever and Takayasu's arteritis - Case report.,2016,https://europepmc.org/article/MED/27267532,0.40,0.00,0.00,0.00,0.00,0.00,0.60,0.5,,,,,,0.5,,abstract only
950,33086955,amyloidosis,giant cell arteritis,Temporal artery involvement in AL amyloidosis: an important differential diagnosis for giant cell arteritis. A case report and literature review.,2020,https://europepmc.org/article/MED/33086955,0.40,0.00,0.00,0.00,0.00,0.60,0.00,0.6,,,,,0.7,,,abstract only
951,29043120,Fabry disease,IgA nephropathy,Is there a pathogenic association between Fabry's disease and IgA nephropathy?,2013,https://europepmc.org/article/PMC/PMC5437989,0.00,0.00,0.00,0.00,0.00,0.00,1.00,,,,,,,0.3,,abstract only
952,21266383,tuberous sclerosis complex,chordoma,Clinical features distinguish childhood chordoma associated with tuberous sclerosis complex (TSC) from chordoma in the general paediatric population.,2011,https://europepmc.org/article/PMC/PMC3235000,0.40,0.00,0.00,0.00,0.00,0.00,0.60,0.5,,,,,,0.5,,abstract only
953,30649240,transthyretin amyloidosis,light chain amyloidosis,Mechanisms of heart failure in transthyretin vs. light chain amyloidosis.,2019,https://europepmc.org/article/MED/30649240,0.60,0.00,0.40,0.00,0.00,0.00,0.00,0.3,,0.3,,,,,,abstract only
954,30318124,large-vessel vasculitis,hyperlipidemia,Vascular calcification in patients with large-vessel vasculitis compared to patients with hyperlipidemia.,2019,https://europepmc.org/article/PMC/PMC6421114,1.00,0.00,0.00,0.00,0.00,0.00,0.00,0.3,,,,,,,,abstract only
955,30882969,chronic inflammatory demyelinating polyneuropathy,multifocal motor neuropathy,Conduction block in immune-mediated neuropathy: paranodopathy versus axonopathy.,2019,https://europepmc.org/article/MED/30882969,0.40,0.00,0.60,0.00,0.00,0.00,0.00,0.4,,0.3,,,,,,abstract only
956,31400805,primary CNS lymphoma,glioblastoma,Differences between primary central nervous system lymphoma and glioblastoma: topographic analysis using voxel-based morphometry.,2019,https://europepmc.org/article/MED/31400805,0.00,0.00,0.00,0.00,0.00,1.00,0.00,,,,,,0.3,,,abstract only
957,15794183,spinal muscular atrophy,sensory-motor axonal neuropathy,Type I spinal muscular atrophy can mimic sensory-motor axonal neuropathy.,2005,https://europepmc.org/article/MED/15794183,0.40,0.00,0.00,0.00,0.00,0.60,0.00,0.7,,,,,0.7,,,abstract only
958,22535301,pellagra encephalopathy,Creutzfeldt-Jakob disease,Pellagra encephalopathy as a differential diagnosis for Creutzfeldt-Jakob disease.,2012,https://europepmc.org/article/MED/22535301,0.40,0.00,0.00,0.00,0.00,0.60,0.00,0.7,,,,,0.6,,,abstract only
959,24011641,frontotemporal lobar degeneration,amyotrophic lateral sclerosis,Frontotemporal lobar degeneration and amyotrophic lateral sclerosis: molecular similarities and differences.,2013,https://europepmc.org/article/MED/24011641,0.00,0.40,0.60,0.00,0.00,0.00,0.00,,0.7,0.7,,,,,,abstract only
960,21316170,neuromyelitis optica,multiple sclerosis,Comparison of grey matter atrophy between patients with neuromyelitis optica and multiple sclerosis: a voxel-based morphometry study.,2012,https://europepmc.org/article/MED/21316170,1.00,0.00,0.00,0.00,0.00,0.00,0.00,0.3,,,,,,,,abstract only
961,16353443,Becker muscular dystrophy,myocardial infarction,Cardiomyopathy in Becker muscular dystrophy--does regional fibrosis mimic infarction?,2005,https://europepmc.org/article/MED/16353443,0.40,0.00,0.00,0.00,0.00,0.60,0.00,0.7,,,,,0.8,,,abstract only
962,20648245,12q24.31 microdeletion,Beckwith-Wiedemann syndrome,A microdeletion at 12q24.31 can mimic beckwith-wiedemann syndrome neonatally.,2010,https://europepmc.org/article/PMC/PMC2883851,0.40,0.00,0.00,0.00,0.00,0.60,0.00,0.8,,,,,0.7,,,abstract only
963,18819057,Cushing syndrome,polycystic ovary syndrome,Testosterone and bioavailable testosterone help to distinguish between mild Cushing's syndrome and polycystic ovarian syndrome.,2008,https://europepmc.org/article/PMC/PMC2954657,0.00,0.00,0.40,0.00,0.00,0.60,0.00,,,0.3,,,0.3,,,abstract only
964,10642650,Takayasu arteritis,Crohn disease,Association between Takayasu's arteritis and Crohn's disease in two young women: case reports.,1999,https://europepmc.org/article/MED/10642650,0.00,0.00,0.00,0.00,0.00,0.00,1.00,,,,,,,0.6,,abstract only
965,17384178,systemic sclerosis,rheumatoid arthritis,"Systemic sclerosis-rheumatoid arthritis overlap syndrome: a unique combination of features suggests a distinct genetic, serological and clinical entity.",2007,https://europepmc.org/article/MED/17384178,0.60,0.40,0.00,0.00,0.00,0.00,0.00,0.5,0.4,,,,,,,abstract only
966,17894015,systemic sclerosis,antiphospholipid syndrome,A novel overlap syndrome: systemic sclerosis associated with antiphospholipid syndrome--a case series.,2007,https://europepmc.org/article/MED/17894015,0.40,0.00,0.00,0.00,0.00,0.00,0.60,0.6,,,,,,0.7,,abstract only
967,10526194,acute motor axonal neuropathy,acute motor-sensory axonal neuropathy,Acute motor axonal neuropathy and acute motor-sensory axonal neuropathy share a common immunological profile.,1999,https://europepmc.org/article/MED/10526194,0.00,0.00,1.00,0.00,0.00,0.00,0.00,,,0.8,,,,,,abstract only
968,37328865,Alzheimer disease,amyotrophic lateral sclerosis,"Shared genetic risk loci between Alzheimer's disease and related dementias, Parkinson's disease, and amyotrophic lateral sclerosis.",2023,https://europepmc.org/article/PMC/PMC10273745,0.00,1.00,0.00,0.00,0.00,0.00,0.00,,0.5,,,,,,,abstract only
969,37328865,Parkinson disease,amyotrophic lateral sclerosis,"Shared genetic risk loci between Alzheimer's disease and related dementias, Parkinson's disease, and amyotrophic lateral sclerosis.",2023,https://europepmc.org/article/PMC/PMC10273745,0.00,1.00,0.00,0.00,0.00,0.00,0.00,,0.5,,,,,,,abstract only
970,37045620,amyotrophic lateral sclerosis,Alzheimer disease,"The genetic overlap between Alzheimer's disease, amyotrophic lateral sclerosis, Lewy body dementia, and Parkinson's disease.",2023,https://europepmc.org/article/MED/37045620,0.00,1.00,0.00,0.00,0.00,0.00,0.00,,0.4,,,,,,,abstract only
971,37045620,amyotrophic lateral sclerosis,Parkinson disease,"The genetic overlap between Alzheimer's disease, amyotrophic lateral sclerosis, Lewy body dementia, and Parkinson's disease.",2023,https://europepmc.org/article/MED/37045620,0.00,1.00,0.00,0.00,0.00,0.00,0.00,,0.4,,,,,,,abstract only
972,28904360,idiopathic membranous nephropathy,IgA nephropathy,"Comparison of prognostic, clinical, and renal histopathological characteristics of overlapping idiopathic membranous nephropathy and IgA nephropathy versus idiopathic membranous nephropathy.",2017,https://europepmc.org/article/PMC/PMC5597578,1.00,0.00,0.00,0.00,0.00,0.00,0.00,0.5,,,,,,,,abstract only
973,27514792,hypoparathyroidism,amyotrophic lateral sclerosis,Hypoparathyroidism: A rare mimic of amyotrophic lateral sclerosis.,2017,https://europepmc.org/article/MED/27514792,0.40,0.00,0.00,0.00,0.00,0.60,0.00,0.7,,,,,0.8,,,abstract only
974,27613120,multiple sclerosis,neuromyelitis optica spectrum disorder,Plasma complement biomarkers distinguish multiple sclerosis and neuromyelitis optica spectrum disorder.,2017,https://europepmc.org/article/MED/27613120,0.00,0.00,0.40,0.00,0.00,0.60,0.00,,,0.3,,,0.3,,,abstract only
975,37634103,plexiform neurofibroma,congenital melanocytic nevus,"Clinical, Radiologic, and Histopathologic Features that Distinguish a Pigmented Plexiform Neurofibroma from a Congenital Melanocytic Nevus.",2023,https://europepmc.org/article/MED/37634103,0.40,0.00,0.00,0.00,0.00,0.60,0.00,0.6,,,,,0.7,,,abstract only
976,37927614,mycosis fungoides,Sezary syndrome,Itchy Skin: A Challenging Differential Diagnosis Between Mycosis Fungoides and Sézary Syndrome.,2023,https://europepmc.org/article/PMC/PMC10621883,0.40,0.00,0.00,0.00,0.00,0.60,0.00,0.6,,,,,0.6,,,abstract only
977,31715500,multiple sclerosis,Fabry disease,Usefulness of lyso-globotriaosylsphingosine in dried blood spots in the differential diagnosis between multiple sclerosis and Anderson-Fabry's disease.,2020,https://europepmc.org/article/MED/31715500,0.00,0.00,0.40,0.00,0.00,0.60,0.00,,,0.3,,,0.3,,,abstract only
978,32559702,biotinidase deficiency,neuromyelitis optica spectrum disorder,Biotinidase deficiency in differential diagnosis of neuromyelitis optica spectrum disorder.,2020,https://europepmc.org/article/MED/32559702,0.40,0.00,0.00,0.00,0.00,0.60,0.00,0.8,,,,,0.8,,,abstract only
979,34916411,frontotemporal dementia,Alzheimer disease,MicroRNA biomarkers in frontotemporal dementia and to distinguish from Alzheimer's disease and amyotrophic lateral sclerosis.,2022,https://europepmc.org/article/PMC/PMC8771095,0.00,0.00,0.40,0.00,0.00,0.60,0.00,,,0.3,,,0.3,,,abstract only
980,34916411,frontotemporal dementia,amyotrophic lateral sclerosis,MicroRNA biomarkers in frontotemporal dementia and to distinguish from Alzheimer's disease and amyotrophic lateral sclerosis.,2022,https://europepmc.org/article/PMC/PMC8771095,0.00,0.00,0.40,0.00,0.00,0.60,0.00,,,0.4,,,0.3,,,abstract only
981,21084979,17q21.31 deletion syndrome,cardio-facio-cutaneous syndrome,Cutaneous features in 17q21.31 deletion syndrome: a differential diagnosis for cardio-facio-cutaneous syndrome.,2011,https://europepmc.org/article/PMC/PMC3000393,1.00,0.00,0.00,0.00,0.00,0.00,0.00,0.7,,,,,,,,abstract only
982,19021638,Kallmann syndrome,CHARGE syndrome,CHD7 mutations in patients initially diagnosed with Kallmann syndrome--the clinical overlap with CHARGE syndrome.,2009,https://europepmc.org/article/PMC/PMC2854009,0.40,0.60,0.00,0.00,0.00,0.00,0.00,0.8,0.7,,,,,,,abstract only
983,28053302,polymyositis,Miyoshi myopathy,Polymyositis without Beneficial Response to Steroid Therapy: Should Miyoshi Myopathy be a Differential Diagnosis?,2017,https://europepmc.org/article/PMC/PMC5228759,0.40,0.00,0.00,0.00,0.00,0.60,0.00,0.6,,,,,0.7,,,abstract only
984,28329906,Fabry disease,acute coronary syndrome,[The Fabry's Disease Cardiomyopathy as Differential Diagnosis of Acute Coronary Syndrome].,2017,https://europepmc.org/article/MED/28329906,0.40,0.00,0.00,0.00,0.00,0.60,0.00,0.7,,,,,0.7,,,abstract only
985,9652326,cardiac sarcoidosis,hypertrophic cardiomyopathy,Cardiac sarcoidosis mimicking hypertrophic cardiomyopathy: clinical utility of radionuclide imaging for differential diagnosis.,1998,https://europepmc.org/article/MED/9652326,0.40,0.00,0.00,0.00,0.00,0.60,0.00,0.7,,,,,0.7,,,abstract only
986,22855648,holoprosencephaly,Kallmann syndrome,Genetic Overlap between Holoprosencephaly and Kallmann Syndrome.,2012,https://europepmc.org/article/PMC/PMC3398826,0.00,1.00,0.00,0.00,0.00,0.00,0.00,,0.6,,,,,,,abstract only
987,20636395,familial gastrointestinal stromal tumour syndrome,Waardenburg syndrome,Can a familial gastrointestinal tumour syndrome be allelic with Waardenburg syndrome?,2011,https://europepmc.org/article/MED/20636395,0.00,1.00,0.00,0.00,0.00,0.00,0.00,,0.5,,,,,,,abstract only
988,35359934,IgA nephropathy,membranous nephropathy,"Concurrent IgA Nephropathy and Membranous Nephropathy, Is It an Overlap Syndrome?",2022,https://europepmc.org/article/PMC/PMC8961684,1.00,0.00,0.00,0.00,0.00,0.00,0.00,0.5,,,,,,,,abstract only
989,35864662,neuromyelitis optica,Sjogren syndrome,Familial Neuromyelitis Optica and Sjogren's Overlap Syndrome-A Rare Case Report.,2022,https://europepmc.org/article/MED/35864662,0.40,0.00,0.00,0.00,0.00,0.00,0.60,0.7,,,,,,0.8,,abstract only
990,40557169,calciphylaxis,vasculitis,Calciphylaxis: A Mimic of Vasculitis.,2025,https://europepmc.org/article/PMC/PMC12183451,0.40,0.00,0.00,0.00,0.00,0.60,0.00,0.7,,,,,0.7,,,abstract only
991,39084908,retinal vasculopathy with cerebral leukoencephalopathy,CNS vasculitis,Retinal vasculopathy with cerebral leukoencephalopathy: a rare mimic of CNS vasculitis.,2025,https://europepmc.org/article/MED/39084908,0.40,0.00,0.00,0.00,0.00,0.60,0.00,0.7,,,,,0.7,,,abstract only
992,10071095,Hashimoto encephalopathy,Creutzfeldt-Jakob disease,Hashimoto's encephalitis as a differential diagnosis of Creutzfeldt-Jakob disease.,1999,https://europepmc.org/article/PMC/PMC1736201,0.40,0.00,0.00,0.00,0.00,0.60,0.00,0.7,,,,,0.7,,,abstract only
993,9880614,allergic colitis,Hirschsprung disease,Allergic colitis: a mimic of Hirschsprung disease.,1999,https://europepmc.org/article/MED/9880614,0.40,0.00,0.00,0.00,0.00,0.60,0.00,0.7,,,,,0.7,,,abstract only
994,36175824,Alzheimer disease,CADASIL,Investigating a Genetic Link Between Alzheimer's Disease and CADASIL-Related Cerebral Small Vessel Disease.,2022,https://europepmc.org/article/PMC/PMC9616771,0.00,1.00,0.00,0.00,0.00,0.00,0.00,,0.3,,,,,,,abstract only
995,34848426,Miller Fisher syndrome,Guillain-Barre syndrome,Miller-Fisher Syndrome and Guillain-Barre Syndrome overlap syndrome in a patient post Oxford-AstraZeneca SARS-CoV-2 vaccination.,2021,https://europepmc.org/article/PMC/PMC8634230,1.00,0.00,0.00,0.00,0.00,0.00,0.00,0.8,,,,,,,,abstract only
996,41090254,Miller Fisher syndrome,Guillain-Barre syndrome,A Case of Miller-Fisher Overlap Syndrome With Positive Anti-GM4 Antibody and Atypical Symptoms.,2025,https://europepmc.org/article/PMC/PMC12521859,1.00,0.00,0.00,0.00,0.00,0.00,0.00,0.8,,,,,,,,abstract only
997,34110677,primary lateral sclerosis,amyotrophic lateral sclerosis,Familial clustering of primary lateral sclerosis and amyotrophic lateral sclerosis: Supplementary evidence for a continuum.,2021,https://europepmc.org/article/MED/34110677,0.00,0.60,0.00,0.00,0.40,0.00,0.00,,0.7,,,0.6,,,,abstract only
998,26056822,flail arm syndrome,amyotrophic lateral sclerosis,Neurophysiological Differences between Flail Arm Syndrome and Amyotrophic Lateral Sclerosis.,2015,https://europepmc.org/article/PMC/PMC4461255,1.00,0.00,0.00,0.00,0.00,0.00,0.00,0.3,,,,,,,,abstract only
999,25432397,juvenile polyposis,hereditary hemorrhagic telangiectasia,A rare presentation and diagnosis of juvenile polyposis syndrome and hereditary hemorrhagic telangiectasia overlap syndrome.,2015,https://europepmc.org/article/MED/25432397,0.40,0.60,0.00,0.00,0.00,0.00,0.00,0.8,0.9,,,,,,,abstract only
1000,28297144,juvenile xanthogranuloma,progressive nodular histiocytosis,A Case with Juvenile Xanthogranuloma and Progressive Nodular Histiocytosis Overlap.,2017,https://europepmc.org/article/MED/28297144,1.00,0.00,0.00,0.00,0.00,0.00,0.00,0.8,,,,,,,,abstract only
1001,34271285,posterior cortical atrophy,Alzheimer disease,Impaired visual search in posterior cortical atrophy vs. typical Alzheimer's disease.,2021,https://europepmc.org/article/MED/34271285,1.00,0.00,0.00,0.00,0.00,0.00,0.00,0.3,,,,,,,,abstract only
1002,11152147,Gordon syndrome,Aase-Smith syndrome,A family with distal arthrogryposis and cleft palate: possible overlap between Gordon syndrome and Aase-Smith syndrome.,2001,https://europepmc.org/article/MED/11152147,1.00,0.00,0.00,0.00,0.00,0.00,0.00,0.8,,,,,,,,abstract only
1003,15728286,hereditary congenital facial palsy,Moebius syndrome,The neuropathology of hereditary congenital facial palsy vs Möbius syndrome.,2005,https://europepmc.org/article/MED/15728286,0.50,0.00,0.50,0.00,0.00,0.00,0.00,0.4,,0.3,,,,,,abstract only
1004,16278903,1p36 deletion syndrome,Cantu syndrome,"A patient with monosomy 1p36, atypical features and phenotypic similarities with Cantu syndrome.",2005,https://europepmc.org/article/MED/16278903,1.00,0.00,0.00,0.00,0.00,0.00,0.00,0.6,,,,,,,,abstract only
1005,39920796,Parkinson disease,multiple system atrophy,Refining α-synuclein seed amplification assays to distinguish Parkinson's disease from multiple system atrophy.,2025,https://europepmc.org/article/PMC/PMC11804046,0.00,0.00,0.40,0.00,0.00,0.60,0.00,,,0.3,,,0.3,,,abstract only
1006,17036505,Sjogren syndrome,systemic lupus erythematosus,[Difficulties in differential diagnosis of Sjögren's syndrome and systemic lupus erythematosus].,2006,https://europepmc.org/article/MED/17036505,0.40,0.00,0.00,0.00,0.00,0.60,0.00,0.6,,,,,0.7,,,abstract only
1007,16532463,Rapp-Hodgkin syndrome,Hay-Wells syndrome,Rapp-Hodgkin ectodermal dysplasia syndrome: the clinical and molecular overlap with Hay-Wells syndrome.,2006,https://europepmc.org/article/MED/16532463,0.60,0.40,0.00,0.00,0.00,0.00,0.00,0.8,0.9,,,,,,,abstract only
1008,40171366,Moebius syndrome,Poland syndrome,Möbius Syndrome With Possible Poland Syndrome Overlap: A Case Report.,2025,https://europepmc.org/article/PMC/PMC11960553,1.00,0.00,0.00,0.00,0.00,0.00,0.00,0.7,,,,,,,,abstract only
1009,40992777,systemic sclerosis,polymyositis,Orbital myositis: an uncommon ophthalmic presentation in scleroderma-polymyositis overlap syndrome.,2025,https://europepmc.org/article/MED/40992777,0.50,0.00,0.00,0.00,0.00,0.00,0.50,0.7,,,,,,0.8,,abstract only
1010,16987882,amyotrophic lateral sclerosis,frontotemporal dementia,Recent advances in the genetics of amyotrophic lateral sclerosis and frontotemporal dementia: common pathways in neurodegenerative disease.,2006,https://europepmc.org/article/MED/16987882,0.00,1.00,0.00,0.00,0.00,0.00,0.00,,0.8,,,,,,,abstract only
1011,38479828,systemic sclerosis,Takayasu arteritis,Unusual overlap of systemic sclerosis with Takayasu arteritis.,2024,https://europepmc.org/article/PMC/PMC10941143,0.50,0.00,0.00,0.00,0.00,0.00,0.50,0.6,,,,,,0.8,,abstract only
1012,36959614,immune-mediated necrotizing myopathy,Sjogren syndrome,Anti-signal recognition particle positive necrotizing myopathy-sjogren's syndrome overlap syndrome: a descriptive study on clinical and myopathology features.,2023,https://europepmc.org/article/PMC/PMC10035234,0.50,0.00,0.00,0.00,0.00,0.00,0.50,0.6,,,,,,0.8,,abstract only
1013,37959218,polymyositis/dermatomyositis,ANCA-associated vasculitis,Overlap Syndrome Consisting of Polymyositis/Dermatomyositis and ANCA-Associated Vasculitis According to the 2022 ACR/EULAR Criteria for Vasculitis: A Korean Single-Centre Study.,2023,https://europepmc.org/article/PMC/PMC10647414,0.50,0.00,0.00,0.00,0.00,0.00,0.50,0.6,,,,,,0.7,,abstract only
1014,17136397,LMNA-related myopathy,autosomal dominant proximal spinal muscular atrophy,Mutations of the LMNA gene can mimic autosomal dominant proximal spinal muscular atrophy.,2007,https://europepmc.org/article/MED/17136397,0.40,0.00,0.00,0.00,0.00,0.60,0.00,0.7,,,,,0.7,,,abstract only
1015,28495692,rheumatoid arthritis-associated interstitial lung disease,familial pulmonary fibrosis,Shared genetic predisposition in rheumatoid arthritis-interstitial lung disease and familial pulmonary fibrosis.,2017,https://europepmc.org/article/MED/28495692,0.00,1.00,0.00,0.00,0.00,0.00,0.00,,0.6,,,,,,,abstract only
1016,28389016,myotonic dystrophy,Brugada syndrome,Myotonic dystrophy and Brugada syndrome: A common pathophysiologic pathway?,2017,https://europepmc.org/article/MED/28389016,0.00,0.00,0.30,0.00,0.00,0.00,0.70,,,0.5,,,,0.7,,abstract only
1017,10589546,Leber hereditary optic neuropathy,MELAS,The mitochondrial DNA G13513A transition in ND5 is associated with a LHON/MELAS overlap syndrome and may be a frequent cause of MELAS.,1999,https://europepmc.org/article/MED/10589546,0.40,0.60,0.00,0.00,0.00,0.00,0.00,0.8,0.9,,,,,,,abstract only
1018,10347280,hemophagocytic lymphohistiocytosis,neonatal hemochromatosis,Hemophagocytic syndrome presenting as acute hepatic failure in two infants: clinical overlap with neonatal hemochromatosis.,1999,https://europepmc.org/article/MED/10347280,1.00,0.00,0.00,0.00,0.00,0.00,0.00,0.7,,,,,,,,abstract only
1019,33252832,Stevens-Johnson syndrome,toxic epidermal necrolysis,Differences between Stevens-Johnson syndrome versus toxic epidermal necrolysis.,2021,https://europepmc.org/article/MED/33252832,0.00,0.00,0.00,0.00,1.00,0.00,0.00,,,,,0.3,,,,abstract only
1020,38908911,IgA nephropathy,IgA vasculitis nephritis,Clinical and histological comparison of IgA nephritis and renal IgA vasculitis.,2024,https://europepmc.org/article/MED/38908911,0.60,0.00,0.40,0.00,0.00,0.00,0.00,0.5,,0.5,,,,,,abstract only
1021,35583021,IgA vasculitis,IgA nephropathy,[IgA vasculitis - similarities and differences to IgA nephropathy].,2022,https://europepmc.org/article/MED/35583021,0.60,0.00,0.40,0.00,0.00,0.00,0.00,0.7,,0.6,,,,,,abstract only
1022,10050078,IgA nephropathy,Schonlein-Henoch syndrome,"VCAM-1, ICAM-1, and E-selectin in IgA nephropathy and Schönlein-Henoch syndrome: differences between tissue expression and serum concentration.",1999,https://europepmc.org/article/MED/10050078,0.00,0.00,1.00,0.00,0.00,0.00,0.00,,,0.4,,,,,,abstract only
1023,32676554,giant cell arteritis,Takayasu arteritis,Giant Cell Arteritis versus Takayasu Arteritis: An Update.,2020,https://europepmc.org/article/PMC/PMC7362112,0.50,0.00,0.50,0.00,0.00,0.00,0.00,0.6,,0.6,,,,,,abstract only
1024,39311913,Still disease,Still disease,Similarities and differences between systemic juvenile idiopathic arthritis and adult-onset Still's disease: a multicenter Spanish study.,2024,https://europepmc.org/article/PMC/PMC11618169,1.00,0.00,0.00,0.00,0.00,0.00,0.00,0.7,,,,,,,same canonical name for both diseases (check pair),abstract only
1025,21119115,X-linked lymphoproliferative syndrome type 1,X-linked lymphoproliferative syndrome type 2,Clinical similarities and differences of patients with X-linked lymphoproliferative syndrome type 1 (XLP-1/SAP deficiency) versus type 2 (XLP-2/XIAP deficiency).,2011,https://europepmc.org/article/MED/21119115,0.60,0.40,0.00,0.00,0.00,0.00,0.00,0.6,0.5,,,,,,,abstract only
1026,36413128,multiple sclerosis,neuromyelitis optica spectrum disorder,χ-Separation Imaging for Diagnosis of Multiple Sclerosis versus Neuromyelitis Optica Spectrum Disorder.,2023,https://europepmc.org/article/MED/36413128,0.00,0.00,0.40,0.00,0.00,0.60,0.00,,,0.3,,,0.3,,,abstract only
1027,38021935,neuromyelitis optica spectrum disorder,multiple sclerosis,Patterns of Adult Neuromyelitis Optica Spectrum Disorder Patients Compared to Multiple Sclerosis: A Systematic Review and Meta-Analysis.,2023,https://europepmc.org/article/PMC/PMC10666196,1.00,0.00,0.00,0.00,0.00,0.00,0.00,0.4,,,,,,,,abstract only
1028,31942768,neuromyelitis optica spectrum disorder,multiple sclerosis,Comparison of Neuropathic Pain in Neuromyelitis Optica Spectrum Disorder and Multiple Sclerosis.,2020,https://europepmc.org/article/PMC/PMC6974826,1.00,0.00,0.00,0.00,0.00,0.00,0.00,0.4,,,,,,,,abstract only
1029,18070523,Leber hereditary optic neuropathy,optic neuritis,[Leber hereditary optic neuropathy and optic neuritis: similarities and differences of clinical characteristics].,2007,https://europepmc.org/article/MED/18070523,1.00,0.00,0.00,0.00,0.00,0.00,0.00,0.3,,,,,,,,abstract only
1030,22983749,congenital sideroblastic anemia,myelodysplastic syndrome with ring sideroblasts,Clinical and genetic characteristics of congenital sideroblastic anemia: comparison with myelodysplastic syndrome with ring sideroblast (MDS-RS).,2013,https://europepmc.org/article/PMC/PMC3536986,0.40,0.60,0.00,0.00,0.00,0.00,0.00,0.4,0.4,,,,,,,abstract only
1031,26427406,Malattia Leventinese (Doyne honeycomb retinal dystrophy),age-related macular degeneration,Malattia Leventinese/Doyne Honeycomb Retinal Dystrophy: Similarities to Age-Related Macular Degeneration and Potential Therapies.,2016,https://europepmc.org/article/MED/26427406,0.40,0.00,0.60,0.00,0.00,0.00,0.00,0.7,,0.6,,,,,,abstract only
1032,34773420,multiple system atrophy,Parkinson disease,Endoscopic Characteristics of Dysphagia in Multiple System Atrophy Compared to Parkinson's Disease.,2022,https://europepmc.org/article/MED/34773420,1.00,0.00,0.00,0.00,0.00,0.00,0.00,0.4,,,,,,,,abstract only
1033,35397330,multiple system atrophy,Parkinson disease,Advanced brain aging in multiple system atrophy compared to Parkinson's disease.,2022,https://europepmc.org/article/PMC/PMC8987993,0.00,0.00,0.40,0.00,0.00,0.60,0.00,,,0.3,,,0.3,,,abstract only
1034,29356135,progressive supranuclear palsy,Parkinson disease,Neurogenic bladder in progressive supranuclear palsy: A comparison with Parkinson's disease and multiple system atrophy.,2018,https://europepmc.org/article/MED/29356135,1.00,0.00,0.00,0.00,0.00,0.00,0.00,0.4,,,,,,,,abstract only
1035,29356135,progressive supranuclear palsy,multiple system atrophy,Neurogenic bladder in progressive supranuclear palsy: A comparison with Parkinson's disease and multiple system atrophy.,2018,https://europepmc.org/article/MED/29356135,1.00,0.00,0.00,0.00,0.00,0.00,0.00,0.5,,,,,,,,abstract only
1036,29402698,chorea-acanthocytosis,Huntington disease,Subcortical neurodegeneration in chorea: Similarities and differences between chorea-acanthocytosis and Huntington's disease.,2018,https://europepmc.org/article/MED/29402698,0.50,0.00,0.50,0.00,0.00,0.00,0.00,0.7,,0.6,,,,,,abstract only
1037,33240189,McArdle disease,stiff-person syndrome,McArdle Disease vs. Stiff-Person Syndrome: A Case Report Highlighting the Similarities Between Two Rare and Distinct Disorders.,2020,https://europepmc.org/article/PMC/PMC7683573,1.00,0.00,0.00,0.00,0.00,0.00,0.00,0.6,,,,,,,,abstract only
1038,35810008,Fabry disease,hypertrophic cardiomyopathy,Value of Electrocardiography to Distinguish Fabry Disease from Sarcomeric Hypertrophic Cardiomyopathy.,2022,https://europepmc.org/article/MED/35810008,0.40,0.00,0.00,0.00,0.00,0.60,0.00,0.4,,,,,0.4,,,abstract only
1039,25852218,Duchenne muscular dystrophy,Becker muscular dystrophy,Serum creatinine level: a supplemental index to distinguish Duchenne muscular dystrophy from Becker muscular dystrophy.,2015,https://europepmc.org/article/PMC/PMC4380093,0.00,0.00,0.40,0.00,0.00,0.60,0.00,,,0.3,,,0.3,,,abstract only
1040,15886126,spinal muscular atrophy type II,Duchenne muscular dystrophy,"A comparison of gait in spinal muscular atrophy, type II and Duchenne muscular dystrophy.",2005,https://europepmc.org/article/MED/15886126,1.00,0.00,0.00,0.00,0.00,0.00,0.00,0.4,,,,,,,,abstract only
1041,12410038,posterior polymorphous dystrophy,congenital hereditary endothelial dystrophy,An immunohistochemical analysis and comparison of posterior polymorphous dystrophy with congenital hereditary endothelial dystrophy.,2002,https://europepmc.org/article/MED/12410038,0.00,0.00,1.00,0.00,0.00,0.00,0.00,,,0.5,,,,,,abstract only
1042,11090866,amyotrophic lateral sclerosis,multiple system atrophy,Decreased striatal dopamine D2 receptor binding in amyotrophic lateral sclerosis (ALS) and multiple system atrophy (MSA): D2 receptor down-regulation versus striatal cell degeneration.,2000,https://europepmc.org/article/MED/11090866,0.00,0.00,1.00,0.00,0.00,0.00,0.00,,,0.5,,,,,,abstract only
1043,11032614,frontotemporal dementia,progressive supranuclear palsy,"Comparison of the pattern of atrophy of the corpus callosum in frontotemporal dementia, progressive supranuclear palsy, and Alzheimer's disease.",2000,https://europepmc.org/article/PMC/PMC1763404,1.00,0.00,0.00,0.00,0.00,0.00,0.00,0.5,,,,,,,,abstract only
1044,11032614,frontotemporal dementia,Alzheimer disease,"Comparison of the pattern of atrophy of the corpus callosum in frontotemporal dementia, progressive supranuclear palsy, and Alzheimer's disease.",2000,https://europepmc.org/article/PMC/PMC1763404,1.00,0.00,0.00,0.00,0.00,0.00,0.00,0.4,,,,,,,,abstract only
1045,38162443,fragile X-associated tremor/ataxia syndrome,Parkinson disease,"Digital gait markers to potentially distinguish fragile X-associated tremor/ataxia syndrome, Parkinson's disease, and essential tremor.",2023,https://europepmc.org/article/PMC/PMC10755476,0.40,0.00,0.00,0.00,0.00,0.60,0.00,0.3,,,,,0.3,,,abstract only
1046,38162443,fragile X-associated tremor/ataxia syndrome,essential tremor,"Digital gait markers to potentially distinguish fragile X-associated tremor/ataxia syndrome, Parkinson's disease, and essential tremor.",2023,https://europepmc.org/article/PMC/PMC10755476,0.40,0.00,0.00,0.00,0.00,0.60,0.00,0.3,,,,,0.3,,,abstract only
1047,27144839,endomyocardial fibrosis,apical hypertrophic cardiomyopathy,A Challenging Differential Diagnosis: Distinguishing between Endomyocardial Fibrosis and Apical Hypertrophic Cardiomyopathy.,2016,https://europepmc.org/article/MED/27144839,0.40,0.00,0.00,0.00,0.00,0.60,0.00,0.6,,,,,0.6,,,abstract only
1048,12709732,constrictive pericarditis,restrictive cardiomyopathy,Constrictive pericarditis and restrictive cardiomyopathy: similarities and differences.,2003,https://europepmc.org/article/MED/12709732,0.60,0.00,0.00,0.00,0.00,0.40,0.00,0.7,,,,,0.6,,,abstract only
1049,17334331,ossifying fibroma of the jaw,fibrous dysplasia,Ossifying fibroma vs fibrous dysplasia of the jaw: molecular and immunological characterization.,2007,https://europepmc.org/article/MED/17334331,0.40,0.00,0.60,0.00,0.00,0.00,0.00,0.5,,0.3,,,,,,abstract only
1050,9921927,fibrous dysplasia,Paget disease,Computed tomography of Paget disease of the skull versus fibrous dysplasia.,1998,https://europepmc.org/article/MED/9921927,0.00,0.00,0.00,0.00,0.00,1.00,0.00,,,,,,0.3,,,abstract only
1051,27928368,Cuban epidemic optic neuropathy,Leber hereditary optic neuropathy,Optical Coherence Tomographic Comparison of Cuban Epidemic and Leber's Hereditary Optic Neuropathy.,2015,https://europepmc.org/article/PMC/PMC5122982,1.00,0.00,0.00,0.00,0.00,0.00,0.00,0.4,,,,,,,,abstract only
1052,40722336,multiple sclerosis,amyotrophic lateral sclerosis,Quality of Life in Multiple Sclerosis Compared to Amyotrophic Lateral Sclerosis: Fatigue and Fast Disease Progression Interferes with the Ability to Psychosocially Adjust.,2025,https://europepmc.org/article/PMC/PMC12293534,1.00,0.00,0.00,0.00,0.00,0.00,0.00,0.3,,,,,,,,abstract only
1053,32140665,septo-optic dysplasia,multiple pituitary hormone deficiency,Endocrine morbidity in midline brain defects: Differences between septo-optic dysplasia and related disorders.,2020,https://europepmc.org/article/PMC/PMC7046495,1.00,0.00,0.00,0.00,0.00,0.00,0.00,0.4,,,,,,,,abstract only
1054,32140665,septo-optic dysplasia,optic nerve hypoplasia,Endocrine morbidity in midline brain defects: Differences between septo-optic dysplasia and related disorders.,2020,https://europepmc.org/article/PMC/PMC7046495,1.00,0.00,0.00,0.00,0.00,0.00,0.00,0.5,,,,,,,,abstract only
1055,29802482,systemic sclerosis,rheumatoid arthritis,Systemic sclerosis-rheumatoid arthritis overlap syndrome complicated with Sweet's syndrome.,2018,https://europepmc.org/article/MED/29802482,0.50,0.00,0.00,0.00,0.00,0.00,0.50,0.7,,,,,,0.7,,abstract only
1056,18950500,Marshall syndrome,Stickler syndrome,Significant ophthalmoarthropathy associated with ectodermal dysplasia in a child with Marshall-Stickler overlap: a case report.,2008,https://europepmc.org/article/PMC/PMC2579916,0.80,0.20,0.00,0.00,0.00,0.00,0.00,0.8,0.6,,,,,,,abstract only
1057,39407892,lupus nephritis,ANCA-associated vasculitis,Clinical Significance of Overlap Syndrome of Histologically Confirmed Lupus Nephritis with Antineutrophil Cytoplasmic Antibody-Associated Vasculitis.,2024,https://europepmc.org/article/PMC/PMC11478156,0.50,0.00,0.00,0.00,0.00,0.00,0.50,0.6,,,,,,0.6,,abstract only
1058,33275673,myelodysplastic syndrome,myeloproliferative neoplasm,Myelodysplastic syndrome/myeloproliferative neoplasm overlap syndromes: a focused review.,2020,https://europepmc.org/article/PMC/PMC7727594,0.60,0.40,0.00,0.00,0.00,0.00,0.00,0.7,0.6,,,,,,,abstract only
1059,33087424,riboflavin transporter deficiency,distal hereditary motor neuropathy,Late-onset riboflavin transporter deficiency: a treatable mimic of various motor neuropathy aetiologies.,2020,https://europepmc.org/article/MED/33087424,0.40,0.00,0.00,0.00,0.00,0.60,0.00,0.7,,,,,0.7,,,abstract only
1060,23012675,systemic sclerosis,autoimmune hepatitis,Systemic sclerosis-polymyositis overlap syndrome associated with autoimmune hepatitis and cerebral vasculitis.,2012,https://europepmc.org/article/MED/23012675,0.50,0.00,0.00,0.00,0.00,0.00,0.50,0.6,,,,,,0.7,,abstract only
1061,15293105,polymyositis,rheumatoid arthritis,Antiphospholipid and antisynthetase syndrome in a patient with polymyositis-rheumatoid arthritis overlap.,2004,https://europepmc.org/article/MED/15293105,0.50,0.00,0.00,0.00,0.00,0.00,0.50,0.7,,,,,,0.7,,abstract only
1062,32762963,Takotsubo cardiomyopathy,acute myocardial infarction,Comparison of Complications and In-Hospital Mortality in Takotsubo (Apical Ballooning/Stress) Cardiomyopathy Versus Acute Myocardial Infarction.,2020,https://europepmc.org/article/MED/32762963,0.50,0.00,0.00,0.00,0.50,0.00,0.00,0.3,,,,0.3,,,,abstract only
1063,22589256,systemic sclerosis,giant cell arteritis,Evaluation of a shared autoimmune disease-associated polymorphism of TRAF6 in systemic sclerosis and giant cell arteritis.,2012,https://europepmc.org/article/MED/22589256,0.00,1.00,0.00,0.00,0.00,0.00,0.00,,0.4,,,,,,,abstract only
1064,19952485,primary biliary cholangitis,systemic sclerosis,"Primary biliary cirrhosis-autoimmune hepatitis overlap syndrome concomitant with systemic sclerosis, immune thrombocytopenic purpura.",2009,https://europepmc.org/article/MED/19952485,0.50,0.00,0.00,0.00,0.00,0.00,0.50,0.6,,,,,,0.7,,abstract only
1065,22443800,ANCA-associated vasculitis,rheumatoid arthritis,Association of ANCA-associated vasculitis-rheumatoid arthritis overlap syndrome in four patients: rituximab may be the right choice?,2012,https://europepmc.org/article/MED/22443800,0.50,0.00,0.00,0.00,0.00,0.00,0.50,0.6,,,,,,0.7,,abstract only
1066,25664229,ANCA-associated vasculitis,rheumatoid arthritis,Association of ANCA associated vasculitis and rheumatoid arthritis: a lesser recognized overlap syndrome.,2015,https://europepmc.org/article/PMC/PMC4315802,0.50,0.00,0.00,0.00,0.00,0.00,0.50,0.6,,,,,,0.7,,abstract only
1067,42377683,polyarteritis nodosa,antiphospholipid syndrome,Polyarteritis nodosa and antiphospholipid syndrome: a systematic review of a rare and challenging overlap between vasculitis and thrombotic vasculopathy.,2026,https://europepmc.org/article/PMC/PMC13486007,0.00,0.00,0.50,0.00,0.00,0.00,0.50,,,0.3,,,,0.6,,abstract only
1068,30760892,capillary malformation-arteriovenous malformation,hereditary hemorrhagic telangiectasia,Phenotype of CM-AVM2 caused by variants in EPHB4: how much overlap with hereditary hemorrhagic telangiectasia (HHT)?,2019,https://europepmc.org/article/MED/30760892,0.60,0.40,0.00,0.00,0.00,0.00,0.00,0.7,0.6,,,,,,,abstract only
1069,24681939,copper deficiency,myelodysplastic syndrome,[Copper deficiency anemia morphologically mimicking myelodysplastic syndrome].,2014,https://europepmc.org/article/MED/24681939,0.40,0.00,0.00,0.00,0.00,0.60,0.00,0.8,,,,,0.8,,,abstract only
1070,38217954,Parkinson disease,multiple system atrophy,The association between plasma GPNMB and Parkinson's disease and multiple system atrophy.,2024,https://europepmc.org/article/MED/38217954,0.00,0.00,0.40,0.00,0.00,0.60,0.00,,,0.3,,,0.3,,,abstract only
1071,41458262,autoimmune hepatitis,primary sclerosing cholangitis,Graves' disease with autoimmune hepatitis and primary Sclerosing cholangitis: an overlap syndrome.,2025,https://europepmc.org/article/PMC/PMC12741422,0.50,0.00,0.00,0.00,0.00,0.00,0.50,0.6,,,,,,0.7,,abstract only
1072,32355498,Langerhans cell histiocytosis,Kasabach-Merritt syndrome,Bone Marrow Langerhans Cell Histiocytosis in Association with Kasabach-Merritt Syndrome: The Difficulty of a Differential Diagnosis.,2020,https://europepmc.org/article/PMC/PMC7184841,0.40,0.00,0.00,0.00,0.00,0.60,0.00,0.5,,,,,0.6,,,abstract only
1073,17486048,autoimmune hepatitis,primary biliary cholangitis,Autoimmune liver disease: overlap and outliers.,2007,https://europepmc.org/article/MED/17486048,1.00,0.00,0.00,0.00,0.00,0.00,0.00,0.7,,,,,,,,abstract only
1074,17486048,autoimmune hepatitis,primary sclerosing cholangitis,Autoimmune liver disease: overlap and outliers.,2007,https://europepmc.org/article/MED/17486048,1.00,0.00,0.00,0.00,0.00,0.00,0.00,0.6,,,,,,,,abstract only
1075,21538076,Peutz-Jeghers syndrome,Carney complex,The differential diagnosis of familial lentiginosis syndromes.,2011,https://europepmc.org/article/PMC/PMC3417307,0.60,0.40,0.00,0.00,0.00,0.00,0.00,0.4,0.3,,,,,,,abstract only
1076,21538076,Peutz-Jeghers syndrome,PTEN hamartoma tumor syndrome,The differential diagnosis of familial lentiginosis syndromes.,2011,https://europepmc.org/article/PMC/PMC3417307,0.60,0.40,0.00,0.00,0.00,0.00,0.00,0.4,0.3,,,,,,,abstract only
1077,21538076,Carney complex,PTEN hamartoma tumor syndrome,The differential diagnosis of familial lentiginosis syndromes.,2011,https://europepmc.org/article/PMC/PMC3417307,0.60,0.40,0.00,0.00,0.00,0.00,0.00,0.4,0.3,,,,,,,abstract only
1078,19938094,Moebius syndrome,oromandibular limb hypogenesis syndrome,Overlap of Moebius and oromandibular limb hypogenesis syndrome with gastroschisis and pulmonary hypoplasia.,2009,https://europepmc.org/article/MED/19938094,1.00,0.00,0.00,0.00,0.00,0.00,0.00,0.8,,,,,,,,abstract only
1079,22698187,Bickerstaff brainstem encephalitis,Miller Fisher syndrome,"Bickerstaff's brainstem encephalitis, Miller Fisher syndrome and Guillain-Barré syndrome overlap in an asthma patient with negative anti-ganglioside antibodies.",2012,https://europepmc.org/article/PMC/PMC3419076,0.50,0.00,0.50,0.00,0.00,0.00,0.00,0.8,,0.8,,,,,,abstract only
1080,22698187,Bickerstaff brainstem encephalitis,Guillain-Barre syndrome,"Bickerstaff's brainstem encephalitis, Miller Fisher syndrome and Guillain-Barré syndrome overlap in an asthma patient with negative anti-ganglioside antibodies.",2012,https://europepmc.org/article/PMC/PMC3419076,0.50,0.00,0.50,0.00,0.00,0.00,0.00,0.8,,0.8,,,,,,abstract only
1081,22698187,Miller Fisher syndrome,Guillain-Barre syndrome,"Bickerstaff's brainstem encephalitis, Miller Fisher syndrome and Guillain-Barré syndrome overlap in an asthma patient with negative anti-ganglioside antibodies.",2012,https://europepmc.org/article/PMC/PMC3419076,0.50,0.00,0.50,0.00,0.00,0.00,0.00,0.8,,0.8,,,,,,abstract only
1082,9829807,Lewy body disease,multiple system atrophy,Accumulation of alpha-synuclein/NACP is a cytopathological feature common to Lewy body disease and multiple system atrophy.,1998,https://europepmc.org/article/MED/9829807,0.00,0.00,1.00,0.00,0.00,0.00,0.00,,,0.8,,,,,,abstract only
1083,12765484,autoimmune hepatitis,primary biliary cholangitis,"The hepatitic/cholestatic ""overlap"" syndrome: an Italian experience.",2002,https://europepmc.org/article/MED/12765484,0.00,0.00,0.00,0.00,1.00,0.00,0.00,,,,,0.5,,,,abstract only
1084,33742461,"ichthyosis follicularis, atrichia and photophobia syndrome",hereditary mucoepithelial dysplasia,"Ichthyosis follicularis, atrichia and photophobia (IFAP) and hereditary mucoepithelial dysplasia: Two syndromes that share a common clinical spectrum.",2021,https://europepmc.org/article/MED/33742461,0.50,0.50,0.00,0.00,0.00,0.00,0.00,0.8,0.6,,,,,,,abstract only
1085,26494868,acute intermittent porphyria,schizophrenia,Acute intermittent porphyria: comorbidity and shared familial risks with schizophrenia and bipolar disorder in Sweden.,2015,https://europepmc.org/article/MED/26494868,0.00,0.40,0.00,0.00,0.00,0.00,0.60,,0.3,,,,,0.3,,abstract only
1086,26494868,acute intermittent porphyria,bipolar disorder,Acute intermittent porphyria: comorbidity and shared familial risks with schizophrenia and bipolar disorder in Sweden.,2015,https://europepmc.org/article/MED/26494868,0.00,0.40,0.00,0.00,0.00,0.00,0.60,,0.3,,,,,0.3,,abstract only
1087,15657614,Leber hereditary optic neuropathy,MELAS,LHON/MELAS overlap syndrome associated with a mitochondrial MTND1 gene mutation.,2005,https://europepmc.org/article/MED/15657614,0.40,0.60,0.00,0.00,0.00,0.00,0.00,0.8,0.9,,,,,,,abstract only
1088,25862734,cerebrotendinous xanthomatosis,hereditary spastic paraplegia,"Diagnosis of spinal xanthomatosis by next-generation sequencing: identifying a rare, treatable mimic of hereditary spastic paraparesis.",2015,https://europepmc.org/article/MED/25862734,0.40,0.00,0.00,0.00,0.00,0.60,0.00,0.7,,,,,0.7,,,abstract only
1089,39285290,inflammatory bowel disease,systemic lupus erythematosus,Investigating the shared genetic basis of inflammatory bowel disease and systemic lupus erythematosus using genetic overlap analysis.,2024,https://europepmc.org/article/PMC/PMC11406968,0.00,1.00,0.00,0.00,0.00,0.00,0.00,,0.5,,,,,,,abstract only
1090,10634456,amyotrophic lateral sclerosis,multifocal motor neuropathy,Amyotrophic lateral sclerosis mimic syndromes: a population-based study.,2000,https://europepmc.org/article/MED/10634456,0.40,0.00,0.00,0.00,0.00,0.60,0.00,0.6,,,,,0.6,,,abstract only
1091,10634456,amyotrophic lateral sclerosis,Kennedy disease,Amyotrophic lateral sclerosis mimic syndromes: a population-based study.,2000,https://europepmc.org/article/MED/10634456,0.40,0.00,0.00,0.00,0.00,0.60,0.00,0.6,,,,,0.6,,,abstract only
1092,24647822,amyotrophic lateral sclerosis,Alzheimer disease,Pathway analysis of two amyotrophic lateral sclerosis GWAS highlights shared genetic signals with Alzheimer's disease and Parkinson's disease.,2015,https://europepmc.org/article/MED/24647822,0.00,1.00,0.00,0.00,0.00,0.00,0.00,,0.5,,,,,,,abstract only
1093,24647822,amyotrophic lateral sclerosis,Parkinson disease,Pathway analysis of two amyotrophic lateral sclerosis GWAS highlights shared genetic signals with Alzheimer's disease and Parkinson's disease.,2015,https://europepmc.org/article/MED/24647822,0.00,1.00,0.00,0.00,0.00,0.00,0.00,,0.5,,,,,,,abstract only
1094,11102925,McKusick-Kaufman syndrome,Bardet-Biedl syndrome,Phenotypic overlap of McKusick-Kaufman syndrome with bardet-biedl syndrome: a literature review.,2000,https://europepmc.org/article/MED/11102925,0.60,0.40,0.00,0.00,0.00,0.00,0.00,0.8,0.5,,,,,,,abstract only
1095,17075228,amyloidosis,heavy chain amyloidosis,Immunoglobulin light and heavy chain amyloidosis AL/AH: renal pathology and differential diagnosis.,2007,https://europepmc.org/article/MED/17075228,1.00,0.00,0.00,0.00,0.00,0.00,0.00,0.4,,,,,,,,abstract only
1096,34679449,peripartum cardiomyopathy,dilated cardiomyopathy,Cardiovascular Magnetic Resonance in Peripartum Cardiomyopathy: Comparison with Idiopathic Dilated Cardiomyopathy.,2021,https://europepmc.org/article/PMC/PMC8535040,1.00,0.00,0.00,0.00,0.00,0.00,0.00,0.3,,,,,,,,abstract only
1097,42487475,GYG1-related glycogen storage disease type XV,hypertrophic cardiomyopathy,Phenotypic Expansion of GYG1-Related Disease Presenting as Hypertrophic Cardiomyopathy With Brugada Phenocopy.,2026,https://europepmc.org/article/MED/42487475,0.60,0.40,0.00,0.00,0.00,0.00,0.00,0.5,0.6,,,,,,,abstract only
1098,41835779,granulomatosis with polyangiitis,eosinophilic granulomatosis with polyangiitis,Beyond Classification: An Antineutrophil Cytoplasmic Antibody-Associated Vasculitis Overlap Case.,2026,https://europepmc.org/article/PMC/PMC12983185,1.00,0.00,0.00,0.00,0.00,0.00,0.00,0.8,,,,,,,,abstract only
1099,15666242,Bardet-Biedl syndrome,Meckel syndrome,Antenatal presentation of Bardet-Biedl syndrome may mimic Meckel syndrome.,2005,https://europepmc.org/article/PMC/PMC1196400,0.40,0.00,0.00,0.00,0.00,0.60,0.00,0.7,,,,,0.7,,,abstract only
1100,25876938,moyamoya disease,multiple sclerosis,Moyamoya: Another multiple sclerosis mimic.,2012,https://europepmc.org/article/MED/25876938,0.40,0.00,0.00,0.00,0.00,0.60,0.00,0.6,,,,,0.7,,,abstract only
1101,12589575,Parkinson disease,multiple system atrophy,"Routine MRI for the differential diagnosis of Parkinson's disease, MSA, PSP, and CBD.",2003,https://europepmc.org/article/MED/12589575,0.00,0.00,0.00,0.00,0.00,1.00,0.00,,,,,,0.3,,,abstract only
1102,12589575,Parkinson disease,progressive supranuclear palsy,"Routine MRI for the differential diagnosis of Parkinson's disease, MSA, PSP, and CBD.",2003,https://europepmc.org/article/MED/12589575,0.00,0.00,0.00,0.00,0.00,1.00,0.00,,,,,,0.3,,,abstract only
1103,20020398,Andermann syndrome,hereditary motor and sensory neuropathy,Andermann syndrome can be a phenocopy of hereditary motor and sensory neuropathy--report of a discordant sibship with a compound heterozygous mutation of the KCC3 gene.,2009,https://europepmc.org/article/MED/20020398,0.40,0.00,0.00,0.00,0.00,0.60,0.00,0.7,,,,,0.7,,,abstract only
1104,12864791,multiple endocrine neoplasia type 2A,lichen amyloidosis,Frequent association between MEN 2A and cutaneous lichen amyloidosis.,2003,https://europepmc.org/article/MED/12864791,0.00,0.00,0.00,0.00,0.00,0.00,1.00,,,,,,,0.7,,abstract only
1105,23628468,Perry syndrome,progressive supranuclear palsy,Perry syndrome: a disorder to consider in the differential diagnosis of Parkinsonism.,2013,https://europepmc.org/article/MED/23628468,0.40,0.00,0.00,0.00,0.00,0.60,0.00,0.6,,,,,0.7,,,abstract only
1106,23645122,brachydactyly mental retardation syndrome,pseudopseudohypoparathyroidism,Brachydactyly mental retardation syndrome in differential diagnosis of pseudopseudohypoparathyroidism.,2013,https://europepmc.org/article/MED/23645122,0.40,0.00,0.00,0.00,0.00,0.60,0.00,0.7,,,,,0.7,,,abstract only
1107,22745357,hereditary transthyretin amyloidosis,hypertrophic cardiomyopathy,Disease profile and differential diagnosis of hereditary transthyretin-related amyloidosis with exclusively cardiac phenotype: an Italian perspective.,2013,https://europepmc.org/article/MED/22745357,0.40,0.00,0.00,0.00,0.00,0.60,0.00,0.5,,,,,0.5,,,abstract only
1108,33083350,angioimmunoblastic T-cell lymphoma,systemic lupus erythematosus,Angioimmunoblastic T-cell Lymphoma: A Mimic for Lupus.,2020,https://europepmc.org/article/PMC/PMC7546564,0.40,0.00,0.00,0.00,0.00,0.60,0.00,0.7,,,,,0.8,,,abstract only
1109,21949517,acute disseminated encephalomyelitis,multiple sclerosis,Acute disseminated encephalomyelitis in children: differential diagnosis from multiple sclerosis on the basis of clinical course.,2011,https://europepmc.org/article/PMC/PMC3174358,0.40,0.00,0.00,0.00,0.00,0.60,0.00,0.4,,,,,0.3,,,abstract only
1110,16512067,primary central nervous system lymphoma,glioblastoma,Primary central nervous system lymphoma: role of DWI in the differential diagnosis.,2005,https://europepmc.org/article/MED/16512067,0.40,0.00,0.00,0.00,0.00,0.60,0.00,0.3,,,,,0.3,,,abstract only
1111,28060892,multiple system atrophy,Parkinson disease,The Utility of Post-Void Residual Volume versus Sphincter Electromyography to Distinguish between Multiple System Atrophy and Parkinson's Disease.,2017,https://europepmc.org/article/PMC/PMC5217958,0.00,0.00,0.00,0.00,0.00,1.00,0.00,,,,,,0.3,,,abstract only
1112,30919495,multiple system atrophy,Parkinson disease,Morphometric MRI profiles of multiple system atrophy variants and implications for differential diagnosis.,2019,https://europepmc.org/article/PMC/PMC6767501,0.00,0.00,0.00,0.00,0.00,1.00,0.00,,,,,,0.3,,,abstract only
1113,31806975,multiple system atrophy,Parkinson disease,Differential Diagnosis Of Multiple-System Atrophy With Parkinson's Disease By External Anal- And Urethral-Sphincter Electromyography.,2019,https://europepmc.org/article/PMC/PMC6842278,0.00,0.00,0.00,0.00,0.00,1.00,0.00,,,,,,0.3,,,abstract only
1114,36553028,multiple system atrophy,progressive supranuclear palsy,The Use of Cerebellar Hypoperfusion Assessment in the Differential Diagnosis of Multiple System Atrophy with Parkinsonism and Progressive Supranuclear Palsy-Parkinsonism Predominant.,2022,https://europepmc.org/article/PMC/PMC9776891,0.00,0.00,0.00,0.00,0.00,1.00,0.00,,,,,,0.3,,,abstract only
1115,14555547,Langerhans cell histiocytosis,desquamative interstitial pneumonia,"The overlap between respiratory bronchiolitis and desquamative interstitial pneumonia in pulmonary Langerhans cell histiocytosis: high-resolution CT, histologic, and functional correlations.",2003,https://europepmc.org/article/MED/14555547,1.00,0.00,0.00,0.00,0.00,0.00,0.00,0.6,,,,,,,,abstract only
1116,36245703,autoimmune hepatitis,primary biliary cholangitis,Noninvasive diagnosis of AIH/PBC overlap syndrome based on prediction models.,2022,https://europepmc.org/article/PMC/PMC9520330,0.60,0.00,0.00,0.00,0.00,0.40,0.00,0.6,,,,,0.6,,,abstract only
1117,27898473,Erdheim-Chester disease,Langerhans cell histiocytosis,Histopathological and Clinical Findings in Cutaneous Manifestation of Erdheim-Chester Disease and Langerhans Cell Histiocytosis Overlap Syndrome Associated With the BRAFV600E Mutation.,2017,https://europepmc.org/article/MED/27898473,0.00,0.40,0.00,0.00,0.00,0.00,0.60,,0.8,,,,,0.7,,abstract only
1118,33497356,multisystem inflammatory syndrome in children,Kawasaki disease,Similarities and differences between the immunopathogenesis of COVID-19-related pediatric multisystem inflammatory syndrome and Kawasaki disease.,2021,https://europepmc.org/article/PMC/PMC7954607,0.00,0.00,1.00,0.00,0.00,0.00,0.00,,,0.5,,,,,,abstract only
1119,11157149,autoimmune hepatitis,systemic sclerosis,Autoimmune hepatitis and systemic sclerosis: a new overlap syndrome?,2001,https://europepmc.org/article/MED/11157149,0.50,0.00,0.00,0.00,0.00,0.00,0.50,0.6,,,,,,0.7,,abstract only
1120,18000558,Wilson disease,Menkes disease,Wilson disease: not just a copper disorder. Analysis of a Wilson disease model demonstrates the link between copper and lipid metabolism.,2007,https://europepmc.org/article/MED/18000558,0.00,0.00,1.00,0.00,0.00,0.00,0.00,,,0.8,,,,,,abstract only
1121,9639138,tuberous sclerosis complex,renal cell carcinoma,Meta analysis of the relationship between tuberous sclerosis complex and renal cell carcinoma.,1998,https://europepmc.org/article/MED/9639138,0.00,0.30,0.00,0.00,0.00,0.00,0.70,,0.5,,,,,0.5,,abstract only
1122,40038055,Duchenne muscular dystrophy,Becker muscular dystrophy,Multi-Parametric Quantitative MRI in the Early Differential Diagnosis of Ambulatory Children With Duchenne Muscular Dystrophy and Becker Muscular Dystrophy.,2025,https://europepmc.org/article/MED/40038055,0.00,0.00,0.40,0.00,0.00,0.60,0.00,,,0.3,,,0.3,,,abstract only
1123,15605092,primary biliary cholangitis,autoimmune hepatitis,[Clinical and pathological analysis of primary biliary cirrhosis-autoimmune hepatitis overlap syndrome].,2004,https://europepmc.org/article/MED/15605092,0.50,0.00,0.00,0.00,0.00,0.00,0.50,0.7,,,,,,0.7,,abstract only
1124,40479331,systemic sclerosis,polyarteritis nodosa,Overlap between systemic sclerosis and polyarteritis nodosa: A case report.,2020,https://europepmc.org/article/PMC/PMC7481842,0.50,0.00,0.00,0.00,0.00,0.00,0.50,0.6,,,,,,0.7,,abstract only
1125,32687595,spinocerebellar ataxia,multiple system atrophy,Spinocerebellar ataxia type 6 family with phenotypic overlap with Multiple System Atrophy.,2020,https://europepmc.org/article/MED/32687595,0.40,0.00,0.00,0.00,0.00,0.60,0.00,0.7,,,,,0.7,,,abstract only
1126,32519400,systemic sclerosis,polymyositis,Anti-Ku antibody-positive systemic sclerosis-polymyositis overlap syndrome in an adolescent.,2020,https://europepmc.org/article/MED/32519400,0.50,0.00,0.00,0.00,0.00,0.00,0.50,0.7,,,,,,0.7,,abstract only
1127,20521111,IgG4-related disease,inflammatory bowel disease,IgG₄-related sclerosing disease: a novel mimic of inflammatory bowel disease.,2010,https://europepmc.org/article/MED/20521111,0.40,0.00,0.00,0.00,0.00,0.60,0.00,0.6,,,,,0.7,,,abstract only
1128,20827312,CADASIL,Alzheimer disease,CSF Biomarkers Profile in CADASIL-A Model of Pure Vascular Dementia: Usefulness in Differential Diagnosis in the Dementia Disorder.,2010,https://europepmc.org/article/PMC/PMC2933894,0.00,0.00,0.40,0.00,0.00,0.60,0.00,,,0.3,,,0.3,,,abstract only
1129,22319038,Kallmann syndrome,septo-optic dysplasia,"Genetic overlap in Kallmann syndrome, combined pituitary hormone deficiency, and septo-optic dysplasia.",2012,https://europepmc.org/article/PMC/PMC3319178,0.00,1.00,0.00,0.00,0.00,0.00,0.00,,0.7,,,,,,,abstract only
1130,22319038,Kallmann syndrome,combined pituitary hormone deficiency,"Genetic overlap in Kallmann syndrome, combined pituitary hormone deficiency, and septo-optic dysplasia.",2012,https://europepmc.org/article/PMC/PMC3319178,0.00,1.00,0.00,0.00,0.00,0.00,0.00,,0.7,,,,,,,abstract only
1131,22319038,septo-optic dysplasia,combined pituitary hormone deficiency,"Genetic overlap in Kallmann syndrome, combined pituitary hormone deficiency, and septo-optic dysplasia.",2012,https://europepmc.org/article/PMC/PMC3319178,0.00,1.00,0.00,0.00,0.00,0.00,0.00,,0.7,,,,,,,abstract only
1132,22214356,amyotrophic lateral sclerosis,behavioural variant frontotemporal dementia,Amyotrophic lateral sclerosis and frontotemporal dementia: A behavioural and cognitive continuum.,2012,https://europepmc.org/article/MED/22214356,1.00,0.00,0.00,0.00,0.00,0.00,0.00,0.7,,,,,,,,abstract only
1133,35677009,MELAS,Leigh syndrome,"Mitochondrial Encephalopathy, Lactic Acidosis and Stroke-Like Episodes/Leigh Overlap Syndrome Due to Variant m.13513G&gt;A in MT-ND5.",2022,https://europepmc.org/article/PMC/PMC9166551,0.40,0.60,0.00,0.00,0.00,0.00,0.00,0.9,0.8,,,,,,,abstract only
1134,33673315,MELAS,hypertrophic cardiomyopathy,Unraveling an Unusual Phenocopy of Hypertrophic Cardiomyopathy: MELAS Syndrome.,2021,https://europepmc.org/article/PMC/PMC7917926,0.40,0.00,0.00,0.00,0.00,0.60,0.00,0.7,,,,,0.6,,,abstract only
1135,22653535,tetrasomy 15q26,Shprintzen-Goldberg syndrome,Tetrasomy 15q26: a distinct syndrome or Shprintzen-Goldberg syndrome phenocopy?,2012,https://europepmc.org/article/MED/22653535,1.00,0.00,0.00,0.00,0.00,0.00,0.00,0.6,,,,,,,,abstract only
1136,34717131,Brugada syndrome,hypertrophic cardiomyopathy,Brugada ECG pattern in hypertrophic cardiomyopathy: Brugada phenocopy or overlapping syndrome?,2021,https://europepmc.org/article/MED/34717131,1.00,0.00,0.00,0.00,0.00,0.00,0.00,0.6,,,,,,,,abstract only
1137,11982496,Miller Fisher syndrome,acute sensory ataxic neuropathy,"Clinical, electrophysiological, and serological overlap between Miller Fisher syndrome and acute sensory ataxic neuropathy.",2002,https://europepmc.org/article/MED/11982496,1.00,0.00,0.00,0.00,0.00,0.00,0.00,0.8,,,,,,,,abstract only
1138,28703223,arrhythmogenic cardiomyopathy,Brugada syndrome,Unmasking the molecular link between arrhythmogenic cardiomyopathy and Brugada syndrome.,2017,https://europepmc.org/article/MED/28703223,0.00,0.00,1.00,0.00,0.00,0.00,0.00,,,0.7,,,,,,abstract only
1139,16438484,giant cell arteritis,spinal cord compression (epidural inflammatory lesion),Giant cell arteritis and spinal cord compression: an overlap syndrome?,2006,https://europepmc.org/article/MED/16438484,1.00,0.00,0.00,0.00,0.00,0.00,0.00,0.5,,,,,,,,abstract only
1140,30088388,Norrie disease,X-linked familial exudative vitreoretinopathy,Differential diagnosis of Norrie disease and X-linked familial exudative vitreoretinopathy (XL-FEVR) based on clinical and molecular evaluation.,2016,https://europepmc.org/article/MED/30088388,0.40,0.60,0.00,0.00,0.00,0.00,0.00,0.7,0.7,,,,,,,abstract only
1141,10737026,systemic sclerosis,systemic lupus erythematosus,[A case of very late onset overlap syndrome of systemic sclerosis and systemic lupus erythematosus].,2000,https://europepmc.org/article/MED/10737026,0.50,0.00,0.00,0.00,0.00,0.00,0.50,0.7,,,,,,0.7,,abstract only
1142,24166474,biotin-responsive basal ganglia disease,Leigh syndrome,Biotin-responsive Basal Ganglia disease: a treatable differential diagnosis of leigh syndrome.,2014,https://europepmc.org/article/PMC/PMC4110325,0.40,0.00,0.00,0.00,0.00,0.60,0.00,0.7,,,,,0.7,,,abstract only
1143,32613723,Klippel-Trenaunay syndrome,Sturge-Weber syndrome,Klippel-Trenaunay and Sturge-Weber Overlap Syndrome with KRAS and GNAQ mutations.,2020,https://europepmc.org/article/PMC/PMC7359123,0.60,0.40,0.00,0.00,0.00,0.00,0.00,0.7,0.5,,,,,,,abstract only
1144,18708297,multiple sclerosis,systemic lupus erythematosus,Association of common mitochondrial DNA variants with multiple sclerosis and systemic lupus erythematosus.,2008,https://europepmc.org/article/PMC/PMC2567049,0.00,1.00,0.00,0.00,0.00,0.00,0.00,,0.3,,,,,,,abstract only
1145,12424591,cleidocranial dysplasia,hypophosphatasia,Severe cleidocranial dysplasia can mimic hypophosphatasia.,2002,https://europepmc.org/article/MED/12424591,0.40,0.00,0.00,0.00,0.00,0.60,0.00,0.7,,,,,0.7,,,abstract only
1146,27026266,Morvan syndrome,myasthenia gravis,Morvan's syndrome and myasthenia gravis related to familial Mediterranean fever gene mutations.,2016,https://europepmc.org/article/PMC/PMC4812638,0.00,0.50,0.00,0.00,0.00,0.00,0.50,,0.3,,,,,0.7,,abstract only
1147,21072532,frontotemporal dementia,amyotrophic lateral sclerosis,Familial frontotemporal dementia with amyotrophic lateral sclerosis and a shared haplotype on chromosome 9p.,2011,https://europepmc.org/article/PMC/PMC4696389,0.00,1.00,0.00,0.00,0.00,0.00,0.00,,0.8,,,,,,,abstract only
1148,10640930,Cowden disease,PTEN hamartoma tumor syndrome,An overlap of Cowden's disease and Bannayan-Riley-Ruvalcaba syndrome in the same family.,2000,https://europepmc.org/article/MED/10640930,0.40,0.60,0.00,0.00,0.00,0.00,0.00,0.8,0.9,,,,,,,abstract only
1149,35274545,otodental syndrome,Treacher Collins syndrome,Otodental syndrome: Case report and differential diagnosis with Treacher Collins syndrome.,2022,https://europepmc.org/article/MED/35274545,0.40,0.00,0.00,0.00,0.00,0.60,0.00,0.7,,,,,0.7,,,abstract only
1150,29322350,Rett syndrome,CDKL5 deficiency disorder,Monogenic disorders that mimic the phenotype of Rett syndrome.,2018,https://europepmc.org/article/PMC/PMC6156085,0.60,0.40,0.00,0.00,0.00,0.00,0.00,0.6,0.2,,,,,,,abstract only
1151,24234648,multiple sclerosis,amyotrophic lateral sclerosis,No evidence for shared genetic basis of common variants in multiple sclerosis and amyotrophic lateral sclerosis.,2014,https://europepmc.org/article/PMC/PMC3943520,0.00,1.00,0.00,0.00,0.00,0.00,0.00,,0.1,,,,,,,abstract only
1152,25144223,amyotrophic lateral sclerosis,behavioural variant frontotemporal dementia,Cerebellar integrity in the amyotrophic lateral sclerosis-frontotemporal dementia continuum.,2014,https://europepmc.org/article/PMC/PMC4140802,1.00,0.00,0.00,0.00,0.00,0.00,0.00,0.7,,,,,,,,abstract only
1153,37572105,familial Mediterranean fever,PFAPA syndrome,Variables for differential diagnosis of familial Mediterranean fever: Multiple correspondence analysis of a large Japanese cohort.,2024,https://europepmc.org/article/MED/37572105,0.40,0.00,0.00,0.00,0.00,0.60,0.00,0.5,,,,,0.6,,,abstract only
1154,14743661,tuberous sclerosis complex,neurofibromatosis,Tuberous sclerosis complex and neurofibromatosis type 1: the two most common neurocutaneous diseases.,2003,https://europepmc.org/article/MED/14743661,0.50,0.50,0.00,0.00,0.00,0.00,0.00,0.6,0.6,,,,,,,abstract only
1155,29213586,frontotemporal dementia,Alzheimer disease,Subcortical atrophy in frontotemporal dementia and Alzheimer's disease: Significance for the differential diagnosis and correlations with clinical manifestations.,2008,https://europepmc.org/article/PMC/PMC5619081,0.40,0.00,0.00,0.00,0.00,0.60,0.00,0.3,,,,,0.3,,,abstract only
1156,27703465,frontotemporal dementia,Alzheimer disease,Using the Disease State Fingerprint Tool for Differential Diagnosis of Frontotemporal Dementia and Alzheimer's Disease.,2016,https://europepmc.org/article/PMC/PMC5040932,0.00,0.00,0.00,0.00,0.00,1.00,0.00,,,,,,0.3,,,abstract only
1157,37783553,frontotemporal dementia,Alzheimer disease,Deep grading for MRI-based differential diagnosis of Alzheimer's disease and Frontotemporal dementia.,2023,https://europepmc.org/article/PMC/PMC10904714,0.00,0.00,0.00,0.00,0.00,1.00,0.00,,,,,,0.3,,,abstract only
1158,29604263,frontotemporal dementia,Alzheimer disease,Cerebrospinal fluid α-synuclein contributes to the differential diagnosis of Alzheimer's disease.,2018,https://europepmc.org/article/PMC/PMC6097943,0.00,0.00,0.40,0.00,0.00,0.60,0.00,,,0.3,,,0.3,,,abstract only
1159,31337345,Alport syndrome,rheumatoid arthritis,An overlap of Alport syndrome and rheumatoid arthritis in a patient and literature review.,2019,https://europepmc.org/article/PMC/PMC6651916,0.00,0.00,0.00,0.00,0.00,0.00,1.00,,,,,,,0.4,,abstract only
1160,38701719,anti-IgLON5 disease,multiple system atrophy,Anti-IgLON5 disease as a differential diagnosis of multiple system atrophy.,2024,https://europepmc.org/article/MED/38701719,0.40,0.00,0.00,0.00,0.00,0.60,0.00,0.6,,,,,0.6,,,abstract only
1161,39596941,systemic sclerosis,immune-mediated necrotizing myopathy,Anti-SRP Antibodies and Myocarditis in Systemic Sclerosis Overlap Syndrome with Immune-Mediated Necrotizing Myositis (IMNM).,2024,https://europepmc.org/article/PMC/PMC11596468,0.50,0.00,0.00,0.00,0.00,0.00,0.50,0.6,,,,,,0.7,,abstract only
1162,29630712,amyotrophic lateral sclerosis,progressive supranuclear palsy,Selective Genetic Overlap Between Amyotrophic Lateral Sclerosis and Diseases of the Frontotemporal Dementia Spectrum.,2018,https://europepmc.org/article/PMC/PMC6043387,0.00,1.00,0.00,0.00,0.00,0.00,0.00,,0.4,,,,,,,abstract only
1163,29630712,amyotrophic lateral sclerosis,frontotemporal dementia,Selective Genetic Overlap Between Amyotrophic Lateral Sclerosis and Diseases of the Frontotemporal Dementia Spectrum.,2018,https://europepmc.org/article/PMC/PMC6043387,0.00,1.00,0.00,0.00,0.00,0.00,0.00,,0.7,,,,,,,abstract only
1164,11481682,multiple system atrophy,progressive supranuclear palsy,Sphincter EMG and differential diagnosis of multiple system atrophy.,2001,https://europepmc.org/article/MED/11481682,0.00,0.00,0.00,0.00,0.00,1.00,0.00,,,,,,0.3,,,abstract only
1165,38161828,primary membranous nephropathy,IgA nephropathy,"Overlap of Primary Membranous Nephropathy, IgA Nephropathy, and Diabetic Nephropathy: A Case Report.",2023,https://europepmc.org/article/PMC/PMC10754713,0.50,0.00,0.00,0.00,0.00,0.00,0.50,0.6,,,,,,0.7,,abstract only
1166,31632877,acute transverse myelitis,acute motor and sensory axonal neuropathy,A Rare Case of Acute Transverse Myelitis (ATM) and Acute Motor and Sensory Axonal Neuropathy (AMSAN) Overlap.,2019,https://europepmc.org/article/PMC/PMC6797005,0.50,0.00,0.00,0.00,0.00,0.00,0.50,0.6,,,,,,0.7,,abstract only
1167,20117795,Takotsubo cardiomyopathy,Guillain-Barre syndrome,Takotsubo cardiomyopathy associated with Guillain-Barré syndrome: a differential diagnosis from dysautonomia not to be missed.,2010,https://europepmc.org/article/MED/20117795,0.40,0.00,0.00,0.00,0.00,0.60,0.00,0.5,,,,,0.6,,,abstract only
1168,29660165,AH amyloidosis,amyloidosis,Usefulness of gastroduodenal biopsy in the differential diagnosis of systemic AH amyloidosis from systemic AL amyloidosis.,2018,https://europepmc.org/article/MED/29660165,0.00,0.00,0.00,0.00,0.00,1.00,0.00,,,,,,0.3,,,abstract only
1169,18294473,Takotsubo cardiomyopathy,acute myocardial infarction,Apical ballooning syndrome (Tako-Tsubo or stress cardiomyopathy): a mimic of acute myocardial infarction.,2008,https://europepmc.org/article/MED/18294473,0.40,0.00,0.00,0.00,0.00,0.60,0.00,0.7,,,,,0.7,,,abstract only
1170,33952877,Takotsubo cardiomyopathy,acute myocardial infarction,Takotsubo Cardiomyopathy: An ST-Elevation Myocardial Infarction Mimic.,2021,https://europepmc.org/article/MED/33952877,0.40,0.00,0.00,0.00,0.00,0.60,0.00,0.7,,,,,0.7,,,abstract only
1171,29081904,Takotsubo cardiomyopathy,acute myocardial infarction,Takotsubo cardiomyopathy: Pathophysiology and role of cardiac biomarkers in differential diagnosis.,2017,https://europepmc.org/article/PMC/PMC5633535,0.00,0.00,0.40,0.00,0.00,0.60,0.00,,,0.4,,,0.6,,,abstract only
1172,42499963,primary biliary cholangitis,systemic sclerosis,Overlap of Primary Biliary Cholangitis and Systemic Sclerosis: A Case of Reynolds Syndrome.,2026,https://europepmc.org/article/PMC/PMC13396880,0.50,0.00,0.00,0.00,0.00,0.00,0.50,0.6,,,,,,0.7,,abstract only
1173,18329728,Dubowitz syndrome,hyper-IgE syndrome,"Association between nasal polyposis, Dubowitz syndrome and hyper-IgE syndrome.",2008,https://europepmc.org/article/MED/18329728,1.00,0.00,0.00,0.00,0.00,0.00,0.00,0.6,,,,,,,,abstract only
1174,38396391,HELLP syndrome,thrombotic thrombocytopenic purpura,HELLP Syndrome and Differential Diagnosis with Other Thrombotic Microangiopathies in Pregnancy.,2024,https://europepmc.org/article/PMC/PMC10887663,0.40,0.00,0.00,0.00,0.00,0.60,0.00,0.5,,,,,0.5,,,abstract only
1175,36998575,deficiency of adenosine deaminase 2,polyarteritis nodosa,Deficiency of adenosine deaminase 2: a challenging differential diagnosis of polyarteritis nodosa.,2023,https://europepmc.org/article/PMC/PMC10044036,0.00,0.40,0.00,0.00,0.00,0.60,0.00,,0.4,,,,0.6,,,abstract only
1176,37901860,VAMP2-related neurodevelopmental disorder,Angelman syndrome,VAMP2 Gene-Related Neurodevelopmental Disorder: A Differential Diagnosis for Rett/Angelman-Type Spectrum of Disorders.,2023,https://europepmc.org/article/PMC/PMC10601795,0.60,0.40,0.00,0.00,0.00,0.00,0.00,0.7,0.2,,,,,,,abstract only
1177,37901860,VAMP2-related neurodevelopmental disorder,Rett syndrome,VAMP2 Gene-Related Neurodevelopmental Disorder: A Differential Diagnosis for Rett/Angelman-Type Spectrum of Disorders.,2023,https://europepmc.org/article/PMC/PMC10601795,0.60,0.40,0.00,0.00,0.00,0.00,0.00,0.7,0.2,,,,,,,abstract only
1178,34322134,common variable immunodeficiency,Sjogren syndrome,Shared Pathogenetic Features Between Common Variable Immunodeficiency and Sjögren's Syndrome: Clues for a Personalized Medicine.,2021,https://europepmc.org/article/PMC/PMC8311857,0.00,0.00,1.00,0.00,0.00,0.00,0.00,,,0.7,,,,,,abstract only
1179,35787602,congenital chloride diarrhea,ulcerative colitis,Diagnostic Challenge of Congenital Chloride Diarrhea and Ulcerative Colitis Overlap in an Adult Misdiagnosed with Bartter Syndrome: Case Report and Literature Review.,2022,https://europepmc.org/article/PMC/PMC9272577,0.60,0.40,0.00,0.00,0.00,0.00,0.00,0.6,0.2,,,,,,,abstract only
1180,30817493,posterior cortical atrophy,logopenic variant primary progressive aphasia,A Case of Overlap Posterior Cortical Atrophy and Logopenic Variant Primary Progressive Aphasia.,2019,https://europepmc.org/article/MED/30817493,0.60,0.00,0.40,0.00,0.00,0.00,0.00,0.8,,0.8,,,,,,abstract only
1181,3050697,sympathetic ophthalmia,Vogt-Koyanagi-Harada disease,"Relationship between sympathetic ophthalmia, phacoanaphylatic endophthalmitis, and Vogt-Koyanagi-Harada disease.",1988,https://europepmc.org/article/MED/3050697,0.50,0.00,0.50,0.00,0.00,0.00,0.00,0.7,,0.7,,,,,,abstract only
1182,11085667,systemic lupus erythematosus,polymyositis,"A juvenile case of overlap syndrome of systemic lupus erythematosus and polymyositis, later accompanied by systemic sclerosis with the development of anti-Scl 70 and anti-Ku antibodies.",2000,https://europepmc.org/article/MED/11085667,0.50,0.00,0.00,0.00,0.00,0.00,0.50,0.7,,,,,,0.7,,abstract only
1183,8486513,hereditary hemorrhagic telangiectasia,migraine,An association between migrainous aura and hereditary haemorrhagic telangiectasia.,1993,https://europepmc.org/article/MED/8486513,0.00,0.00,0.00,0.00,0.00,0.00,1.00,,,,,,,0.6,,abstract only
1184,19842196,1p36 deletion syndrome,Aicardi syndrome,Molecular characterization of a monosomy 1p36 presenting as an Aicardi syndrome phenocopy.,2009,https://europepmc.org/article/MED/19842196,1.00,0.00,0.00,0.00,0.00,0.00,0.00,0.7,,,,,,,,abstract only
1185,25047945,macrophage activation syndrome,hemophagocytic lymphohistiocytosis,Whole-exome sequencing reveals overlap between macrophage activation syndrome in systemic juvenile idiopathic arthritis and familial hemophagocytic lymphohistiocytosis.,2014,https://europepmc.org/article/PMC/PMC4321811,0.00,1.00,0.00,0.00,0.00,0.00,0.00,,0.7,,,,,,,abstract only
1186,26971321,Hodgkin lymphoma,multiple sclerosis,Meta-analysis of genome-wide association studies reveals genetic overlap between Hodgkin lymphoma and multiple sclerosis.,2016,https://europepmc.org/article/PMC/PMC5005944,0.00,1.00,0.00,0.00,0.00,0.00,0.00,,0.5,,,,,,,abstract only
1187,17569152,autoimmune hepatitis,systemic lupus erythematosus,An overlap syndrome involving autoimmune hepatitis and systemic lupus erythematosus in childhood.,2007,https://europepmc.org/article/PMC/PMC4147132,0.50,0.00,0.00,0.00,0.00,0.00,0.50,0.7,,,,,,0.7,,abstract only
1188,8923381,systemic sclerosis,polymyositis,Scleroderma-polymyositis overlap syndrome associated with anti-Ku antibody and rimmed vacuole formation.,1996,https://europepmc.org/article/MED/8923381,0.50,0.00,0.00,0.00,0.00,0.00,0.50,0.7,,,,,,0.7,,abstract only
1189,3381024,CREST syndrome,sarcoidosis,The CREST syndrome and sarcoidosis. Another example of an overlap syndrome.,1988,https://europepmc.org/article/MED/3381024,0.50,0.00,0.00,0.00,0.00,0.00,0.50,0.6,,,,,,0.7,,abstract only
1190,35338192,multiple sclerosis,neuromyelitis optica spectrum disorder,Disrupted structural network of inferomedial temporal regions in relapsing-remitting multiple sclerosis compared with neuromyelitis optica spectrum disorder.,2022,https://europepmc.org/article/PMC/PMC8956623,0.00,0.00,1.00,0.00,0.00,0.00,0.00,,,0.3,,,,,,abstract only
1191,9141146,Turner syndrome,schizophrenia,A case of Turner syndrome with schizophrenia: genetic relationship between Turner syndrome and psychosis.,1997,https://europepmc.org/article/MED/9141146,0.00,1.00,0.00,0.00,0.00,0.00,0.00,,0.3,,,,,,,abstract only
1192,11430269,frontotemporal dementia,Alzheimer disease,A brief neuropsychological assessment for the differential diagnosis between frontotemporal dementia and Alzheimer's disease.,2001,https://europepmc.org/article/MED/11430269,0.40,0.00,0.00,0.00,0.00,0.60,0.00,0.4,,,,,0.3,,,abstract only
1193,8243250,eosinophilic fasciitis,systemic sclerosis,[Eosinophilic fasciitis (Shulman syndrome) as a rare differential diagnosis of sclerodermiform skin changes].,1993,https://europepmc.org/article/MED/8243250,0.40,0.00,0.00,0.00,0.00,0.60,0.00,0.6,,,,,0.6,,,abstract only
1194,24034447,Kleine-Levin syndrome,bipolar disorder,Kleine-Levin syndrome and bipolar disorder: a differential diagnosis of recurrent and resistant depression.,2013,https://europepmc.org/article/MED/24034447,0.40,0.00,0.00,0.00,0.00,0.60,0.00,0.6,,,,,0.6,,,abstract only
1195,42815167,Fabry disease,multiple sclerosis,GLA variant screening in patients with suspected demyelinating disease: Diagnostic yield and implications for the differential diagnosis of multiple sclerosis.,2026,https://europepmc.org/article/MED/42815167,0.00,0.40,0.00,0.00,0.00,0.60,0.00,,0.5,,,,0.6,,,abstract only
1196,27876313,lysosomal acid lipase deficiency,Gaucher disease,Lysosomal acid lipase deficiency: Expanding differential diagnosis.,2017,https://europepmc.org/article/MED/27876313,0.40,0.00,0.00,0.00,0.00,0.60,0.00,0.6,,,,,0.6,,,abstract only
1197,39459490,ankylosing spondylitis,amyotrophic lateral sclerosis,An Uncommon Overlap Syndrome Between Ankylosing Spondylitis and Amyotrophic Lateral Sclerosis-Case Report.,2024,https://europepmc.org/article/PMC/PMC11509627,0.00,0.00,0.00,0.00,0.00,0.00,1.00,,,,,,,0.5,,abstract only
1198,12948479,Krabbe disease,amyotrophic lateral sclerosis,Adult onset Krabbe disease may mimic motor neurone disease.,2003,https://europepmc.org/article/MED/12948479,0.40,0.00,0.00,0.00,0.00,0.60,0.00,0.7,,,,,0.7,,,abstract only
1199,38254934,pancreatoblastoma,familial adenomatous polyposis,Association between Pancreatoblastoma and Familial Adenomatous Polyposis: Review of the Literature with an Additional Case.,2023,https://europepmc.org/article/PMC/PMC10815143,0.00,0.40,0.00,0.00,0.00,0.00,0.60,,0.6,,,,,0.5,,abstract only
1200,38486332,11p13 microduplication,Silver-Russell syndrome,11p13 microduplication: a differential diagnosis of Silver-Russell syndrome?,2024,https://europepmc.org/article/PMC/PMC10941370,0.40,0.00,0.00,0.00,0.00,0.60,0.00,0.6,,,,,0.6,,,abstract only
1201,31754500,cleidocranial dysplasia,pyknodysostosis,Cleidocranial dysplasia: Radiological mimic of pyknodysostosis - A case report.,2018,https://europepmc.org/article/PMC/PMC6837811,0.40,0.00,0.00,0.00,0.00,0.60,0.00,0.7,,,,,0.7,,,abstract only
1202,9831535,chronic beryllium disease,sarcoidosis,"Chronic beryllium disease: uncommon disease, less common diagnosis.",1998,https://europepmc.org/article/PMC/PMC1533257,0.40,0.00,0.00,0.00,0.00,0.60,0.00,0.7,,,,,0.6,,,abstract only
1203,15826858,myasthenia gravis,Lambert-Eaton myasthenic syndrome,MG and LEMS overlap syndrome: case report with electrophysiological and immunological evidence.,2005,https://europepmc.org/article/MED/15826858,0.50,0.00,0.50,0.00,0.00,0.00,0.00,0.7,,0.6,,,,,,abstract only
1204,3873517,amyotrophic lateral sclerosis,multiple sclerosis,Morbidity and mortality in motor neuron disease: comparison with multiple sclerosis and Parkinson's disease: age and sex specific rates and cohort analyses.,1985,https://europepmc.org/article/PMC/PMC1028295,0.00,0.00,0.00,0.00,1.00,0.00,0.00,,,,,0.3,,,,abstract only
1205,3873517,amyotrophic lateral sclerosis,Parkinson disease,Morbidity and mortality in motor neuron disease: comparison with multiple sclerosis and Parkinson's disease: age and sex specific rates and cohort analyses.,1985,https://europepmc.org/article/PMC/PMC1028295,0.00,0.00,0.00,0.00,1.00,0.00,0.00,,,,,0.3,,,,abstract only
1206,3785283,Duchenne muscular dystrophy,polymyositis,"A quantitative comparison of satellite cell ultrastructure in Duchenne muscular dystrophy, polymyositis, and normal controls.",1986,https://europepmc.org/article/MED/3785283,0.00,0.00,1.00,0.00,0.00,0.00,0.00,,,0.3,,,,,,abstract only
1207,2706122,Duchenne muscular dystrophy,spinal muscular atrophy,Downward shift in IQ in persons with Duchenne muscular dystrophy compared to those with spinal muscular atrophy.,1989,https://europepmc.org/article/MED/2706122,1.00,0.00,0.00,0.00,0.00,0.00,0.00,0.3,,,,,,,,abstract only
1208,41923523,Parkinson disease,multiple system atrophy,Divergent Glymphatic Dysfunction and Free Water Pathology Underpin Distinct Mechanisms and Enable Differential Diagnosis in Parkinson's Disease and Multiple System Atrophy.,2026,https://europepmc.org/article/PMC/PMC13387932,0.00,0.00,0.40,0.00,0.00,0.60,0.00,,,0.3,,,0.3,,,abstract only
1209,7785431,multiple system atrophy,Parkinson disease,Autonomic dysfunction in pathologically confirmed multiple system atrophy and idiopathic Parkinson's disease--a retrospective comparison.,1995,https://europepmc.org/article/MED/7785431,1.00,0.00,0.00,0.00,0.00,0.00,0.00,0.4,,,,,,,,abstract only
1210,19363627,multiple system atrophy,Parkinson disease,Comparison of smooth pursuit eye movement deficits in multiple system atrophy and Parkinson's disease.,2009,https://europepmc.org/article/MED/19363627,1.00,0.00,0.00,0.00,0.00,0.00,0.00,0.5,,,,,,,,abstract only
1211,28935576,peripartum cardiomyopathy,dilated cardiomyopathy,Myofilament Remodeling and Function Is More Impaired in Peripartum Cardiomyopathy Compared with Dilated Cardiomyopathy and Ischemic Heart Disease.,2017,https://europepmc.org/article/MED/28935576,0.00,0.00,1.00,0.00,0.00,0.00,0.00,,,0.3,,,,,,abstract only
1212,27432103,myasthenia gravis,Miller Fisher syndrome,Overlap of Myasthenia Gravis and Miller Fisher Syndrome.,2016,https://europepmc.org/article/MED/27432103,1.00,0.00,0.00,0.00,0.00,0.00,0.00,0.7,,,,,,,,abstract only
1213,14582364,progressive supranuclear palsy,Parkinson disease,[A follow-up study on brainstem atrophy in progressive supranuclear palsy--when does brain MRI contribute to the differential diagnosis between progressive supranuclear palsy and Parkinson disease?].,2003,https://europepmc.org/article/MED/14582364,0.00,0.00,0.00,0.00,0.00,1.00,0.00,,,,,,0.3,,,abstract only
1214,32845392,giant cell arteritis,Takayasu arteritis,Pathogenesis of Giant Cell Arteritis and Takayasu Arteritis-Similarities and Differences.,2020,https://europepmc.org/article/PMC/PMC9112376,0.00,0.00,1.00,0.00,0.00,0.00,0.00,,,0.6,,,,,,abstract only
1215,30266157,autoimmune hepatitis,primary sclerosing cholangitis,"Autoimmune Hepatitis, Sclerosing Cholangitis, and Autoimmune Sclerosing Cholangitis or Overlap Syndrome.",2018,https://europepmc.org/article/MED/30266157,1.00,0.00,0.00,0.00,0.00,0.00,0.00,0.6,,,,,,,,abstract only
1216,28179466,Parkinson disease,atypical parkinsonian disorders,Blood-based NfL: A biomarker for differential diagnosis of parkinsonian disorder.,2017,https://europepmc.org/article/PMC/PMC5333515,0.00,0.00,0.40,0.00,0.00,0.60,0.00,,,0.3,,,0.3,,,abstract only
1217,37822435,Kikuchi-Fujimoto disease,systemic lupus erythematosus,Kikuchi-Fujimoto Disease With Systemic Lupus Erythematosus and Systemic Sclerosis Overlap: A Unique Clinical Presentation.,2023,https://europepmc.org/article/PMC/PMC10562878,1.00,0.00,0.00,0.00,0.00,0.00,0.00,0.7,,,,,,,,abstract only
1218,37822435,Kikuchi-Fujimoto disease,systemic sclerosis,Kikuchi-Fujimoto Disease With Systemic Lupus Erythematosus and Systemic Sclerosis Overlap: A Unique Clinical Presentation.,2023,https://europepmc.org/article/PMC/PMC10562878,1.00,0.00,0.00,0.00,0.00,0.00,0.00,0.7,,,,,,,,abstract only
1219,27106809,CoQ10 deficiency (ADCK3-related),POLG-related disorders,"ADCK3 mutations with epilepsy, stroke-like episodes and ataxia: a POLG mimic?",2016,https://europepmc.org/article/MED/27106809,0.60,0.40,0.00,0.00,0.00,0.00,0.00,0.6,0.2,,,,,,,abstract only
1220,41225386,systemic lupus erythematosus,pauci-immune glomerulonephritis,Cardiogenic shock and crescentic pauci-immune glomerulonephritis associated with systemic lupus erythematosus and ANCA-vasculitis overlap: a case report.,2025,https://europepmc.org/article/PMC/PMC12613752,1.00,0.00,0.00,0.00,0.00,0.00,0.00,0.6,,,,,,,,abstract only
1221,23291802,Susac syndrome,multiple sclerosis,Susac syndrome. A differential diagnosis for demyelination.,2013,https://europepmc.org/article/MED/23291802,0.40,0.00,0.00,0.00,0.00,0.60,0.00,0.5,,,,,0.6,,,abstract only
1222,36725057,systemic sclerosis,sarcoidosis,Epidemiology and Survival of Systemic Sclerosis-Sarcoidosis Overlap Syndrome.,2023,https://europepmc.org/article/MED/36725057,0.00,0.00,0.00,0.00,0.00,0.00,1.00,,,,,,,0.6,,abstract only
1223,18236005,multiple system atrophy,Parkinson disease,PRNP M129V homozygosity in multiple system atrophy vs. Parkinson's disease.,2008,https://europepmc.org/article/MED/18236005,0.00,1.00,0.00,0.00,0.00,0.00,0.00,,0.4,,,,,,,abstract only
1224,36505768,tuberous sclerosis complex,neurofibromatosis,Case Report: Differential diagnosis for tuberous sclerosis and neurofibromatosis type 1 diagnostic pitfall of aggressively enlarged right upper limb.,2022,https://europepmc.org/article/PMC/PMC9731334,0.40,0.00,0.00,0.00,0.00,0.60,0.00,0.6,,,,,0.6,,,abstract only
1225,32509365,systemic lupus erythematosus,ANCA-associated vasculitis,A Case of Systemic Lupus Erythematosus/Antineutrophil Cytoplasmic Antibody-Associated Vasculitis Overlap Syndrome with Dissociated Pathological and Immunological Findings.,2020,https://europepmc.org/article/PMC/PMC7246398,0.50,0.00,0.00,0.00,0.00,0.00,0.50,0.7,,,,,,0.7,,abstract only
1226,23326272,amyotrophic lateral sclerosis,multiple sclerosis,Amyotrophic lateral sclerosis and multiple sclerosis overlap: a case report.,2012,https://europepmc.org/article/PMC/PMC3541770,0.00,0.00,0.00,0.00,0.00,0.00,1.00,,,,,,,0.2,,abstract only
1227,10436338,frontotemporal dementia,Alzheimer disease,Frontotemporal dementia and Alzheimer's disease: differential diagnosis.,1999,https://europepmc.org/article/MED/10436338,0.40,0.00,0.00,0.00,0.00,0.60,0.00,0.4,,,,,0.4,,,abstract only
1228,28892963,autoimmune hepatitis,primary biliary cholangitis,Autoimmune Hepatitis - Primary Biliary Cirrhosis Overlap Syndrome.,2017,https://europepmc.org/article/PMC/PMC5583830,0.50,0.00,0.00,0.00,0.00,0.00,0.50,0.7,,,,,,0.7,,abstract only
1229,27102003,myasthenia gravis,amyotrophic lateral sclerosis,Myasthenia gravis and amyotrophic lateral sclerosis: A pathogenic overlap.,2016,https://europepmc.org/article/MED/27102003,0.00,0.00,0.40,0.00,0.00,0.00,0.60,,,0.4,,,,0.4,,abstract only
1230,25749817,myotonia congenita,fibromyalgia,The Overlap between Fibromyalgia Syndrome and Myotonia Congenita.,2015,https://europepmc.org/article/PMC/PMC4387486,1.00,0.00,0.00,0.00,0.00,0.00,0.00,0.6,,,,,,,,abstract only
1231,9448574,multiple system atrophy,Parkinson disease,Complementary PET studies of striatal neuronal function in the differential diagnosis between multiple system atrophy and Parkinson's disease.,1997,https://europepmc.org/article/MED/9448574,0.00,0.00,1.00,0.00,0.00,0.00,0.00,,,0.3,,,,,,abstract only
1232,8313247,metachromatic leukodystrophy,familial Alzheimer disease,The differential diagnosis of adult onset metachromatic leukodystrophy and early onset familial Alzheimer disease in an Alzheimer clinic population.,1993,https://europepmc.org/article/MED/8313247,0.40,0.00,0.00,0.00,0.00,0.60,0.00,0.6,,,,,0.6,,,abstract only
1233,31661576,Fabry disease,hypertrophic cardiomyopathy,Echocardiographic features of Fabry cardiomyopathy-Comparison with hypertrophy-matched sarcomeric hypertrophic cardiomyopathy.,2019,https://europepmc.org/article/MED/31661576,0.40,0.00,0.00,0.00,0.00,0.60,0.00,0.3,,,,,0.3,,,abstract only
1234,21440668,primary biliary cholangitis,autoimmune hepatitis,Prevalence of primary biliary cirrhosis-autoimmune hepatitis overlap syndrome.,2011,https://europepmc.org/article/MED/21440668,0.00,0.00,0.00,0.00,0.00,0.00,1.00,,,,,,,0.5,,abstract only
1235,31324404,progressive supranuclear palsy,Parkinson disease,Progressive supranuclear palsy as differential diagnosis of Parkinson's disease in the elderly.,2019,https://europepmc.org/article/MED/31324404,0.40,0.00,0.00,0.00,0.00,0.60,0.00,0.5,,,,,0.6,,,abstract only
1236,2673770,familial hypocalciuric hypercalcemia,primary hyperparathyroidism,Familial benign (hypocalciuric) hypercalcemia. A troublesome mimic of mild primary hyperparathyroidism.,1989,https://europepmc.org/article/MED/2673770,0.40,0.00,0.00,0.00,0.00,0.60,0.00,0.7,,,,,0.7,,,abstract only
1237,24862881,Kabuki syndrome,CHARGE syndrome,An unusual presentation of Kabuki syndrome: clinical overlap with CHARGE syndrome.,2014,https://europepmc.org/article/MED/24862881,1.00,0.00,0.00,0.00,0.00,0.00,0.00,0.8,,,,,,,,abstract only
1238,34786253,granulomatosis with polyangiitis,IgA nephropathy,Overlap of Granulomatosis With Polyangiitis and IgA Nephropathy.,2021,https://europepmc.org/article/PMC/PMC8579883,0.50,0.00,0.00,0.00,0.00,0.00,0.50,0.6,,,,,,0.7,,abstract only
1239,41357727,lupus nephritis,ANCA-associated vasculitis,A Double-Edged Sword: The Clinical Dilemma of Lupus Nephritis and Antineutrophil Cytoplasmic Antibody-Associated Vasculitis Overlap Syndrome.,2025,https://europepmc.org/article/PMC/PMC12681236,0.00,0.00,0.40,0.00,0.00,0.00,0.60,,,0.3,,,,0.5,,abstract only
1240,41376764,Miller Fisher syndrome,acute motor and sensory axonal neuropathy,Antibody Positive Miller-Fisher Syndrome and Acute Motor Sensory Axonal Neuropathy With Respiratory Failure: A Rare Overlap.,2025,https://europepmc.org/article/PMC/PMC12687756,1.00,0.00,0.00,0.00,0.00,0.00,0.00,0.8,,,,,,,,abstract only
1241,38002674,Fabry disease,hypertrophic cardiomyopathy,Fabry Disease: More than a Phenocopy of Hypertrophic Cardiomyopathy.,2023,https://europepmc.org/article/MED/38002674,0.40,0.00,0.00,0.00,0.00,0.60,0.00,0.6,,,,,0.6,,,abstract only
1242,7696119,IgA nephropathy,Henoch-Schonlein purpura,Sequential occurrence of IgA nephropathy and Henoch-Schönlein purpura: support for common pathogenesis.,1994,https://europepmc.org/article/MED/7696119,0.00,0.00,1.00,0.00,0.00,0.00,0.00,,,0.7,,,,,,abstract only
1243,19132155,dermatomyositis,systemic sclerosis,A dermatomyositis and scleroderma overlap syndrome with a remarkable high titer of anti-exosome antibodies.,2008,https://europepmc.org/article/MED/19132155,0.50,0.00,0.00,0.00,0.00,0.00,0.50,0.7,,,,,,0.7,,abstract only
1244,33303554,idiopathic pulmonary fibrosis,rheumatoid arthritis-associated interstitial lung disease,Two sides of the same coin? A review of the similarities and differences between idiopathic pulmonary fibrosis and rheumatoid arthritis-associated interstitial lung disease.,2021,https://europepmc.org/article/MED/33303554,0.60,0.40,0.00,0.00,0.00,0.00,0.00,0.6,0.6,,,,,,,abstract only
1245,26419749,Parkinson disease,multiple system atrophy,Individual time course of pre- and postsynaptic PET imaging may improve differential diagnosis of Parkinson's disease and multiple system atrophy: a case report.,2015,https://europepmc.org/article/PMC/PMC4589095,0.00,0.00,1.00,0.00,0.00,0.00,0.00,,,0.3,,,,,,abstract only
1246,25638582,Parkinson disease,multiple system atrophy,Plasma biomarkers of decreased vesicular storage distinguish Parkinson disease with orthostatic hypotension from the parkinsonian form of multiple system atrophy.,2015,https://europepmc.org/article/PMC/PMC5248558,0.00,0.00,1.00,0.00,0.00,0.00,0.00,,,0.3,,,,,,abstract only
1247,7778442,Albright hereditary osteodystrophy,pseudohypoparathyroidism,Characterization of Albright hereditary osteodystrophy and related disorders.,1995,https://europepmc.org/article/MED/7778442,0.00,1.00,0.00,0.00,0.00,0.00,0.00,,0.8,,,,,,,abstract only
1248,30679579,Takayasu arteritis,giant cell arteritis,Serum levels of fibroblast growth factor-2 distinguish Takayasu arteritis from giant cell arteritis independent of age at diagnosis.,2019,https://europepmc.org/article/PMC/PMC6345929,0.00,0.00,1.00,0.00,0.00,0.00,0.00,,,0.3,,,,,,abstract only
1249,23885230,22q11.2 deletion syndrome,CHARGE syndrome,More Clinical Overlap between 22q11.2 Deletion Syndrome and CHARGE Syndrome than Often Anticipated.,2013,https://europepmc.org/article/PMC/PMC3711480,1.00,0.00,0.00,0.00,0.00,0.00,0.00,0.7,,,,,,,,abstract only
1250,22260976,Miller Fisher syndrome,pharyngeal-cervical-brachial variant of Guillain-Barre syndrome,[Overlap case of Fisher syndrome and pharyngeal-cervical-brachial variant of Guillain-Barré syndrome].,2012,https://europepmc.org/article/MED/22260976,1.00,0.00,0.00,0.00,0.00,0.00,0.00,0.8,,,,,,,,abstract only
1251,12525387,ANCA-associated vasculitis,polyarteritis nodosa,Diffuse endothelial dysfunction is common to ANCA associated systemic vasculitis and polyarteritis nodosa.,2003,https://europepmc.org/article/PMC/PMC1754444,0.00,0.00,1.00,0.00,0.00,0.00,0.00,,,0.7,,,,,,abstract only
1252,10700698,dyskeratosis congenita,Hoyeraal-Hreidarsson syndrome,Overlap of dyskeratosis congenita with the Hoyeraal-Hreidarsson syndrome.,2000,https://europepmc.org/article/MED/10700698,0.60,0.40,0.00,0.00,0.00,0.00,0.00,0.8,0.8,,,,,,,abstract only
1253,3612209,Miller Fisher syndrome,Guillain-Barre syndrome,Demyelinating optic neuropathy with Miller-Fisher syndrome. The case for overlap syndromes with central and peripheral demyelination.,1987,https://europepmc.org/article/MED/3612209,1.00,0.00,0.00,0.00,0.00,0.00,0.00,0.6,,,,,,,,abstract only
1254,33368194,IQSEC2 disorder,Rett syndrome,IQSEC2 disorder: A new disease entity or a Rett spectrum continuum?,2021,https://europepmc.org/article/MED/33368194,1.00,0.00,0.00,0.00,0.00,0.00,0.00,0.6,,,,,,,,abstract only
1255,10457851,oral-facial-digital syndrome,Ellis-van Creveld syndrome,Oral-facial-digital syndrome with acromelic short stature: a new variant--overlap with Ellis Van Creveld syndrome.,1999,https://europepmc.org/article/MED/10457851,1.00,0.00,0.00,0.00,0.00,0.00,0.00,0.7,,,,,,,,abstract only
1256,2151258,systemic sclerosis,polymyositis,[Progressive systemic sclerosis and polymyositis overlap syndrome: a report of 40 cases].,1990,https://europepmc.org/article/MED/2151258,0.50,0.00,0.00,0.00,0.00,0.00,0.50,0.7,,,,,,0.7,,abstract only
1257,3632379,Meige syndrome,myasthenia gravis,Coexistent Meige's syndrome and myasthenia gravis. A relationship between blinking and extraocular muscle fatigue?,1987,https://europepmc.org/article/MED/3632379,0.00,0.00,0.00,0.00,0.00,0.00,1.00,,,,,,,0.6,,abstract only
1258,21503830,primary biliary cholangitis,autoimmune hepatitis,Overlap syndrome of autoimmune hepatitis and primary biliary cirrhosis triggered by fluvastatin.,2011,https://europepmc.org/article/MED/21503830,0.50,0.00,0.00,0.00,0.00,0.00,0.50,0.7,,,,,,0.7,,abstract only
1259,39624815,autoimmune hepatitis,systemic lupus erythematosus,Autoimmune Hepatitis and Systemic Lupus Erythematosus Overlap Syndrome: A Case Report and Literature Review.,2024,https://europepmc.org/article/PMC/PMC11611051,0.50,0.00,0.00,0.00,0.00,0.00,0.50,0.7,,,,,,0.7,,abstract only
1260,39628849,Miller Fisher syndrome,Guillain-Barre syndrome,A rare association of Guillain-Barré syndrome/Miller-Fisher syndrome overlap syndrome and Herpes Simplex Virus Type 1 infection: trigger or exacerbating factor?,2024,https://europepmc.org/article/PMC/PMC11613286,1.00,0.00,0.00,0.00,0.00,0.00,0.00,0.8,,,,,,,,abstract only
1261,9237499,Simpson-Golabi-Behmel syndrome,Beckwith-Wiedemann syndrome,Extending the overlap of three congenital overgrowth syndromes.,1997,https://europepmc.org/article/MED/9237499,1.00,0.00,0.00,0.00,0.00,0.00,0.00,0.7,,,,,,,,abstract only
1262,40040912,Leber hereditary optic neuropathy,multiple sclerosis,Leber's hereditary optic neuropathy and multiple sclerosis: overlap between mitochondrial disease and neuroinflammation.,2025,https://europepmc.org/article/PMC/PMC11876024,0.60,0.00,0.40,0.00,0.00,0.00,0.00,0.5,,0.5,,,,,,abstract only
1263,31795342,Loeys-Dietz syndrome,Marfan syndrome,Case-matched Comparison of Cardiovascular Outcome in Loeys-Dietz Syndrome versus Marfan Syndrome.,2019,https://europepmc.org/article/PMC/PMC6947024,1.00,0.00,0.00,0.00,0.00,0.00,0.00,0.6,,,,,,,,abstract only
1264,30008448,systemic sclerosis,systemic lupus erythematosus,Epidemiology and Survival of Systemic Sclerosis-Systemic Lupus Erythematosus Overlap Syndrome.,2018,https://europepmc.org/article/MED/30008448,0.50,0.00,0.00,0.00,0.00,0.00,0.50,0.7,,,,,,0.7,,abstract only
1265,36683795,multisystem inflammatory syndrome in children,near MIS-C,"Multisystem inflammatory syndrome in children (MIS-C) and ""Near MIS-C"": A continuum?",2022,https://europepmc.org/article/PMC/PMC9849890,1.00,0.00,0.00,0.00,0.00,0.00,0.00,0.7,,,,,,,,abstract only
1266,32409253,amyotrophic lateral sclerosis,epilepsy,Analysis of shared common genetic risk between amyotrophic lateral sclerosis and epilepsy.,2020,https://europepmc.org/article/PMC/PMC7818383,0.00,1.00,0.00,0.00,0.00,0.00,0.00,,0.4,,,,,,,abstract only
1267,22952843,amyotrophic lateral sclerosis,frontotemporal dementia,Grey and white matter changes across the amyotrophic lateral sclerosis-frontotemporal dementia continuum.,2012,https://europepmc.org/article/PMC/PMC3430626,1.00,0.00,0.00,0.00,0.00,0.00,0.00,0.6,,,,,,,,abstract only
1268,30538847,Duchenne muscular dystrophy,limb-girdle muscular dystrophy type 2A,Differential Diagnosis between Duchenne Muscular Dystrophy and Limb Girdle Muscular Dystrophy 2a.,2015,https://europepmc.org/article/PMC/PMC6243516,0.40,0.00,0.00,0.00,0.00,0.60,0.00,0.7,,,,,0.7,,,abstract only
1269,37099180,hypereosinophilic syndrome,eosinophilic granulomatosis with polyangiitis,[Eosinophilia: hypereosinophilic syndrome vs. eosinophilic granulomatosis with polyangiitis].,2023,https://europepmc.org/article/MED/37099180,0.40,0.00,0.00,0.00,0.00,0.60,0.00,0.5,,,,,0.5,,,abstract only
1270,17992089,Huntington disease,Huntington disease-like syndromes,Huntington's disease phenocopy syndromes.,2007,https://europepmc.org/article/MED/17992089,0.60,0.40,0.00,0.00,0.00,0.00,0.00,0.6,0.2,,,,,,,abstract only
1271,34167976,transthyretin amyloidosis,giant cell arteritis,Transthyretin amyloidosis and herpes zoster infection: a mimic of temporal arteritis.,2021,https://europepmc.org/article/PMC/PMC8230982,0.40,0.00,0.00,0.00,0.00,0.60,0.00,0.7,,,,,0.7,,,abstract only
1272,42716743,posterior cortical atrophy,antiphospholipid syndrome,Posterior Cortical Atrophy Phenocopy Associated with Antiphospholipid Syndrome: A Case Report.,2026,https://europepmc.org/article/MED/42716743,0.40,0.00,0.00,0.00,0.00,0.60,0.00,0.7,,,,,0.7,,,abstract only
1273,9951798,Takayasu arteritis,Buerger disease,"Takayasu arteritis, Buerger disease and inflammatory abdominal aortic aneurysms: is there a common pathway in their pathogenesis?",1998,https://europepmc.org/article/MED/9951798,0.00,0.00,1.00,0.00,0.00,0.00,0.00,,,0.5,,,,,,abstract only
1274,9270598,spinal and bulbar muscular atrophy,amyotrophic lateral sclerosis,Spinobulbar muscular atrophy can mimic ALS: the importance of genetic testing in male patients with atypical ALS.,1997,https://europepmc.org/article/MED/9270598,0.40,0.00,0.00,0.00,0.00,0.60,0.00,0.6,,,,,0.7,,,abstract only
1275,32557839,multiple system atrophy,Parkinson disease,Skin Biopsy May Help to Distinguish Multiple System Atrophy-Parkinsonism from Parkinson's Disease With Orthostatic Hypotension.,2020,https://europepmc.org/article/MED/32557839,0.00,0.00,0.00,0.00,0.00,1.00,0.00,,,,,,0.3,,,abstract only
1276,17894342,multiple system atrophy,Parkinson disease,Comparison of brain MRI and 18F-FDG PET in the differential diagnosis of multiple system atrophy from Parkinson's disease.,2007,https://europepmc.org/article/MED/17894342,0.00,0.00,0.00,0.00,0.00,1.00,0.00,,,,,,0.3,,,abstract only
