disease_a,disease_b,disease_a_canonical,disease_b_canonical,disease_a_orpha_id,disease_b_orpha_id,disease_a_orpha_mapping_status,disease_b_orpha_mapping_status,status_a,status_b,similarity_dimension,relationship,similarity_score,finding,key_details,study_type,sample_size,paper_title,year,link,pmid,open_access,full_text_access,evidence_checked,batch,stratum,query_type,low_evidence
Mosaic variegated aneuploidy syndrome,Nephroblastoma,Mosaic variegated aneuploidy syndrome,Nephroblastoma,ORPHA:1052,ORPHA:654,feature_table,feature_table,rare,rare,other (comorbidity); epidemiology,related but distinct,0.50,"MVA syndrome carries high malignancy risk, including embryonal tumours",,case report,,High risk of malignancy in mosaic variegated aneuploidy syndrome.,2002,https://doi.org/10.1002/ajmg.10281,11932988,no,no - not marked open access in Europe PMC,abstract only,pairfirst-1,C_genetic_cousins,general,yes
Bardet-Biedl syndrome,Retinitis pigmentosa,Bardet-Biedl syndrome,Retinitis pigmentosa,ORPHA:110,ORPHA:791,feature_table,feature_table,rare,rare,phenotype; genes,related but distinct,0.50,Retinitis pigmentosa genes review: RP occurs as part of syndromes such as Bardet-Biedl,,original research,,Retinitis pigmentosa: genes and disease mechanisms.,2011,https://europepmc.org/article/PMC/PMC3131731,22131869,yes,yes - free full text in PMC/Europe PMC (not read),abstract only,pairfirst-1,C_genetic_cousins,general,no
Bardet-Biedl syndrome,Retinitis pigmentosa,Bardet-Biedl syndrome,Retinitis pigmentosa,ORPHA:110,ORPHA:791,feature_table,feature_table,rare,rare,phenotype,related but distinct,0.50,"Cardinal BBS features: severe retinal dystrophy, only 2 of 28 had typical RP",,original research,,"The cardinal manifestations of Bardet-Biedl syndrome, a form of Laurence-Moon-Biedl syndrome.",1989,https://doi.org/10.1056/nejm198910123211503,2779627,no,no - not marked open access in Europe PMC,abstract only,pairfirst-1,C_genetic_cousins,general,no
Bardet-Biedl syndrome,Retinitis pigmentosa,Bardet-Biedl syndrome,Retinitis pigmentosa,ORPHA:110,ORPHA:791,feature_table,feature_table,rare,rare,pathways; phenotype,related but distinct,0.65,Retinal ciliopathies span isolated retinal degeneration (RP) to syndromic forms such as BBS,,review,,The retinal ciliopathies.,2007,https://doi.org/10.1080/13816810701537424,17896309,no,no - not marked open access in Europe PMC,abstract only,pairfirst-1,C_genetic_cousins,genetic,no
Parathyroid carcinoma,Hyperparathyroidism-jaw tumor syndrome,Parathyroid carcinoma,Hyperparathyroidism-jaw tumor syndrome,ORPHA:143,ORPHA:99880,feature_table,feature_table,rare,rare,genes; other (comorbidity),similar,0.70,HPT-JT families linked to HRPT2 locus; parathyroid carcinoma is a component tumour of the syndrome,,case report,,Hereditary hyperparathyroidism-jaw tumor syndrome: the endocrine tumor gene HRPT2 maps to chromosome 1q21-q31.,1995,https://europepmc.org/article/PMC/PMC1801214,7717405,no,no - not marked open access in Europe PMC,abstract only,pairfirst-1,A_close_relatives,general,no
Parathyroid carcinoma,Hyperparathyroidism-jaw tumor syndrome,Parathyroid carcinoma,Hyperparathyroidism-jaw tumor syndrome,ORPHA:143,ORPHA:99880,feature_table,feature_table,rare,rare,genes; pathways,related but distinct,0.60,CDC73/HRPT2 loss implicated in both HPT-JT and sporadic parathyroid carcinoma,,original research,,Differential expression of microRNAs in human parathyroid carcinomas compared with normal parathyroid tissue.,2010,https://doi.org/10.1677/erc-09-0134,19926710,no,no - not marked open access in Europe PMC,abstract only,pairfirst-1,A_close_relatives,general,no
Parathyroid carcinoma,Hyperparathyroidism-jaw tumor syndrome,Parathyroid carcinoma,Hyperparathyroidism-jaw tumor syndrome,ORPHA:143,ORPHA:99880,feature_table,feature_table,rare,rare,genes; other (comorbidity),similar,0.75,"French cohort: germline HRPT2/CDC73 deletions in HPT-JT, which can present with parathyroid adenoma or carcinoma",,original research,,Frequent large germline HRPT2 deletions in a French National cohort of patients with primary hyperparathyroidism.,2013,https://doi.org/10.1210/jc.2012-2789,23293331,no,no - not marked open access in Europe PMC,abstract only,pairfirst-1,A_close_relatives,general,no
Parathyroid carcinoma,Hyperparathyroidism-jaw tumor syndrome,Parathyroid carcinoma,Hyperparathyroidism-jaw tumor syndrome,ORPHA:143,ORPHA:99880,feature_table,feature_table,rare,rare,genes; pathways,similar,0.70,Same CDC73 gene mutated somatically in ~70% of parathyroid carcinoma and germline in HPT-JT,,review,,Parathyroid carcinoma.,2018,https://doi.org/10.1016/j.beem.2018.11.002,30551989,no,no - not marked open access in Europe PMC,abstract only,pairfirst-1,A_close_relatives,general,no
Parathyroid carcinoma,Hyperparathyroidism-jaw tumor syndrome,Parathyroid carcinoma,Hyperparathyroidism-jaw tumor syndrome,ORPHA:143,ORPHA:99880,feature_table,feature_table,rare,rare,genes; pathways,similar,0.69,Parathyroid carcinoma arises sporadically or within HPT-JT via CDC73 germline mutations,,review,,Molecular genetics of syndromic and non-syndromic forms of parathyroid carcinoma.,2017,https://europepmc.org/article/PMC/PMC5698716,28881068,yes,yes - free full text in PMC/Europe PMC (not read),abstract only,pairfirst-1,A_close_relatives,therapeutic,no
Parathyroid carcinoma,Hyperparathyroidism-jaw tumor syndrome,Parathyroid carcinoma,Hyperparathyroidism-jaw tumor syndrome,ORPHA:143,ORPHA:99880,feature_table,feature_table,rare,rare,genes; other (comorbidity),similar,0.68,Parathyroid carcinoma accounts for up to 15% of hereditary HPT-JT cases; CDC73 mutations dominate,,review,,Parathyroid Carcinoma.,2019,https://doi.org/10.1159/000491039,30641523,no,no - not marked open access in Europe PMC,abstract only,pairfirst-1,A_close_relatives,therapeutic,no
Lynch syndrome,Familial colorectal cancer Type X,Lynch syndrome,Familial colorectal cancer Type X,ORPHA:144,ORPHA:440437,feature_table,feature_table,rare,rare,epidemiology; genes,related but distinct,0.25,Amsterdam-I families without MMR deficiency have lower cancer incidence than Lynch families,,original research,,Lower cancer incidence in Amsterdam-I criteria families without mismatch repair deficiency: familial colorectal cancer type X.,2005,https://europepmc.org/article/PMC/PMC2933042,15855431,no,no - not marked open access in Europe PMC,abstract only,pairfirst-1,B_phenotype_twins_diff_genes,general,no
Lynch syndrome,Familial colorectal cancer Type X,Lynch syndrome,Familial colorectal cancer Type X,ORPHA:144,ORPHA:440437,feature_table,feature_table,rare,rare,genes; other (diagnostic),related but distinct,0.45,Lynch syndrome and its mimics: MMR-deficient versus MMR-proficient familial CRC,,review,,Lynch syndrome and Lynch syndrome mimics: The growing complex landscape of hereditary colon cancer.,2015,https://europepmc.org/article/PMC/PMC4541378,26309352,no,no - not marked open access in Europe PMC,abstract only,pairfirst-1,B_phenotype_twins_diff_genes,general,no
Lynch syndrome,Familial colorectal cancer Type X,Lynch syndrome,Familial colorectal cancer Type X,ORPHA:144,ORPHA:440437,feature_table,feature_table,rare,rare,genes; epidemiology,related but distinct,0.47,"FCCTX is the MMR-proficient half of Amsterdam-defined HNPCC, distinct from Lynch syndrome",,review,,Familial colorectal cancer type X: the other half of hereditary nonpolyposis colon cancer syndrome.,2009,https://europepmc.org/article/PMC/PMC3454516,19793571,no,no - not marked open access in Europe PMC,abstract only,pairfirst-1,B_phenotype_twins_diff_genes,general,no
Lynch syndrome,Familial colorectal cancer Type X,Lynch syndrome,Familial colorectal cancer Type X,ORPHA:144,ORPHA:440437,feature_table,feature_table,rare,rare,pathways; other (diagnostic),related but distinct,0.50,MMR deficiency testing separates Lynch syndrome from other HNPCC conditions,,review,,Evolving approach and clinical significance of detecting DNA mismatch repair deficiency in colorectal carcinoma.,2015,https://europepmc.org/article/PMC/PMC5018830,25716099,no,no - not marked open access in Europe PMC,abstract only,pairfirst-1,B_phenotype_twins_diff_genes,general,no
Lynch syndrome,Familial colorectal cancer Type X,Lynch syndrome,Familial colorectal cancer Type X,ORPHA:144,ORPHA:440437,feature_table,feature_table,rare,rare,genes; phenotype,related but distinct,0.40,HNPCC splits into MMR-deficient (Lynch) and MMR-proficient (FCCTX) subsets,,review,,Updates in the field of hereditary nonpolyposis colorectal cancer.,2020,https://doi.org/10.1080/17474124.2020.1782187,32755332,no,no - not marked open access in Europe PMC,abstract only,pairfirst-1,B_phenotype_twins_diff_genes,therapeutic,no
Lynch syndrome,Familial colorectal cancer Type X,Lynch syndrome,Familial colorectal cancer Type X,ORPHA:144,ORPHA:440437,feature_table,feature_table,rare,rare,pathways; genes,related but distinct,0.25,Distinct tumour gene-expression signatures in Lynch syndrome versus FCCTX,,original research,,Distinct gene expression signatures in lynch syndrome and familial colorectal cancer type x.,2013,https://europepmc.org/article/PMC/PMC3741139,23951239,yes,yes - free full text in PMC/Europe PMC (not read),abstract only,pairfirst-1,B_phenotype_twins_diff_genes,therapeutic,no
Jackson-Weiss syndrome,Apert syndrome,Jackson-Weiss syndrome,Apert syndrome,ORPHA:1540,ORPHA:87,feature_table,feature_table,rare,rare,phenotype; genes,similar,0.75,Hearing loss across FGFR-related craniosynostosis syndromes incl. Apert and Jackson-Weiss,,review,,Hearing loss in syndromic craniosynostoses: otologic manifestations and clinical findings.,2014,https://doi.org/10.1016/j.ijporl.2014.09.019,25441602,no,no - not marked open access in Europe PMC,abstract only,pairfirst-1,C_genetic_cousins,general,yes
Jackson-Weiss syndrome,Apert syndrome,Jackson-Weiss syndrome,Apert syndrome,ORPHA:1540,ORPHA:87,feature_table,feature_table,rare,rare,other (diagnostic); phenotype,related but distinct,0.50,"Fetal craniosynostosis case: differential diagnosis among Apert, Jackson-Weiss and related syndromes",,case report,,"A 19-week-old fetus with craniosynostosis, renal agenesis and gastroschisis: case report and differential diagnosis.",1997,https://doi.org/10.1016/s0344-0338(97)80018-0,9406252,no,no - not marked open access in Europe PMC,abstract only,pairfirst-1,C_genetic_cousins,general,yes
Juvenile absence epilepsy,Juvenile myoclonic epilepsy,Juvenile absence epilepsy,Juvenile myoclonic epilepsy,ORPHA:1941,ORPHA:307,feature_table,feature_table,rare,rare,phenotype; other (diagnostic),similar,0.66,ILAE definitions of idiopathic generalized epilepsy syndromes incl. juvenile absence and juvenile myoclonic,,review,,ILAE definition of the Idiopathic Generalized Epilepsy Syndromes: Position statement by the ILAE Task Force on Nosology and Definitions.,2022,https://doi.org/10.1111/epi.17236,35503716,no,no - not marked open access in Europe PMC,abstract only,pairfirst-1,A_close_relatives,general,no
Juvenile absence epilepsy,Juvenile myoclonic epilepsy,Juvenile absence epilepsy,Juvenile myoclonic epilepsy,ORPHA:1941,ORPHA:307,feature_table,feature_table,rare,rare,phenotype,related but distinct,0.60,Photosensitivity is closely tied to juvenile absence and juvenile myoclonic epilepsy among generalised epilepsies,,original research,,Relation of photosensitivity to epileptic syndromes.,1986,https://europepmc.org/article/PMC/PMC1029123,3806115,no,no - not marked open access in Europe PMC,abstract only,pairfirst-1,A_close_relatives,general,no
Juvenile absence epilepsy,Juvenile myoclonic epilepsy,Juvenile absence epilepsy,Juvenile myoclonic epilepsy,ORPHA:1941,ORPHA:307,feature_table,feature_table,rare,rare,phenotype; pathways,similar,0.75,Voxel-based morphometry in IGE subsyndromes incl. juvenile absence and JME; limits between subsyndromes ill-defined,,comparative study,,Voxel-based morphometry in patients with idiopathic generalized epilepsies.,2006,https://doi.org/10.1016/j.neuroimage.2006.04.174,16702001,no,no - not marked open access in Europe PMC,abstract only,pairfirst-1,A_close_relatives,natural_history,no
Juvenile absence epilepsy,Juvenile myoclonic epilepsy,Juvenile absence epilepsy,Juvenile myoclonic epilepsy,ORPHA:1941,ORPHA:307,feature_table,feature_table,rare,rare,pathways; phenotype,similar,0.75,Quantitative MRI shows widespread structural change across idiopathic generalized epilepsies,,original research,,Quantitative MRI in patients with idiopathic generalized epilepsy. Evidence of widespread cerebral structural changes.,1998,https://doi.org/10.1093/brain/121.9.1661,9762955,no,no - not marked open access in Europe PMC,abstract only,pairfirst-1,A_close_relatives,natural_history,no
Self-limited epilepsy with centrotemporal spikes,Childhood absence epilepsy,Self-limited epilepsy with centrotemporal spikes,Childhood absence epilepsy,ORPHA:1945,ORPHA:64280,feature_table,feature_table,rare,rare,phenotype; other (diagnostic),related but distinct,0.38,ILAE classification of childhood-onset epilepsy syndromes incl. SeLECTS and CAE,,review,,International League Against Epilepsy classification and definition of epilepsy syndromes with onset in childhood: Position paper by the ILAE Task Force on Nosology and Definitions.,2022,https://doi.org/10.1111/epi.17241,35503717,no,no - not marked open access in Europe PMC,abstract only,pairfirst-1,C_genetic_cousins,general,no
Self-limited epilepsy with centrotemporal spikes,Childhood absence epilepsy,Self-limited epilepsy with centrotemporal spikes,Childhood absence epilepsy,ORPHA:1945,ORPHA:64280,feature_table,feature_table,rare,rare,pathways,related but distinct,0.25,Multivariate rs-fMRI localises syndrome-specific epileptic networks in SeLECTS and CAE,,original research,,Integrating multivariate resting-state fMRI features to localize epileptic networks in common childhood epilepsy.,2026,https://europepmc.org/article/PMC/PMC13361039,42090243,yes,yes - free full text in PMC/Europe PMC (not read),abstract only,pairfirst-1,C_genetic_cousins,general,no
Self-limited epilepsy with centrotemporal spikes,Childhood absence epilepsy,Self-limited epilepsy with centrotemporal spikes,Childhood absence epilepsy,ORPHA:1945,ORPHA:64280,feature_table,feature_table,rare,rare,pathways; phenotype,related but distinct,0.42,Shared and divergent neuromagnetic network signatures in CAE and SeLECTS,,original research,,Shared and divergent neuromagnetic network signatures in childhood absence epilepsy and self-limited epilepsy with centrotemporal spikes.,2026,https://doi.org/10.1016/j.seizure.2025.11.020,41352321,no,no - not marked open access in Europe PMC,abstract only,pairfirst-1,C_genetic_cousins,general,no
Self-limited epilepsy with centrotemporal spikes,Childhood absence epilepsy,Self-limited epilepsy with centrotemporal spikes,Childhood absence epilepsy,ORPHA:1945,ORPHA:64280,feature_table,feature_table,rare,rare,pathways; epidemiology,related but distinct,0.50,"Processing speed, thalamic and somatomotor correlates in SeLECTS and CAE",,original research,,Thalamic and functional correlates of processing speed in pediatric epilepsy syndromes: an exploratory neuroimaging study.,2026,https://doi.org/10.1016/j.yebeh.2026.111301,42801844,no,no - not marked open access in Europe PMC,abstract only,pairfirst-1,C_genetic_cousins,general,no
Self-limited epilepsy with centrotemporal spikes,Childhood absence epilepsy,Self-limited epilepsy with centrotemporal spikes,Childhood absence epilepsy,ORPHA:1945,ORPHA:64280,feature_table,feature_table,rare,rare,pathways,related but distinct,0.25,Distinct dynamic functional network connectivity patterns in SeLECTS versus CAE,,original research,,Childhood absence epilepsy and distinct dynamic functional network connectivity patterns in self-limited epilepsy with centrotemporal spikes: a resting-state fMRI study.,2026,https://doi.org/10.1038/s41390-025-04460-9,41076473,no,no - not marked open access in Europe PMC,abstract only,pairfirst-1,C_genetic_cousins,therapeutic,no
Isolated cleft lip,Van der Woude syndrome,Isolated cleft lip,Van der Woude syndrome,ORPHA:199302,ORPHA:888,feature_table,feature_table,rare,rare,genes; pathways,similar,0.75,IRF6 mutations cause Van der Woude and predispose to isolated cleft lip/palate,,original research,,Interferon regulatory factor-6: a gene predisposing to isolated cleft lip with or without cleft palate in the Belgian population.,2005,https://doi.org/10.1038/sj.ejhg.5201486,16132054,no,no - not marked open access in Europe PMC,abstract only,pairfirst-1,C_genetic_cousins,general,no
Isolated cleft lip,Van der Woude syndrome,Isolated cleft lip,Van der Woude syndrome,ORPHA:199302,ORPHA:888,feature_table,feature_table,rare,rare,genes; pathways,similar,0.75,IRF6 variants cause syndromic clefting and contribute to isolated cleft lip/palate risk via GRHL3 network,,review,,Toward an orofacial gene regulatory network.,2016,https://europepmc.org/article/PMC/PMC4755791,26332872,no,no - not marked open access in Europe PMC,abstract only,pairfirst-1,C_genetic_cousins,general,no
Isolated cleft lip,Van der Woude syndrome,Isolated cleft lip,Van der Woude syndrome,ORPHA:199302,ORPHA:888,feature_table,feature_table,rare,rare,phenotype; other (diagnostic),similar,0.69,Van der Woude lip pits case; isolated cleft is one variable manifestation of the syndrome,,case report,,Congenital lower lip pits: a case report.,2004,https://doi.org/10.5070/d31r1976fp,15530300,no,no - not marked open access in Europe PMC,abstract only,pairfirst-1,C_genetic_cousins,general,no
Isolated cleft lip,Van der Woude syndrome,Isolated cleft lip,Van der Woude syndrome,ORPHA:199302,ORPHA:888,feature_table,feature_table,rare,rare,phenotype; genes,similar,0.82,IRF6-related disorders span isolated cleft lip/palate to Van der Woude and popliteal pterygium syndromes,,review,,IRF6-Related Disorders,1993,https://europepmc.org/article/MED/20301581,20301581,yes,yes - free full text in PMC/Europe PMC (not read),abstract only,pairfirst-1,C_genetic_cousins,general,no
Narcolepsy type 1,Sarcoidosis,Narcolepsy type 1,Sarcoidosis,ORPHA:2073,ORPHA:797,feature_table,feature_table,rare,rare,pathways; other (comorbidity),related but distinct,0.62,Neurosarcoidosis with hypothalamic destruction producing hypocretin-deficient narcolepsy type 1,,case report,,Hypocretin Deficiency Associated with Narcolepsy Type 1 and Central Hypoventilation Syndrome in Neurosarcoidosis of the Hypothalamus.,2015,https://europepmc.org/article/PMC/PMC4543251,25979096,no,no - not marked open access in Europe PMC,abstract only,pairfirst-1,C_genetic_cousins,general,yes
Crouzon syndrome,Pfeiffer syndrome type 2,Crouzon syndrome,Pfeiffer syndrome type 2,ORPHA:207,ORPHA:93259,feature_table,feature_table,rare,rare,genes; phenotype,similar,0.85,"FGFR2 codon 290 mutation in severe Pfeiffer type 2, the same codon as Crouzon mutations",,case report,,Novel mutation in the FGFR2 gene at the same codon as the Crouzon syndrome mutations in a severe Pfeiffer syndrome type 2 case.,1998,https://doi.org/10.1002/(sici)1096-8628(19980123)75:3<252::aid-ajmg4>3.0.co;2-s,9475591,no,no - not marked open access in Europe PMC,abstract only,pairfirst-1,C_genetic_cousins,general,no
Crouzon syndrome,Pfeiffer syndrome type 2,Crouzon syndrome,Pfeiffer syndrome type 2,ORPHA:207,ORPHA:93259,feature_table,feature_table,rare,rare,phenotype; genes,related but distinct,0.60,Pfeiffer type 2 delineation; FGFR2 mutations shared with Crouzon/other subtypes,,case report,,Pfeiffer syndrome type 2: further delineation and review of the literature.,1998,https://doi.org/10.1002/(sici)1096-8628(19980123)75:3<245::aid-ajmg3>3.0.co;2-p,9475590,no,no - not marked open access in Europe PMC,abstract only,pairfirst-1,C_genetic_cousins,general,no
Crouzon syndrome,Pfeiffer syndrome type 2,Crouzon syndrome,Pfeiffer syndrome type 2,ORPHA:207,ORPHA:93259,feature_table,feature_table,rare,rare,genes,similar,0.75,"FGFR1-3 analysis in Crouzon, Pfeiffer-2, Jackson-Weiss and Muenke syndromes",,case report,,Mutation analysis of FGFR1-3 in 11 Japanese patients with syndromic craniosynostoses.,2017,https://doi.org/10.1002/ajmg.a.37992,27683237,no,no - not marked open access in Europe PMC,abstract only,pairfirst-1,C_genetic_cousins,general,no
Semilobar holoprosencephaly,Lobar holoprosencephaly,Semilobar holoprosencephaly,Lobar holoprosencephaly,ORPHA:220386,ORPHA:93924,feature_table,feature_table,rare,rare,epidemiology; other (comorbidity),related but distinct,0.60,Pituitary dysfunction and outcome in congenital midline defects including semilobar and lobar HPE,,original research,,"Pituitary dysfunction, morbidity and mortality with congenital midline malformation of the cerebrum.",1999,https://doi.org/10.1007/s004310051026,10048603,no,no - not marked open access in Europe PMC,abstract only,pairfirst-1,A_close_relatives,general,no
Semilobar holoprosencephaly,Lobar holoprosencephaly,Semilobar holoprosencephaly,Lobar holoprosencephaly,ORPHA:220386,ORPHA:93924,feature_table,feature_table,rare,rare,phenotype; other (diagnostic),similar,0.75,"Clinical and angiographic features of alobar, semilobar and lobar holoprosencephaly",,case report,,Holoprosencephaly in neurosurgical practice.,1978,https://doi.org/10.3171/jns.1978.48.5.0787,305951,no,no - not marked open access in Europe PMC,abstract only,pairfirst-1,A_close_relatives,general,no
Semilobar holoprosencephaly,Lobar holoprosencephaly,Semilobar holoprosencephaly,Lobar holoprosencephaly,ORPHA:220386,ORPHA:93924,feature_table,feature_table,rare,rare,phenotype; other (comorbidity),related but distinct,0.56,Aqueductal atresia in semilobar and lobar holoprosencephaly cases,,case report,,Aqueductal atresia as a feature of arhinencephalic syndromes.,1990,https://europepmc.org/article/MED/2225595,2225595,no,no - not marked open access in Europe PMC,abstract only,pairfirst-1,A_close_relatives,general,no
Semilobar holoprosencephaly,Alobar holoprosencephaly,Semilobar holoprosencephaly,Alobar holoprosencephaly,ORPHA:220386,ORPHA:93925,feature_table,feature_table,rare,rare,phenotype; pathways,similar,0.75,Early alcohol exposure proposed as cause of alobar and semilobar holoprosencephaly,,original research,,Holoprosencephaly as a possible embryonic alcohol effect.,1991,https://doi.org/10.1002/ajmg.1320400206,1897567,no,no - not marked open access in Europe PMC,abstract only,pairfirst-1,A_close_relatives,general,no
Semilobar holoprosencephaly,Alobar holoprosencephaly,Semilobar holoprosencephaly,Alobar holoprosencephaly,ORPHA:220386,ORPHA:93925,feature_table,feature_table,rare,rare,phenotype; epidemiology,related but distinct,0.62,Brainstem tract diffusion MRI correlates with forebrain malformation severity across HPE types,,original research,,Holoprosencephaly in children: diffusion tensor MR imaging of white matter tracts of the brainstem--initial experience.,2002,https://doi.org/10.1148/radiol.2233011197,12034930,no,no - not marked open access in Europe PMC,abstract only,pairfirst-1,A_close_relatives,general,no
Semilobar holoprosencephaly,Alobar holoprosencephaly,Semilobar holoprosencephaly,Alobar holoprosencephaly,ORPHA:220386,ORPHA:93925,feature_table,feature_table,rare,rare,other (diagnostic); phenotype,related but distinct,0.63,Fetal MRI of cerebral malformations including alobar and semilobar HPE versus sonography,,original research,,Magnetic resonance imaging in pregnancy: study of fetal cerebral malformations.,1994,https://doi.org/10.1046/j.1469-0705.1994.04010007.x,12797220,no,no - not marked open access in Europe PMC,abstract only,pairfirst-1,A_close_relatives,general,no
Usher syndrome type 1,Usher syndrome type 2,Usher syndrome type 1,Usher syndrome type 2,ORPHA:231169,ORPHA:231178,feature_table,feature_table,rare,rare,genes; pathways,related but distinct,0.60,Whirlin (DFNB31) linked to USH2; USH1/USH2 proteins interact in a shared network,,original research,,A novel gene for Usher syndrome type 2: mutations in the long isoform of whirlin are associated with retinitis pigmentosa and sensorineural hearing loss.,2007,https://doi.org/10.1007/s00439-006-0304-0,17171570,no,no - not marked open access in Europe PMC,abstract only,pairfirst-1,A_close_relatives,general,no
Usher syndrome type 1,Usher syndrome type 2,Usher syndrome type 1,Usher syndrome type 2,ORPHA:231169,ORPHA:231178,feature_table,feature_table,rare,rare,epidemiology; phenotype,related but distinct,0.55,Prevalence and subtype distribution of Usher syndrome in Germany,,original research,,Prevalence and geographical distribution of Usher syndrome in Germany.,2002,https://doi.org/10.1007/s00417-002-0485-8,12107518,no,no - not marked open access in Europe PMC,abstract only,pairfirst-1,A_close_relatives,general,no
Usher syndrome type 1,Usher syndrome type 2,Usher syndrome type 1,Usher syndrome type 2,ORPHA:231169,ORPHA:231178,feature_table,feature_table,rare,rare,epidemiology,related but distinct,0.50,Relative frequencies of USH1 and USH2 among syndromic RP families in Spain,,comparative study,,Retinitis pigmentosa in Spain. The Spanish Multicentric and Multidisciplinary Group for Research into Retinitis Pigmentosa.,1995,https://doi.org/10.1111/j.1399-0004.1995.tb04069.x,8556816,no,no - not marked open access in Europe PMC,abstract only,pairfirst-1,A_close_relatives,general,no
Usher syndrome type 1,Usher syndrome type 2,Usher syndrome type 1,Usher syndrome type 2,ORPHA:231169,ORPHA:231178,feature_table,feature_table,rare,rare,genes; other (diagnostic),related but distinct,0.56,CDH23 (an USH1 gene) splice variants in a patient diagnosed with USH2,,original research,,Aberrant Splicing Events Associated to <i>CDH23</i> Noncanonical Splice Site Mutations in a Proband with Atypical Usher Syndrome 1.,2019,https://europepmc.org/article/PMC/PMC6826400,31546658,yes,yes - free full text in PMC/Europe PMC (not read),abstract only,pairfirst-1,A_close_relatives,general,no
Usher syndrome type 1,Usher syndrome type 2,Usher syndrome type 1,Usher syndrome type 2,ORPHA:231169,ORPHA:231178,feature_table,feature_table,rare,rare,genes; phenotype,related but distinct,0.40,MYO7A (USH1) and USH2A (USH2) account for most cases of their respective types,,original research,,Novel mutations in MYO7A and USH2A in Usher syndrome.,2005,https://doi.org/10.1080/13816810590918118,15823922,no,no - not marked open access in Europe PMC,abstract only,pairfirst-1,A_close_relatives,general,no
Usher syndrome type 1,Usher syndrome type 2,Usher syndrome type 1,Usher syndrome type 2,ORPHA:231169,ORPHA:231178,feature_table,feature_table,rare,rare,genes; epidemiology,related but distinct,0.38,Turkish Usher cohort: subtype epidemiology and MYO7A/PCDH15/USH2A etc. genes,,original research,,"Epidemiological and genetic insights of Usher syndrome in Turkish population: A cross-sectional preliminary study from University of Health Sciences, Turkey.",2025,https://europepmc.org/article/PMC/PMC12535652,41200749,yes,yes - free full text in PMC/Europe PMC (not read),abstract only,pairfirst-1,A_close_relatives,natural_history,no
Usher syndrome type 1,Usher syndrome type 3,Usher syndrome type 1,Usher syndrome type 3,ORPHA:231169,ORPHA:231183,feature_table,feature_table,rare,rare,genes; epidemiology,related but distinct,0.38,Turkish Usher cohort: USH1 and USH3 subtype epidemiology and genes,,original research,,"Epidemiological and genetic insights of Usher syndrome in Turkish population: A cross-sectional preliminary study from University of Health Sciences, Turkey.",2025,https://europepmc.org/article/PMC/PMC12535652,41200749,yes,yes - free full text in PMC/Europe PMC (not read),abstract only,pairfirst-1,B_phenotype_twins_diff_genes,general,yes
Usher syndrome type 2,Usher syndrome type 3,Usher syndrome type 2,Usher syndrome type 3,ORPHA:231178,ORPHA:231183,feature_table,feature_table,rare,rare,genes; epidemiology,related but distinct,0.38,Turkish Usher cohort: USH2 and USH3 subtype epidemiology and genes,,original research,,"Epidemiological and genetic insights of Usher syndrome in Turkish population: A cross-sectional preliminary study from University of Health Sciences, Turkey.",2025,https://europepmc.org/article/PMC/PMC12535652,41200749,yes,yes - free full text in PMC/Europe PMC (not read),abstract only,pairfirst-1,B_phenotype_twins_diff_genes,general,yes
Familial hyperaldosteronism type III,Familial hyperaldosteronism type I,Familial hyperaldosteronism type III,Familial hyperaldosteronism type I,ORPHA:251274,ORPHA:403,feature_table,feature_table,rare,rare,genes; pathways,related but distinct,0.50,Genetics of primary aldosteronism reviews familial hyperaldosteronism types and causative genes,,case report,,Genetics of primary aldosteronism.,2015,https://europepmc.org/article/PMC/PMC4765375,25667376,no,no - not marked open access in Europe PMC,abstract only,pairfirst-1,B_phenotype_twins_diff_genes,general,yes
Microform holoprosencephaly,Lobar holoprosencephaly,Microform holoprosencephaly,Lobar holoprosencephaly,ORPHA:280200,ORPHA:93924,feature_table,feature_table,rare,rare,genes; pathways,similar,0.75,Boc and Gas1 modify the holoprosencephaly spectrum; microforms are the mildest manifestation,,original research,,Boc modifies the spectrum of holoprosencephaly in the absence of Gas1 function.,2014,https://europepmc.org/article/PMC/PMC4133726,25063195,yes,yes - free full text in PMC/Europe PMC (not read),abstract only,pairfirst-1,C_genetic_cousins,general,yes
Prolactinoma,Acromegaly,Prolactinoma,Acromegaly,ORPHA:2965,ORPHA:963,feature_table,feature_table,rare,rare,treatment; epidemiology,related but distinct,0.50,Recurrence rates after surgery differ between prolactinoma and acromegaly,,review,,Clinical factors involved in the recurrence of pituitary adenomas after surgical remission: a structured review and meta-analysis.,2012,https://europepmc.org/article/PMC/PMC3296023,21918830,yes,yes - free full text in PMC/Europe PMC (not read),abstract only,pairfirst-1,C_genetic_cousins,general,no
Prolactinoma,Acromegaly,Prolactinoma,Acromegaly,ORPHA:2965,ORPHA:963,feature_table,feature_table,rare,rare,epidemiology; phenotype,related but distinct,0.40,Quality-of-life Z-scores compared between pituitary adenoma types including prolactinoma and acromegaly,,original research,,Disease-specific impairments in quality of life during long-term follow-up of patients with different pituitary adenomas.,2008,https://doi.org/10.1111/j.1365-2265.2008.03288.x,18462264,no,no - not marked open access in Europe PMC,abstract only,pairfirst-1,C_genetic_cousins,general,no
Prolactinoma,Acromegaly,Prolactinoma,Acromegaly,ORPHA:2965,ORPHA:963,feature_table,feature_table,rare,rare,epidemiology; phenotype,related but distinct,0.40,SF-36 quality of life across pituitary adenoma types incl. acromegaly and prolactinoma,,original research,,Quality of life in patients with a pituitary adenoma.,2003,https://doi.org/10.1023/b:pitu.0000004798.27230.ed,14703017,no,no - not marked open access in Europe PMC,abstract only,pairfirst-1,C_genetic_cousins,general,no
Prolactinoma,Acromegaly,Prolactinoma,Acromegaly,ORPHA:2965,ORPHA:963,feature_table,feature_table,rare,rare,other (comorbidity); epidemiology,related but distinct,0.50,"Cancer incidence in prolactinoma versus acromegaly, which favours neoplasia",,original research,,Increased incidence of neoplasia in patients with pituitary adenomas. The Pituitary Study Group.,1998,https://doi.org/10.1046/j.1365-2265.1998.00536.x,9876340,no,no - not marked open access in Europe PMC,abstract only,pairfirst-1,C_genetic_cousins,natural_history,no
Norrie disease,Retinopathy of prematurity,Norrie disease,Retinopathy of prematurity,ORPHA:649,ORPHA:90050,feature_table,feature_table,rare,rare,pathways; genes,similar,0.75,Wnt signalling underlies rare genetic eye diseases such as Norrie disease and vascular disease such as ROP,,review,,Wnt Signaling in vascular eye diseases.,2019,https://europepmc.org/article/PMC/PMC6545170,30513356,no,no - not marked open access in Europe PMC,abstract only,pairfirst-1,C_genetic_cousins,general,no
Norrie disease,Retinopathy of prematurity,Norrie disease,Retinopathy of prematurity,ORPHA:649,ORPHA:90050,feature_table,feature_table,rare,rare,pathways; phenotype,similar,0.67,"Ndph knockout shows angiogenic pathways shared by Norrie disease, ROP and Coats disease",,original research,,Role of the Norrie disease pseudoglioma gene in sprouting angiogenesis during development of the retinal vasculature.,2005,https://doi.org/10.1167/iovs.05-0174,16123442,no,no - not marked open access in Europe PMC,abstract only,pairfirst-1,C_genetic_cousins,general,no
Norrie disease,Retinopathy of prematurity,Norrie disease,Retinopathy of prematurity,ORPHA:649,ORPHA:90050,feature_table,feature_table,rare,rare,genes; phenotype,related but distinct,0.50,Norrie disease gene missense mutations tested in advanced ROP,,original research,,Identification of missense mutations in the Norrie disease gene associated with advanced retinopathy of prematurity.,1997,https://doi.org/10.1001/archopht.1997.01100150653015,9152134,no,no - not marked open access in Europe PMC,abstract only,pairfirst-1,C_genetic_cousins,general,no
Norrie disease,Retinopathy of prematurity,Norrie disease,Retinopathy of prematurity,ORPHA:649,ORPHA:90050,feature_table,feature_table,rare,rare,genes; other (diagnostic),related but distinct,0.55,"NDP mutations contribute to Norrie, FEVR, Coats and ROP, which are clinically similar",,original research,,"Mutations in the NDP gene: contribution to Norrie disease, familial exudative vitreoretinopathy and retinopathy of prematurity.",2006,https://doi.org/10.1111/j.1442-9071.2006.01314.x,16970763,no,no - not marked open access in Europe PMC,abstract only,pairfirst-1,C_genetic_cousins,genetic,no
Norrie disease,Retinopathy of prematurity,Norrie disease,Retinopathy of prematurity,ORPHA:649,ORPHA:90050,feature_table,feature_table,rare,rare,genes,related but distinct,0.50,NDP dinucleotide-repeat mutations screened in 100 premature infants with advanced ROP,,original research,,Insertion and deletion mutations in the dinucleotide repeat region of the Norrie disease gene in patients with advanced retinopathy of prematurity.,2001,https://doi.org/10.1007/s100380170085,11322656,no,no - not marked open access in Europe PMC,abstract only,pairfirst-1,C_genetic_cousins,natural_history,no
Norrie disease,Retinopathy of prematurity,Norrie disease,Retinopathy of prematurity,ORPHA:649,ORPHA:90050,feature_table,feature_table,rare,rare,genes; pathways,related but distinct,0.62,FZD4 (Wnt receptor) variants associated with vitreoretinopathies and ROP,,original research,,Frizzled-4 Variations Associated with Retinopathy and Intrauterine Growth Retardation: A Potential Marker for Prematurity and Retinopathy.,2015,https://doi.org/10.1016/j.ophtha.2015.05.036,26119001,no,no - not marked open access in Europe PMC,abstract only,pairfirst-1,C_genetic_cousins,natural_history,no
Multiple endocrine neoplasia type 1,Insulinoma,Multiple endocrine neoplasia type 1,Insulinoma,ORPHA:652,ORPHA:97279,feature_table,feature_table,rare,rare,genes; pathways,similar,0.75,MEN1 locus mapped to chromosome 11 and lost in insulinoma tumours from MEN1 brothers,,comparative study,,Multiple endocrine neoplasia type 1 gene maps to chromosome 11 and is lost in insulinoma.,1988,https://doi.org/10.1038/332085a0,2894610,no,no - not marked open access in Europe PMC,abstract only,pairfirst-1,C_genetic_cousins,general,no
Multiple endocrine neoplasia type 1,Insulinoma,Multiple endocrine neoplasia type 1,Insulinoma,ORPHA:652,ORPHA:97279,feature_table,feature_table,rare,rare,pathways; genes,similar,0.75,Beta-cell-specific Men1 ablation in mice causes insulinoma,,original research,,Pancreatic beta-cell-specific ablation of the multiple endocrine neoplasia type 1 (MEN1) gene causes full penetrance of insulinoma development in mice.,2003,https://europepmc.org/article/MED/12941803,12941803,no,no - not marked open access in Europe PMC,abstract only,pairfirst-1,C_genetic_cousins,genetic,no
Multiple endocrine neoplasia type 1,Insulinoma,Multiple endocrine neoplasia type 1,Insulinoma,ORPHA:652,ORPHA:97279,feature_table,feature_table,rare,rare,pathways; genes,related but distinct,0.50,Menin loss drives MEG3/c-MET epigenetic changes in MEN1-associated pancreatic NETs,,original research,,Epigenetic regulation of the lncRNA MEG3 and its target c-MET in pancreatic neuroendocrine tumors.,2015,https://europepmc.org/article/PMC/PMC4318878,25565142,no,no - not marked open access in Europe PMC,abstract only,pairfirst-1,C_genetic_cousins,genetic,no
Congenital erythropoietic porphyria,Hepatoerythropoietic porphyria,Congenital erythropoietic porphyria,Hepatoerythropoietic porphyria,ORPHA:79277,ORPHA:95159,feature_table,feature_table,rare,rare,treatment; pathways,similar,0.75,"Erythropoietic porphyrias (CEP, HEP, EPP): animal models and gene-based therapies",,review,,Erythropoietic porphyrias: animal models and update in gene-based therapies.,2008,https://doi.org/10.2174/156652308784746477,18537592,no,no - not marked open access in Europe PMC,abstract only,pairfirst-1,B_phenotype_twins_diff_genes,general,yes
Congenital erythropoietic porphyria,Hepatoerythropoietic porphyria,Congenital erythropoietic porphyria,Hepatoerythropoietic porphyria,ORPHA:79277,ORPHA:95159,feature_table,feature_table,rare,rare,phenotype; other (diagnostic),similar,0.75,Photocutaneous porphyrias in childhood (CEP vs protoporphyria) distinguished by heme precursor profile,,review,,Hematologic and hepatic manifestations of the cutaneous porphyrias.,1985,https://doi.org/10.1016/0738-081x(85)90035-5,3916835,no,no - not marked open access in Europe PMC,abstract only,pairfirst-1,B_phenotype_twins_diff_genes,therapeutic,yes
Pseudohypoparathyroidism type 1A,Pseudohypoparathyroidism type 1B,Pseudohypoparathyroidism type 1A,Pseudohypoparathyroidism type 1B,ORPHA:79443,ORPHA:94089,feature_table,feature_table,rare,rare,genes; pathways,related but distinct,0.65,GNAS locus underlies both PHP1A (Gs-alpha mutations) and PHP1B (imprinting defects),,review,,Minireview: GNAS: normal and abnormal functions.,2004,https://doi.org/10.1210/en.2004-0865,15331575,no,no - not marked open access in Europe PMC,abstract only,pairfirst-1,A_close_relatives,general,no
Pseudohypoparathyroidism type 1A,Pseudohypoparathyroidism type 1B,Pseudohypoparathyroidism type 1A,Pseudohypoparathyroidism type 1B,ORPHA:79443,ORPHA:94089,feature_table,feature_table,rare,rare,phenotype; genes,similar,0.66,"Early-onset obesity found in PHP1A and PHP1B, both caused by GNAS defects but treated as distinct entities",,original research,,Early-Onset Obesity: Unrecognized First Evidence for GNAS Mutations and Methylation Changes.,2017,https://europepmc.org/article/PMC/PMC5546863,28453643,no,no - not marked open access in Europe PMC,abstract only,pairfirst-1,A_close_relatives,general,no
Pseudohypoparathyroidism type 1A,Pseudohypoparathyroidism type 1B,Pseudohypoparathyroidism type 1A,Pseudohypoparathyroidism type 1B,ORPHA:79443,ORPHA:94089,feature_table,feature_table,rare,rare,genes; other (diagnostic),similar,0.70,"PHP1A due to GNAS deletion with apparent loss of methylation, mimicking PHP1B epigenetics",,case report,,Intragenic GNAS deletion involving exon A/B in pseudohypoparathyroidism type 1A resulting in an apparent loss of exon A/B methylation: potential for misdiagnosis of pseudohypoparathyroidism type 1B.,2010,https://europepmc.org/article/PMC/PMC2840867,20008020,no,no - not marked open access in Europe PMC,abstract only,pairfirst-1,A_close_relatives,general,no
Pseudohypoparathyroidism type 1A,Pseudohypoparathyroidism type 1B,Pseudohypoparathyroidism type 1A,Pseudohypoparathyroidism type 1B,ORPHA:79443,ORPHA:94089,feature_table,feature_table,rare,rare,phenotype; epidemiology,similar,0.75,Chinese PHP1 cohort: growth and short-stature patterns across PHP1A/1B genotypes,,original research,,Pattern of height and weight development in a large cohort of underage Chinese pseudohypoparathyroidism patients from a single center.,2026,https://europepmc.org/article/PMC/PMC13250648,42101462,yes,yes - free full text in PMC/Europe PMC (not read),abstract only,pairfirst-1,A_close_relatives,general,no
Pseudohypoparathyroidism type 1A,Pseudohypoparathyroidism type 1B,Pseudohypoparathyroidism type 1A,Pseudohypoparathyroidism type 1B,ORPHA:79443,ORPHA:94089,feature_table,feature_table,rare,rare,genes; phenotype,related but distinct,0.64,Novel GNAS exon 1 deletion causes PHP1A without the methylation changes seen in PHP1B,,case report,,A novel deletion involving the first GNAS exon encoding Gsα causes PHP1A without methylation changes at exon A/B.,2022,https://europepmc.org/article/PMC/PMC9301885,35104666,no,no - not marked open access in Europe PMC,abstract only,pairfirst-1,A_close_relatives,therapeutic,no
Lobar holoprosencephaly,Alobar holoprosencephaly,Lobar holoprosencephaly,Alobar holoprosencephaly,ORPHA:93924,ORPHA:93925,feature_table,feature_table,rare,rare,phenotype; epidemiology,similar,0.75,30 holoprosencephaly families: lobar versus alobar sex distribution and recurrence risk,,original research,,"Holoprosencephaly: birth data, benetic and demographic analyses of 30 families.",1975,https://europepmc.org/article/MED/1227533,1227533,no,no - not marked open access in Europe PMC,abstract only,pairfirst-1,A_close_relatives,general,no
Lobar holoprosencephaly,Alobar holoprosencephaly,Lobar holoprosencephaly,Alobar holoprosencephaly,ORPHA:93924,ORPHA:93925,feature_table,feature_table,rare,rare,genes; phenotype,similar,0.75,"PTCH mutations produce alobar and lobar holoprosencephaly, even with the same mutation",,case report,,PTCH mutations in four Brazilian patients with holoprosencephaly and in one with holoprosencephaly-like features and normal MRI.,2006,https://doi.org/10.1002/ajmg.a.31369,17001668,no,no - not marked open access in Europe PMC,abstract only,pairfirst-1,A_close_relatives,general,no
Lobar holoprosencephaly,Alobar holoprosencephaly,Lobar holoprosencephaly,Alobar holoprosencephaly,ORPHA:93924,ORPHA:93925,feature_table,feature_table,rare,rare,other (diagnostic); phenotype,similar,0.75,Dysgenesis of the deep venous system as angiographic diagnostic criterion across HPE types,,case report,,Dysgenesis of the deep venous system as a diagnostic criterion for holoprosencephaly.,1977,https://doi.org/10.1007/bf00347064,896030,no,no - not marked open access in Europe PMC,abstract only,pairfirst-1,A_close_relatives,general,no
Thyroid ectopia,Athyreosis,Thyroid ectopia,Athyreosis,ORPHA:95712,ORPHA:95713,feature_table,feature_table,rare,rare,pathways; phenotype,similar,0.75,Thyroid ectopia and athyreosis as the two main forms of thyroid dysgenesis; shared morphogenesis defects,,review,,Morphogenesis of the thyroid gland.,2010,https://doi.org/10.1016/j.mce.2009.12.008,20026174,no,no - not marked open access in Europe PMC,abstract only,pairfirst-1,A_close_relatives,general,no
Thyroid ectopia,Athyreosis,Thyroid ectopia,Athyreosis,ORPHA:95712,ORPHA:95713,feature_table,feature_table,rare,rare,other (diagnostic); phenotype,related but distinct,0.58,Ultrasound and isotope scanning to distinguish ectopia from athyreosis in infants with raised TSH,,original research,,"Diagnostic and predictive value of ultrasound and isotope thyroid scanning, alone and in combination, in infants referred with thyroid-stimulating hormone elevation on newborn screening.",2014,https://doi.org/10.1016/j.jpeds.2013.11.057,24412140,no,no - not marked open access in Europe PMC,abstract only,pairfirst-1,A_close_relatives,general,no
Thyroid ectopia,Athyreosis,Thyroid ectopia,Athyreosis,ORPHA:95712,ORPHA:95713,feature_table,feature_table,rare,rare,phenotype; other (diagnostic),related but distinct,0.50,Initial biochemical severity differs between athyreosis and ectopia and by sex,,original research,,Biochemical severity of thyroid ectopia in congenital hypothyroidism demonstrates sexual dimorphism.,2007,https://doi.org/10.1530/eje.1.02319,17218725,no,no - not marked open access in Europe PMC,abstract only,pairfirst-1,A_close_relatives,general,no
Athyreosis,Thyroid hypoplasia,Athyreosis,Thyroid hypoplasia,ORPHA:95713,ORPHA:95720,feature_table,feature_table,rare,rare,pathways; phenotype,similar,0.71,Thyroid dysgenesis review: athyreosis and hypoplasia as defects of thyroid development,,review,,Development of the thyroid gland: lessons from congenitally hypothyroid mice and men.,2003,https://doi.org/10.1034/j.1399-0004.2003.00107.x,12786749,no,no - not marked open access in Europe PMC,abstract only,pairfirst-1,A_close_relatives,general,no
Athyreosis,Thyroid hypoplasia,Athyreosis,Thyroid hypoplasia,ORPHA:95713,ORPHA:95720,feature_table,feature_table,rare,rare,genes; other (diagnostic),similar,0.68,TSHR mutations in siblings with congenital hypothyroidism and apparent athyreosis versus hypoplasia,,case report,,Congenital hypothyroidism and apparent athyreosis with compound heterozygosity or compensated hypothyroidism with probable hemizygosity for inactivating mutations of the TSH receptor.,2004,https://doi.org/10.1111/j.1365-2265.2004.01967.x,14725684,no,no - not marked open access in Europe PMC,abstract only,pairfirst-1,A_close_relatives,general,no
Athyreosis,Thyroid hypoplasia,Athyreosis,Thyroid hypoplasia,ORPHA:95713,ORPHA:95720,feature_table,feature_table,rare,rare,genes; pathways,similar,0.68,Monogenic defects associate with athyreosis and orthotopic hypoplasia within thyroid dysgenesis,,review,,Disorders of thyroid morphogenesis.,2017,https://doi.org/10.1016/j.beem.2017.04.008,28648504,no,no - not marked open access in Europe PMC,abstract only,pairfirst-1,A_close_relatives,general,no
Athyreosis,Thyroid hypoplasia,Athyreosis,Thyroid hypoplasia,ORPHA:95713,ORPHA:95720,feature_table,feature_table,rare,rare,other (diagnostic); phenotype,similar,0.75,"Ultrasound and scintigraphy separate athyreosis, ectopia and hypoplasia in congenital hypothyroidism",,review,,Thyroid imaging in children.,2007,https://doi.org/10.1159/000106819,17684389,no,no - not marked open access in Europe PMC,abstract only,pairfirst-1,A_close_relatives,therapeutic,no
Athyreosis,Thyroid hypoplasia,Athyreosis,Thyroid hypoplasia,ORPHA:95713,ORPHA:95720,feature_table,feature_table,rare,rare,genes; phenotype,related but distinct,0.60,"TSHR variant studied across hypoplasia, hemiagenesis, athyreosis and ectopy cohort",,comparative study,,Functional characterization of the novel sequence variant p.S304R in the hinge region of TSHR in a congenital hypothyroidism patients and analogy with other formerly known mutations of this gene portion.,2015,https://doi.org/10.1515/jpem-2014-0194,25153578,no,no - not marked open access in Europe PMC,abstract only,pairfirst-1,A_close_relatives,genetic,no
Thiel-Behnke corneal dystrophy,Granular corneal dystrophy type I,Thiel-Behnke corneal dystrophy,Granular corneal dystrophy type I,ORPHA:98960,ORPHA:98962,feature_table,feature_table,rare,rare,phenotype; genes,related but distinct,0.62,TGFBI H626P and other mutations give overlapping corneal dystrophy phenotypes in Czech families,,case report,,Phenotype associated with the H626P mutation and other changes in the TGFBI gene in Czech families.,2008,https://doi.org/10.1159/000115325,18259096,no,no - not marked open access in Europe PMC,abstract only,pairfirst-1,A_close_relatives,general,yes
Granular corneal dystrophy type I,Granular corneal dystrophy type II,Granular corneal dystrophy type I,Granular corneal dystrophy type II,ORPHA:98962,ORPHA:98963,feature_table,feature_table,rare,rare,phenotype; genes,similar,0.80,GCD2 families with GCD1-like phenotype in daughters; same TGFBI gene,,original research,,Phenotypic Spectrum of Granular Corneal Dystrophy Type II in Two Italian Families Presenting an Unusual Granular Corneal Dystrophy Type I Clinical Appearance.,2015,https://europepmc.org/article/PMC/PMC4499619,26221553,yes,yes - free full text in PMC/Europe PMC (not read),abstract only,pairfirst-1,A_close_relatives,general,yes
Congenital glaucoma,Juvenile glaucoma,Congenital glaucoma,Juvenile glaucoma,ORPHA:98976,ORPHA:98977,feature_table,feature_table,rare,rare,genes; phenotype,related but distinct,0.50,"Digenic inheritance of juvenile/early-onset glaucoma: MYOC, CYP1B1, PITX2 in congenital and juvenile cases",,original research,,"Digenic inheritance of early-onset glaucoma: CYP1B1, a potential modifier gene.",2002,https://europepmc.org/article/PMC/PMC384919,11774072,no,no - not marked open access in Europe PMC,abstract only,pairfirst-1,C_genetic_cousins,general,no
Congenital glaucoma,Juvenile glaucoma,Congenital glaucoma,Juvenile glaucoma,ORPHA:98976,ORPHA:98977,feature_table,feature_table,rare,rare,epidemiology; phenotype,related but distinct,0.50,Population incidence of childhood glaucoma subtypes in Olmsted County,,original research,,Incidence and clinical characteristics of childhood glaucoma: a population-based study.,2010,https://europepmc.org/article/PMC/PMC2885872,20385945,no,no - not marked open access in Europe PMC,abstract only,pairfirst-1,C_genetic_cousins,general,no
Congenital glaucoma,Juvenile glaucoma,Congenital glaucoma,Juvenile glaucoma,ORPHA:98976,ORPHA:98977,feature_table,feature_table,rare,rare,treatment; phenotype,related but distinct,0.50,Combined trabeculotomy-trabeculectomy outcomes across congenital and juvenile developmental glaucomas,,original research,,Surgical results of combined trabeculotomy-trabeculectomy for developmental glaucoma.,1998,https://doi.org/10.1016/s0161-6420(98)96022-5,9627644,no,no - not marked open access in Europe PMC,abstract only,pairfirst-1,C_genetic_cousins,general,no
Congenital glaucoma,Juvenile glaucoma,Congenital glaucoma,Juvenile glaucoma,ORPHA:98976,ORPHA:98977,feature_table,feature_table,rare,rare,treatment; phenotype,related but distinct,0.50,"Trabeculotomy outcomes by onset group: congenital, infantile, juvenile developmental glaucoma",,original research,,Surgical results of trabeculotomy ab externo for developmental glaucoma.,1994,https://doi.org/10.1001/archopht.1994.01090240046024,7993208,no,no - not marked open access in Europe PMC,abstract only,pairfirst-1,C_genetic_cousins,general,no
Congenital glaucoma,Juvenile glaucoma,Congenital glaucoma,Juvenile glaucoma,ORPHA:98976,ORPHA:98977,feature_table,feature_table,rare,rare,epidemiology; phenotype,related but distinct,0.50,Dallas registry: epidemiology and characteristics of childhood glaucoma subtypes,,original research,,Epidemiology and characteristics of childhood glaucoma: results from the Dallas Glaucoma Registry.,2013,https://europepmc.org/article/PMC/PMC3770714,24039394,yes,yes - free full text in PMC/Europe PMC (not read),abstract only,pairfirst-1,C_genetic_cousins,therapeutic,no
Congenital glaucoma,Juvenile glaucoma,Congenital glaucoma,Juvenile glaucoma,ORPHA:98976,ORPHA:98977,feature_table,feature_table,rare,rare,genes; phenotype,similar,0.67,Null CYP1B1 genotypes cause primary congenital and nondominant juvenile glaucoma,,comparative study,,Null CYP1B1 genotypes in primary congenital and nondominant juvenile glaucoma.,2013,https://doi.org/10.1016/j.ophtha.2012.09.016,23218183,no,no - not marked open access in Europe PMC,abstract only,pairfirst-1,C_genetic_cousins,natural_history,no
Semantic dementia,Progressive non-fluent aphasia,Semantic dementia,Progressive non-fluent aphasia,ORPHA:100069,ORPHA:100070,feature_table,feature_table,rare,rare,phenotype; genes,similar,0.75,"Clinical, genetic and pathological heterogeneity of FTD: SD and PNFA within the FTLD spectrum",,review,,"Clinical, genetic and pathological heterogeneity of frontotemporal dementia: a review.",2011,https://doi.org/10.1136/jnnp.2010.212225,20971753,no,no - not marked open access in Europe PMC,abstract only,pairfirst-2,A_close_relatives,general,no
Semantic dementia,Progressive non-fluent aphasia,Semantic dementia,Progressive non-fluent aphasia,ORPHA:100069,ORPHA:100070,feature_table,feature_table,rare,rare,other (diagnostic),related but distinct,0.50,Early-onset dementia clinical diagnostic accuracy against post-mortem pathology (FTD subtypes),,original research,,The clinical diagnosis of early-onset dementias: diagnostic accuracy and clinicopathological relationships.,2011,https://doi.org/10.1093/brain/awr189,21840888,no,no - not marked open access in Europe PMC,abstract only,pairfirst-2,A_close_relatives,therapeutic,no
Semantic dementia,Progressive non-fluent aphasia,Semantic dementia,Progressive non-fluent aphasia,ORPHA:100069,ORPHA:100070,feature_table,feature_table,rare,rare,pathways; phenotype,related but distinct,0.50,Ubiquitin pathology subtypes in FTLD-U relate to clinical syndromes incl. SD and PNFA,,original research,,Heterogeneity of ubiquitin pathology in frontotemporal lobar degeneration: classification and relation to clinical phenotype.,2006,https://europepmc.org/article/PMC/PMC2668618,17021754,yes,yes - free full text in PMC/Europe PMC (not read),abstract only,pairfirst-2,A_close_relatives,natural_history,no
Semantic dementia,Progressive non-fluent aphasia,Semantic dementia,Progressive non-fluent aphasia,ORPHA:100069,ORPHA:100070,feature_table,feature_table,rare,rare,pathways; phenotype,similar,0.75,"FTLD pathogenesis and pathways to phenotype across bvFTD, SD and PNFA",,review,,"Frontotemporal lobar degeneration: Pathogenesis, pathology and pathways to phenotype.",2017,https://europepmc.org/article/PMC/PMC8029341,28100023,no,no - not marked open access in Europe PMC,abstract only,pairfirst-2,A_close_relatives,mechanism,no
Semantic dementia,Progressive non-fluent aphasia,Semantic dementia,Progressive non-fluent aphasia,ORPHA:100069,ORPHA:100070,feature_table,feature_table,rare,rare,phenotype; genes,related but distinct,0.50,"C9ORF72 expansion carriers across FTD, PNFA and SD show distinct clinical and pathological features",,original research,,Distinct clinical and pathological characteristics of frontotemporal dementia associated with C9ORF72 mutations.,2012,https://europepmc.org/article/PMC/PMC3286329,22300873,no,no - not marked open access in Europe PMC,abstract only,pairfirst-2,A_close_relatives,general,no
Semantic dementia,Behavioral variant of frontotemporal dementia,Semantic dementia,Behavioral variant of frontotemporal dementia,ORPHA:100069,ORPHA:275864,feature_table,feature_table,rare,rare,phenotype; pathways,similar,0.75,Prefrontal network disconnection in both bvFTD and semantic dementia,,original research,,Abnormal network connectivity in frontotemporal dementia: evidence for prefrontal isolation.,2013,https://doi.org/10.1016/j.cortex.2012.09.008,23092697,no,no - not marked open access in Europe PMC,abstract only,pairfirst-2,A_close_relatives,general,no
Semantic dementia,Behavioral variant of frontotemporal dementia,Semantic dementia,Behavioral variant of frontotemporal dementia,ORPHA:100069,ORPHA:275864,feature_table,feature_table,rare,rare,phenotype; genes,related but distinct,0.50,"Semantic dementia in a patient with MAPT V363I, a gene usually linked to other FTD presentations",,case report,,Semantic dementia associated with mutation V363I in the tau gene.,2010,https://doi.org/10.1016/j.jns.2010.06.007,20598713,no,no - not marked open access in Europe PMC,abstract only,pairfirst-2,A_close_relatives,general,no
Semantic dementia,Behavioral variant of frontotemporal dementia,Semantic dementia,Behavioral variant of frontotemporal dementia,ORPHA:100069,ORPHA:275864,feature_table,feature_table,rare,rare,pathways; other (diagnostic),related but distinct,0.65,"CSF proteomics and biomarkers across FTLD clinical variants (bvFTD, SD, PNFA)",,review,,Cerebrospinal fluid proteomics and protein biomarkers in frontotemporal lobar degeneration: Current status and future perspectives.,2015,https://doi.org/10.1016/j.bbapap.2014.12.010,25526887,no,no - not marked open access in Europe PMC,abstract only,pairfirst-2,A_close_relatives,general,no
Semantic dementia,Behavioral variant of frontotemporal dementia,Semantic dementia,Behavioral variant of frontotemporal dementia,ORPHA:100069,ORPHA:275864,feature_table,feature_table,rare,rare,phenotype; genes,similar,0.68,"Classification and diagnosis of frontotemporal lobar degenerations: bvFTD, PNFA, semantic dementia as distinct syndromes of one spectrum",,review,,Current concepts in the classification and diagnosis of frontotemporal lobar degenerations: a practical approach.,2014,https://doi.org/10.5858/arpa.2012-0510-rs,24377823,no,no - not marked open access in Europe PMC,abstract only,pairfirst-2,A_close_relatives,general,no
Progressive non-fluent aphasia,Behavioral variant of frontotemporal dementia,Progressive non-fluent aphasia,Behavioral variant of frontotemporal dementia,ORPHA:100070,ORPHA:275864,feature_table,feature_table,rare,rare,phenotype; pathways,related but distinct,0.50,Social cognition and structural neuroimaging in progressive non-fluent aphasia versus bvFTD,,original research,,Structural neuroimaging of social cognition in progressive non-fluent aphasia and behavioral variant of frontotemporal dementia.,2013,https://europepmc.org/article/PMC/PMC3744869,23966929,yes,yes - free full text in PMC/Europe PMC (not read),abstract only,pairfirst-2,A_close_relatives,general,no
Progressive non-fluent aphasia,Behavioral variant of frontotemporal dementia,Progressive non-fluent aphasia,Behavioral variant of frontotemporal dementia,ORPHA:100070,ORPHA:275864,feature_table,feature_table,rare,rare,phenotype,related but distinct,0.50,Verb comprehension deficits across frontotemporal degeneration variants,,original research,,"Verb comprehension in frontotemporal degeneration: the role of grammatical, semantic and executive components.",2001,https://doi.org/10.1093/neucas/7.2.173,11320164,no,no - not marked open access in Europe PMC,abstract only,pairfirst-2,A_close_relatives,general,no
Progressive non-fluent aphasia,Behavioral variant of frontotemporal dementia,Progressive non-fluent aphasia,Behavioral variant of frontotemporal dementia,ORPHA:100070,ORPHA:275864,feature_table,feature_table,rare,rare,pathways; other (diagnostic),related but distinct,0.65,"CSF proteomics and biomarkers across FTLD clinical variants (bvFTD, PNFA, SD)",,review,,Cerebrospinal fluid proteomics and protein biomarkers in frontotemporal lobar degeneration: Current status and future perspectives.,2015,https://doi.org/10.1016/j.bbapap.2014.12.010,25526887,no,no - not marked open access in Europe PMC,abstract only,pairfirst-2,A_close_relatives,general,no
Epilepsy with auditory features,Familial temporal lobe epilepsy,Epilepsy with auditory features,Familial temporal lobe epilepsy,ORPHA:101046,ORPHA:98819,feature_table,feature_table,rare,rare,phenotype; genes,similar,0.82,"LGI1 mutations in ADPEAF, a familial temporal lobe epilepsy with auditory features",,original research,,LGI1 mutations in autosomal dominant partial epilepsy with auditory features.,2004,https://europepmc.org/article/PMC/PMC1361770,15079011,no,no - not marked open access in Europe PMC,abstract only,pairfirst-2,A_close_relatives,general,no
Epilepsy with auditory features,Familial temporal lobe epilepsy,Epilepsy with auditory features,Familial temporal lobe epilepsy,ORPHA:101046,ORPHA:98819,feature_table,feature_table,rare,rare,phenotype; genes,similar,0.82,LGI1 missense mutation in familial temporal lobe epilepsy with aphasic seizures (auditory/aphasic ADLTE),,original research,,LGI1 is mutated in familial temporal lobe epilepsy characterized by aphasic seizures.,2002,https://doi.org/10.1002/ana.10280,12205652,no,no - not marked open access in Europe PMC,abstract only,pairfirst-2,A_close_relatives,general,no
Epilepsy with auditory features,Familial temporal lobe epilepsy,Epilepsy with auditory features,Familial temporal lobe epilepsy,ORPHA:101046,ORPHA:98819,feature_table,feature_table,rare,rare,phenotype; genes,similar,0.81,Familial lateral temporal lobe epilepsy with aphasic seizures linked to 10q22-q24,,case report,,Familial temporal lobe epilepsy with aphasic seizures and linkage to chromosome 10q22-q24.,2002,https://doi.org/10.1046/j.1528-1157.2002.32001.x,11906506,no,no - not marked open access in Europe PMC,abstract only,pairfirst-2,A_close_relatives,general,no
Congenital stromal corneal dystrophy,Posterior polymorphous corneal dystrophy,Congenital stromal corneal dystrophy,Posterior polymorphous corneal dystrophy,ORPHA:101068,ORPHA:98973,feature_table,feature_table,rare,rare,genes; phenotype,related but distinct,0.60,Congenital corneal opacities review with genetics: CHSD and posterior polymorphous dystrophy,,review,,Congenital corneal opacities: a review with a focus on genetics.,2007,https://doi.org/10.1080/08820530701745157,18097987,no,no - not marked open access in Europe PMC,abstract only,pairfirst-2,C_genetic_cousins,general,yes
Charcot-Marie-Tooth disease type 1A,Roussy-Lévy syndrome,Charcot-Marie-Tooth disease type 1A,Roussy-Lévy syndrome,ORPHA:101081,ORPHA:3115,feature_table,feature_table,rare,rare,phenotype; genes,similar,0.82,CMT1A (PMP22 duplication) overview incl. Roussy-Levy presentation,,original research,,Overview of Charcot-Marie-Tooth Disease Type 1A.,1999,https://doi.org/10.1111/j.1749-6632.1999.tb08560.x,29086919,no,no - not marked open access in Europe PMC,abstract only,pairfirst-2,A_close_relatives,general,yes
Trehalase deficiency,Congenital sucrase-isomaltase deficiency,Trehalase deficiency,Congenital sucrase-isomaltase deficiency,ORPHA:103909,ORPHA:35122,feature_table,feature_table,rare,rare,epidemiology; phenotype,related but distinct,0.57,"Prevalence of congenital disaccharidase deficiencies (lactase, sucrase-isomaltase, trehalase) from allele frequencies",,original research,,Estimating the prevalence of congenital disaccharidase deficiencies using allele frequencies from gnomAD.,2022,https://doi.org/10.1016/j.arcped.2022.08.005,36167617,no,no - not marked open access in Europe PMC,abstract only,pairfirst-2,B_phenotype_twins_diff_genes,general,yes
Hydrops fetalis,Noonan syndrome,Hydrops fetalis,Noonan syndrome,ORPHA:1041,ORPHA:648,feature_table,feature_table,rare,rare,other (comorbidity),related but distinct,0.50,"Prenatal Noonan syndrome gene testing in fetuses with abnormal ultrasound (e.g. hydrops, nuchal oedema)",,original research,,Prenatal diagnostic testing of the Noonan syndrome genes in fetuses with abnormal ultrasound findings.,2013,https://europepmc.org/article/PMC/PMC3746261,23321623,no,no - not marked open access in Europe PMC,abstract only,pairfirst-2,C_genetic_cousins,general,yes
Leber hereditary optic neuropathy,Friedreich ataxia,Leber hereditary optic neuropathy,Friedreich ataxia,ORPHA:104,ORPHA:95,feature_table,feature_table,rare,rare,treatment; pathways,related but distinct,0.57,Therapeutic management of mitochondrial disorders incl. LHON and Friedreich ataxia,,review,,Clinical Therapeutic Management of Human Mitochondrial Disorders.,2020,https://doi.org/10.1016/j.pediatrneurol.2020.07.004,33053453,no,no - not marked open access in Europe PMC,abstract only,pairfirst-2,D_shared_treatment_diff_systems,general,yes
Ankyloblepharon-ectodermal defects-cleft lip/palate syndrome,Rapp-Hodgkin syndrome,Ankyloblepharon-ectodermal defects-cleft lip/palate syndrome,Rapp-Hodgkin syndrome,ORPHA:1071,ORPHA:3022,feature_table,feature_table,rare,rare,genes; pathways,similar,0.95,p63 amino-terminal truncating mutations in RHS/AEC-like patients reveal translation re-initiation,,original research,,A novel translation re-initiation mechanism for the p63 gene revealed by amino-terminal truncating mutations in Rapp-Hodgkin/Hay-Wells-like syndromes.,2008,https://doi.org/10.1093/hmg/ddn094,18364388,no,no - not marked open access in Europe PMC,abstract only,pairfirst-2,A_close_relatives,general,no
Ankyloblepharon-ectodermal defects-cleft lip/palate syndrome,Rapp-Hodgkin syndrome,Ankyloblepharon-ectodermal defects-cleft lip/palate syndrome,Rapp-Hodgkin syndrome,ORPHA:1071,ORPHA:3022,feature_table,feature_table,rare,rare,genes; phenotype,similar,0.88,TP63 R337L in split-hand/foot with hypodontia; TP63 disorders incl. AEC and Rapp-Hodgkin,,case report,,A novel mutation (c.1010G>T; p.R337L) in TP63 as a cause of split-hand/foot malformation with hypodontia.,2019,https://doi.org/10.1002/jgm.3122,31420900,no,no - not marked open access in Europe PMC,abstract only,pairfirst-2,A_close_relatives,comorbidity,no
Ankyloblepharon-ectodermal defects-cleft lip/palate syndrome,Rapp-Hodgkin syndrome,Ankyloblepharon-ectodermal defects-cleft lip/palate syndrome,Rapp-Hodgkin syndrome,ORPHA:1071,ORPHA:3022,feature_table,feature_table,rare,rare,phenotype; genes,similar,0.95,AEC and Rapp-Hodgkin syndromes are a clinical continuum caused by TP63; craniofacial phenotype of 17 AEC patients,,original research,,Craniofacial and anthropometric phenotype in ankyloblepharon-ectodermal defects-cleft lip/palate syndrome (Hay-Wells syndrome) in a cohort of 17 patients.,2009,https://doi.org/10.1002/ajmg.a.32791,19676059,no,no - not marked open access in Europe PMC,abstract only,pairfirst-2,A_close_relatives,genetic,no
Ankyloblepharon-ectodermal defects-cleft lip/palate syndrome,Rapp-Hodgkin syndrome,Ankyloblepharon-ectodermal defects-cleft lip/palate syndrome,Rapp-Hodgkin syndrome,ORPHA:1071,ORPHA:3022,feature_table,feature_table,rare,rare,phenotype; other (diagnostic),similar,0.90,"Rapp-Hodgkin and AEC syndrome: same entity? Same defects, AEC adds ankyloblepharon and scalp dermatitis",,case report,,Rapp-Hodgkin syndrome and AEC syndrome: are they the same entity?,1994,https://doi.org/10.1111/j.1365-2133.1994.tb06891.x,8305327,no,no - not marked open access in Europe PMC,abstract only,pairfirst-2,A_close_relatives,general,no
BOR syndrome,Branchiootic syndrome,BOR syndrome,Branchiootic syndrome,ORPHA:107,ORPHA:52429,feature_table,feature_table,rare,rare,phenotype; genes,similar,0.88,Novel EYA1 nonsense mutation in BOR/branchiootic syndrome; BO lacks renal anomalies,,original research,,A novel nonsense mutation in the EYA1 gene associated with branchio-oto-renal/branchiootic syndrome in an Afrikaner kindred.,2006,https://doi.org/10.1111/j.1399-0004.2006.00642.x,16813606,no,no - not marked open access in Europe PMC,abstract only,pairfirst-2,A_close_relatives,general,no
BOR syndrome,Branchiootic syndrome,BOR syndrome,Branchiootic syndrome,ORPHA:107,ORPHA:52429,feature_table,feature_table,rare,rare,phenotype; other (diagnostic),similar,0.75,Branchio-otic syndrome with coexisting branchial fistulas; BOS differs from BOR by absent renal anomalies,,case report,,Coexisting first and bilateral second branchial fistulas in a child with nonfamilial branchio-otic syndrome.,2013,https://doi.org/10.1177/014556131309200709,23904306,no,no - not marked open access in Europe PMC,abstract only,pairfirst-2,A_close_relatives,comorbidity,no
BOR syndrome,Branchiootic syndrome,BOR syndrome,Branchiootic syndrome,ORPHA:107,ORPHA:52429,feature_table,feature_table,rare,rare,genes; phenotype,similar,0.90,"Branchio-otic syndrome from genomic rearrangement of EYA1; BOR genes EYA1, SIX1, SIX5",,case report,,Branchio-otic syndrome caused by a genomic rearrangement: clinical findings and molecular cytogenetic studies in a patient with a pericentric inversion of chromosome 8.,2014,https://doi.org/10.1159/000355436,24135068,no,no - not marked open access in Europe PMC,abstract only,pairfirst-2,A_close_relatives,general,no
BOR syndrome,Branchiootic syndrome,BOR syndrome,Branchiootic syndrome,ORPHA:107,ORPHA:52429,feature_table,feature_table,rare,rare,genes; phenotype,similar,0.90,Cryptic EYA1 deletion-insertion in BOS patient; BOR spectrum disorder with or without renal anomalies,,case report,,Identification and Characterization of a Cryptic Genomic Deletion-Insertion in <i>EYA1</i> Associated with Branchio-Otic Syndrome.,2021,https://europepmc.org/article/PMC/PMC8046558,33880118,yes,yes - free full text in PMC/Europe PMC (not read),abstract only,pairfirst-2,A_close_relatives,general,no
Babesiosis,Cysticercosis,Babesiosis,Cysticercosis,ORPHA:108,ORPHA:1560,feature_table,feature_table,rare,rare,treatment,related but distinct,0.25,Molecular vaccines against parasites incl. bovine babesiosis and cysticercosis in sheep and cattle,,original research,,Molecular vaccines against parasites.,1986,https://doi.org/10.1016/0169-4758(86)90203-6,15462818,no,no - not marked open access in Europe PMC,abstract only,pairfirst-2,E_same_class_unrelated_biology,general,yes
Aspergillosis,Cryptococcosis,Aspergillosis,Cryptococcosis,ORPHA:1163,ORPHA:1546,feature_table,feature_table,rare,rare,epidemiology,related but distinct,0.50,Invasive fungal infections in organ transplant recipients: aspergillosis and cryptococcosis burden (TRANSNET),,comparative study,,Invasive fungal infections among organ transplant recipients: results of the Transplant-Associated Infection Surveillance Network (TRANSNET).,2010,https://doi.org/10.1086/651262,20218876,no,no - not marked open access in Europe PMC,abstract only,pairfirst-2,D_shared_treatment_diff_systems,general,no
Aspergillosis,Cryptococcosis,Aspergillosis,Cryptococcosis,ORPHA:1163,ORPHA:1546,feature_table,feature_table,rare,rare,epidemiology,related but distinct,0.50,Population-based analysis of invasive fungal infections in France incl. aspergillosis and cryptococcosis,,original research,,"Population-based analysis of invasive fungal infections, France, 2001-2010.",2014,https://europepmc.org/article/PMC/PMC4073874,24960557,yes,yes - free full text in PMC/Europe PMC (not read),abstract only,pairfirst-2,D_shared_treatment_diff_systems,natural_history,no
Aspergillosis,Cryptococcosis,Aspergillosis,Cryptococcosis,ORPHA:1163,ORPHA:1546,feature_table,feature_table,rare,rare,epidemiology,related but distinct,0.50,"Incidence and direct cost of systemic fungal infections (aspergillosis, cryptococcosis)",,comparative study,,The direct cost and incidence of systemic fungal infections.,2002,https://doi.org/10.1046/j.1524-4733.2002.51108.x,11873380,no,no - not marked open access in Europe PMC,abstract only,pairfirst-2,D_shared_treatment_diff_systems,comorbidity,no
Aspergillosis,Cryptococcosis,Aspergillosis,Cryptococcosis,ORPHA:1163,ORPHA:1546,feature_table,feature_table,rare,rare,pathways; treatment,similar,0.75,"Calcineurin in fungal virulence and drug resistance in Aspergillus, Candida and Cryptococcus",,review,,Calcineurin in fungal virulence and drug resistance: Prospects for harnessing targeted inhibition of calcineurin for an antifungal therapeutic approach.,2017,https://europepmc.org/article/PMC/PMC5354160,27325145,no,no - not marked open access in Europe PMC,abstract only,pairfirst-2,D_shared_treatment_diff_systems,genetic,no
Aspergillosis,Cryptococcosis,Aspergillosis,Cryptococcosis,ORPHA:1163,ORPHA:1546,feature_table,feature_table,rare,rare,treatment,related but distinct,0.50,Flucytosine pharmacology and clinical use in cryptococcosis and aspergillosis combination therapy,,review,,"Flucytosine: a review of its pharmacology, clinical indications, pharmacokinetics, toxicity and drug interactions.",2000,https://doi.org/10.1093/jac/46.2.171,10933638,no,no - not marked open access in Europe PMC,abstract only,pairfirst-2,D_shared_treatment_diff_systems,general,no
Aspergillosis,Zygomycosis,Aspergillosis,Zygomycosis,ORPHA:1163,ORPHA:73263,feature_table,feature_table,rare,rare,epidemiology,related but distinct,0.50,Invasive fungal infections in transplant recipients: aspergillosis and zygomycosis burden (TRANSNET),,comparative study,,Invasive fungal infections among organ transplant recipients: results of the Transplant-Associated Infection Surveillance Network (TRANSNET).,2010,https://doi.org/10.1086/651262,20218876,no,no - not marked open access in Europe PMC,abstract only,pairfirst-2,D_shared_treatment_diff_systems,general,no
Aspergillosis,Zygomycosis,Aspergillosis,Zygomycosis,ORPHA:1163,ORPHA:73263,feature_table,feature_table,rare,rare,treatment; epidemiology,related but distinct,0.42,Delaying amphotericin B-based therapy increases mortality in zygomycosis,,original research,,Delaying amphotericin B-based frontline therapy significantly increases mortality among patients with hematologic malignancy who have zygomycosis.,2008,https://doi.org/10.1086/590004,18611163,no,no - not marked open access in Europe PMC,abstract only,pairfirst-2,D_shared_treatment_diff_systems,therapeutic,no
Aspergillosis,Zygomycosis,Aspergillosis,Zygomycosis,ORPHA:1163,ORPHA:73263,feature_table,feature_table,rare,rare,treatment; other (comorbidity),related but distinct,0.38,Zygomycosis rise in the era of Aspergillus-active voriconazole therapy; compared with invasive aspergillosis,,original research,,Zygomycosis in a tertiary-care cancer center in the era of Aspergillus-active antifungal therapy: a case-control observational study of 27 recent cases.,2005,https://doi.org/10.1086/428780,15776383,no,no - not marked open access in Europe PMC,abstract only,pairfirst-2,D_shared_treatment_diff_systems,comorbidity,no
Aspergillosis,Zygomycosis,Aspergillosis,Zygomycosis,ORPHA:1163,ORPHA:73263,feature_table,feature_table,rare,rare,treatment,related but distinct,0.50,Pharmacokinetics of antifungals for aspergillosis and zygomycosis; amphotericin B active against both,,review,,Pharmacokinetics of antifungal drugs: practical implications for optimized treatment of patients.,2017,https://europepmc.org/article/PMC/PMC5696449,28702763,yes,yes - free full text in PMC/Europe PMC (not read),abstract only,pairfirst-2,D_shared_treatment_diff_systems,genetic,no
Aspergillosis,Zygomycosis,Aspergillosis,Zygomycosis,ORPHA:1163,ORPHA:73263,feature_table,feature_table,rare,rare,epidemiology; other (comorbidity),related but distinct,0.50,Zygomycosis as re-emerging infection in immunocompromised hosts alongside aspergillosis,,review,,Zygomycosis: the re-emerging fungal infection.,2006,https://doi.org/10.1007/s10096-006-0107-1,16568297,no,no - not marked open access in Europe PMC,abstract only,pairfirst-2,D_shared_treatment_diff_systems,mechanism,no
Allergic bronchopulmonary aspergillosis,Primary ciliary dyskinesia,Allergic bronchopulmonary aspergillosis,Primary ciliary dyskinesia,ORPHA:1164,ORPHA:244,feature_table,feature_table,rare,rare,other (comorbidity),related but distinct,0.50,Aetiology of adult bronchiectasis: ABPA and primary ciliary dyskinesia among causes,,original research,,Aetiology in adult patients with bronchiectasis.,2007,https://doi.org/10.1016/j.rmed.2006.11.008,17223027,no,no - not marked open access in Europe PMC,abstract only,pairfirst-2,E_same_class_unrelated_biology,general,no
Allergic bronchopulmonary aspergillosis,Primary ciliary dyskinesia,Allergic bronchopulmonary aspergillosis,Primary ciliary dyskinesia,ORPHA:1164,ORPHA:244,feature_table,feature_table,rare,rare,other (comorbidity),related but distinct,0.50,Non-CF bronchiectasis in adults: causes include ABPA and primary ciliary dyskinesia,,review,,Non-Cystic Fibrosis Bronchiectasis in Adults: A Review.,2025,https://doi.org/10.1001/jama.2025.2680,40293759,no,no - not marked open access in Europe PMC,abstract only,pairfirst-2,E_same_class_unrelated_biology,therapeutic,no
Allergic bronchopulmonary aspergillosis,Primary ciliary dyskinesia,Allergic bronchopulmonary aspergillosis,Primary ciliary dyskinesia,ORPHA:1164,ORPHA:244,feature_table,feature_table,rare,rare,other (diagnostic),related but distinct,0.50,Adolescent with asthma and bronchiectasis: differential diagnosis includes ABPA and primary ciliary dyskinesia,,case report,,A 15-year old girl with asthma and lower lobe bronchiectasis.,2015,https://doi.org/10.2500/aap.2015.36.3784,25562561,no,no - not marked open access in Europe PMC,abstract only,pairfirst-2,E_same_class_unrelated_biology,genetic,no
Allergic bronchopulmonary aspergillosis,Idiopathic chronic eosinophilic pneumonia,Allergic bronchopulmonary aspergillosis,Idiopathic chronic eosinophilic pneumonia,ORPHA:1164,ORPHA:2902,feature_table,feature_table,rare,rare,phenotype; other (diagnostic),similar,0.75,Eosinophilic lung diseases: chronic eosinophilic pneumonia versus other eosinophilic disorders incl. ABPA,,review,,Eosinophilic Lung Diseases.,2023,https://doi.org/10.1016/j.iac.2023.01.002,37055090,no,no - not marked open access in Europe PMC,abstract only,pairfirst-2,E_same_class_unrelated_biology,general,yes
Best vitelliform macular dystrophy,Autosomal dominant vitreoretinochoroidopathy,Best vitelliform macular dystrophy,Autosomal dominant vitreoretinochoroidopathy,ORPHA:1243,ORPHA:3086,feature_table,feature_table,rare,rare,phenotype; genes,similar,0.88,"Spectrum of ocular phenotypes caused by BEST1 mutations (Best disease, ADVIRC, ARB)",,review,,The spectrum of ocular phenotypes caused by mutations in the BEST1 gene.,2009,https://doi.org/10.1016/j.preteyeres.2009.04.002,19375515,no,no - not marked open access in Europe PMC,abstract only,pairfirst-2,C_genetic_cousins,general,no
Best vitelliform macular dystrophy,Autosomal dominant vitreoretinochoroidopathy,Best vitelliform macular dystrophy,Autosomal dominant vitreoretinochoroidopathy,ORPHA:1243,ORPHA:3086,feature_table,feature_table,rare,rare,pathways; genes,similar,0.85,"Mutation-dependent pathomechanisms determine phenotype across the bestrophinopathies (BD, ADVIRC, ARB)",,original research,,Mutation-Dependent Pathomechanisms Determine the Phenotype in the Bestrophinopathies.,2020,https://europepmc.org/article/PMC/PMC7084480,32111077,yes,yes - free full text in PMC/Europe PMC (not read),abstract only,pairfirst-2,C_genetic_cousins,therapeutic,no
Best vitelliform macular dystrophy,Autosomal dominant vitreoretinochoroidopathy,Best vitelliform macular dystrophy,Autosomal dominant vitreoretinochoroidopathy,ORPHA:1243,ORPHA:3086,feature_table,feature_table,rare,rare,pathways; phenotype,related but distinct,0.25,ADVIRC is a BEST1 gain-of-function disease unlike loss-of-function/dominant-negative Best disease; photoreceptor changes compared,,original research,,Gain of function in BEST1: photoreceptor changes and myopia in autosomal dominant vitreoretinochoroidopathy.,2026,https://doi.org/10.1080/13816810.2026.2635605,41991505,no,no - not marked open access in Europe PMC,abstract only,pairfirst-2,C_genetic_cousins,natural_history,no
Best vitelliform macular dystrophy,Autosomal dominant vitreoretinochoroidopathy,Best vitelliform macular dystrophy,Autosomal dominant vitreoretinochoroidopathy,ORPHA:1243,ORPHA:3086,feature_table,feature_table,rare,rare,phenotype; genes,similar,0.75,"Biallelic BEST1 mutation causes autosomal-recessive bestrophinopathy, distinct from dominant Best disease and ADVIRC",,original research,,Biallelic mutation of BEST1 causes a distinct retinopathy in humans.,2008,https://europepmc.org/article/PMC/PMC2253971,18179881,no,no - not marked open access in Europe PMC,abstract only,pairfirst-2,C_genetic_cousins,general,no
Best vitelliform macular dystrophy,Autosomal dominant vitreoretinochoroidopathy,Best vitelliform macular dystrophy,Autosomal dominant vitreoretinochoroidopathy,ORPHA:1243,ORPHA:3086,feature_table,feature_table,rare,rare,phenotype; genes,similar,0.75,BEST1 causes five clinically distinct retinal diseases (bestrophinopathies) incl. Best disease and ADVIRC,,review,,Bestrophin 1 and retinal disease.,2017,https://europepmc.org/article/PMC/PMC5600499,28153808,no,no - not marked open access in Europe PMC,abstract only,pairfirst-2,C_genetic_cousins,general,no
Brucellosis,Typhoid,Brucellosis,Typhoid,ORPHA:1304,ORPHA:99745,feature_table,feature_table,rare,rare,epidemiology; other (diagnostic),related but distinct,0.60,Typhoid incidence among febrile illnesses in Egypt incl. brucellosis,,original research,,Estimating the incidence of typhoid fever and other febrile illnesses in developing countries.,2003,https://europepmc.org/article/PMC/PMC2972755,12737736,yes,yes - free full text in PMC/Europe PMC (not read),abstract only,pairfirst-2,D_shared_treatment_diff_systems,general,no
Brucellosis,Typhoid,Brucellosis,Typhoid,ORPHA:1304,ORPHA:99745,feature_table,feature_table,rare,rare,epidemiology; other (diagnostic),related but distinct,0.60,Prevalence of bacterial febrile illnesses in Tanzanian children incl. brucellosis and typhoid,,original research,,"Prevalence of bacterial febrile illnesses in children in Kilosa district, Tanzania.",2015,https://europepmc.org/article/PMC/PMC4425467,25955522,yes,yes - free full text in PMC/Europe PMC (not read),abstract only,pairfirst-2,D_shared_treatment_diff_systems,therapeutic,no
Brucellosis,Typhoid,Brucellosis,Typhoid,ORPHA:1304,ORPHA:99745,feature_table,feature_table,rare,rare,other (diagnostic); epidemiology,related but distinct,0.65,Brucellosis as a cause of acute febrile illness in Egypt alongside typhoid,,comparative study,,Brucellosis as a cause of acute febrile illness in Egypt.,2007,https://doi.org/10.1016/j.trstmh.2007.02.027,17442354,no,no - not marked open access in Europe PMC,abstract only,pairfirst-2,D_shared_treatment_diff_systems,natural_history,no
Brugada syndrome,Congenital short QT syndrome,Brugada syndrome,Congenital short QT syndrome,ORPHA:130,ORPHA:51083,feature_table,feature_table,rare,rare,pathways; treatment,related but distinct,0.50,"Mechanisms and management of inherited channelopathies (LQTS, Brugada, CPVT, short QT)",,review,,"Mechanisms and clinical management of inherited channelopathies: long QT syndrome, Brugada syndrome, catecholaminergic polymorphic ventricular tachycardia, and short QT syndrome.",2009,https://doi.org/10.1016/j.hrthm.2009.02.009,19631908,no,no - not marked open access in Europe PMC,abstract only,pairfirst-2,A_close_relatives,general,no
Brugada syndrome,Congenital short QT syndrome,Brugada syndrome,Congenital short QT syndrome,ORPHA:130,ORPHA:51083,feature_table,feature_table,rare,rare,other (diagnostic),related but distinct,0.50,"Benign early repolarization versus malignant early abnormalities (Brugada, short QT) on ECG",,review,,"""Benign"" early repolarization versus malignant early abnormalities: clinical-electrocardiographic distinction and genetic basis.",2012,https://doi.org/10.5603/cj.2012.0063,22825893,no,no - not marked open access in Europe PMC,abstract only,pairfirst-2,A_close_relatives,general,no
Brugada syndrome,Congenital short QT syndrome,Brugada syndrome,Congenital short QT syndrome,ORPHA:130,ORPHA:51083,feature_table,feature_table,rare,rare,treatment,related but distinct,0.50,ICD versus medical therapy for cardiac channelopathies incl. Brugada and short QT,,review,,Implantable defibrillators versus medical therapy for cardiac channelopathies.,2015,https://europepmc.org/article/PMC/PMC6599851,26445202,no,no - not marked open access in Europe PMC,abstract only,pairfirst-2,A_close_relatives,general,no
Craniofacial microsomia,Goldenhar syndrome,Craniofacial microsomia,Goldenhar syndrome,ORPHA:141132,ORPHA:374,feature_table,feature_table,rare,rare,phenotype; genes,similar,0.90,"FOXI3 pathogenic variants cause one form of craniofacial microsomia, also known as Goldenhar syndrome",,original research,,FOXI3 pathogenic variants cause one form of craniofacial microsomia.,2023,https://europepmc.org/article/PMC/PMC10090152,37041148,yes,yes - free full text in PMC/Europe PMC (not read),abstract only,pairfirst-2,A_close_relatives,general,no
Craniofacial microsomia,Goldenhar syndrome,Craniofacial microsomia,Goldenhar syndrome,ORPHA:141132,ORPHA:374,feature_table,feature_table,rare,rare,epidemiology; phenotype,similar,0.78,Birth prevalence of rare craniofacial anomalies incl. craniofacial microsomia and Goldenhar in Western Australia,,original research,,Epidemiology of Rare Craniofacial Anomalies: Retrospective Western Australian Population Data Linkage Study.,2022,https://doi.org/10.1016/j.jpeds.2021.09.060,34626670,no,no - not marked open access in Europe PMC,abstract only,pairfirst-2,A_close_relatives,natural_history,no
Craniofacial microsomia,Goldenhar syndrome,Craniofacial microsomia,Goldenhar syndrome,ORPHA:141132,ORPHA:374,feature_table,feature_table,rare,rare,phenotype; genes,similar,0.90,ROBO1 variation associated with craniofacial microsomia continuum incl. Goldenhar syndrome,,original research,,Genetic variation near ROBO1 is associated with craniofacial microsomia and related phenotypes in the Finnish population.,2026,https://europepmc.org/article/PMC/PMC13064855,41955302,yes,yes - free full text in PMC/Europe PMC (not read),abstract only,pairfirst-2,A_close_relatives,genetic,no
Parathyroid carcinoma,Hyperparathyroidism-jaw tumor syndrome,Parathyroid carcinoma,Hyperparathyroidism-jaw tumor syndrome,ORPHA:143,ORPHA:99880,feature_table,feature_table,rare,rare,pathways; genes,similar,0.75,Parafibromin tumour suppressor linked to both HPT-JT and sporadic parathyroid carcinoma,,original research,,"The tumor suppressor, parafibromin, mediates histone H3 K9 methylation for cyclin D1 repression.",2010,https://europepmc.org/article/PMC/PMC2811029,19906718,yes,yes - free full text in PMC/Europe PMC (not read),abstract only,pairfirst-2,A_close_relatives,comorbidity,no
Parathyroid carcinoma,Hyperparathyroidism-jaw tumor syndrome,Parathyroid carcinoma,Hyperparathyroidism-jaw tumor syndrome,ORPHA:143,ORPHA:99880,feature_table,feature_table,rare,rare,treatment; other (comorbidity),related but distinct,0.55,HPT-JT operative management; risk of parathyroid carcinoma in HRPT2/CDC73 carriers,,comparative study,,Hyperparathyroidism-jaw tumor syndrome: Results of operative management.,2014,https://europepmc.org/article/PMC/PMC4255585,25444225,no,no - not marked open access in Europe PMC,abstract only,pairfirst-2,A_close_relatives,mechanism,no
Parathyroid carcinoma,Hyperparathyroidism-jaw tumor syndrome,Parathyroid carcinoma,Hyperparathyroidism-jaw tumor syndrome,ORPHA:143,ORPHA:99880,feature_table,feature_table,rare,rare,other (diagnostic); genes,related but distinct,0.54,Parafibromin and PGP9.5 IHC for diagnosis of parathyroid carcinoma; HRPT2 mutation link,,comparative study,,Accuracy of combined protein gene product 9.5 and parafibromin markers for immunohistochemical diagnosis of parathyroid carcinoma.,2009,https://doi.org/10.1210/jc.2008-1740,19017757,no,no - not marked open access in Europe PMC,abstract only,pairfirst-2,A_close_relatives,general,no
Carbamoyl-phosphate synthetase 1 deficiency,Citrullinemia type I,Carbamoyl-phosphate synthetase 1 deficiency,Citrullinemia type I,ORPHA:147,ORPHA:247525,feature_table,feature_table,rare,rare,epidemiology; treatment,similar,0.75,Clinical course of 63 neonatal-onset urea cycle disorder patients incl. CPS1 deficiency and citrullinemia,,comparative study,,Clinical course of 63 patients with neonatal onset urea cycle disorders in the years 2001-2013.,2016,https://europepmc.org/article/PMC/PMC4991093,27538463,yes,yes - free full text in PMC/Europe PMC (not read),abstract only,pairfirst-2,B_phenotype_twins_diff_genes,general,yes
Carbamoyl-phosphate synthetase 1 deficiency,Ornithine transcarbamylase deficiency,Carbamoyl-phosphate synthetase 1 deficiency,Ornithine transcarbamylase deficiency,ORPHA:147,ORPHA:664,feature_table,feature_table,rare,rare,epidemiology; treatment,similar,0.75,Clinical course of 63 neonatal-onset urea cycle disorder patients incl. CPS1 and OTC deficiency,,comparative study,,Clinical course of 63 patients with neonatal onset urea cycle disorders in the years 2001-2013.,2016,https://europepmc.org/article/PMC/PMC4991093,27538463,yes,yes - free full text in PMC/Europe PMC (not read),abstract only,pairfirst-2,B_phenotype_twins_diff_genes,general,yes
Carbamoyl-phosphate synthetase 1 deficiency,Ornithine transcarbamylase deficiency,Carbamoyl-phosphate synthetase 1 deficiency,Ornithine transcarbamylase deficiency,ORPHA:147,ORPHA:664,feature_table,feature_table,rare,rare,epidemiology; phenotype,similar,0.75,"Adult-onset diagnosis of urea cycle disorders in a French cohort (mainly OTC, also CPS1)",,comparative study,,Adult-onset diagnosis of urea cycle disorders: Results of a French cohort of 71 patients.,2021,https://doi.org/10.1002/jimd.12403,34014557,no,no - not marked open access in Europe PMC,abstract only,pairfirst-2,B_phenotype_twins_diff_genes,general,yes
Whooping cough,Diphtheria,Whooping cough,Diphtheria,ORPHA:1489,ORPHA:1679,feature_table,feature_table,rare,rare,pathways,related but distinct,0.50,"Pertussis toxin hypothesis for harmful effects and prolonged immunity of whooping cough, like bacterial exotoxins such as diphtheria toxin",,review,,Pertussis toxin: the cause of the harmful effects and prolonged immunity of whooping cough. A hypothesis.,1979,https://doi.org/10.1093/clinids/1.3.401,233166,no,no - not marked open access in Europe PMC,abstract only,pairfirst-2,D_shared_treatment_diff_systems,general,no
Whooping cough,Diphtheria,Whooping cough,Diphtheria,ORPHA:1489,ORPHA:1679,feature_table,feature_table,rare,rare,pathways,similar,0.75,ARH3 structure and reversibility of ADP-ribosylation by bacterial toxins causing whooping cough and diphtheria,,original research,,The structure of human ADP-ribosylhydrolase 3 (ARH3) provides insights into the reversibility of protein ADP-ribosylation.,2006,https://europepmc.org/article/PMC/PMC1622773,17015823,no,no - not marked open access in Europe PMC,abstract only,pairfirst-2,D_shared_treatment_diff_systems,comorbidity,no
Whooping cough,Diphtheria,Whooping cough,Diphtheria,ORPHA:1489,ORPHA:1679,feature_table,feature_table,rare,rare,pathways,similar,0.75,"Cellular uptake of bacterial AB-type toxins causing cholera, whooping cough and diphtheria",,review,,Requirement of Peptidyl-Prolyl Cis/Trans isomerases and chaperones for cellular uptake of bacterial AB-type toxins.,2022,https://europepmc.org/article/PMC/PMC9387773,35992160,yes,yes - free full text in PMC/Europe PMC (not read),abstract only,pairfirst-2,D_shared_treatment_diff_systems,mechanism,no
Whooping cough,Poliomyelitis,Whooping cough,Poliomyelitis,ORPHA:1489,ORPHA:2912,feature_table,feature_table,rare,rare,epidemiology,related but distinct,0.50,10-year Nigerian review of morbidity from EPI-preventable diseases incl. whooping cough and poliomyelitis,,original research,,A 10-year review of morbidity from childhood preventable diseases in Nigeria: how successful is the expanded programme on immunization (EPI)? An update.,1990,https://doi.org/10.1093/tropej/36.6.306,2280438,no,no - not marked open access in Europe PMC,abstract only,pairfirst-2,D_shared_treatment_diff_systems,natural_history,yes
Cysticercosis,Cystic echinococcosis,Cysticercosis,Cystic echinococcosis,ORPHA:1560,ORPHA:400,feature_table,feature_table,rare,rare,treatment,similar,0.90,"Comparative pharmacology of albendazole, praziquantel etc. for cysticercosis and echinococcosis",,review,,Anthelmintics. A comparative review of their clinical pharmacology.,1997,https://doi.org/10.2165/00003495-199753050-00004,9129865,no,no - not marked open access in Europe PMC,abstract only,pairfirst-2,E_same_class_unrelated_biology,therapeutic,yes
Cysticercosis,Cystic echinococcosis,Cysticercosis,Cystic echinococcosis,ORPHA:1560,ORPHA:400,feature_table,feature_table,rare,rare,treatment,similar,0.75,Cestode vaccines against Taenia solium (cysticercosis) and Echinococcus granulosus,,review,,"Cestode vaccines: origins, current status and future prospects.",2006,https://doi.org/10.1017/s003118200600179x,17274847,no,no - not marked open access in Europe PMC,abstract only,pairfirst-2,E_same_class_unrelated_biology,natural_history,yes
Achondroplasia,Apert syndrome,Achondroplasia,Apert syndrome,ORPHA:15,ORPHA:87,feature_table,feature_table,rare,rare,pathways; genes,similar,0.74,"Paternal-age-effect disorders (achondroplasia FGFR3, Apert FGFR2) and selfish spermatogonial selection",,review,,Paternal age effect mutations and selfish spermatogonial selection: causes and consequences for human disease.,2012,https://europepmc.org/article/PMC/PMC3276674,22325359,no,no - not marked open access in Europe PMC,abstract only,pairfirst-2,C_genetic_cousins,general,no
Achondroplasia,Apert syndrome,Achondroplasia,Apert syndrome,ORPHA:15,ORPHA:87,feature_table,feature_table,rare,rare,pathways,similar,0.90,Selfish spermatogonial selection links advanced paternal age to de novo PAE disorders such as achondroplasia and Apert,,review,,"""Selfish spermatogonial selection"": a novel mechanism for the association between advanced paternal age and neurodevelopmental disorders.",2013,https://europepmc.org/article/PMC/PMC4001324,23639989,no,no - not marked open access in Europe PMC,abstract only,pairfirst-2,C_genetic_cousins,natural_history,no
Achondroplasia,Apert syndrome,Achondroplasia,Apert syndrome,ORPHA:15,ORPHA:87,feature_table,feature_table,rare,rare,pathways,similar,0.90,Cellular evidence for selfish spermatogonial selection in aged testes: PAE disorders achondroplasia and Apert syndrome,,review,,Cellular evidence for selfish spermatogonial selection in aged human testes.,2014,https://doi.org/10.1111/j.2047-2927.2013.00175.x,24357637,no,no - not marked open access in Europe PMC,abstract only,pairfirst-2,C_genetic_cousins,mechanism,no
Hypotonia-cystinuria syndrome,2p21 microdeletion syndrome,Hypotonia-cystinuria syndrome,2p21 microdeletion syndrome,ORPHA:163690,ORPHA:163693,feature_table,feature_table,rare,rare,genes; phenotype,similar,0.75,"PREPL deficiency phenotype; contiguous gene deletions involving PREPL, SLC3A1, CAMKMT, PPM1B",,original research,,PREPL deficiency: delineation of the phenotype and development of a functional blood assay.,2018,https://doi.org/10.1038/gim.2017.74,28726805,no,no - not marked open access in Europe PMC,abstract only,pairfirst-2,A_close_relatives,general,no
Hypotonia-cystinuria syndrome,2p21 microdeletion syndrome,Hypotonia-cystinuria syndrome,2p21 microdeletion syndrome,ORPHA:163690,ORPHA:163693,feature_table,feature_table,rare,rare,genes; phenotype,similar,0.75,Atypical hypotonia-cystinuria syndrome from C2orf34/PREPL/SLC3A1 deletion; HCS and 2p21 deletion syndromes compared,,original research,,"Deletion of C2orf34, PREPL and SLC3A1 causes atypical hypotonia-cystinuria syndrome.",2009,https://europepmc.org/article/PMC/PMC3027732,21686663,no,no - not marked open access in Europe PMC,abstract only,pairfirst-2,A_close_relatives,therapeutic,no
Hypotonia-cystinuria syndrome,2p21 microdeletion syndrome,Hypotonia-cystinuria syndrome,2p21 microdeletion syndrome,ORPHA:163690,ORPHA:163693,feature_table,feature_table,rare,rare,pathways; genes,similar,0.75,PREPL gene lies within the 2p21 deletion and hypotonia-cystinuria syndromes,,review,,PREPL: a putative novel oligopeptidase propelled into the limelight.,2006,https://doi.org/10.1515/bc.2006.111,16913837,no,no - not marked open access in Europe PMC,abstract only,pairfirst-2,A_close_relatives,general,no
Hypotonia-cystinuria syndrome,2p21 microdeletion syndrome,Hypotonia-cystinuria syndrome,2p21 microdeletion syndrome,ORPHA:163690,ORPHA:163693,feature_table,feature_table,rare,rare,phenotype; genes,related but distinct,0.62,"Genotype-phenotype correlation in homozygous 2p21 deletion syndromes: overlapping deletions, distinct phenotypes",,case report,,Further delineation of genotype-phenotype correlation in homozygous 2p21 deletion syndromes: first description of patients without cystinuria.,2013,https://doi.org/10.1002/ajmg.a.35994,23794250,no,no - not marked open access in Europe PMC,abstract only,pairfirst-2,A_close_relatives,general,no
Hypotonia-cystinuria syndrome,2p21 microdeletion syndrome,Hypotonia-cystinuria syndrome,2p21 microdeletion syndrome,ORPHA:163690,ORPHA:163693,feature_table,feature_table,rare,rare,phenotype; genes,related but distinct,0.62,"Multi-system syndromes with cystinuria type I: 2p21 deletion, HCS and atypical HCS differ in genes lost",,review,,Multi-system disorder syndromes associated with cystinuria type I.,2008,https://doi.org/10.2174/156652408785747997,18781961,no,no - not marked open access in Europe PMC,abstract only,pairfirst-2,A_close_relatives,general,no
2p21 microdeletion syndrome,Atypical hypotonia-cystinuria syndrome,2p21 microdeletion syndrome,Atypical hypotonia-cystinuria syndrome,ORPHA:163693,ORPHA:238523,feature_table,feature_table,rare,rare,genes; phenotype,similar,0.75,"PREPL deficiency phenotype and contiguous deletion syndromes (HCS, atypical HCS, 2p21 deletion)",,original research,,PREPL deficiency: delineation of the phenotype and development of a functional blood assay.,2018,https://doi.org/10.1038/gim.2017.74,28726805,no,no - not marked open access in Europe PMC,abstract only,pairfirst-2,A_close_relatives,general,no
2p21 microdeletion syndrome,Atypical hypotonia-cystinuria syndrome,2p21 microdeletion syndrome,Atypical hypotonia-cystinuria syndrome,ORPHA:163693,ORPHA:238523,feature_table,feature_table,rare,rare,phenotype; genes,related but distinct,0.62,Genotype-phenotype correlation in homozygous 2p21 deletion syndromes,,case report,,Further delineation of genotype-phenotype correlation in homozygous 2p21 deletion syndromes: first description of patients without cystinuria.,2013,https://doi.org/10.1002/ajmg.a.35994,23794250,no,no - not marked open access in Europe PMC,abstract only,pairfirst-2,A_close_relatives,general,no
2p21 microdeletion syndrome,Atypical hypotonia-cystinuria syndrome,2p21 microdeletion syndrome,Atypical hypotonia-cystinuria syndrome,ORPHA:163693,ORPHA:238523,feature_table,feature_table,rare,rare,phenotype; genes,related but distinct,0.62,Multi-system syndromes with cystinuria type I: 2p21 deletion versus atypical HCS,,review,,Multi-system disorder syndromes associated with cystinuria type I.,2008,https://doi.org/10.2174/156652408785747997,18781961,no,no - not marked open access in Europe PMC,abstract only,pairfirst-2,A_close_relatives,general,no
2p21 microdeletion syndrome,Atypical hypotonia-cystinuria syndrome,2p21 microdeletion syndrome,Atypical hypotonia-cystinuria syndrome,ORPHA:163693,ORPHA:238523,feature_table,feature_table,rare,rare,genes; phenotype,similar,0.75,"C2orf34, PREPL and SLC3A1 deletion causes atypical HCS; 2p21 syndrome loses PPM1B too",,original research,,"Deletion of C2orf34, PREPL and SLC3A1 causes atypical hypotonia-cystinuria syndrome.",2009,https://europepmc.org/article/PMC/PMC3027732,21686663,no,no - not marked open access in Europe PMC,abstract only,pairfirst-2,A_close_relatives,general,no
Alveolar soft tissue sarcoma,MiT family translocation renal cell carcinoma,Alveolar soft tissue sarcoma,MiT family translocation renal cell carcinoma,ORPHA:163699,ORPHA:319308,feature_table,feature_table,rare,rare,genes; pathways,similar,0.96,"Xp11 translocation RCC involves TFE3 fused to ASPL, the same gene fusion partner as alveolar soft part sarcoma",,review,,Xp11 translocation renal cell carcinoma.,2010,https://doi.org/10.3109/00313021003767348,20438411,no,no - not marked open access in Europe PMC,abstract only,pairfirst-2,A_close_relatives,general,no
Alveolar soft tissue sarcoma,MiT family translocation renal cell carcinoma,Alveolar soft tissue sarcoma,MiT family translocation renal cell carcinoma,ORPHA:163699,ORPHA:319308,feature_table,feature_table,rare,rare,pathways; genes,similar,0.93,ASPSCR1-TFE3 driven mouse model gives both translocation RCC and alveolar soft part sarcoma,,original research,,Comparative genomics incorporating translocation renal cell carcinoma mouse model reveals molecular mechanisms of tumorigenesis.,2024,https://europepmc.org/article/PMC/PMC10977987,38386415,yes,yes - free full text in PMC/Europe PMC (not read),abstract only,pairfirst-2,A_close_relatives,therapeutic,no
Alveolar soft tissue sarcoma,MiT family translocation renal cell carcinoma,Alveolar soft tissue sarcoma,MiT family translocation renal cell carcinoma,ORPHA:163699,ORPHA:319308,feature_table,feature_table,rare,rare,genes; other (diagnostic),similar,0.80,ASPSCR1-TFE3 fusion in PEComa-like neoplasms; TFE3 fusions in renal cell carcinoma and alveolar soft part sarcoma,,original research,,PEComa-like Neoplasms Characterized by ASPSCR1-TFE3 Fusion: Another Face of TFE3-related Mesenchymal Neoplasia.,2022,https://europepmc.org/article/PMC/PMC9298479,35848761,no,no - not marked open access in Europe PMC,abstract only,pairfirst-2,A_close_relatives,comorbidity,no
Alveolar soft tissue sarcoma,MiT family translocation renal cell carcinoma,Alveolar soft tissue sarcoma,MiT family translocation renal cell carcinoma,ORPHA:163699,ORPHA:319308,feature_table,feature_table,rare,rare,genes; other (diagnostic),similar,0.74,TFE3 translocations occur in MiT translocation RCC and alveolar soft part sarcoma; TFE3 PEComa differential,,original research,,TFE3-Expressing Perivascular Epithelioid Cell Tumor of the Breast.,2019,https://europepmc.org/article/PMC/PMC6344798,30269476,yes,yes - free full text in PMC/Europe PMC (not read),abstract only,pairfirst-2,A_close_relatives,mechanism,no
Alveolar soft tissue sarcoma,Synovial sarcoma,Alveolar soft tissue sarcoma,Synovial sarcoma,ORPHA:163699,ORPHA:3273,feature_table,feature_table,rare,rare,treatment,related but distinct,0.25,IGF-1R antibody R1507 phase 2 across recurrent sarcoma subtypes incl. ASPS and synovial sarcoma,,comparative study,,"A phase 2 trial of R1507, a monoclonal antibody to the insulin-like growth factor-1 receptor (IGF-1R), in patients with recurrent or refractory rhabdomyosarcoma, osteosarcoma, synovial sarcoma, and other soft tissue sarcomas: results of a Sarcoma Alliance for Research Through Collaboration study.",2014,https://europepmc.org/article/PMC/PMC7009782,24797726,no,no - not marked open access in Europe PMC,abstract only,pairfirst-2,A_close_relatives,general,no
Alveolar soft tissue sarcoma,Synovial sarcoma,Alveolar soft tissue sarcoma,Synovial sarcoma,ORPHA:163699,ORPHA:3273,feature_table,feature_table,rare,rare,pathways; treatment,related but distinct,0.62,Trabectedin activity in translocation-related sarcomas incl. alveolar soft part and synovial sarcoma,,original research,,A retrospective analysis of antitumour activity with trabectedin in translocation-related sarcomas.,2012,https://doi.org/10.1016/j.ejca.2012.05.012,22749255,no,no - not marked open access in Europe PMC,abstract only,pairfirst-2,A_close_relatives,therapeutic,no
Alveolar soft tissue sarcoma,Synovial sarcoma,Alveolar soft tissue sarcoma,Synovial sarcoma,ORPHA:163699,ORPHA:3273,feature_table,feature_table,rare,rare,treatment; pathways,related but distinct,0.25,"NY-ESO-1 expression high in synovial sarcoma, variable in other mesenchymal tumours",,original research,,NY-ESO-1 expression in synovial sarcoma and other mesenchymal tumors: significance for NY-ESO-1-based targeted therapy and differential diagnosis.,2012,https://europepmc.org/article/PMC/PMC6309776,22388761,no,no - not marked open access in Europe PMC,abstract only,pairfirst-2,A_close_relatives,natural_history,no
Alveolar soft tissue sarcoma,Synovial sarcoma,Alveolar soft tissue sarcoma,Synovial sarcoma,ORPHA:163699,ORPHA:3273,feature_table,feature_table,rare,rare,treatment,related but distinct,0.50,Cabozantinib phase 1 in paediatric refractory solid tumours incl. ASPS and synovial sarcoma,,original research,,"A phase 1 study of cabozantinib in children and adolescents with recurrent or refractory solid tumors, including CNS tumors: Trial ADVL1211, a report from the Children's Oncology Group.",2018,https://europepmc.org/article/PMC/PMC6082380,29693796,no,no - not marked open access in Europe PMC,abstract only,pairfirst-2,A_close_relatives,genetic,no
Alveolar soft tissue sarcoma,Synovial sarcoma,Alveolar soft tissue sarcoma,Synovial sarcoma,ORPHA:163699,ORPHA:3273,feature_table,feature_table,rare,rare,treatment,related but distinct,0.50,Bevacizumab plus cediranib VEGF pathway dual inhibition phase 1 incl. ASPS and synovial sarcoma,,original research,,Dual inhibition of the vascular endothelial growth factor pathway: a phase 1 trial evaluating bevacizumab and AZD2171 (cediranib) in patients with advanced solid tumors.,2014,https://doi.org/10.1002/cncr.28701,24752867,no,no - not marked open access in Europe PMC,abstract only,pairfirst-2,A_close_relatives,mechanism,no
Alveolar soft tissue sarcoma,Leiomyosarcoma,Alveolar soft tissue sarcoma,Leiomyosarcoma,ORPHA:163699,ORPHA:64720,feature_table,feature_table,rare,rare,treatment,related but distinct,0.50,Selinexor preclinical activity across sarcoma subtypes incl. alveolar soft part sarcoma and leiomyosarcoma,,original research,,"Preclinical activity of selinexor, an inhibitor of XPO1, in sarcoma.",2016,https://europepmc.org/article/PMC/PMC4941336,26918731,yes,yes - free full text in PMC/Europe PMC (not read),abstract only,pairfirst-2,A_close_relatives,genetic,yes
Alveolar soft tissue sarcoma,Leiomyosarcoma,Alveolar soft tissue sarcoma,Leiomyosarcoma,ORPHA:163699,ORPHA:64720,feature_table,feature_table,rare,rare,treatment,related but distinct,0.50,Checkpoint inhibitor efficacy in metastatic soft-tissue sarcoma subtypes incl. ASPS and leiomyosarcoma,,original research,,A Retrospective Analysis of the Efficacy of Immunotherapy in Metastatic Soft-Tissue Sarcomas.,2020,https://europepmc.org/article/PMC/PMC7408640,32664595,yes,yes - free full text in PMC/Europe PMC (not read),abstract only,pairfirst-2,A_close_relatives,comorbidity,yes
Acrodermatitis continua of Hallopeau,Generalized pustular psoriasis,Acrodermatitis continua of Hallopeau,Generalized pustular psoriasis,ORPHA:163931,ORPHA:247353,feature_table,feature_table,rare,rare,genes; phenotype,related but distinct,0.35,"Clinical and genetic differences between pustular psoriasis subtypes (GPP, PPP, ACH)",,original research,,Clinical and genetic differences between pustular psoriasis subtypes.,2019,https://europepmc.org/article/PMC/PMC6403101,30036598,yes,yes - free full text in PMC/Europe PMC (not read),abstract only,pairfirst-2,A_close_relatives,general,no
Acrodermatitis continua of Hallopeau,Generalized pustular psoriasis,Acrodermatitis continua of Hallopeau,Generalized pustular psoriasis,ORPHA:163931,ORPHA:247353,feature_table,feature_table,rare,rare,phenotype; genes,related but distinct,0.50,"Pustular psoriasis subtypes (GPP, palmoplantar, ACH) are phenotypically and genetically distinct, with new therapies",,review,,Pustular Psoriasis: The Dawn of a New Era.,2020,https://europepmc.org/article/PMC/PMC9128889,31971600,yes,yes - free full text in PMC/Europe PMC (not read),abstract only,pairfirst-2,A_close_relatives,therapeutic,no
Acrodermatitis continua of Hallopeau,Generalized pustular psoriasis,Acrodermatitis continua of Hallopeau,Generalized pustular psoriasis,ORPHA:163931,ORPHA:247353,feature_table,feature_table,rare,rare,genes; phenotype,similar,0.84,"IL36RN mutations underlie GPP, palmoplantar pustular psoriasis and ACH; genotype-phenotype correlation",,review,,IL36RN Mutations Affect Protein Expression and Function: A Basis for Genotype-Phenotype Correlation in Pustular Diseases.,2016,https://doi.org/10.1016/j.jid.2016.04.038,27220475,no,no - not marked open access in Europe PMC,abstract only,pairfirst-2,A_close_relatives,comorbidity,no
Dent disease,Oculocerebrorenal syndrome of Lowe,Dent disease,Oculocerebrorenal syndrome of Lowe,ORPHA:1652,ORPHA:534,feature_table,feature_table,rare,rare,phenotype; genes,similar,0.88,"Lowe syndrome update: OCRL X-linked disorder with renal tubular dysfunction, related to Dent disease",,review,,The oculocerebrorenal syndrome of Lowe: an update.,2016,https://europepmc.org/article/PMC/PMC5118406,27011217,yes,yes - free full text in PMC/Europe PMC (not read),abstract only,pairfirst-2,C_genetic_cousins,general,no
Dent disease,Oculocerebrorenal syndrome of Lowe,Dent disease,Oculocerebrorenal syndrome of Lowe,ORPHA:1652,ORPHA:534,feature_table,feature_table,rare,rare,pathways; genes,similar,0.82,OCRL suppresses intestinal TRPV6; OCRL mutations cause Lowe syndrome and Dent disease with hypercalciuria,,comparative study,,"Suppression of intestinal calcium entry channel TRPV6 by OCRL, a lipid phosphatase associated with Lowe syndrome and Dent disease.",2012,https://europepmc.org/article/PMC/PMC3361998,22378746,no,no - not marked open access in Europe PMC,abstract only,pairfirst-2,C_genetic_cousins,therapeutic,no
Dent disease,Oculocerebrorenal syndrome of Lowe,Dent disease,Oculocerebrorenal syndrome of Lowe,ORPHA:1652,ORPHA:534,feature_table,feature_table,rare,rare,genes; pathways,similar,0.70,Novel OCRL isoforms explain milder Dent disease-2 versus Lowe syndrome (exons 1-7 vs 8-24 truncations),,original research,,Identification of novel OCRL isoforms associated with phenotypic differences between Dent disease-2 and Lowe syndrome.,2022,https://doi.org/10.1093/ndt/gfab274,34586410,no,no - not marked open access in Europe PMC,abstract only,pairfirst-2,C_genetic_cousins,comorbidity,no
Dent disease,Oculocerebrorenal syndrome of Lowe,Dent disease,Oculocerebrorenal syndrome of Lowe,ORPHA:1652,ORPHA:534,feature_table,feature_table,rare,rare,pathways; genes,similar,0.85,Endocytic proteins sharing an OCRL-binding motif with APPL1; Lowe and Dent disease share tubular defects,,original research,,Two closely related endocytic proteins that share a common OCRL-binding motif with APPL1.,2010,https://europepmc.org/article/PMC/PMC2840420,20133602,no,no - not marked open access in Europe PMC,abstract only,pairfirst-2,C_genetic_cousins,general,no
Dent disease,Oculocerebrorenal syndrome of Lowe,Dent disease,Oculocerebrorenal syndrome of Lowe,ORPHA:1652,ORPHA:534,feature_table,feature_table,rare,rare,pathways; phenotype,similar,0.75,Kidney tubular Ocrl/Inpp5b ablation phenocopies Lowe/Dent proximal tubulopathy,,original research,,Kidney Tubular Ablation of <i>Ocrl</i>/<i>Inpp5b</i> Phenocopies Lowe Syndrome Tubulopathy.,2017,https://europepmc.org/article/PMC/PMC5407733,27895154,no,no - not marked open access in Europe PMC,abstract only,pairfirst-2,C_genetic_cousins,therapeutic,no
Dermatitis herpetiformis,Leprosy,Dermatitis herpetiformis,Leprosy,ORPHA:1656,ORPHA:548,feature_table,feature_table,rare,rare,treatment,similar,0.75,Dapsone used for dermatitis herpetiformis and Hansen's disease (leprosy); gel pharmacokinetics,,original research,,"Pharmacokinetics of dapsone gel, 5% for the treatment of acne vulgaris.",2007,https://doi.org/10.2165/00003088-200746080-00006,17655376,no,no - not marked open access in Europe PMC,abstract only,pairfirst-2,D_shared_treatment_diff_systems,general,yes
Porokeratotic eccrine ostial and dermal duct nevus,KID syndrome,Porokeratotic eccrine ostial and dermal duct nevus,KID syndrome,ORPHA:166286,ORPHA:477,feature_table,feature_table,rare,rare,genes; phenotype,similar,0.85,"Porokeratotic eccrine nevus may be caused by somatic connexin26 mutations, the gene mutated in KID syndrome",,case report,,Porokeratotic eccrine nevus may be caused by somatic connexin26 mutations.,2012,https://europepmc.org/article/PMC/PMC3422696,22592158,yes,yes - free full text in PMC/Europe PMC (not read),abstract only,pairfirst-2,C_genetic_cousins,general,yes
Diphtheria,Poliomyelitis,Diphtheria,Poliomyelitis,ORPHA:1679,ORPHA:2912,feature_table,feature_table,rare,rare,epidemiology; treatment,related but distinct,0.62,Historical morbidity/mortality comparisons for vaccine-preventable diseases incl. diphtheria and poliomyelitis,,comparative study,,Historical comparisons of morbidity and mortality for vaccine-preventable diseases in the United States.,2007,https://doi.org/10.1001/jama.298.18.2155,18000199,no,no - not marked open access in Europe PMC,abstract only,pairfirst-2,D_shared_treatment_diff_systems,general,yes
Malignant peritoneal mesothelioma,Primary peritoneal carcinoma,Malignant peritoneal mesothelioma,Primary peritoneal carcinoma,ORPHA:168811,ORPHA:168829,feature_table,feature_table,rare,rare,pathways; other (diagnostic),related but distinct,0.25,Gene expression differentiates ovarian/primary peritoneal serous carcinoma from diffuse peritoneal mesothelioma,,comparative study,,Gene expression signatures differentiate ovarian/peritoneal serous carcinoma from diffuse malignant peritoneal mesothelioma.,2006,https://doi.org/10.1158/1078-0432.ccr-06-1059,17062665,no,no - not marked open access in Europe PMC,abstract only,pairfirst-2,B_phenotype_twins_diff_genes,general,no
Malignant peritoneal mesothelioma,Primary peritoneal carcinoma,Malignant peritoneal mesothelioma,Primary peritoneal carcinoma,ORPHA:168811,ORPHA:168829,feature_table,feature_table,rare,rare,pathways; other (diagnostic),related but distinct,0.25,Biological differences between ovarian serous carcinoma and diffuse peritoneal malignant mesothelioma,,review,,The biological differences between ovarian serous carcinoma and diffuse peritoneal malignant mesothelioma.,2006,https://doi.org/10.1053/j.semdp.2006.06.003,17044194,no,no - not marked open access in Europe PMC,abstract only,pairfirst-2,B_phenotype_twins_diff_genes,therapeutic,no
Malignant peritoneal mesothelioma,Primary peritoneal carcinoma,Malignant peritoneal mesothelioma,Primary peritoneal carcinoma,ORPHA:168811,ORPHA:168829,feature_table,feature_table,rare,rare,other (diagnostic); pathways,related but distinct,0.25,Low-molecular-weight cyclin E differentiates ovarian carcinoma from mesothelial cells in effusions,,original research,,Low-molecular weight forms of cyclin E differentiate ovarian carcinoma from cells of mesothelial origin and are associated with poor survival in ovarian carcinoma.,2007,https://doi.org/10.1002/cncr.22918,17647260,no,no - not marked open access in Europe PMC,abstract only,pairfirst-2,B_phenotype_twins_diff_genes,general,no
Malignant peritoneal mesothelioma,Primary peritoneal carcinoma,Malignant peritoneal mesothelioma,Primary peritoneal carcinoma,ORPHA:168811,ORPHA:168829,feature_table,feature_table,rare,rare,other (diagnostic); phenotype,similar,0.70,Peritoneal mesothelioma presenting as peritoneal carcinoma or ovarian cancer: differential diagnosis,,case report,,Malignant peritoneal mesothelioma presented as peritoneal adenocarcinoma or primary ovarian cancer: case series and review of the clinical and immunohistochemical features.,2012,https://europepmc.org/article/PMC/PMC3396062,22808303,no,no - not marked open access in Europe PMC,abstract only,pairfirst-2,B_phenotype_twins_diff_genes,general,no
Blue cone monochromatism,Progressive cone dystrophy,Blue cone monochromatism,Progressive cone dystrophy,ORPHA:16,ORPHA:1871,feature_table,feature_table,rare,rare,phenotype; genes,related but distinct,0.62,X-linked retinopathies review incl. blue cone monochromacy and progressive cone dystrophy,,review,,"The X-linked retinopathies: Physiological insights, pathogenic mechanisms, phenotypic features and novel therapies.",2021,https://doi.org/10.1016/j.preteyeres.2020.100898,32860923,no,no - not marked open access in Europe PMC,abstract only,pairfirst-2,A_close_relatives,general,no
Blue cone monochromatism,Progressive cone dystrophy,Blue cone monochromatism,Progressive cone dystrophy,ORPHA:16,ORPHA:1871,feature_table,feature_table,rare,rare,pathways; genes,similar,0.81,X-linked cone dystrophy mechanisms from red/green opsin missense mutations also found in blue cone monochromacy,,original research,,Disease mechanisms of X-linked cone dystrophy caused by missense mutations in the red and green cone opsins.,2021,https://europepmc.org/article/PMC/PMC8462070,34547123,no,no - not marked open access in Europe PMC,abstract only,pairfirst-2,A_close_relatives,mechanism,no
Blue cone monochromatism,Progressive cone dystrophy,Blue cone monochromatism,Progressive cone dystrophy,ORPHA:16,ORPHA:1871,feature_table,feature_table,rare,rare,genes; pathways,similar,0.84,"L/M opsin interchange mutants associated with BCM, cone degeneration, myopia; dual splicing/amino acid code",,original research,,"Role of a Dual Splicing and Amino Acid Code in Myopia, Cone Dysfunction and Cone Dystrophy Associated with <i>L</i>/<i>M</i> Opsin Interchange Mutations.",2017,https://europepmc.org/article/PMC/PMC5433808,28516000,yes,yes - free full text in PMC/Europe PMC (not read),abstract only,pairfirst-2,A_close_relatives,general,no
Blue cone monochromatism,Progressive cone dystrophy,Blue cone monochromatism,Progressive cone dystrophy,ORPHA:16,ORPHA:1871,feature_table,feature_table,rare,rare,genes; phenotype,similar,0.84,LVAVA/MVAVA exon 3 interchange haplotypes: severity from myopia to BCM; late-onset progressive cone dystrophy,,original research,,Myopia and Late-Onset Progressive Cone Dystrophy Associate to LVAVA/MVAVA Exon 3 Interchange Haplotypes of Opsin Genes on Chromosome X.,2017,https://doi.org/10.1167/iovs.16-21405,28358949,no,no - not marked open access in Europe PMC,abstract only,pairfirst-2,A_close_relatives,therapeutic,no
Woolly hair,Hypotrichosis simplex,Woolly hair,Hypotrichosis simplex,ORPHA:170,ORPHA:55654,feature_table,feature_table,rare,rare,phenotype; genes,similar,0.75,P2RY5 mutations in autosomal recessive hypotrichosis simplex with woolly hair,,original research,,Novel mutations in G protein-coupled receptor gene (P2RY5) in families with autosomal recessive hypotrichosis (LAH3).,2008,https://doi.org/10.1007/s00439-008-0507-7,18461368,no,no - not marked open access in Europe PMC,abstract only,pairfirst-2,A_close_relatives,general,no
Woolly hair,Hypotrichosis simplex,Woolly hair,Hypotrichosis simplex,ORPHA:170,ORPHA:55654,feature_table,feature_table,rare,rare,genes; phenotype,related but distinct,0.60,Novel locus for AD hypotrichosis simplex with woolly hair; HS with/without woolly hair is one disorder group,,original research,,Autosomal-dominant hypotrichosis with woolly hair: Novel gene locus on chromosome 4q35.1-q35.2.,2019,https://europepmc.org/article/PMC/PMC6886801,31790498,yes,yes - free full text in PMC/Europe PMC (not read),abstract only,pairfirst-2,A_close_relatives,comorbidity,no
Woolly hair,Hypotrichosis simplex,Woolly hair,Hypotrichosis simplex,ORPHA:170,ORPHA:55654,feature_table,feature_table,rare,rare,phenotype; genes,similar,0.75,LIPH mutations cause AR hypotrichosis simplex with woolly hair,,original research,,Mutations in lipase H cause autosomal recessive hypotrichosis simplex with woolly hair.,2009,https://doi.org/10.1016/j.jaad.2009.04.020,19766349,no,no - not marked open access in Europe PMC,abstract only,pairfirst-2,A_close_relatives,general,no
Woolly hair,Hypotrichosis simplex,Woolly hair,Hypotrichosis simplex,ORPHA:170,ORPHA:55654,feature_table,feature_table,rare,rare,phenotype; genes,similar,0.75,P2RY5 mutations in hypotrichosis simplex with woolly hair in Turkish and Indian patients,,original research,,Novel mutations in the P2RY5 gene in one Turkish and two Indian patients presenting with hypotrichosis and woolly hair.,2009,https://doi.org/10.1007/s00403-009-0971-5,19529952,no,no - not marked open access in Europe PMC,abstract only,pairfirst-2,A_close_relatives,general,no
Familial caudal dysgenesis,Sirenomelia,Familial caudal dysgenesis,Sirenomelia,ORPHA:1768,ORPHA:3169,feature_table,feature_table,rare,rare,phenotype; genes,similar,0.84,Familial caudal dysgenesis sibs with varying degrees up to sirenomelia; evidence of a dominant gene,,case report,,Familial caudal dysgenesis: evidence for a major dominant gene.,1990,https://doi.org/10.1111/j.1399-0004.1990.tb03567.x,2225526,no,no - not marked open access in Europe PMC,abstract only,pairfirst-2,A_close_relatives,general,yes
Dyskeratosis congenita,Angiosarcoma,Dyskeratosis congenita,Angiosarcoma,ORPHA:1775,ORPHA:263413,feature_table,feature_table,rare,rare,other (comorbidity),similar,0.75,Fatal hepatic angiosarcoma in an adolescent with dyskeratosis congenita,,case report,,Liver failure due to hepatic angiosarcoma in an adolescent with dyskeratosis congenita.,2014,https://europepmc.org/article/PMC/PMC3714320,23588325,no,no - not marked open access in Europe PMC,abstract only,pairfirst-2,C_genetic_cousins,general,no
Dyskeratosis congenita,Angiosarcoma,Dyskeratosis congenita,Angiosarcoma,ORPHA:1775,ORPHA:263413,feature_table,feature_table,rare,rare,other (comorbidity),related but distinct,0.50,Liver pathology spectrum in dyskeratosis congenita incl. angiosarcoma,,original research,,Spectrum of Liver Pathology in Dyskeratosis Congenita.,2023,https://europepmc.org/article/PMC/PMC10524011,37246821,no,no - not marked open access in Europe PMC,abstract only,pairfirst-2,C_genetic_cousins,general,no
Dyskeratosis congenita,Angiosarcoma,Dyskeratosis congenita,Angiosarcoma,ORPHA:1775,ORPHA:263413,feature_table,feature_table,rare,rare,other (comorbidity),similar,0.75,Second reported case of hepatic angiosarcoma arising in dyskeratosis congenita,,case report,,Hepatic Angiosarcoma with Dyskeratosis Congenita.,2015,https://doi.org/10.2169/internalmedicine.54.5206,26568000,no,no - not marked open access in Europe PMC,abstract only,pairfirst-2,C_genetic_cousins,general,no
Dyskeratosis congenita,Hoyeraal-Hreidarsson syndrome,Dyskeratosis congenita,Hoyeraal-Hreidarsson syndrome,ORPHA:1775,ORPHA:3322,feature_table,feature_table,rare,rare,pathways; treatment,similar,0.84,"Telomere-driven diseases incl. DC and HH, and telomere-targeting therapies",,review,,Telomere-driven diseases and telomere-targeting therapies.,2017,https://europepmc.org/article/PMC/PMC5379954,28254828,yes,yes - free full text in PMC/Europe PMC (not read),abstract only,pairfirst-2,A_close_relatives,general,no
Dyskeratosis congenita,Hoyeraal-Hreidarsson syndrome,Dyskeratosis congenita,Hoyeraal-Hreidarsson syndrome,ORPHA:1775,ORPHA:3322,feature_table,feature_table,rare,rare,treatment; phenotype,similar,0.81,Biology and management of dyskeratosis congenita and related telomere biology disorders incl. Hoyeraal-Hreidarsson,,review,,An update on the biology and management of dyskeratosis congenita and related telomere biology disorders.,2019,https://europepmc.org/article/PMC/PMC9400112,31478401,no,no - not marked open access in Europe PMC,abstract only,pairfirst-2,A_close_relatives,therapeutic,no
Dyskeratosis congenita,Hoyeraal-Hreidarsson syndrome,Dyskeratosis congenita,Hoyeraal-Hreidarsson syndrome,ORPHA:1775,ORPHA:3322,feature_table,feature_table,rare,rare,phenotype; genes,similar,0.68,HH syndrome is a clinically severe variant of dyskeratosis congenita with early bone marrow failure death,,review,,"Unraveling the pathogenesis of Hoyeraal-Hreidarsson syndrome, a complex telomere biology disorder.",2015,https://europepmc.org/article/PMC/PMC4526362,25940403,no,no - not marked open access in Europe PMC,abstract only,pairfirst-2,A_close_relatives,comorbidity,no
Dyskeratosis congenita,Hoyeraal-Hreidarsson syndrome,Dyskeratosis congenita,Hoyeraal-Hreidarsson syndrome,ORPHA:1775,ORPHA:3322,feature_table,feature_table,rare,rare,genes; phenotype,similar,0.75,RTEL1 germline mutations in dyskeratosis congenita incl. severe HH variant,,original research,,"Germline mutations of regulator of telomere elongation helicase 1, RTEL1, in Dyskeratosis congenita.",2013,https://europepmc.org/article/PMC/PMC3600110,23329068,no,no - not marked open access in Europe PMC,abstract only,pairfirst-2,A_close_relatives,general,no
Chromomycosis,Fusariosis,Chromomycosis,Fusariosis,ORPHA:182,ORPHA:228119,feature_table,feature_table,rare,rare,treatment,related but distinct,0.50,Recent advances in antifungal chemotherapy for invasive fungal infections incl. chromomycosis and fusariosis,,review,,Recent advances in antifungal chemotherapy.,2007,https://doi.org/10.1016/j.ijantimicag.2007.03.009,17524625,no,no - not marked open access in Europe PMC,abstract only,pairfirst-2,D_shared_treatment_diff_systems,general,no
Chromomycosis,Fusariosis,Chromomycosis,Fusariosis,ORPHA:182,ORPHA:228119,feature_table,feature_table,rare,rare,treatment,similar,0.75,Posaconazole prophylaxis and treatment of fungal infections incl. fusariosis and chromoblastomycosis,,review,,Posaconazole: Use in the Prophylaxis and Treatment of Fungal Infections.,2015,https://doi.org/10.1055/s-0035-1562902,26398542,no,no - not marked open access in Europe PMC,abstract only,pairfirst-2,D_shared_treatment_diff_systems,general,no
Chromomycosis,Fusariosis,Chromomycosis,Fusariosis,ORPHA:182,ORPHA:228119,feature_table,feature_table,rare,rare,treatment,similar,0.75,Posaconazole in refractory invasive fungal infections incl. fusariosis and chromoblastomycosis,,review,,Posaconazole in the management of refractory invasive fungal infections.,2008,https://europepmc.org/article/PMC/PMC2621380,19209257,yes,yes - free full text in PMC/Europe PMC (not read),abstract only,pairfirst-2,D_shared_treatment_diff_systems,general,no
Chromomycosis,Coccidioidomycosis,Chromomycosis,Coccidioidomycosis,ORPHA:182,ORPHA:228123,feature_table,feature_table,rare,rare,treatment,similar,0.75,Itraconazole review: broad antifungal incl. chromomycosis and coccidioidomycosis,,review,,"Itraconazole. A review of its pharmacodynamic and pharmacokinetic properties, and therapeutic use in superficial and systemic mycoses.",1989,https://doi.org/10.2165/00003495-198937030-00003,2540949,no,no - not marked open access in Europe PMC,abstract only,pairfirst-2,D_shared_treatment_diff_systems,general,no
Chromomycosis,Coccidioidomycosis,Chromomycosis,Coccidioidomycosis,ORPHA:182,ORPHA:228123,feature_table,feature_table,rare,rare,other (diagnostic),similar,0.75,"Fungal infections (coccidioidomycosis, chromoblastomycosis and others) misdiagnosed as tuberculosis",,review,,Pulmonary and Extrapulmonary Manifestations of Fungal Infections Misdiagnosed as Tuberculosis: The Need for Prompt Diagnosis and Management.,2022,https://europepmc.org/article/PMC/PMC9143176,35628715,yes,yes - free full text in PMC/Europe PMC (not read),abstract only,pairfirst-2,D_shared_treatment_diff_systems,natural_history,no
Chromomycosis,Coccidioidomycosis,Chromomycosis,Coccidioidomycosis,ORPHA:182,ORPHA:228123,feature_table,feature_table,rare,rare,other (diagnostic),related but distinct,0.50,"NGS pathogen detection in FFPE tissue from chromoblastomycosis, coccidioidomycosis and other tropical infections",,original research,,"Next-generation sequencing for hypothesis-free genomic detection of invasive tropical infections in poly-microbially contaminated, formalin-fixed, paraffin-embedded tissue samples - a proof-of-principle assessment.",2019,https://europepmc.org/article/PMC/PMC6454699,30961537,yes,yes - free full text in PMC/Europe PMC (not read),abstract only,pairfirst-2,D_shared_treatment_diff_systems,comorbidity,no
Chromomycosis,Coccidioidomycosis,Chromomycosis,Coccidioidomycosis,ORPHA:182,ORPHA:228123,feature_table,feature_table,rare,rare,treatment,similar,0.75,Posaconazole activity in refractory invasive fungal infections incl. chromomycosis and coccidioidomycosis,,review,,Posaconazole.,2005,https://doi.org/10.2165/00003495-200565110-00007,16033292,no,no - not marked open access in Europe PMC,abstract only,pairfirst-2,D_shared_treatment_diff_systems,general,no
Chromomycosis,Coccidioidomycosis,Chromomycosis,Coccidioidomycosis,ORPHA:182,ORPHA:228123,feature_table,feature_table,rare,rare,epidemiology,related but distinct,0.50,70-year histology review of deep fungal infections in Uganda incl. chromoblastomycosis and coccidioidomycosis,,original research,,Deep fungal infections diagnosed by histology in Uganda: a 70-year retrospective study.,2020,https://europepmc.org/article/PMC/PMC7657094,32242631,no,no - not marked open access in Europe PMC,abstract only,pairfirst-2,D_shared_treatment_diff_systems,natural_history,no
Eosinophilic granulomatosis with polyangiitis,Thrombotic thrombocytopenic purpura,Eosinophilic granulomatosis with polyangiitis,Thrombotic thrombocytopenic purpura,ORPHA:183,ORPHA:54057,feature_table,feature_table,rare,rare,other (diagnostic),related but distinct,0.25,Purple skin diseases: vasculitides (EGPA) and vasculopathies (TTP) in a differential review,,review,,"The color of skin: purple diseases of the skin, nails, and mucosa.",2019,https://doi.org/10.1016/j.clindermatol.2019.07.016,31896408,no,no - not marked open access in Europe PMC,abstract only,pairfirst-2,C_genetic_cousins,general,yes
Eosinophilic granulomatosis with polyangiitis,Microscopic polyangiitis,Eosinophilic granulomatosis with polyangiitis,Microscopic polyangiitis,ORPHA:183,ORPHA:727,feature_table,feature_table,rare,rare,other (diagnostic),related but distinct,0.50,"Consensus classification of ANCA vasculitis and PAN (EGPA, MPA) for epidemiology",,comparative study,,Development and validation of a consensus methodology for the classification of the ANCA-associated vasculitides and polyarteritis nodosa for epidemiological studies.,2007,https://europepmc.org/article/PMC/PMC1798520,16901958,no,no - not marked open access in Europe PMC,abstract only,pairfirst-2,A_close_relatives,general,no
Eosinophilic granulomatosis with polyangiitis,Microscopic polyangiitis,Eosinophilic granulomatosis with polyangiitis,Microscopic polyangiitis,ORPHA:183,ORPHA:727,feature_table,feature_table,rare,rare,pathways; treatment,similar,0.75,"Pathogenesis and therapy of ANCA vasculitis spanning MPA, GPA and EGPA",,review,,Pathogenesis and therapeutic interventions for ANCA-associated vasculitis.,2019,https://doi.org/10.1038/s41584-018-0145-y,30542206,no,no - not marked open access in Europe PMC,abstract only,pairfirst-2,A_close_relatives,therapeutic,no
Eosinophilic granulomatosis with polyangiitis,Microscopic polyangiitis,Eosinophilic granulomatosis with polyangiitis,Microscopic polyangiitis,ORPHA:183,ORPHA:727,feature_table,feature_table,rare,rare,other (diagnostic),related but distinct,0.50,"ANCA testing consensus for Wegener's, MPA and Churg-Strauss: MPO versus PR3 patterns",,review,,"Addendum to the International Consensus Statement on testing and reporting of antineutrophil cytoplasmic antibodies. Quality control guidelines, comments, and recommendations for testing in other autoimmune diseases.",2003,https://doi.org/10.1309/waep-adw0-k4lp-uhfn,14502794,no,no - not marked open access in Europe PMC,abstract only,pairfirst-2,A_close_relatives,genetic,no
Eosinophilic granulomatosis with polyangiitis,Microscopic polyangiitis,Eosinophilic granulomatosis with polyangiitis,Microscopic polyangiitis,ORPHA:183,ORPHA:727,feature_table,feature_table,rare,rare,phenotype; pathways,related but distinct,0.65,"ANCA-associated vasculitides GPA, MPA, EGPA as three separate but related conditions",,review,,ANCA-associated vasculitis.,2017,https://europepmc.org/article/PMC/PMC6297586,28148583,no,no - not marked open access in Europe PMC,abstract only,pairfirst-2,A_close_relatives,mechanism,no
Distal renal tubular acidosis,Idiopathic hypercalciuria,Distal renal tubular acidosis,Idiopathic hypercalciuria,ORPHA:18,ORPHA:2197,feature_table,feature_table,rare,rare,other (diagnostic); other (comorbidity),related but distinct,0.50,"Nephrocalcinosis aetiology in Indian children: distal RTA in 50%, idiopathic hypercalciuria also",,original research,,Etiology of nephrocalcinosis in northern Indian children.,2007,https://doi.org/10.1007/s00467-006-0425-7,17285294,no,no - not marked open access in Europe PMC,abstract only,pairfirst-2,E_same_class_unrelated_biology,general,no
Distal renal tubular acidosis,Idiopathic hypercalciuria,Distal renal tubular acidosis,Idiopathic hypercalciuria,ORPHA:18,ORPHA:2197,feature_table,feature_table,rare,rare,other (comorbidity); pathways,related but distinct,0.50,Renal acidification testing in children with idiopathic hypercalciuria; dRTA frequently associated with hypercalciuria,,original research,,Renal acidification in children with idiopathic hypercalciuria.,1994,https://doi.org/10.1016/s0022-3476(05)83129-4,8151465,no,no - not marked open access in Europe PMC,abstract only,pairfirst-2,E_same_class_unrelated_biology,general,no
Distal renal tubular acidosis,Idiopathic hypercalciuria,Distal renal tubular acidosis,Idiopathic hypercalciuria,ORPHA:18,ORPHA:2197,feature_table,feature_table,rare,rare,other (diagnostic); pathways,related but distinct,0.25,Urinary citrate reduced in distal RTA but normal in idiopathic hypercalciuria,,original research,,Renal handling of citrate in children with various kidney disorders.,1985,https://europepmc.org/article/MED/3997374,3997374,no,no - not marked open access in Europe PMC,abstract only,pairfirst-2,E_same_class_unrelated_biology,general,no
Cockayne syndrome,Fanconi anemia,Cockayne syndrome,Fanconi anemia,ORPHA:191,ORPHA:84,feature_table,feature_table,rare,rare,genes; phenotype,related but distinct,0.65,ERCC1-XPF malfunction gives diverse manifestations incl. Cockayne syndrome and Fanconi anaemia features,,case report,,"Malfunction of nuclease ERCC1-XPF results in diverse clinical manifestations and causes Cockayne syndrome, xeroderma pigmentosum, and Fanconi anemia.",2013,https://europepmc.org/article/PMC/PMC3644632,23623389,no,no - not marked open access in Europe PMC,abstract only,pairfirst-2,C_genetic_cousins,general,no
Cockayne syndrome,Fanconi anemia,Cockayne syndrome,Fanconi anemia,ORPHA:191,ORPHA:84,feature_table,feature_table,rare,rare,genes; pathways,similar,0.75,XPF defect with Cockayne syndrome features: persistence of repair proteins at lesions; XPF mutations also cause Fanconi anaemia,,original research,,Repair protein persistence at DNA lesions characterizes XPF defect with Cockayne syndrome features.,2018,https://europepmc.org/article/PMC/PMC6182131,30165384,yes,yes - free full text in PMC/Europe PMC (not read),abstract only,pairfirst-2,C_genetic_cousins,natural_history,no
Cockayne syndrome,Fanconi anemia,Cockayne syndrome,Fanconi anemia,ORPHA:191,ORPHA:84,feature_table,feature_table,rare,rare,genes; phenotype,related but distinct,0.65,"ERCC4 mutations cause XP-F, Cockayne and Fanconi phenotypes and a cerebellar ataxia-dominant phenotype",,case report,,Cerebellar ataxia-dominant phenotype in patients with ERCC4 mutations.,2018,https://doi.org/10.1038/s10038-017-0408-5,29403087,no,no - not marked open access in Europe PMC,abstract only,pairfirst-2,C_genetic_cousins,comorbidity,no
Cockayne syndrome,Fanconi anemia,Cockayne syndrome,Fanconi anemia,ORPHA:191,ORPHA:84,feature_table,feature_table,rare,rare,genes; pathways,similar,0.75,"ERCC1/ERCC4 (XPF) nuclease genes in NER and interstrand crosslink repair underlie XP, CS and Fanconi anaemia",,review,,The ERCC1 and ERCC4 (XPF) genes and gene products.,2015,https://europepmc.org/article/PMC/PMC4536074,26074087,no,no - not marked open access in Europe PMC,abstract only,pairfirst-2,C_genetic_cousins,general,no
Cockayne syndrome,Fanconi anemia,Cockayne syndrome,Fanconi anemia,ORPHA:191,ORPHA:84,feature_table,feature_table,rare,rare,phenotype; genes,related but distinct,0.62,ERCC4 variants in segmental progeroid syndromes; ERCC4 is also FANCQ,,original research,,ERCC4 variants identified in a cohort of patients with segmental progeroid syndromes.,2018,https://europepmc.org/article/PMC/PMC5762268,29105242,no,no - not marked open access in Europe PMC,abstract only,pairfirst-2,C_genetic_cousins,natural_history,no
Epilepsy with myoclonic-atonic seizures,Lennox-Gastaut syndrome,Epilepsy with myoclonic-atonic seizures,Lennox-Gastaut syndrome,ORPHA:1942,ORPHA:2382,feature_table,feature_table,rare,rare,phenotype; other (diagnostic),related but distinct,0.50,ILAE classification of childhood-onset epilepsy syndromes incl. EMAtS and Lennox-Gastaut,,review,,International League Against Epilepsy classification and definition of epilepsy syndromes with onset in childhood: Position paper by the ILAE Task Force on Nosology and Definitions.,2022,https://doi.org/10.1111/epi.17241,35503717,no,no - not marked open access in Europe PMC,abstract only,pairfirst-2,A_close_relatives,general,no
Epilepsy with myoclonic-atonic seizures,Lennox-Gastaut syndrome,Epilepsy with myoclonic-atonic seizures,Lennox-Gastaut syndrome,ORPHA:1942,ORPHA:2382,feature_table,feature_table,rare,rare,epidemiology; phenotype,related but distinct,0.35,Lennox-Gastaut and Doose syndromes once seen as one disease; community study tests continuum,,original research,,Community-based study of Lennox-Gastaut syndrome.,1997,https://doi.org/10.1111/j.1528-1157.1997.tb01136.x,9184597,no,no - not marked open access in Europe PMC,abstract only,pairfirst-2,A_close_relatives,natural_history,no
Epilepsy with myoclonic-atonic seizures,Lennox-Gastaut syndrome,Epilepsy with myoclonic-atonic seizures,Lennox-Gastaut syndrome,ORPHA:1942,ORPHA:2382,feature_table,feature_table,rare,rare,phenotype; genes,related but distinct,0.62,CHD2-related epilepsy phenotypes including myoclonic-atonic and Lennox-Gastaut-like presentations,,case report,,CHD2-related epilepsy: novel mutations and new phenotypes.,2020,https://doi.org/10.1111/dmcn.14367,31677157,no,no - not marked open access in Europe PMC,abstract only,pairfirst-2,A_close_relatives,genetic,no
Epilepsy with myoclonic-atonic seizures,Lennox-Gastaut syndrome,Epilepsy with myoclonic-atonic seizures,Lennox-Gastaut syndrome,ORPHA:1942,ORPHA:2382,feature_table,feature_table,rare,rare,treatment,related but distinct,0.50,Parent survey of cannabidiol-enriched cannabis in treatment-resistant paediatric epilepsy incl. LGS and Doose syndrome,,original research,,Report of a parent survey of cannabidiol-enriched cannabis use in pediatric treatment-resistant epilepsy.,2013,https://europepmc.org/article/PMC/PMC4157067,24237632,no,no - not marked open access in Europe PMC,abstract only,pairfirst-2,A_close_relatives,general,no
Self-limited epilepsy with centrotemporal spikes,Landau-Kleffner syndrome,Self-limited epilepsy with centrotemporal spikes,Landau-Kleffner syndrome,ORPHA:1945,ORPHA:98818,feature_table,feature_table,rare,rare,phenotype; epidemiology,related but distinct,0.65,Ontology for SeLECTS and its atypical variants incl. Landau-Kleffner syndrome and ESES,,original research,,Development of Ontology for Self-limited Epilepsy with Centrotemporal Spikes and Application of Data Mining Algorithms to Identify New Subtypes.,2019,https://europepmc.org/article/MED/31507131,31507131,no,no - not marked open access in Europe PMC,abstract only,pairfirst-2,A_close_relatives,general,no
Self-limited epilepsy with centrotemporal spikes,Landau-Kleffner syndrome,Self-limited epilepsy with centrotemporal spikes,Landau-Kleffner syndrome,ORPHA:1945,ORPHA:98818,feature_table,feature_table,rare,rare,genes; phenotype,similar,0.90,GRIN2A-related disorders span SeLECTS-like and Landau-Kleffner epilepsy-aphasia phenotypes,,review,,GRIN2A-Related Disorders,1993,https://europepmc.org/article/MED/27683935,27683935,yes,yes - free full text in PMC/Europe PMC (not read),abstract only,pairfirst-2,A_close_relatives,general,no
Self-limited epilepsy with centrotemporal spikes,Landau-Kleffner syndrome,Self-limited epilepsy with centrotemporal spikes,Landau-Kleffner syndrome,ORPHA:1945,ORPHA:98818,feature_table,feature_table,rare,rare,pathways; phenotype,related but distinct,0.60,"MEG source localisation across epilepsy-aphasia spectrum subtypes (SeLECTS, LKS, ESES)",,original research,,Magnetoencephalography source analysis in epilepsy-aphasia spectrum.,2026,https://doi.org/10.1016/j.neuroimage.2026.122198,42692310,no,no - not marked open access in Europe PMC,abstract only,pairfirst-2,A_close_relatives,general,no
Thiamine-responsive encephalopathy,Leigh syndrome,Thiamine-responsive encephalopathy,Leigh syndrome,ORPHA:199348,ORPHA:506,feature_table,feature_table,rare,rare,other (diagnostic); treatment,related but distinct,0.60,Biotin/thiamine-responsive basal ganglia disease (SLC19A3) as a treatable differential diagnosis of Leigh syndrome,,original research,,Biotin-responsive Basal Ganglia disease: a treatable differential diagnosis of leigh syndrome.,2014,https://europepmc.org/article/PMC/PMC4110325,24166474,no,no - not marked open access in Europe PMC,abstract only,pairfirst-2,C_genetic_cousins,general,yes
Cornelia de Lange syndrome,Trichorhinophalangeal syndrome type 2,Cornelia de Lange syndrome,Trichorhinophalangeal syndrome type 2,ORPHA:199,ORPHA:502,feature_table,feature_table,rare,rare,genes,related but distinct,0.25,Chromothripsis in a Langer-Giedion patient characterised by long-read sequencing; overlap with CdLS region,,case report,,Long-read DNA sequencing fully characterized chromothripsis in a patient with Langer-Giedion syndrome and Cornelia de Lange syndrome-4.,2020,https://europepmc.org/article/PMC/PMC7324355,32296131,yes,yes - free full text in PMC/Europe PMC (not read),abstract only,pairfirst-2,C_genetic_cousins,general,no
Cornelia de Lange syndrome,Trichorhinophalangeal syndrome type 2,Cornelia de Lange syndrome,Trichorhinophalangeal syndrome type 2,ORPHA:199,ORPHA:502,feature_table,feature_table,rare,rare,genes; phenotype,related but distinct,0.60,"Langer-Giedion, CdLS type 4 and hereditary multiple exostoses in one patient: RAD21 lies between TRPS1 and EXT1",,case report,,"A Complex Case of Langer-Giedion Syndrome, Cornelia de Lange Syndrome Type 4, and Hereditary Multiple Osteochondromas with Mosaic 8q23.1-q24.12 Deletion.",2026,https://europepmc.org/article/PMC/PMC12940567,41751561,yes,yes - free full text in PMC/Europe PMC (not read),abstract only,pairfirst-2,C_genetic_cousins,therapeutic,no
Cornelia de Lange syndrome,Trichorhinophalangeal syndrome type 2,Cornelia de Lange syndrome,Trichorhinophalangeal syndrome type 2,ORPHA:199,ORPHA:502,feature_table,feature_table,rare,rare,phenotype; genes,related but distinct,0.62,8q23.3-q24.22 deletion with Langer-Giedion features and CdLS-like phenotype in a patient initially misdiagnosed,,original research,,"An interstitial deletion of 8q23.3-q24.22 associated with Langer-Giedion syndrome, Cornelia de Lange syndrome and epilepsy.",2013,https://doi.org/10.1016/j.gene.2013.07.045,23933416,no,no - not marked open access in Europe PMC,abstract only,pairfirst-2,C_genetic_cousins,general,no
Immunodeficiency with factor H anomaly,Atypical hemolytic uremic syndrome,Immunodeficiency with factor H anomaly,Atypical hemolytic uremic syndrome,ORPHA:200421,ORPHA:2134,feature_table,feature_table,rare,rare,phenotype; genes,similar,0.82,Familial HUS associated with complement factor H deficiency,,case report,,Familial hemolytic uremic syndrome associated with complement factor H deficiency.,2001,https://doi.org/10.1067/mpd.2001.112649,11241053,no,no - not marked open access in Europe PMC,abstract only,pairfirst-2,A_close_relatives,general,no
Immunodeficiency with factor H anomaly,Atypical hemolytic uremic syndrome,Immunodeficiency with factor H anomaly,Atypical hemolytic uremic syndrome,ORPHA:200421,ORPHA:2134,feature_table,feature_table,rare,rare,treatment; genes,similar,0.79,Kidney transplantation in aHUS due to complement factor H mutations,,case report,,Kidney Transplantation in Patients with Atypical Hemolytic Uremic Syndrome due to Complement Factor H Deficiency: Impact of Liver Transplantation.,2018,https://europepmc.org/article/PMC/PMC5729639,29215813,yes,yes - free full text in PMC/Europe PMC (not read),abstract only,pairfirst-2,A_close_relatives,therapeutic,no
Immunodeficiency with factor H anomaly,Atypical hemolytic uremic syndrome,Immunodeficiency with factor H anomaly,Atypical hemolytic uremic syndrome,ORPHA:200421,ORPHA:2134,feature_table,feature_table,rare,rare,genes; other (comorbidity),similar,0.84,Partial complement factor H deficiency associates with C3 glomerulopathy and thrombotic microangiopathy (aHUS),,original research,,Partial Complement Factor H Deficiency Associates with C3 Glomerulopathy and Thrombotic Microangiopathy.,2016,https://europepmc.org/article/PMC/PMC4849824,26374608,no,no - not marked open access in Europe PMC,abstract only,pairfirst-2,A_close_relatives,general,no
Immunodeficiency with factor H anomaly,Atypical hemolytic uremic syndrome,Immunodeficiency with factor H anomaly,Atypical hemolytic uremic syndrome,ORPHA:200421,ORPHA:2134,feature_table,feature_table,rare,rare,treatment; genes,similar,0.78,Living donor liver transplantation for complement factor H deficiency with aHUS,,original research,,Anesthetic management of living donor liver transplantation for complement factor H deficiency hemolytic uremic syndrome: a case report.,2014,https://europepmc.org/article/PMC/PMC4085272,25006375,yes,yes - free full text in PMC/Europe PMC (not read),abstract only,pairfirst-2,A_close_relatives,therapeutic,no
Immunodeficiency with factor H anomaly,Atypical hemolytic uremic syndrome,Immunodeficiency with factor H anomaly,Atypical hemolytic uremic syndrome,ORPHA:200421,ORPHA:2134,feature_table,feature_table,rare,rare,genes; phenotype,similar,0.74,"CFH deficiency presenting with endocapillary GN; CFH mutations associated with aHUS, MPGN II and C3G",,case report,,Complement factor H deficiency and endocapillary glomerulonephritis due to paternal isodisomy and a novel factor H mutation.,2011,https://doi.org/10.1038/gene.2010.63,21270828,no,no - not marked open access in Europe PMC,abstract only,pairfirst-2,A_close_relatives,general,no
Crouzon syndrome,Crouzon syndrome-acanthosis nigricans syndrome,Crouzon syndrome,Crouzon syndrome-acanthosis nigricans syndrome,ORPHA:207,ORPHA:93262,feature_table,feature_table,rare,rare,phenotype; genes,related but distinct,0.62,Crouzon syndrome with acanthosis nigricans (FGFR3 A391E) shows subtle achondroplasia-like radiographic findings,,case report,,Subtle radiographic findings of achondroplasia in patients with Crouzon syndrome with acanthosis nigricans due to an Ala391Glu substitution in FGFR3.,2001,https://doi.org/10.1002/1096-8628(20010101)98:1<75::aid-ajmg1010>3.0.co;2-6,11426459,no,no - not marked open access in Europe PMC,abstract only,pairfirst-2,A_close_relatives,general,yes
Crouzon syndrome,Crouzon syndrome-acanthosis nigricans syndrome,Crouzon syndrome,Crouzon syndrome-acanthosis nigricans syndrome,ORPHA:207,ORPHA:93262,feature_table,feature_table,rare,rare,phenotype; genes,related but distinct,0.62,FGFR2 A315S mild Crouzon phenotype; overlap with Crouzon-acanthosis nigricans (FGFR3) and Muenke,,original research,,Mutation c.943G>T (p.Ala315Ser) in <i>FGFR2</i> Causing a Mild Phenotype of Crouzon Craniofacial Dysostosis in a Three-Generation Family.,2017,https://europepmc.org/article/PMC/PMC5465678,28611549,no,no - not marked open access in Europe PMC,abstract only,pairfirst-2,A_close_relatives,general,yes
Extraskeletal myxoid chondrosarcoma,Skeletal Ewing sarcoma,Extraskeletal myxoid chondrosarcoma,Skeletal Ewing sarcoma,ORPHA:209916,ORPHA:319,feature_table,feature_table,rare,rare,other (diagnostic); genes,related but distinct,0.50,EWSR1-NFATC2 sarcoma overlaps immunomorphologically with Ewing sarcoma and extraskeletal myxoid chondrosarcoma,,comparative study,,EWSR1-NFATC2 Translocation-associated Sarcoma Clinicopathologic Findings in a Rare Aggressive Primary Bone or Soft Tissue Tumor.,2019,https://doi.org/10.1097/pas.0000000000001260,30994538,no,no - not marked open access in Europe PMC,abstract only,pairfirst-2,A_close_relatives,therapeutic,yes
Extraskeletal myxoid chondrosarcoma,Extraskeletal Ewing sarcoma,Extraskeletal myxoid chondrosarcoma,Extraskeletal Ewing sarcoma,ORPHA:209916,ORPHA:370334,feature_table,feature_table,rare,rare,other (diagnostic); genes,related but distinct,0.50,EWSR1-NFATC2 sarcoma overlaps immunomorphologically with Ewing sarcoma and extraskeletal myxoid chondrosarcoma,,comparative study,,EWSR1-NFATC2 Translocation-associated Sarcoma Clinicopathologic Findings in a Rare Aggressive Primary Bone or Soft Tissue Tumor.,2019,https://doi.org/10.1097/pas.0000000000001260,30994538,no,no - not marked open access in Europe PMC,abstract only,pairfirst-2,A_close_relatives,therapeutic,yes
Adult hepatocellular carcinoma,Hepatoblastoma,Adult hepatocellular carcinoma,Hepatoblastoma,ORPHA:210159,ORPHA:449,feature_table,feature_table,rare,rare,pathways; genes,related but distinct,0.50,Paediatric HCC genomics: is it closer to hepatoblastoma or adult HCC?,,comparative study,,Characterization of pediatric hepatocellular carcinoma reveals genomic heterogeneity and diverse signaling pathway activation.,2019,https://doi.org/10.1002/pbc.27745,30977242,no,no - not marked open access in Europe PMC,abstract only,pairfirst-2,A_close_relatives,general,no
Adult hepatocellular carcinoma,Hepatoblastoma,Adult hepatocellular carcinoma,Hepatoblastoma,ORPHA:210159,ORPHA:449,feature_table,feature_table,rare,rare,pathways,related but distinct,0.50,FAK inhibition in hepatoblastoma; FAK also elevated in adult hepatocellular carcinoma,,original research,,FAK Inhibition Decreases Hepatoblastoma Survival Both In Vitro and In Vivo.,2013,https://europepmc.org/article/PMC/PMC3610546,23544173,no,no - not marked open access in Europe PMC,abstract only,pairfirst-2,A_close_relatives,mechanism,no
Adult hepatocellular carcinoma,Hepatoblastoma,Adult hepatocellular carcinoma,Hepatoblastoma,ORPHA:210159,ORPHA:449,feature_table,feature_table,rare,rare,treatment; pathways,related but distinct,0.50,Sorafenib in paediatric HCC model compared with adult HCC and hepatoblastoma lines,,original research,,Anti-tumor activity of sorafenib in a model of a pediatric hepatocellular carcinoma.,2015,https://doi.org/10.1016/j.yexcr.2014.10.018,25447203,no,no - not marked open access in Europe PMC,abstract only,pairfirst-2,A_close_relatives,mechanism,no
Hallermann-Streiff syndrome,Oculodentodigital dysplasia,Hallermann-Streiff syndrome,Oculodentodigital dysplasia,ORPHA:2108,ORPHA:2710,feature_table,feature_table,rare,rare,phenotype; genes,similar,0.75,Homozygous GJA1 mutation causes a Hallermann-Streiff/oculodentodigital dysplasia spectrum phenotype,,original research,,A homozygous GJA1 gene mutation causes a Hallermann-Streiff/ODDD spectrum phenotype.,2004,https://doi.org/10.1002/humu.9220,14974090,no,no - not marked open access in Europe PMC,abstract only,pairfirst-2,C_genetic_cousins,general,yes
Hallermann-Streiff syndrome,Oculodentodigital dysplasia,Hallermann-Streiff syndrome,Oculodentodigital dysplasia,ORPHA:2108,ORPHA:2710,feature_table,feature_table,rare,rare,phenotype; other (diagnostic),similar,0.75,Hallermann-Streiff syndrome with nosologic overlap with oculodentodigital dysplasia,,case report,,Hallermann-Streiff syndrome: clinical and psychological findings in children. Nosologic overlap with oculodentodigital dysplasia?,1991,https://doi.org/10.1002/ajmg.1320410428,1663704,no,no - not marked open access in Europe PMC,abstract only,pairfirst-2,C_genetic_cousins,general,yes
Kaposiform hemangioendothelioma,Verrucous venous malformation,Kaposiform hemangioendothelioma,Verrucous venous malformation,ORPHA:2122,ORPHA:464318,feature_table,feature_table,rare,rare,other (diagnostic),related but distinct,0.25,D2-40 immunohistochemistry in paediatric vascular tumours and malformations differentiates kaposiform haemangioendothelioma,,original research,,D2-40 immunohistochemical analysis of pediatric vascular tumors reveals positivity in kaposiform hemangioendothelioma.,2005,https://doi.org/10.1038/modpathol.3800444,15920541,no,no - not marked open access in Europe PMC,abstract only,pairfirst-2,E_same_class_unrelated_biology,general,yes
Solitary fibrous tumor,Gastrointestinal stromal tumor,Solitary fibrous tumor,Gastrointestinal stromal tumor,ORPHA:2126,ORPHA:44890,feature_table,feature_table,rare,rare,other (diagnostic); pathways,related but distinct,0.42,bcl-2 immunoreactivity across 380 spindle cell tumours incl. solitary fibrous tumour and GIST,,original research,,"Expression of bcl-2 oncoprotein in benign and malignant spindle cell tumors of soft tissue, skin, serosal surfaces, and gastrointestinal tract.",1998,https://doi.org/10.1097/00000478-199807000-00008,9669348,no,no - not marked open access in Europe PMC,abstract only,pairfirst-2,C_genetic_cousins,general,no
Solitary fibrous tumor,Gastrointestinal stromal tumor,Solitary fibrous tumor,Gastrointestinal stromal tumor,ORPHA:2126,ORPHA:44890,feature_table,feature_table,rare,rare,other (diagnostic),related but distinct,0.50,GIST on prostate needle biopsy: recognition among spindle cell tumours incl. solitary fibrous tumour,,case report,,Gastrointestinal stromal tumors (GISTs) on prostate needle biopsy: A clinicopathologic study of 8 cases.,2006,https://doi.org/10.1097/01.pas.0000209847.59670.c8,17063078,no,no - not marked open access in Europe PMC,abstract only,pairfirst-2,C_genetic_cousins,therapeutic,no
Solitary fibrous tumor,Gastrointestinal stromal tumor,Solitary fibrous tumor,Gastrointestinal stromal tumor,ORPHA:2126,ORPHA:44890,feature_table,feature_table,rare,rare,other (diagnostic); pathways,related but distinct,0.60,Immunohistochemical comparison of GIST and solitary fibrous tumour; overlapping clinicopathologic features,,comparative study,,Immunohistochemical comparison of gastrointestinal stromal tumor and solitary fibrous tumor.,2002,https://doi.org/10.5858/2002-126-1189-icogst,12296756,no,no - not marked open access in Europe PMC,abstract only,pairfirst-2,C_genetic_cousins,natural_history,no
Solitary fibrous tumor,Medulloblastoma,Solitary fibrous tumor,Medulloblastoma,ORPHA:2126,ORPHA:616,feature_table,feature_table,rare,rare,other (diagnostic),related but distinct,0.25,"Dura-based non-meningothelial lesions (solitary fibrous tumour, medulloblastoma) with overlapping imaging",,original research,,Pathological Spectrum of Dura-Based Nonmeningothelial Lesions: 5 Years' Experience from a Tertiary Care Centre.,2022,https://europepmc.org/article/PMC/PMC9010223,35433191,no,no - not marked open access in Europe PMC,abstract only,pairfirst-2,C_genetic_cousins,general,yes
Cystinuria,Wilson disease,Cystinuria,Wilson disease,ORPHA:214,ORPHA:905,feature_table,feature_table,rare,rare,treatment; other (comorbidity),similar,0.70,Penicillamine-induced elastosis perforans serpiginosa in Wilson disease; penicillamine also used in cystinuria,,case report,,Penicillamine-induced Elastosis Perforans Serpiginosa and Cutis Laxa in a Patient with Wilson's Disease.,2010,https://europepmc.org/article/PMC/PMC2991731,21165224,no,no - not marked open access in Europe PMC,abstract only,pairfirst-2,D_shared_treatment_diff_systems,comorbidity,no
Cystinuria,Wilson disease,Cystinuria,Wilson disease,ORPHA:214,ORPHA:905,feature_table,feature_table,rare,rare,treatment,similar,0.90,D-penicillamine-induced EPS reported in Wilson disease and cystinuria,,case report,,D-penicillamine-induced elastosis perforans serpiginosa in a child with juvenile rheumatoid arthritis. Report of a case and review of the literature.,1989,https://doi.org/10.1016/s0190-9622(89)70123-7,2523911,no,no - not marked open access in Europe PMC,abstract only,pairfirst-2,D_shared_treatment_diff_systems,genetic,no
Cystinuria,Wilson disease,Cystinuria,Wilson disease,ORPHA:214,ORPHA:905,feature_table,feature_table,rare,rare,treatment,similar,0.90,"Penicillamine clinical uses (Wilson disease, cystinuria, RA) and cutaneous adverse effects",,review,,Penicillamine revisited: historic overview and review of the clinical uses and cutaneous adverse effects.,2013,https://doi.org/10.1007/s40257-013-0022-z,23605177,no,no - not marked open access in Europe PMC,abstract only,pairfirst-2,D_shared_treatment_diff_systems,general,no
Cystinuria,Wilson disease,Cystinuria,Wilson disease,ORPHA:214,ORPHA:905,feature_table,feature_table,rare,rare,treatment,similar,0.90,D-penicillamine used for Wilson disease and cystinuria can cause myasthenia gravis,,case report,,D-penicillamine-induced myasthenia gravis: diagnosis obscured by coexisting chronic obstructive pulmonary disease.,1995,https://doi.org/10.1097/00000441-199504000-00001,7900739,no,no - not marked open access in Europe PMC,abstract only,pairfirst-2,D_shared_treatment_diff_systems,comorbidity,no
Epidermolytic palmoplantar keratoderma,Mal de Meleda,Epidermolytic palmoplantar keratoderma,Mal de Meleda,ORPHA:2199,ORPHA:87503,feature_table,feature_table,rare,rare,phenotype; other (diagnostic),related but distinct,0.62,High-resolution ultrasound of plantar skin in pachyonychia congenita compared with EPPK and mal de Meleda,,comparative study,,Comparative study of high-resolution multifrequency ultrasound of the plantar skin in patients with various types of hereditary palmoplantar keratoderma.,2013,https://doi.org/10.1159/000351321,24030314,no,no - not marked open access in Europe PMC,abstract only,pairfirst-2,C_genetic_cousins,general,yes
Maternal phenylketonuria syndrome,Mild hyperphenylalaninemia,Maternal phenylketonuria syndrome,Mild hyperphenylalaninemia,ORPHA:2209,ORPHA:79651,feature_table,feature_table,rare,rare,treatment; other (comorbidity),related but distinct,0.62,"ACOG guidance on women with PAH deficiency: maternal PKU risk depends on phenylalanine level, incl. mild hyperphenylalaninemia",,review,,"Management of Women With Phenylalanine Hydroxylase Deficiency (Phenylketonuria): ACOG Committee Opinion, Number 802.",2020,https://doi.org/10.1097/aog.0000000000003768,32217978,no,no - not marked open access in Europe PMC,abstract only,pairfirst-2,A_close_relatives,general,yes
Denys-Drash syndrome,Frasier syndrome,Denys-Drash syndrome,Frasier syndrome,ORPHA:220,ORPHA:347,feature_table,feature_table,rare,rare,genes; phenotype,similar,0.90,"WT1 donor splice-site mutations cause Frasier syndrome, related to Denys-Drash",,case report,,Donor splice-site mutations in WT1 are responsible for Frasier syndrome.,1997,https://doi.org/10.1038/ng1297-467,9398852,no,no - not marked open access in Europe PMC,abstract only,pairfirst-2,A_close_relatives,general,no
Denys-Drash syndrome,Frasier syndrome,Denys-Drash syndrome,Frasier syndrome,ORPHA:220,ORPHA:347,feature_table,feature_table,rare,rare,other (comorbidity); genes,similar,0.80,"Syndromic Wilms tumour review: Denys-Drash and Frasier predisposition, surveillance and treatment",,review,,"Syndromic Wilms tumor: a review of predisposing conditions, surveillance and treatment.",2020,https://europepmc.org/article/PMC/PMC7658145,33209710,yes,yes - free full text in PMC/Europe PMC (not read),abstract only,pairfirst-2,A_close_relatives,therapeutic,no
Denys-Drash syndrome,Frasier syndrome,Denys-Drash syndrome,Frasier syndrome,ORPHA:220,ORPHA:347,feature_table,feature_table,rare,rare,genes; pathways,similar,0.92,Intronic WT1 exon 9 splicing mutations in Frasier syndrome versus Denys-Drash missense,,original research,,Do intronic mutations affecting splicing of WT1 exon 9 cause Frasier syndrome?,1998,https://europepmc.org/article/PMC/PMC1051186,9475094,no,no - not marked open access in Europe PMC,abstract only,pairfirst-2,A_close_relatives,natural_history,no
Denys-Drash syndrome,Frasier syndrome,Denys-Drash syndrome,Frasier syndrome,ORPHA:220,ORPHA:347,feature_table,feature_table,rare,rare,phenotype; genes,similar,0.88,Frasier syndrome as part of the Denys-Drash continuum or a WT1-associated disorder of sexual development,,case report,,"Frasier syndrome, part of the Denys Drash continuum or simply a WT1 gene associated disorder of intersex and nephropathy?",2000,https://doi.org/10.1046/j.1365-2265.2000.00980.x,10762296,no,no - not marked open access in Europe PMC,abstract only,pairfirst-2,A_close_relatives,comorbidity,no
Denys-Drash syndrome,Frasier syndrome,Denys-Drash syndrome,Frasier syndrome,ORPHA:220,ORPHA:347,feature_table,feature_table,rare,rare,pathways; genes,similar,0.85,WT1 at the interface of kidney development and cancer; germline mutations cause DDS and Frasier syndromes,,review,,Wilms' tumor gene 1: lessons from the interface between kidney development and cancer.,2024,https://doi.org/10.1152/ajprenal.00248.2023,37916284,no,no - not marked open access in Europe PMC,abstract only,pairfirst-2,A_close_relatives,mechanism,no
Fusariosis,Coccidioidomycosis,Fusariosis,Coccidioidomycosis,ORPHA:228119,ORPHA:228123,feature_table,feature_table,rare,rare,other (diagnostic),related but distinct,0.50,Immunohistochemical diagnosis of systemic mycoses incl. fusariosis and coccidioidomycosis,,review,,Diagnosis of systemic mycoses by specific immunohistochemical tests.,1996,https://doi.org/10.1111/j.1699-0463.1996.tb00714.x,8645463,no,no - not marked open access in Europe PMC,abstract only,pairfirst-2,D_shared_treatment_diff_systems,general,no
Fusariosis,Coccidioidomycosis,Fusariosis,Coccidioidomycosis,ORPHA:228119,ORPHA:228123,feature_table,feature_table,rare,rare,treatment,similar,0.75,"Posaconazole in phase III trials for aspergillosis, coccidioidomycosis and fusariosis",,original research,,Posaconazole: SCH 56592.,2003,https://doi.org/10.2165/00126839-200304040-00009,12848593,no,no - not marked open access in Europe PMC,abstract only,pairfirst-2,D_shared_treatment_diff_systems,therapeutic,no
Fusariosis,Coccidioidomycosis,Fusariosis,Coccidioidomycosis,ORPHA:228119,ORPHA:228123,feature_table,feature_table,rare,rare,treatment,similar,0.75,Posaconazole prophylaxis/treatment spanning fusariosis and coccidioidomycosis among other mycoses,,review,,Posaconazole: Use in the Prophylaxis and Treatment of Fungal Infections.,2015,https://doi.org/10.1055/s-0035-1562902,26398542,no,no - not marked open access in Europe PMC,abstract only,pairfirst-2,D_shared_treatment_diff_systems,general,no
Fusariosis,Coccidioidomycosis,Fusariosis,Coccidioidomycosis,ORPHA:228119,ORPHA:228123,feature_table,feature_table,rare,rare,treatment,similar,0.75,Posaconazole in refractory invasive fungal infections incl. fusariosis and coccidioidomycosis,,review,,Posaconazole in the management of refractory invasive fungal infections.,2008,https://europepmc.org/article/PMC/PMC2621380,19209257,yes,yes - free full text in PMC/Europe PMC (not read),abstract only,pairfirst-2,D_shared_treatment_diff_systems,general,no
Fusariosis,Zygomycosis,Fusariosis,Zygomycosis,ORPHA:228119,ORPHA:73263,feature_table,feature_table,rare,rare,epidemiology,related but distinct,0.50,SEIFEM-2004: incidence and outcome of invasive fungal infections incl. fusariosis and zygomycosis in haematological malignancy,,comparative study,,The epidemiology of fungal infections in patients with hematologic malignancies: the SEIFEM-2004 study.,2006,https://europepmc.org/article/MED/16885047,16885047,no,no - not marked open access in Europe PMC,abstract only,pairfirst-2,D_shared_treatment_diff_systems,general,no
Fusariosis,Zygomycosis,Fusariosis,Zygomycosis,ORPHA:228119,ORPHA:73263,feature_table,feature_table,rare,rare,treatment,similar,0.75,Liposomal amphotericin B active against Zygomycetes and other moulds incl. Fusarium,,review,,Liposomal amphotericin B: a review of its use as empirical therapy in febrile neutropenia and in the treatment of invasive fungal infections.,2009,https://doi.org/10.2165/00003495-200969030-00010,19275278,no,no - not marked open access in Europe PMC,abstract only,pairfirst-2,D_shared_treatment_diff_systems,natural_history,no
Fusariosis,Zygomycosis,Fusariosis,Zygomycosis,ORPHA:228119,ORPHA:73263,feature_table,feature_table,rare,rare,epidemiology,similar,0.75,"Rare mould infections (Mucorales, Lomentospora, Fusarium) epidemiology and outcomes in San Diego",,original research,,"Rare mould infections caused by Mucorales, Lomentospora prolificans and Fusarium, in San Diego, CA: the role of antifungal combination therapy.",2018,https://europepmc.org/article/PMC/PMC6231988,30099056,no,no - not marked open access in Europe PMC,abstract only,pairfirst-2,D_shared_treatment_diff_systems,comorbidity,no
Fusariosis,Zygomycosis,Fusariosis,Zygomycosis,ORPHA:228119,ORPHA:73263,feature_table,feature_table,rare,rare,other (diagnostic),related but distinct,0.50,"qPCR discrimination of aspergillosis, mucormycosis, fusariosis and scedosporiosis in FFPE tissue",,original research,,"Discrimination of Aspergillosis, Mucormycosis, Fusariosis, and Scedosporiosis in Formalin-Fixed Paraffin-Embedded Tissue Specimens by Use of Multiple Real-Time Quantitative PCR Assays.",2016,https://europepmc.org/article/PMC/PMC5078559,27605714,no,no - not marked open access in Europe PMC,abstract only,pairfirst-2,D_shared_treatment_diff_systems,genetic,no
Coccidioidomycosis,Zygomycosis,Coccidioidomycosis,Zygomycosis,ORPHA:228123,ORPHA:73263,feature_table,feature_table,rare,rare,treatment,similar,0.75,Amphotericin B spectrum and resistance across fungal pathogens incl. coccidioidomycosis and zygomycosis,,review,,Amphotericin B: spectrum and resistance.,2002,https://doi.org/10.1093/jac/49.suppl_1.7,11801575,no,no - not marked open access in Europe PMC,abstract only,pairfirst-2,D_shared_treatment_diff_systems,general,yes
Coccidioidomycosis,Zygomycosis,Coccidioidomycosis,Zygomycosis,ORPHA:228123,ORPHA:73263,feature_table,feature_table,rare,rare,other (diagnostic),similar,0.75,"Fungal infections (coccidioidomycosis, mucormycosis and others) misdiagnosed as tuberculosis",,review,,Pulmonary and Extrapulmonary Manifestations of Fungal Infections Misdiagnosed as Tuberculosis: The Need for Prompt Diagnosis and Management.,2022,https://europepmc.org/article/PMC/PMC9143176,35628715,yes,yes - free full text in PMC/Europe PMC (not read),abstract only,pairfirst-2,D_shared_treatment_diff_systems,natural_history,yes
CLN1 disease,CLN3 disease,CLN1 disease,CLN3 disease,ORPHA:228329,ORPHA:228346,feature_table,feature_table,rare,rare,pathways; other (diagnostic),related but distinct,0.65,Proteomics of brain and CSF in three major forms of neuronal ceroid lipofuscinosis for biomarker discovery,,original research,,Proteomic Analysis of Brain and Cerebrospinal Fluid from the Three Major Forms of Neuronal Ceroid Lipofuscinosis Reveals Potential Biomarkers.,2017,https://europepmc.org/article/PMC/PMC5860807,28792770,no,no - not marked open access in Europe PMC,abstract only,pairfirst-2,B_phenotype_twins_diff_genes,general,yes
CLN1 disease,CLN3 disease,CLN1 disease,CLN3 disease,ORPHA:228329,ORPHA:228346,feature_table,feature_table,rare,rare,pathways; epidemiology,related but distinct,0.65,NCLs as related diseases sharing lipofuscin pathobiology but differing in anatomic onset and propagation,,original research,,Top-down and bottom-up propagation of disease in the neuronal ceroid lipofuscinoses.,2022,https://europepmc.org/article/PMC/PMC9692088,36438942,yes,yes - free full text in PMC/Europe PMC (not read),abstract only,pairfirst-2,B_phenotype_twins_diff_genes,general,yes
CLN2 disease,CLN5 disease,CLN2 disease,CLN5 disease,ORPHA:228349,ORPHA:228360,feature_table,feature_table,rare,rare,phenotype; genes,related but distinct,0.50,Genotypic landscape of neuronal ceroid lipofuscinoses in Argentine children incl. CLN2 and CLN5,,original research,,Expanding the genotypic landscape of the neuronal ceroid lipofuscinoses: clinical and molecular findings from a tertiary-care center in Argentina.,2026,https://doi.org/10.1016/j.seizure.2026.06.015,42413193,no,no - not marked open access in Europe PMC,abstract only,pairfirst-2,B_phenotype_twins_diff_genes,general,yes
Kawasaki disease,Polyarteritis nodosa,Kawasaki disease,Polyarteritis nodosa,ORPHA:2331,ORPHA:767,feature_table,feature_table,rare,rare,other (diagnostic),related but distinct,0.50,EULAR/PReS classification criteria for childhood vasculitides incl. Kawasaki disease and PAN,,review,,EULAR/PReS endorsed consensus criteria for the classification of childhood vasculitides.,2006,https://europepmc.org/article/PMC/PMC1798210,16322081,no,no - not marked open access in Europe PMC,abstract only,pairfirst-2,C_genetic_cousins,general,no
Kawasaki disease,Polyarteritis nodosa,Kawasaki disease,Polyarteritis nodosa,ORPHA:2331,ORPHA:767,feature_table,feature_table,rare,rare,phenotype; pathways,related but distinct,0.62,CNS vasculitis imaging by vessel size: medium-vessel Kawasaki disease and polyarteritis nodosa,,original research,,Imaging spectrum of CNS vasculitis.,2014,https://doi.org/10.1148/rg.344135028,25019429,no,no - not marked open access in Europe PMC,abstract only,pairfirst-2,C_genetic_cousins,therapeutic,no
Kawasaki disease,Polyarteritis nodosa,Kawasaki disease,Polyarteritis nodosa,ORPHA:2331,ORPHA:767,feature_table,feature_table,rare,rare,phenotype; other (diagnostic),related but distinct,0.62,"Medium-size-vessel vasculitis in childhood: PAN, cutaneous PAN and Kawasaki disease",,review,,Medium-size-vessel vasculitis.,2010,https://europepmc.org/article/PMC/PMC2908435,19946711,yes,yes - free full text in PMC/Europe PMC (not read),abstract only,pairfirst-2,C_genetic_cousins,comorbidity,no
Kawasaki disease,Polyarteritis nodosa,Kawasaki disease,Polyarteritis nodosa,ORPHA:2331,ORPHA:767,feature_table,feature_table,rare,rare,phenotype; other (diagnostic),similar,0.75,Kawasaki disease compared with infantile and classic polyarteritis nodosa,,review,,Kawasaki disease.,2006,https://europepmc.org/article/PMC/PMC4323050,25792773,yes,yes - free full text in PMC/Europe PMC (not read),abstract only,pairfirst-2,C_genetic_cousins,genetic,no
Duane retraction syndrome,Congenital ptosis,Duane retraction syndrome,Congenital ptosis,ORPHA:233,ORPHA:91411,feature_table,feature_table,rare,rare,pathways; phenotype,related but distinct,0.62,Congenital cranial dysinnervation disorders spectrum incl. Duane retraction syndrome and congenital ptosis; TUBB6,,original research,,"A TUBB6 mutation is associated with autosomal dominant non-progressive congenital facial palsy, bilateral ptosis and velopharyngeal dysfunction.",2017,https://doi.org/10.1093/hmg/ddx296,29016863,no,no - not marked open access in Europe PMC,abstract only,pairfirst-2,A_close_relatives,general,yes
Duane retraction syndrome,Congenital ptosis,Duane retraction syndrome,Congenital ptosis,ORPHA:233,ORPHA:91411,feature_table,feature_table,rare,rare,phenotype,related but distinct,0.50,Duane retraction syndrome and accompanying ocular abnormalities incl. ptosis,,original research,,Duane Retraction Syndrome and Accompanying Ocular Abnormalities.,2019,https://europepmc.org/article/PMC/PMC8842036,35187428,yes,yes - free full text in PMC/Europe PMC (not read),abstract only,pairfirst-2,A_close_relatives,general,yes
Keratosis follicularis spinulosa decalvans,Atrophoderma vermiculata,Keratosis follicularis spinulosa decalvans,Atrophoderma vermiculata,ORPHA:2340,ORPHA:79100,feature_table,feature_table,rare,rare,treatment; phenotype,similar,0.75,Pulsed dye laser treatment of keratosis pilaris atrophicans spectrum incl. atrophoderma vermiculata,,original research,,Treatment of keratosis pilaris atrophicans with the pulsed tunable dye laser.,2000,https://doi.org/10.1080/14628830050516416,11360333,no,no - not marked open access in Europe PMC,abstract only,pairfirst-2,A_close_relatives,general,no
Keratosis follicularis spinulosa decalvans,Atrophoderma vermiculata,Keratosis follicularis spinulosa decalvans,Atrophoderma vermiculata,ORPHA:2340,ORPHA:79100,feature_table,feature_table,rare,rare,phenotype; pathways,similar,0.75,Lichenoid folliculitis unifying concept: KPA subgroup incl. atrophoderma vermiculatum and keratosis follicularis spinulosa decalvans,,original research,,Lichenoid folliculitis: A unifying concept.,2017,https://doi.org/10.1111/cup.12938,28345255,no,no - not marked open access in Europe PMC,abstract only,pairfirst-2,A_close_relatives,general,no
Keratosis follicularis spinulosa decalvans,Atrophoderma vermiculata,Keratosis follicularis spinulosa decalvans,Atrophoderma vermiculata,ORPHA:2340,ORPHA:79100,feature_table,feature_table,rare,rare,phenotype; treatment,similar,0.75,"Atrophoderma vermiculatum, KPAF and KFSD are 3 variants of keratosis pilaris atrophicans, all hard to treat",,case report,,Atrophoderma vermiculatum: a case report and review of the literature on keratosis pilaris atrophicans.,2009,https://europepmc.org/article/MED/19326693,19326693,no,no - not marked open access in Europe PMC,abstract only,pairfirst-2,A_close_relatives,general,no
Citrullinemia type I,Ornithine transcarbamylase deficiency,Citrullinemia type I,Ornithine transcarbamylase deficiency,ORPHA:247525,ORPHA:664,feature_table,feature_table,rare,rare,genes,related but distinct,0.50,Molecular prenatal diagnosis across urea cycle defects incl. citrullinemia and OTC deficiency,,original research,,Genetic approach to prenatal diagnosis in urea cycle defects.,2004,https://doi.org/10.1002/pd.884,15164414,no,no - not marked open access in Europe PMC,abstract only,pairfirst-2,B_phenotype_twins_diff_genes,general,no
Citrullinemia type I,Ornithine transcarbamylase deficiency,Citrullinemia type I,Ornithine transcarbamylase deficiency,ORPHA:247525,ORPHA:664,feature_table,feature_table,rare,rare,epidemiology; treatment,similar,0.75,Nationwide Japanese study of UCD long-term outcome and treatments,,original research,,Long-term outcome of urea cycle disorders: Report from a nationwide study in Japan.,2021,https://doi.org/10.1002/jimd.12384,33840128,no,no - not marked open access in Europe PMC,abstract only,pairfirst-2,B_phenotype_twins_diff_genes,therapeutic,no
Citrullinemia type I,Ornithine transcarbamylase deficiency,Citrullinemia type I,Ornithine transcarbamylase deficiency,ORPHA:247525,ORPHA:664,feature_table,feature_table,rare,rare,epidemiology; treatment,similar,0.75,Spanish UCD registry: natural history and effect of therapy and newborn screening,,comparative study,,Understanding the Natural History and the Effects of Current Therapeutic Strategies on Urea Cycle Disorders: Insights from the UCD Spanish Registry.,2025,https://europepmc.org/article/PMC/PMC11990916,40218931,yes,yes - free full text in PMC/Europe PMC (not read),abstract only,pairfirst-2,B_phenotype_twins_diff_genes,comorbidity,no
Citrullinemia type I,Ornithine transcarbamylase deficiency,Citrullinemia type I,Ornithine transcarbamylase deficiency,ORPHA:247525,ORPHA:664,feature_table,feature_table,rare,rare,treatment,similar,0.90,Nutritional management and amino acid supplementation in urea cycle disorders on sodium phenylbutyrate,,original research,,New insights in nutritional management and amino acid supplementation in urea cycle disorders.,2010,https://europepmc.org/article/PMC/PMC4831209,20299258,no,no - not marked open access in Europe PMC,abstract only,pairfirst-2,B_phenotype_twins_diff_genes,genetic,no
Citrullinemia type I,Ornithine transcarbamylase deficiency,Citrullinemia type I,Ornithine transcarbamylase deficiency,ORPHA:247525,ORPHA:664,feature_table,feature_table,rare,rare,epidemiology; treatment,similar,0.75,Clinical course of 63 neonatal-onset urea cycle disorder patients incl. citrullinemia and OTC deficiency,,comparative study,,Clinical course of 63 patients with neonatal onset urea cycle disorders in the years 2001-2013.,2016,https://europepmc.org/article/PMC/PMC4991093,27538463,yes,yes - free full text in PMC/Europe PMC (not read),abstract only,pairfirst-2,B_phenotype_twins_diff_genes,mechanism,no
Occult macular dystrophy,Stargardt disease,Occult macular dystrophy,Stargardt disease,ORPHA:247834,ORPHA:827,feature_table,feature_table,rare,rare,epidemiology,related but distinct,0.50,Nationwide survey of macular dystrophy incidence in Japan incl. occult macular dystrophy and Stargardt disease,,comparative study,,Nationwide epidemiologic survey on incidence of macular dystrophy in Japan.,2024,https://doi.org/10.1007/s10384-024-01060-8,38568448,no,no - not marked open access in Europe PMC,abstract only,pairfirst-2,C_genetic_cousins,natural_history,no
Occult macular dystrophy,Stargardt disease,Occult macular dystrophy,Stargardt disease,ORPHA:247834,ORPHA:827,feature_table,feature_table,rare,rare,phenotype; other (diagnostic),similar,0.82,STGD1 patients with central cone dysfunction resembling occult macular dystrophy,,original research,,Multimodal imaging and multifocal electroretinography demonstrate autosomal recessive Stargardt disease may present like occult macular dystrophy.,2014,https://doi.org/10.1097/iae.0000000000000136,24743636,no,no - not marked open access in Europe PMC,abstract only,pairfirst-2,C_genetic_cousins,general,no
Occult macular dystrophy,Stargardt disease,Occult macular dystrophy,Stargardt disease,ORPHA:247834,ORPHA:827,feature_table,feature_table,rare,rare,phenotype; other (diagnostic),related but distinct,0.50,Optical gap biomarker in cone-dominant retinal dystrophy incl. OMD and Stargardt,,original research,,Optical Gap Biomarker in Cone-Dominant Retinal Dystrophy.,2020,https://europepmc.org/article/PMC/PMC8291221,32445700,no,no - not marked open access in Europe PMC,abstract only,pairfirst-2,C_genetic_cousins,general,no
Occult macular dystrophy,Stargardt disease,Occult macular dystrophy,Stargardt disease,ORPHA:247834,ORPHA:827,feature_table,feature_table,rare,rare,other (diagnostic),related but distinct,0.50,Electrophysiological evaluation of macular dystrophies incl. Stargardt and occult macular dystrophy,,review,,Electrophysiological Evaluation of Macular Dystrophies.,2023,https://europepmc.org/article/PMC/PMC9962076,36835965,yes,yes - free full text in PMC/Europe PMC (not read),abstract only,pairfirst-2,C_genetic_cousins,general,no
Fibrous dysplasia of bone,Acromegaly,Fibrous dysplasia of bone,Acromegaly,ORPHA:249,ORPHA:963,feature_table,feature_table,rare,rare,genes; other (comorbidity),similar,0.84,gsp-mediated GH excess in McCune-Albright syndrome with fibrous dysplasia; same GNAS activating mutations as sporadic acromegaly,,original research,,Characterization of gsp-mediated growth hormone excess in the context of McCune-Albright syndrome.,2002,https://doi.org/10.1210/jc.2001-012022,12414879,no,no - not marked open access in Europe PMC,abstract only,pairfirst-2,C_genetic_cousins,general,no
Fibrous dysplasia of bone,Acromegaly,Fibrous dysplasia of bone,Acromegaly,ORPHA:249,ORPHA:963,feature_table,feature_table,rare,rare,treatment; genes,similar,0.81,Pegvisomant for gsp-mediated GH excess in McCune-Albright syndrome; same mutations in one third of acromegaly,,original research,,Pegvisomant for the treatment of gsp-mediated growth hormone excess in patients with McCune-Albright syndrome.,2006,https://doi.org/10.1210/jc.2005-2661,16720661,no,no - not marked open access in Europe PMC,abstract only,pairfirst-2,C_genetic_cousins,therapeutic,no
Fibrous dysplasia of bone,Acromegaly,Fibrous dysplasia of bone,Acromegaly,ORPHA:249,ORPHA:963,feature_table,feature_table,rare,rare,other (comorbidity); epidemiology,related but distinct,0.65,Auxological and endocrine features in children with McCune-Albright syndrome incl. GH excess,,review,,Auxological and Endocrinological Features in Children With McCune Albright Syndrome: A Review.,2020,https://europepmc.org/article/PMC/PMC7417367,32849305,yes,yes - free full text in PMC/Europe PMC (not read),abstract only,pairfirst-2,C_genetic_cousins,natural_history,no
Fibrous dysplasia of bone,Acromegaly,Fibrous dysplasia of bone,Acromegaly,ORPHA:249,ORPHA:963,feature_table,feature_table,rare,rare,other (comorbidity),similar,0.75,Albright syndrome (polyostotic fibrous dysplasia) associated with acromegaly: case and review,,case report,,The Albright syndrome associated with acromegaly: report of a case and review of the literature.,1981,https://europepmc.org/article/MED/7019531,7019531,no,no - not marked open access in Europe PMC,abstract only,pairfirst-2,C_genetic_cousins,comorbidity,no
Fibrous dysplasia of bone,Acromegaly,Fibrous dysplasia of bone,Acromegaly,ORPHA:249,ORPHA:963,feature_table,feature_table,rare,rare,other (comorbidity),related but distinct,0.50,"Adult McCune-Albright syndrome with fibrous dysplasia, cardiopulmonary complications and acromegaly",,case report,,"McCune-Albright syndrome: a case of an adult with fibrous dysplasia, severe cardiopulmonary complications, acromegaly, and chronic myeloid leukemia.",2025,https://europepmc.org/article/PMC/PMC12204819,40584159,yes,yes - free full text in PMC/Europe PMC (not read),abstract only,pairfirst-2,C_genetic_cousins,mechanism,no
Michels syndrome,3MC syndrome,Michels syndrome,3MC syndrome,ORPHA:2506,ORPHA:293843,feature_table,feature_table,rare,rare,phenotype; genes,similar,0.90,"Michels, Carnevale, OSA and Malpuech syndromes proposed as variable expression of a single entity",,case report,,"Michels syndrome, Carnevale syndrome, OSA syndrome, and Malpuech syndrome: variable expression of a single disorder (3MC syndrome)?",2005,https://doi.org/10.1002/ajmg.a.30878,16096999,no,no - not marked open access in Europe PMC,abstract only,pairfirst-2,A_close_relatives,general,yes
Familial osteochondritis dissecans,Short stature-advanced bone age-early-onset osteoarthritis syndrome,Familial osteochondritis dissecans,Short stature-advanced bone age-early-onset osteoarthritis syndrome,ORPHA:251262,ORPHA:435804,feature_table,feature_table,rare,rare,genes; phenotype,similar,0.90,"ACAN variants cause aggrecan-related bone disorders incl. SEMD, familial osteochondritis dissecans and short stature with early osteoarthritis",,original research,,Aggrecan-related bone disorders; a novel heterozygous ACAN variant associated with spondyloepimetaphyseal dysplasia expanding the phenotypic spectrum and review of literature.,2024,https://europepmc.org/article/PMC/PMC10860877,38494255,yes,yes - free full text in PMC/Europe PMC (not read),abstract only,pairfirst-2,A_close_relatives,general,yes
Astrocytoma grade 3,Neurofibromatosis type 1,Astrocytoma grade 3,Neurofibromatosis type 1,ORPHA:251589,ORPHA:636,feature_table,feature_table,rare,rare,other (comorbidity),related but distinct,0.50,Brain stem tumours (incl. astrocytomas) in neurofibromatosis type 1,,original research,,Neurofibromatosis type 1: brain stem tumours.,1997,https://doi.org/10.1007/s002340050484,9335063,no,no - not marked open access in Europe PMC,abstract only,pairfirst-2,C_genetic_cousins,general,no
Astrocytoma grade 3,Neurofibromatosis type 1,Astrocytoma grade 3,Neurofibromatosis type 1,ORPHA:251589,ORPHA:636,feature_table,feature_table,rare,rare,other (comorbidity); epidemiology,related but distinct,0.65,Anaplastic astrocytoma in NF1 transforming into gliosarcoma after chemoradiation,,case report,,Transformation of intracranial anaplastic astrocytoma associated with neurofibromatosis type I into gliosarcoma: case report.,2010,https://doi.org/10.1016/j.clineuro.2010.04.012,20466481,no,no - not marked open access in Europe PMC,abstract only,pairfirst-2,C_genetic_cousins,therapeutic,no
Astrocytoma grade 3,Neurofibromatosis type 1,Astrocytoma grade 3,Neurofibromatosis type 1,ORPHA:251589,ORPHA:636,feature_table,feature_table,rare,rare,genes; other (comorbidity),related but distinct,0.62,Rare NF1 mutation in a Chinese NF1 patient with anaplastic astrocytoma,,case report,,Rare NF1 Gene Mutation in Chinese Patient with Neurofibromatosis Type 1 and Anaplastic Astrocytoma.,2020,https://doi.org/10.1016/j.wneu.2019.10.126,31678437,no,no - not marked open access in Europe PMC,abstract only,pairfirst-2,C_genetic_cousins,genetic,no
Astrocytoma grade 3,Neurofibromatosis type 1,Astrocytoma grade 3,Neurofibromatosis type 1,ORPHA:251589,ORPHA:636,feature_table,feature_table,rare,rare,other (comorbidity),similar,0.75,Cerebellar anaplastic astrocytoma in an adult with NF1: case and review,,case report,,Cerebellar anaplastic astrocytoma in an adult with neurofibromatosis type 1: case report and review of literature.,2013,https://doi.org/10.1055/s-0033-1342938,23670807,no,no - not marked open access in Europe PMC,abstract only,pairfirst-2,C_genetic_cousins,therapeutic,no
Pilocytic astrocytoma,Primary central nervous system lymphoma,Pilocytic astrocytoma,Primary central nervous system lymphoma,ORPHA:251612,ORPHA:46135,feature_table,feature_table,rare,rare,treatment,related but distinct,0.25,Antibody-drug conjugate target expression across CNS tumours incl. pilocytic astrocytoma and CNS lymphoma,,original research,,Systematic characterization of antibody-drug conjugate targets in central nervous system tumors.,2024,https://europepmc.org/article/PMC/PMC10912007,37870091,no,no - not marked open access in Europe PMC,abstract only,pairfirst-2,C_genetic_cousins,general,yes
Choroid plexus carcinoma,Neuroblastoma,Choroid plexus carcinoma,Neuroblastoma,ORPHA:251899,ORPHA:635,feature_table,feature_table,rare,rare,genes; other (comorbidity),related but distinct,0.62,"Neuroblastoma occurs in TP53 p.R337H carriers, who also develop adrenocortical tumours and choroid plexus carcinoma",,original research,,Occurrence of Neuroblastoma among TP53 p.R337H Carriers.,2015,https://europepmc.org/article/PMC/PMC4599822,26452166,yes,yes - free full text in PMC/Europe PMC (not read),abstract only,pairfirst-2,C_genetic_cousins,general,no
Choroid plexus carcinoma,Neuroblastoma,Choroid plexus carcinoma,Neuroblastoma,ORPHA:251899,ORPHA:635,feature_table,feature_table,rare,rare,treatment,related but distinct,0.25,Olaparib plus irinotecan phase I/II in recurrent paediatric malignancies incl. neuroblastoma and choroid plexus carcinoma,,comparative study,,Phase I/II Study of the PARP Inhibitor Olaparib and Irinotecan in Children and Young Adults with Recurrent/Refractory Malignancies: Arm D of the AcSé-ESMART Trial.,2026,https://doi.org/10.1158/1078-0432.ccr-25-3767,41591981,no,no - not marked open access in Europe PMC,abstract only,pairfirst-2,C_genetic_cousins,therapeutic,no
Choroid plexus carcinoma,Neuroblastoma,Choroid plexus carcinoma,Neuroblastoma,ORPHA:251899,ORPHA:635,feature_table,feature_table,rare,rare,other (diagnostic),related but distinct,0.25,Choroid plexus carcinoma CSF cytology compared with other small-cell childhood neoplasms such as neuroblastoma,,case report,,Choroid plexus carcinoma. Report of a case with cytopathologic differential diagnosis.,1985,https://europepmc.org/article/MED/3863432,3863432,no,no - not marked open access in Europe PMC,abstract only,pairfirst-2,C_genetic_cousins,general,no
Bernard-Soulier syndrome,Glanzmann thrombasthenia,Bernard-Soulier syndrome,Glanzmann thrombasthenia,ORPHA:274,ORPHA:849,feature_table,feature_table,rare,rare,phenotype; pathways,related but distinct,0.62,Congenital platelet function disorders: Bernard-Soulier (GPIb-IX-V) and Glanzmann (integrin) glycoprotein defects,,review,,Congenital disorders associated with platelet dysfunctions.,2008,https://doi.org/10.1160/th07-09-0568,18278172,no,no - not marked open access in Europe PMC,abstract only,pairfirst-2,B_phenotype_twins_diff_genes,general,no
Bernard-Soulier syndrome,Glanzmann thrombasthenia,Bernard-Soulier syndrome,Glanzmann thrombasthenia,ORPHA:274,ORPHA:849,feature_table,feature_table,rare,rare,phenotype; other (diagnostic),related but distinct,0.65,"Bleeding phenotype and diagnostic characterization of Glanzmann, Bernard-Soulier and other congenital platelet defects",,original research,,Bleeding phenotype and diagnostic characterization of patients with congenital platelet defects.,2020,https://europepmc.org/article/PMC/PMC7540397,32562285,yes,yes - free full text in PMC/Europe PMC (not read),abstract only,pairfirst-2,B_phenotype_twins_diff_genes,natural_history,no
Bernard-Soulier syndrome,Glanzmann thrombasthenia,Bernard-Soulier syndrome,Glanzmann thrombasthenia,ORPHA:274,ORPHA:849,feature_table,feature_table,rare,rare,phenotype; other (diagnostic),related but distinct,0.65,"Inherited platelet disorders incl. Glanzmann and Bernard-Soulier: clinical and molecular phenotype, misdiagnosis risk",,review,,Inherited platelet disorders.,2016,https://doi.org/10.5482/hamo-14-11-0067,25707719,no,no - not marked open access in Europe PMC,abstract only,pairfirst-2,B_phenotype_twins_diff_genes,comorbidity,no
Frontotemporal dementia with motor neuron disease,Amyotrophic lateral sclerosis,Frontotemporal dementia with motor neuron disease,Amyotrophic lateral sclerosis,ORPHA:275872,ORPHA:803,feature_table,feature_table,rare,rare,phenotype; pathways,similar,0.82,FTD with motor neuron disease equals ALS with dementia; shared medial temporal and hippocampal pathology,,review,,Frontotemporal dementia with motor neuron disease (amyotrophic lateral sclerosis with dementia).,2000,https://doi.org/10.1046/j.1440-1789.2000.00272.x,10935441,no,no - not marked open access in Europe PMC,abstract only,pairfirst-2,A_close_relatives,general,yes
Frontotemporal dementia with motor neuron disease,Amyotrophic lateral sclerosis,Frontotemporal dementia with motor neuron disease,Amyotrophic lateral sclerosis,ORPHA:275872,ORPHA:803,feature_table,feature_table,rare,rare,phenotype; genes,similar,0.88,Neuropsychiatric features of C9orf72-associated bvFTD and FTD-ALS,,review,,Neuropsychiatric features of C9orf72-associated behavioral variant frontotemporal dementia and frontotemporal dementia with motor neuron disease.,2012,https://europepmc.org/article/PMC/PMC3580395,23034079,yes,yes - free full text in PMC/Europe PMC (not read),abstract only,pairfirst-2,A_close_relatives,general,yes
DICER1 tumor-predisposition syndrome,Pleuropulmonary blastoma,DICER1 tumor-predisposition syndrome,Pleuropulmonary blastoma,ORPHA:284343,ORPHA:64742,feature_table,feature_table,rare,rare,genes; other (comorbidity),similar,0.95,Constitutional DICER1 mutations cause familial pleuropulmonary blastoma and a pleiotropic tumour syndrome,,original research,,"DICER1 syndrome: clarifying the diagnosis, clinical features and management implications of a pleiotropic tumour predisposition syndrome.",2011,https://doi.org/10.1136/jmg.2010.083790,21266384,no,no - not marked open access in Europe PMC,abstract only,pairfirst-2,A_close_relatives,general,no
DICER1 tumor-predisposition syndrome,Pleuropulmonary blastoma,DICER1 tumor-predisposition syndrome,Pleuropulmonary blastoma,ORPHA:284343,ORPHA:64742,feature_table,feature_table,rare,rare,other (comorbidity); genes,similar,0.85,Pituitary blastoma as a pathognomonic feature of germline DICER1 (PPB-familial tumour and dysplasia syndrome),,case report,,Pituitary blastoma: a pathognomonic feature of germ-line DICER1 mutations.,2014,https://europepmc.org/article/PMC/PMC4129448,24839956,no,no - not marked open access in Europe PMC,abstract only,pairfirst-2,A_close_relatives,general,no
DICER1 tumor-predisposition syndrome,Pleuropulmonary blastoma,DICER1 tumor-predisposition syndrome,Pleuropulmonary blastoma,ORPHA:284343,ORPHA:64742,feature_table,feature_table,rare,rare,other (comorbidity); genes,similar,0.94,"DICER1 tumour predisposition syndrome initiated with pleuropulmonary blastoma, its most common tumour",,review,,DICER1 tumor predisposition syndrome: an evolving story initiated with the pleuropulmonary blastoma.,2022,https://europepmc.org/article/PMC/PMC8695383,34599283,yes,yes - free full text in PMC/Europe PMC (not read),abstract only,pairfirst-2,A_close_relatives,general,no
Aneurysm-osteoarthritis syndrome,Marfan syndrome,Aneurysm-osteoarthritis syndrome,Marfan syndrome,ORPHA:284984,ORPHA:558,feature_table,feature_table,rare,rare,phenotype; pathways,similar,0.70,Cardiovascular manifestations of Marfan and related TGFB-signalling diseases incl. aneurysm-osteoarthritis syndrome,,review,,Cardiovascular manifestations in Marfan syndrome and related diseases; multiple genes causing similar phenotypes.,2015,https://doi.org/10.1111/cge.12436,24867163,no,no - not marked open access in Europe PMC,abstract only,pairfirst-2,A_close_relatives,general,yes
Aneurysm-osteoarthritis syndrome,Loeys-Dietz syndrome,Aneurysm-osteoarthritis syndrome,Loeys-Dietz syndrome,ORPHA:284984,ORPHA:60030,feature_table,feature_table,rare,rare,phenotype; pathways,similar,0.70,TGFb-signalling aortopathies: Loeys-Dietz and aneurysm-osteoarthritis syndrome share cardiovascular phenotype with Marfan,,review,,Cardiovascular manifestations in Marfan syndrome and related diseases; multiple genes causing similar phenotypes.,2015,https://doi.org/10.1111/cge.12436,24867163,no,no - not marked open access in Europe PMC,abstract only,pairfirst-2,A_close_relatives,general,yes
Hereditary arterial and articular multiple calcification syndrome,Generalized arterial calcification of infancy,Hereditary arterial and articular multiple calcification syndrome,Generalized arterial calcification of infancy,ORPHA:289601,ORPHA:51608,feature_table,feature_table,rare,rare,pathways; genes,related but distinct,0.65,Inherited arterial calcification syndromes incl. GACI and CD73-deficiency arterial/joint calcification,,review,,Inherited Arterial Calcification Syndromes: Etiologies and Treatment Concepts.,2017,https://doi.org/10.1007/s11914-017-0370-3,28585220,no,no - not marked open access in Europe PMC,abstract only,pairfirst-2,E_same_class_unrelated_biology,general,no
Hereditary arterial and articular multiple calcification syndrome,Generalized arterial calcification of infancy,Hereditary arterial and articular multiple calcification syndrome,Generalized arterial calcification of infancy,ORPHA:289601,ORPHA:51608,feature_table,feature_table,rare,rare,pathways; treatment,similar,0.75,Pseudoxanthoma elasticum prototype of ectopic mineralisation with overlap with GACI and CD73 deficiency; low PPi/Pi ratio,,review,,Insights into Pathomechanisms and Treatment Development in Heritable Ectopic Mineralization Disorders: Summary of the PXE International Biennial Research Symposium-2016.,2017,https://europepmc.org/article/PMC/PMC5831331,28340679,no,no - not marked open access in Europe PMC,abstract only,pairfirst-2,E_same_class_unrelated_biology,therapeutic,no
Hereditary arterial and articular multiple calcification syndrome,Generalized arterial calcification of infancy,Hereditary arterial and articular multiple calcification syndrome,Generalized arterial calcification of infancy,ORPHA:289601,ORPHA:51608,feature_table,feature_table,rare,rare,phenotype; pathways,similar,0.75,"Heritable ectopic mineralisation disorders: PXE, GACI and arterial calcification due to CD73 deficiency",,review,,Research Progress in Pseudoxanthoma Elasticum and Related Ectopic Mineralization Disorders.,2016,https://europepmc.org/article/PMC/PMC4765001,26902123,yes,yes - free full text in PMC/Europe PMC (not read),abstract only,pairfirst-2,E_same_class_unrelated_biology,natural_history,no
Hereditary arterial and articular multiple calcification syndrome,Generalized arterial calcification of infancy,Hereditary arterial and articular multiple calcification syndrome,Generalized arterial calcification of infancy,ORPHA:289601,ORPHA:51608,feature_table,feature_table,rare,rare,genes; pathways,related but distinct,0.62,"Genetics of arterial calcification from rare diseases GACI, PXE, CALJA and basal ganglia calcification",,review,,Genetics in arterial calcification: lessons learned from rare diseases.,2012,https://doi.org/10.1016/j.tcm.2012.07.011,23122642,no,no - not marked open access in Europe PMC,abstract only,pairfirst-2,E_same_class_unrelated_biology,general,no
Hereditary arterial and articular multiple calcification syndrome,Generalized arterial calcification of infancy,Hereditary arterial and articular multiple calcification syndrome,Generalized arterial calcification of infancy,ORPHA:289601,ORPHA:51608,feature_table,feature_table,rare,rare,treatment; pathways,similar,0.75,Therapeutics development for PXE and related ectopic mineralisation disorders incl. GACI and CD73 deficiency,,review,,Therapeutics Development for Pseudoxanthoma Elasticum and Related Ectopic Mineralization Disorders: Update 2020.,2020,https://europepmc.org/article/PMC/PMC7795895,33396306,yes,yes - free full text in PMC/Europe PMC (not read),abstract only,pairfirst-2,E_same_class_unrelated_biology,natural_history,no
Multiple myeloma,Polymyositis,Multiple myeloma,Polymyositis,ORPHA:29073,ORPHA:732,feature_table,feature_table,rare,rare,other (comorbidity),related but distinct,0.25,Prior autoimmune disorders (incl. myositis) and risk of multiple myeloma/MGUS in US veterans,,comparative study,,"Risk of multiple myeloma and monoclonal gammopathy of undetermined significance among white and black male United States veterans with prior autoimmune, infectious, inflammatory, and allergic disorders.",2008,https://europepmc.org/article/PMC/PMC2275008,18239085,no,no - not marked open access in Europe PMC,abstract only,pairfirst-2,C_genetic_cousins,general,no
Multiple myeloma,Polymyositis,Multiple myeloma,Polymyositis,ORPHA:29073,ORPHA:732,feature_table,feature_table,rare,rare,other (comorbidity),related but distinct,0.25,Autoimmune disease occurrence during IMiD treatment of myeloma,,original research,,Autoimmune diseases during treatment with immunomodulatory drugs in multiple myeloma: selective occurrence after lenalidomide.,2014,https://doi.org/10.3109/10428194.2014.914203,24730540,no,no - not marked open access in Europe PMC,abstract only,pairfirst-2,C_genetic_cousins,therapeutic,no
Multiple myeloma,Polymyositis,Multiple myeloma,Polymyositis,ORPHA:29073,ORPHA:732,feature_table,feature_table,rare,rare,other (comorbidity),related but distinct,0.25,Haematological malignancy (incl. myeloma) associated with polymyositis/dermatomyositis,,review,,Hematological malignancy associated with polymyositis and dermatomyositis.,2012,https://doi.org/10.1016/j.autrev.2011.10.024,22079677,no,no - not marked open access in Europe PMC,abstract only,pairfirst-2,C_genetic_cousins,general,no
Multiple myeloma,Polymyositis,Multiple myeloma,Polymyositis,ORPHA:29073,ORPHA:732,feature_table,feature_table,rare,rare,other (comorbidity),related but distinct,0.25,Autoimmune disease (incl. polymyositis) effect on incidence and survival of subsequent multiple myeloma,,original research,,Effect of autoimmune diseases on incidence and survival in subsequent multiple myeloma.,2012,https://europepmc.org/article/PMC/PMC3473243,23031386,yes,yes - free full text in PMC/Europe PMC (not read),abstract only,pairfirst-2,C_genetic_cousins,general,no
Prolactinoma,Non-functioning pituitary adenoma,Prolactinoma,Non-functioning pituitary adenoma,ORPHA:2965,ORPHA:91349,feature_table,feature_table,rare,rare,genes,related but distinct,0.50,AIP mutation prevalence in young sporadic pituitary adenoma patients across subtypes,,original research,,High prevalence of AIP gene mutations following focused screening in young patients with sporadic pituitary macroadenomas.,2011,https://doi.org/10.1530/eje-11-0304,21753072,no,no - not marked open access in Europe PMC,abstract only,pairfirst-2,A_close_relatives,general,no
Prolactinoma,Non-functioning pituitary adenoma,Prolactinoma,Non-functioning pituitary adenoma,ORPHA:2965,ORPHA:91349,feature_table,feature_table,rare,rare,treatment,similar,0.75,Re-irradiation outcomes for multiply recurrent pituitary adenomas of mixed subtype,,original research,,Feasibility and outcome of re-irradiation in the treatment of multiply recurrent pituitary adenomas.,2014,https://doi.org/10.1007/s11102-013-0541-x,24272035,no,no - not marked open access in Europe PMC,abstract only,pairfirst-2,A_close_relatives,therapeutic,no
Prolactinoma,Non-functioning pituitary adenoma,Prolactinoma,Non-functioning pituitary adenoma,ORPHA:2965,ORPHA:91349,feature_table,feature_table,rare,rare,treatment; other (comorbidity),related but distinct,0.35,"Impulse control disorders in prolactinoma, acromegaly and non-functioning adenoma on or off dopamine agonists",,original research,,Impulse control disorders in patients with pituitary adenoma managed with or without dopamine agonists: a cross-sectional study from a UK centre.,2025,https://europepmc.org/article/PMC/PMC12011938,40257641,yes,yes - free full text in PMC/Europe PMC (not read),abstract only,pairfirst-2,A_close_relatives,comorbidity,no
Prolactinoma,Non-functioning pituitary adenoma,Prolactinoma,Non-functioning pituitary adenoma,ORPHA:2965,ORPHA:91349,feature_table,feature_table,rare,rare,genes; other (comorbidity),related but distinct,0.50,"MEN1 prevalence in patients with pituitary tumours of different types (prolactinoma, non-functioning)",,original research,,Multiple endocrine neoplasia type 1 in patients with recognized pituitary tumours of different types.,1997,https://doi.org/10.1046/j.1365-2265.1997.3311122.x,9425388,no,no - not marked open access in Europe PMC,abstract only,pairfirst-2,A_close_relatives,general,no
Prolactinoma,Non-functioning pituitary adenoma,Prolactinoma,Non-functioning pituitary adenoma,ORPHA:2965,ORPHA:91349,feature_table,feature_table,rare,rare,other (diagnostic),related but distinct,0.50,Hyperprolactinemia pitfalls: serum prolactin cut-off does not reliably separate prolactinoma from non-functioning adenoma,,original research,,Diagnostic pitfalls of hyperprolactinemia: the importance of sequential pituitary imaging.,2014,https://europepmc.org/article/PMC/PMC4148930,25142896,yes,yes - free full text in PMC/Europe PMC (not read),abstract only,pairfirst-2,A_close_relatives,therapeutic,no
Diffuse large B-cell lymphoma of the central nervous system,Post-transplant lymphoproliferative disease,Diffuse large B-cell lymphoma of the central nervous system,Post-transplant lymphoproliferative disease,ORPHA:300849,ORPHA:70568,feature_table,feature_table,rare,rare,other (diagnostic); other (comorbidity),similar,0.82,EBV-positive post-transplant lymphoproliferative disorder presenting as primary CNS diffuse large B-cell lymphoma,,case report,,EBV-positive post-transplant lymphoproliferative disorder presenting as primary diffuse large B-cell lymphoma of the central nervous system.,2017,https://doi.org/10.5114/fn.2017.70487,28984115,no,no - not marked open access in Europe PMC,abstract only,pairfirst-2,C_genetic_cousins,general,yes
Caudal regression syndrome,Sirenomelia,Caudal regression syndrome,Sirenomelia,ORPHA:3027,ORPHA:3169,feature_table,feature_table,rare,rare,phenotype,similar,0.90,"Caudal regression syndrome types include sirenomelia, complete and partial sacral agenesis",,review,,Caudal Regression Syndrome-A Narrative Review: An Orthopedic Point of View.,2023,https://europepmc.org/article/PMC/PMC10047641,36980147,yes,yes - free full text in PMC/Europe PMC (not read),abstract only,pairfirst-2,A_close_relatives,therapeutic,no
Caudal regression syndrome,Sirenomelia,Caudal regression syndrome,Sirenomelia,ORPHA:3027,ORPHA:3169,feature_table,feature_table,rare,rare,phenotype; epidemiology,similar,0.75,Caudal regression syndrome overview; sirenomelia a related condition; prevalence,,case report,,Caudal Regression Syndrome.,2020,https://europepmc.org/article/PMC/PMC7694368,33158301,yes,yes - free full text in PMC/Europe PMC (not read),abstract only,pairfirst-2,A_close_relatives,natural_history,no
Caudal regression syndrome,Sirenomelia,Caudal regression syndrome,Sirenomelia,ORPHA:3027,ORPHA:3169,feature_table,feature_table,rare,rare,phenotype,similar,0.90,"Sirenomelia as the most extreme form of caudal regression syndrome, in identical twins",,case report,,Sirenomelia in an identical twin: a case report.,1991,https://doi.org/10.1016/0022-3468(91)90614-y,1812270,no,no - not marked open access in Europe PMC,abstract only,pairfirst-2,A_close_relatives,comorbidity,no
Caudal regression syndrome,Sirenomelia,Caudal regression syndrome,Sirenomelia,ORPHA:3027,ORPHA:3169,feature_table,feature_table,rare,rare,phenotype; pathways,similar,0.84,Prenatal diagnosis of caudal regression: spectrum up to sirenomelia; shared maternal diabetes and vascular causes,,original research,,Prenatal diagnosis of Caudal Regression Syndrome : a case report.,2001,https://europepmc.org/article/PMC/PMC64494,11782287,yes,yes - free full text in PMC/Europe PMC (not read),abstract only,pairfirst-2,A_close_relatives,genetic,no
Familial isolated pituitary adenoma,Pituitary gigantism,Familial isolated pituitary adenoma,Pituitary gigantism,ORPHA:314777,ORPHA:99725,feature_table,feature_table,rare,rare,genes; phenotype,related but distinct,0.65,International study of pituitary gigantism: AIP mutations and familial isolated pituitary adenoma,,comparative study,,Clinical and genetic characterization of pituitary gigantism: an international collaborative study in 208 patients.,2015,https://europepmc.org/article/PMC/PMC6533620,26187128,no,no - not marked open access in Europe PMC,abstract only,pairfirst-2,A_close_relatives,general,no
Familial isolated pituitary adenoma,Pituitary gigantism,Familial isolated pituitary adenoma,Pituitary gigantism,ORPHA:314777,ORPHA:99725,feature_table,feature_table,rare,rare,genes; phenotype,similar,0.67,"AIP mutations are most prevalent in gigantism (29%) and FIPA kindreds, rare in sporadic acromegaly",,review,,AIP mutations and gigantism.,2017,https://doi.org/10.1016/j.ando.2017.04.012,28483363,no,no - not marked open access in Europe PMC,abstract only,pairfirst-2,A_close_relatives,comorbidity,no
Familial isolated pituitary adenoma,Pituitary gigantism,Familial isolated pituitary adenoma,Pituitary gigantism,ORPHA:314777,ORPHA:99725,feature_table,feature_table,rare,rare,genes; pathways,related but distinct,0.65,"Genetics of acromegaly and gigantism: AIP, GPR101, PRKAR1A and other germline/somatic causes",,review,,Genetics of Acromegaly and Gigantism.,2021,https://europepmc.org/article/PMC/PMC8036715,33805450,yes,yes - free full text in PMC/Europe PMC (not read),abstract only,pairfirst-2,A_close_relatives,general,no
Familial isolated pituitary adenoma,Pituitary gigantism,Familial isolated pituitary adenoma,Pituitary gigantism,ORPHA:314777,ORPHA:99725,feature_table,feature_table,rare,rare,genes; pathways,related but distinct,0.65,Genetics of gigantism and acromegaly; familial pituitary adenoma genes,,review,,Genetics of gigantism and acromegaly.,2016,https://europepmc.org/article/PMC/PMC5154831,27657986,no,no - not marked open access in Europe PMC,abstract only,pairfirst-2,A_close_relatives,general,no
Chromophobe renal cell carcinoma,Tuberous sclerosis complex,Chromophobe renal cell carcinoma,Tuberous sclerosis complex,ORPHA:319303,ORPHA:805,feature_table,feature_table,rare,rare,other (comorbidity),related but distinct,0.50,Chromophobe RCC arises sporadically and in genetic syndromes incl. Birt-Hogg-Dube and tuberous sclerosis complex,,original research,,Impairment of gamma-glutamyl transferase 1 activity in the metabolic pathogenesis of chromophobe renal cell carcinoma.,2018,https://europepmc.org/article/PMC/PMC6142242,29891694,yes,yes - free full text in PMC/Europe PMC (not read),abstract only,pairfirst-2,C_genetic_cousins,general,yes
Chromophobe renal cell carcinoma,Tuberous sclerosis complex,Chromophobe renal cell carcinoma,Tuberous sclerosis complex,ORPHA:319303,ORPHA:805,feature_table,feature_table,rare,rare,pathways; other (comorbidity),related but distinct,0.50,"HSP90 in Birt-Hogg-Dube and tuberous sclerosis: chromophobe RCC versus angiomyolipoma, shared mTOR dysregulation",,review,,The Role of Heat Shock Protein-90 in the Pathogenesis of Birt-Hogg-Dubé and Tuberous Sclerosis Complex Syndromes.,2021,https://europepmc.org/article/PMC/PMC7572595,32327294,no,no - not marked open access in Europe PMC,abstract only,pairfirst-2,C_genetic_cousins,therapeutic,yes
Skeletal Ewing sarcoma,Peripheral primitive neuroectodermal tumor,Skeletal Ewing sarcoma,Peripheral primitive neuroectodermal tumor,ORPHA:319,ORPHA:370348,feature_table,feature_table,rare,rare,genes; phenotype,similar,0.96,Ewing sarcoma and peripheral PNET (Ewing tumours) share EWS/ets fusions detected by RT-PCR,,original research,,Predictive potential of testing for bone marrow involvement in Ewing tumor patients by RT-PCR: a preliminary evaluation.,1998,https://doi.org/10.1002/(sici)1097-0215(19980220)79:1<56::aid-ijc11>3.0.co;2-f,9495359,no,no - not marked open access in Europe PMC,abstract only,pairfirst-2,C_genetic_cousins,general,yes
Skeletal Ewing sarcoma,Peripheral primitive neuroectodermal tumor,Skeletal Ewing sarcoma,Peripheral primitive neuroectodermal tumor,ORPHA:319,ORPHA:370348,feature_table,feature_table,rare,rare,phenotype; genes,similar,0.75,Atypical pleomorphic extraosseous Ewing tumour/pPNET with unusual molecular features,,case report,,Atypical pleomorphic extraosseous ewing tumor/peripheral primitive neuroectodermal tumor with unusual phenotypic/genotypic profile.,2002,https://doi.org/10.1097/00019606-200203000-00003,11854596,no,no - not marked open access in Europe PMC,abstract only,pairfirst-2,C_genetic_cousins,general,yes
Skeletal Ewing sarcoma,Chondrosarcoma,Skeletal Ewing sarcoma,Chondrosarcoma,ORPHA:319,ORPHA:55880,feature_table,feature_table,rare,rare,treatment,related but distinct,0.25,Regorafenib in bone sarcomas incl. Ewing sarcoma and chondrosarcoma cohorts,,original research,,"Efficacy and safety of regorafenib in adult patients with metastatic osteosarcoma: a non-comparative, randomised, double-blind, placebo-controlled, phase 2 study.",2019,https://doi.org/10.1016/s1470-2045(18)30742-3,30477937,no,no - not marked open access in Europe PMC,abstract only,pairfirst-2,A_close_relatives,general,yes
Skeletal Ewing sarcoma,Chondrosarcoma,Skeletal Ewing sarcoma,Chondrosarcoma,ORPHA:319,ORPHA:55880,feature_table,feature_table,rare,rare,treatment,related but distinct,0.25,Immune checkpoint inhibitors in bone sarcomas incl. Ewing sarcoma and chondrosarcoma,,review,,Advances in immune checkpoint inhibitors for bone sarcoma therapy.,2019,https://europepmc.org/article/PMC/PMC6365405,30775238,yes,yes - free full text in PMC/Europe PMC (not read),abstract only,pairfirst-2,A_close_relatives,comorbidity,yes
Overhydrated hereditary stomatocytosis,Southeast Asian ovalocytosis,Overhydrated hereditary stomatocytosis,Southeast Asian ovalocytosis,ORPHA:3203,ORPHA:98868,feature_table,feature_table,rare,rare,pathways; phenotype,related but distinct,0.50,Red cell membrane disorders pathogenesis incl. overhydrated stomatocytosis and Southeast Asian ovalocytosis,,review,,Advances in understanding the pathogenesis of red cell membrane disorders.,2019,https://doi.org/10.1111/bjh.16126,31364155,no,no - not marked open access in Europe PMC,abstract only,pairfirst-2,B_phenotype_twins_diff_genes,general,yes
Hypopigmentation-punctate palmoplantar keratoderma syndrome,Pseudoxanthoma elasticum,Hypopigmentation-punctate palmoplantar keratoderma syndrome,Pseudoxanthoma elasticum,ORPHA:324561,ORPHA:758,feature_table,feature_table,rare,rare,genes; phenotype,related but distinct,0.65,ENPP1 mutation causes generalized arterial calcification of infancy; ENPP1 phenotypes incl. PXE and Cole disease,,case report,,"Novel homozygous ENPP1 mutation causes generalized arterial calcifications of infancy, thrombocytopenia, and cardiovascular and central nervous system syndrome.",2019,https://europepmc.org/article/PMC/PMC6886884,31444901,no,no - not marked open access in Europe PMC,abstract only,pairfirst-2,C_genetic_cousins,general,yes
Hypopigmentation-punctate palmoplantar keratoderma syndrome,Pseudoxanthoma elasticum,Hypopigmentation-punctate palmoplantar keratoderma syndrome,Pseudoxanthoma elasticum,ORPHA:324561,ORPHA:758,feature_table,feature_table,rare,rare,genes; pathways,similar,0.75,"ENPP1 variant update across pathologic calcification, hypophosphatemic rickets, PXE and Cole disease",,review,,"Mutation update: Variants of the ENPP1 gene in pathologic calcification, hypophosphatemic rickets, and cutaneous hypopigmentation with punctate keratoderma.",2022,https://europepmc.org/article/PMC/PMC9357117,35475527,no,no - not marked open access in Europe PMC,abstract only,pairfirst-2,C_genetic_cousins,general,yes
Synovial sarcoma,Leiomyosarcoma,Synovial sarcoma,Leiomyosarcoma,ORPHA:3273,ORPHA:64720,feature_table,feature_table,rare,rare,epidemiology; treatment,related but distinct,0.50,Prognostic factors for localized soft tissue sarcoma incl. synovial sarcoma and leiomyosarcoma,,original research,,Prognostic factors for patients with localized soft-tissue sarcoma treated with conservation surgery and radiation therapy: an analysis of 1225 patients.,2003,https://doi.org/10.1002/cncr.11365,12733153,no,no - not marked open access in Europe PMC,abstract only,pairfirst-2,A_close_relatives,general,no
Synovial sarcoma,Leiomyosarcoma,Synovial sarcoma,Leiomyosarcoma,ORPHA:3273,ORPHA:64720,feature_table,feature_table,rare,rare,treatment,related but distinct,0.25,"Histotype-tailored versus standard neoadjuvant chemotherapy in high-risk soft tissue sarcoma (synovial sarcoma, leiomyosarcoma arms)",,comparative study,,"Histotype-tailored neoadjuvant chemotherapy versus standard chemotherapy in patients with high-risk soft-tissue sarcomas (ISG-STS 1001): an international, open-label, randomised, controlled, phase 3, multicentre trial.",2017,https://doi.org/10.1016/s1470-2045(17)30334-0,28499583,no,no - not marked open access in Europe PMC,abstract only,pairfirst-2,A_close_relatives,therapeutic,no
Synovial sarcoma,Leiomyosarcoma,Synovial sarcoma,Leiomyosarcoma,ORPHA:3273,ORPHA:64720,feature_table,feature_table,rare,rare,treatment,related but distinct,0.50,"Anlotinib in refractory soft tissue sarcoma, leiomyosarcoma and synovial sarcoma cohorts",,comparative study,,"Safety and Efficacy of Anlotinib, a Multikinase Angiogenesis Inhibitor, in Patients with Refractory Metastatic Soft-Tissue Sarcoma.",2018,https://doi.org/10.1158/1078-0432.ccr-17-3766,29895706,no,no - not marked open access in Europe PMC,abstract only,pairfirst-2,A_close_relatives,comorbidity,no
Synovial sarcoma,Leiomyosarcoma,Synovial sarcoma,Leiomyosarcoma,ORPHA:3273,ORPHA:64720,feature_table,feature_table,rare,rare,pathways; genes,similar,0.70,Wild-type p53 suppresses angiogenesis in leiomyosarcoma and synovial sarcoma,,original research,,Wild-type p53 suppresses angiogenesis in human leiomyosarcoma and synovial sarcoma by transcriptional suppression of vascular endothelial growth factor expression.,2000,https://europepmc.org/article/MED/10910082,10910082,no,no - not marked open access in Europe PMC,abstract only,pairfirst-2,A_close_relatives,genetic,no
Synovial sarcoma,Leiomyosarcoma,Synovial sarcoma,Leiomyosarcoma,ORPHA:3273,ORPHA:64720,feature_table,feature_table,rare,rare,pathways; genes,related but distinct,0.50,TP53 roles across bone and soft tissue sarcomas,,review,,TP53 in bone and soft tissue sarcomas.,2019,https://europepmc.org/article/PMC/PMC6746598,31276706,no,no - not marked open access in Europe PMC,abstract only,pairfirst-2,A_close_relatives,mechanism,no
Catecholaminergic polymorphic ventricular tachycardia,Congenital short QT syndrome,Catecholaminergic polymorphic ventricular tachycardia,Congenital short QT syndrome,ORPHA:3286,ORPHA:51083,feature_table,feature_table,rare,rare,pathways; treatment,related but distinct,0.50,"Mechanisms and management of inherited channelopathies (LQTS, Brugada, CPVT, short QT)",,review,,"Mechanisms and clinical management of inherited channelopathies: long QT syndrome, Brugada syndrome, catecholaminergic polymorphic ventricular tachycardia, and short QT syndrome.",2009,https://doi.org/10.1016/j.hrthm.2009.02.009,19631908,no,no - not marked open access in Europe PMC,abstract only,pairfirst-2,A_close_relatives,general,yes
Catecholaminergic polymorphic ventricular tachycardia,Congenital short QT syndrome,Catecholaminergic polymorphic ventricular tachycardia,Congenital short QT syndrome,ORPHA:3286,ORPHA:51083,feature_table,feature_table,rare,rare,treatment,related but distinct,0.50,ICD versus medical therapy for cardiac channelopathies incl. CPVT and short QT,,review,,Implantable defibrillators versus medical therapy for cardiac channelopathies.,2015,https://europepmc.org/article/PMC/PMC6599851,26445202,no,no - not marked open access in Europe PMC,abstract only,pairfirst-2,A_close_relatives,general,yes
Takayasu arteritis,Juvenile dermatomyositis,Takayasu arteritis,Juvenile dermatomyositis,ORPHA:3287,ORPHA:93672,feature_table,feature_table,rare,rare,epidemiology,related but distinct,0.50,Sex differences across paediatric rheumatic diseases incl. Takayasu arteritis and juvenile dermatomyositis,,review,,Sex Differences in Pediatric Rheumatology.,2019,https://doi.org/10.1007/s12016-017-8642-3,28849549,no,no - not marked open access in Europe PMC,abstract only,pairfirst-2,C_genetic_cousins,general,yes
Takayasu arteritis,Juvenile dermatomyositis,Takayasu arteritis,Juvenile dermatomyositis,ORPHA:3287,ORPHA:93672,feature_table,feature_table,rare,rare,treatment,related but distinct,0.50,Therapeutic plasma exchange in children with autoimmune diseases incl. Takayasu and juvenile dermatomyositis,,original research,,Therapeutic plasma exchange in autoimmune diseases: a retrospective study in a tertiary pediatric hospital in Mexico.,2025,https://europepmc.org/article/PMC/PMC12592088,41210231,yes,yes - free full text in PMC/Europe PMC (not read),abstract only,pairfirst-2,C_genetic_cousins,therapeutic,yes
Essential thrombocythemia,Familial thrombocytosis,Essential thrombocythemia,Familial thrombocytosis,ORPHA:3318,ORPHA:71493,feature_table,feature_table,rare,rare,genes; pathways,similar,0.75,Translational control of THPO via 5'UTR mutations causes hereditary thrombocythemia,,review,,Translational pathophysiology: a novel molecular mechanism of human disease.,2000,https://doi.org/10.1182/blood.v95.11.3280,10828006,no,no - not marked open access in Europe PMC,abstract only,pairfirst-2,A_close_relatives,general,no
Essential thrombocythemia,Familial thrombocytosis,Essential thrombocythemia,Familial thrombocytosis,ORPHA:3318,ORPHA:71493,feature_table,feature_table,rare,rare,genes; phenotype,related but distinct,0.60,"THPO splice-donor mutation in hereditary thrombocythemia, clinically resembling sporadic essential thrombocythemia",,original research,,A de novo splice donor mutation in the thrombopoietin gene causes hereditary thrombocythemia in a Polish family.,2008,https://doi.org/10.3324/haematol.11801,18367486,no,no - not marked open access in Europe PMC,abstract only,pairfirst-2,A_close_relatives,therapeutic,no
Essential thrombocythemia,Familial thrombocytosis,Essential thrombocythemia,Familial thrombocytosis,ORPHA:3318,ORPHA:71493,feature_table,feature_table,rare,rare,genes; pathways,related but distinct,0.62,"Germline JAK2R564Q causes familial essential thrombocytosis, like acquired JAK2 MPN mutations",,case report,,"A novel activating, germline JAK2 mutation, JAK2R564Q, causes familial essential thrombocytosis.",2014,https://doi.org/10.1182/blood-2012-12-473777,24381227,no,no - not marked open access in Europe PMC,abstract only,pairfirst-2,A_close_relatives,general,no
Essential thrombocythemia,Familial thrombocytosis,Essential thrombocythemia,Familial thrombocytosis,ORPHA:3318,ORPHA:71493,feature_table,feature_table,rare,rare,other (diagnostic); phenotype,related but distinct,0.50,Classification of paediatric myeloproliferative syndromes; essential thrombocythemia vs familial forms and overlapping conditions,,original research,,A basic classification and a comprehensive examination of pediatric myeloproliferative syndromes.,2005,https://doi.org/10.1097/01.mph.0000159934.35079.b5,15838389,no,no - not marked open access in Europe PMC,abstract only,pairfirst-2,A_close_relatives,therapeutic,no
Essential thrombocythemia,Polycythemia vera,Essential thrombocythemia,Polycythemia vera,ORPHA:3318,ORPHA:729,feature_table,feature_table,rare,rare,genes; pathways,similar,0.90,"JAK2 gain-of-function mutation in polycythemia vera, essential thrombocythemia and myelofibrosis",,original research,,A gain-of-function mutation of JAK2 in myeloproliferative disorders.,2005,https://doi.org/10.1056/nejmoa051113,15858187,no,no - not marked open access in Europe PMC,abstract only,pairfirst-2,D_shared_treatment_diff_systems,general,no
Essential thrombocythemia,Polycythemia vera,Essential thrombocythemia,Polycythemia vera,ORPHA:3318,ORPHA:729,feature_table,feature_table,rare,rare,genes; pathways,related but distinct,0.62,"MPLW515L activating mutation in myelofibrosis; JAK2V617F in PV, ET and MF",,original research,,MPLW515L is a novel somatic activating mutation in myelofibrosis with myeloid metaplasia.,2006,https://europepmc.org/article/PMC/PMC1502153,16834459,yes,yes - free full text in PMC/Europe PMC (not read),abstract only,pairfirst-2,D_shared_treatment_diff_systems,therapeutic,no
Essential thrombocythemia,Polycythemia vera,Essential thrombocythemia,Polycythemia vera,ORPHA:3318,ORPHA:729,feature_table,feature_table,rare,rare,treatment,similar,0.90,JAK1/2 inhibitor INCB018424 preclinical activity in JAK2V617F MPN incl. PV and ET,,original research,,Preclinical characterization of the selective JAK1/2 inhibitor INCB018424: therapeutic implications for the treatment of myeloproliferative neoplasms.,2010,https://europepmc.org/article/PMC/PMC3953826,20130243,no,no - not marked open access in Europe PMC,abstract only,pairfirst-2,D_shared_treatment_diff_systems,comorbidity,no
Essential thrombocythemia,Polycythemia vera,Essential thrombocythemia,Polycythemia vera,ORPHA:3318,ORPHA:729,feature_table,feature_table,rare,rare,genes,similar,0.75,"JAK2 exon 12 mutations in V617F-negative polycythemia vera; V617F in PV, ET and myelofibrosis",,original research,,JAK2 exon 12 mutations in polycythemia vera and idiopathic erythrocytosis.,2007,https://europepmc.org/article/PMC/PMC2873834,17267906,no,no - not marked open access in Europe PMC,abstract only,pairfirst-2,D_shared_treatment_diff_systems,mechanism,no
Essential thrombocythemia,Polycythemia vera,Essential thrombocythemia,Polycythemia vera,ORPHA:3318,ORPHA:729,feature_table,feature_table,rare,rare,genes; pathways,similar,0.96,"Activating JAK2V617F mutation in PV, ET and idiopathic myelofibrosis",,original research,,"Activating mutation in the tyrosine kinase JAK2 in polycythemia vera, essential thrombocythemia, and myeloid metaplasia with myelofibrosis.",2005,https://doi.org/10.1016/j.ccr.2005.03.023,15837627,no,no - not marked open access in Europe PMC,abstract only,pairfirst-2,D_shared_treatment_diff_systems,general,no
Pediatric hepatocellular carcinoma,Hepatoblastoma,Pediatric hepatocellular carcinoma,Hepatoblastoma,ORPHA:33402,ORPHA:449,feature_table,feature_table,rare,rare,treatment; other (diagnostic),related but distinct,0.65,PRETEXT staging used to risk-stratify both hepatoblastoma and paediatric hepatocellular carcinoma,,review,,2017 PRETEXT: radiologic staging system for primary hepatic malignancies of childhood revised for the Paediatric Hepatic International Tumour Trial (PHITT).,2018,https://doi.org/10.1007/s00247-018-4078-z,29427028,no,no - not marked open access in Europe PMC,abstract only,pairfirst-2,A_close_relatives,general,no
Pediatric hepatocellular carcinoma,Hepatoblastoma,Pediatric hepatocellular carcinoma,Hepatoblastoma,ORPHA:33402,ORPHA:449,feature_table,feature_table,rare,rare,pathways; treatment,similar,0.75,Bcl-2 silencing and chemotherapy sensitivity in paediatric epithelial liver tumours (hepatoblastoma and HCC),,original research,,Bcl-2 gene silencing in pediatric epithelial liver tumors.,2008,https://doi.org/10.1016/j.jss.2007.03.054,17574594,no,no - not marked open access in Europe PMC,abstract only,pairfirst-2,A_close_relatives,therapeutic,no
Pediatric hepatocellular carcinoma,Hepatoblastoma,Pediatric hepatocellular carcinoma,Hepatoblastoma,ORPHA:33402,ORPHA:449,feature_table,feature_table,rare,rare,pathways; genes,similar,0.75,SFRP1 downregulation and WNT/beta-catenin alteration shared by hepatoblastoma and paediatric HCC,,original research,,Downregulation of SFRP1 is a protumorigenic event in hepatoblastoma and correlates with beta-catenin mutations.,2020,https://europepmc.org/article/PMC/PMC7142044,32189106,yes,yes - free full text in PMC/Europe PMC (not read),abstract only,pairfirst-2,A_close_relatives,natural_history,no
Tularemia,Typhoid,Tularemia,Typhoid,ORPHA:3392,ORPHA:99745,feature_table,feature_table,rare,rare,pathways,similar,0.75,Endotoxin hyperreactivity and tolerance in volunteers with typhoid fever and tularemia,,original research,,The role of endotoxin during typhoid fever and tularemia in man. IV. The integrity of the endotoxin tolerance mechanisms during infection.,1969,https://europepmc.org/article/PMC/PMC322267,4886645,no,no - not marked open access in Europe PMC,abstract only,pairfirst-2,D_shared_treatment_diff_systems,general,yes
Tularemia,Typhoid,Tularemia,Typhoid,ORPHA:3392,ORPHA:99745,feature_table,feature_table,rare,rare,other (diagnostic); phenotype,similar,0.75,"Typhoidal tularemia in an adolescent with pancytopenia and pericarditis, mimicking typhoid/haematological malignancy",,case report,,Typhoidal tularemia with pancytopenia and pericarditis in a georgian adolescent.,2025,https://europepmc.org/article/PMC/PMC12741377,41458397,yes,yes - free full text in PMC/Europe PMC (not read),abstract only,pairfirst-2,D_shared_treatment_diff_systems,general,yes
Ulerythema ophryogenesis,Atrophoderma vermiculata,Ulerythema ophryogenesis,Atrophoderma vermiculata,ORPHA:3406,ORPHA:79100,feature_table,feature_table,rare,rare,treatment; phenotype,similar,0.75,Pulsed dye laser treatment of keratosis pilaris atrophicans spectrum incl. ulerythema ophryogenes and atrophoderma vermiculata,,original research,,Treatment of keratosis pilaris atrophicans with the pulsed tunable dye laser.,2000,https://doi.org/10.1080/14628830050516416,11360333,no,no - not marked open access in Europe PMC,abstract only,pairfirst-2,A_close_relatives,general,no
Ulerythema ophryogenesis,Atrophoderma vermiculata,Ulerythema ophryogenesis,Atrophoderma vermiculata,ORPHA:3406,ORPHA:79100,feature_table,feature_table,rare,rare,phenotype; pathways,similar,0.75,Lichenoid folliculitis unifying concept: KPA subgroup incl. ulerythema ophryogenes and atrophoderma vermiculatum,,original research,,Lichenoid folliculitis: A unifying concept.,2017,https://doi.org/10.1111/cup.12938,28345255,no,no - not marked open access in Europe PMC,abstract only,pairfirst-2,A_close_relatives,general,no
Ulerythema ophryogenesis,Atrophoderma vermiculata,Ulerythema ophryogenesis,Atrophoderma vermiculata,ORPHA:3406,ORPHA:79100,feature_table,feature_table,rare,rare,phenotype; treatment,similar,0.75,"Atrophoderma vermiculatum and KPAF/KFSD as variants of keratosis pilaris atrophicans, all hard to treat",,case report,,Atrophoderma vermiculatum: a case report and review of the literature on keratosis pilaris atrophicans.,2009,https://europepmc.org/article/MED/19326693,19326693,no,no - not marked open access in Europe PMC,abstract only,pairfirst-2,A_close_relatives,general,no
Immunoglobulin A nephropathy,Familial Mediterranean fever,Immunoglobulin A nephropathy,Familial Mediterranean fever,ORPHA:34145,ORPHA:342,feature_table,feature_table,rare,rare,other (comorbidity),similar,0.75,Familial Mediterranean fever with IgA nephropathy: case report and review,,case report,,Familial mediterranean fever and immunoglobulin A nephropathy: A case report and review of the literature.,2020,https://doi.org/10.4103/1319-2442.284033,32394931,no,no - not marked open access in Europe PMC,abstract only,pairfirst-2,C_genetic_cousins,general,yes
Cerebroretinal vasculopathy,Hereditary vascular retinopathy,Cerebroretinal vasculopathy,Hereditary vascular retinopathy,ORPHA:3421,ORPHA:71291,feature_table,feature_table,rare,rare,genes; pathways,similar,0.96,"TREX1 mutations underlie cerebroretinal vasculopathy, HVR and HERNS, now grouped as RVCL",,review,,New roles for the major human 3'-5' exonuclease TREX1 in human disease.,2008,https://europepmc.org/article/PMC/PMC2825026,18583934,no,no - not marked open access in Europe PMC,abstract only,pairfirst-2,A_close_relatives,general,no
Cerebroretinal vasculopathy,Hereditary vascular retinopathy,Cerebroretinal vasculopathy,Hereditary vascular retinopathy,ORPHA:3421,ORPHA:71291,feature_table,feature_table,rare,rare,genes; phenotype,similar,0.90,"Hereditary vascular retinopathy linked to 3p21, same locus as cerebroretinal vasculopathy and HERNS",,original research,,"Hereditary vascular retinopathy, cerebroretinal vasculopathy, and hereditary endotheliopathy with retinopathy, nephropathy, and stroke map to a single locus on chromosome 3p21.1-p21.3.",2001,https://europepmc.org/article/PMC/PMC1235317,11438888,no,no - not marked open access in Europe PMC,abstract only,pairfirst-2,A_close_relatives,general,no
Cerebroretinal vasculopathy,Hereditary vascular retinopathy,Cerebroretinal vasculopathy,Hereditary vascular retinopathy,ORPHA:3421,ORPHA:71291,feature_table,feature_table,rare,rare,phenotype; genes,similar,0.88,"CRV, HERNS and HVR map to the same 3p21 locus; distinct from hereditary retinal arteriolar tortuosity",,case report,,"Hereditary infantile hemiparesis, retinal arteriolar tortuosity, and leukoencephalopathy.",2003,https://doi.org/10.1212/wnl.60.1.57,12525718,no,no - not marked open access in Europe PMC,abstract only,pairfirst-2,A_close_relatives,general,no
Cerebroretinal vasculopathy,Hereditary vascular retinopathy,Cerebroretinal vasculopathy,Hereditary vascular retinopathy,ORPHA:3421,ORPHA:71291,feature_table,feature_table,rare,rare,phenotype; genes,similar,0.88,CRV and HVR/HERNS/HSA neuropathology and genetics unified as RVCL,,review,,Neuropathology and genetics of cerebroretinal vasculopathies.,2014,https://europepmc.org/article/PMC/PMC8029267,25323666,no,no - not marked open access in Europe PMC,abstract only,pairfirst-2,A_close_relatives,general,no
Familial Mediterranean fever,Muckle-Wells syndrome,Familial Mediterranean fever,Muckle-Wells syndrome,ORPHA:342,ORPHA:575,feature_table,feature_table,rare,rare,pathways; genes,related but distinct,0.60,Pyrin SPRY domain (FMF) interacts with inflammasome components shared with cryopyrin diseases such as Muckle-Wells,,original research,,"The SPRY domain of Pyrin, mutated in familial Mediterranean fever patients, interacts with inflammasome components and inhibits proIL-1beta processing.",2007,https://doi.org/10.1038/sj.cdd.4402142,17431422,no,no - not marked open access in Europe PMC,abstract only,pairfirst-2,D_shared_treatment_diff_systems,general,no
Familial Mediterranean fever,Muckle-Wells syndrome,Familial Mediterranean fever,Muckle-Wells syndrome,ORPHA:342,ORPHA:575,feature_table,feature_table,rare,rare,genes; pathways,related but distinct,0.50,Molecular genetics of hereditary autoinflammatory diseases: FMF (MEFV) and Muckle-Wells (NLRP3),,review,,Molecular and genetic characteristics of hereditary autoinflammatory diseases.,2005,https://doi.org/10.2174/1568010053622957,15720239,no,no - not marked open access in Europe PMC,abstract only,pairfirst-2,D_shared_treatment_diff_systems,natural_history,no
Familial Mediterranean fever,Muckle-Wells syndrome,Familial Mediterranean fever,Muckle-Wells syndrome,ORPHA:342,ORPHA:575,feature_table,feature_table,rare,rare,pathways; phenotype,related but distinct,0.60,"Monogenic autoinflammatory syndromes: genetic, clinical and therapeutic overview incl. FMF and Muckle-Wells",,review,,"Monogenic autoinflammatory syndromes: state of the art on genetic, clinical, and therapeutic issues.",2013,https://europepmc.org/article/PMC/PMC3824558,24282415,yes,yes - free full text in PMC/Europe PMC (not read),abstract only,pairfirst-2,D_shared_treatment_diff_systems,comorbidity,no
Familial Mediterranean fever,Muckle-Wells syndrome,Familial Mediterranean fever,Muckle-Wells syndrome,ORPHA:342,ORPHA:575,feature_table,feature_table,rare,rare,pathways,similar,0.75,"Pyrin, the FMF gene product, regulates cryopyrin/Pypaf1 signalling mutated in Muckle-Wells",,original research,,"Regulation of cryopyrin/Pypaf1 signaling by pyrin, the familial Mediterranean fever gene product.",2003,https://doi.org/10.1016/s0006-291x(03)00221-3,12615073,no,no - not marked open access in Europe PMC,abstract only,pairfirst-2,D_shared_treatment_diff_systems,mechanism,no
Familial Mediterranean fever,SAPHO syndrome,Familial Mediterranean fever,SAPHO syndrome,ORPHA:342,ORPHA:793,feature_table,feature_table,rare,rare,treatment,similar,0.75,Anakinra (IL-1 blockade) in cutaneous diseases incl. FMF and SAPHO syndrome,,review,,"An overview of interleukin-1 receptor antagonist, anakinra, in the treatment of cutaneous diseases.",2012,https://doi.org/10.2174/157488412803305821,22794157,no,no - not marked open access in Europe PMC,abstract only,pairfirst-2,C_genetic_cousins,general,yes
Gaucher disease,Chronic neurovisceral acid sphingomyelinase deficiency,Gaucher disease,Chronic neurovisceral acid sphingomyelinase deficiency,ORPHA:355,ORPHA:618891,feature_table,feature_table,rare,rare,other (diagnostic),similar,0.75,"Chitotriosidase screening in children with organomegaly to diagnose Gaucher, Niemann-Pick A/B and C",,original research,,Critical assessment of chitotriosidase analysis in the rational laboratory diagnosis of children with Gaucher disease and Niemann-Pick disease type A/B and C.,2006,https://doi.org/10.1007/s10545-006-0363-3,16972172,no,no - not marked open access in Europe PMC,abstract only,pairfirst-2,D_shared_treatment_diff_systems,general,no
Gaucher disease,Chronic neurovisceral acid sphingomyelinase deficiency,Gaucher disease,Chronic neurovisceral acid sphingomyelinase deficiency,ORPHA:355,ORPHA:618891,feature_table,feature_table,rare,rare,epidemiology,related but distinct,0.50,Distribution and demographics of lysosomal storage disorder subtypes in Eastern China incl. Gaucher and Niemann-Pick,,original research,,Demographic characteristics and distribution of lysosomal storage disorder subtypes in Eastern China.,2016,https://doi.org/10.1038/jhg.2015.155,26740238,no,no - not marked open access in Europe PMC,abstract only,pairfirst-2,D_shared_treatment_diff_systems,natural_history,no
Gaucher disease,Chronic neurovisceral acid sphingomyelinase deficiency,Gaucher disease,Chronic neurovisceral acid sphingomyelinase deficiency,ORPHA:355,ORPHA:618891,feature_table,feature_table,rare,rare,pathways; phenotype,similar,0.75,Gaucher markers chitotriosidase and CCL18 raised in type B Niemann-Pick: similar storage macrophages,,case report,,Plasma chitotriosidase and CCL18: early biochemical surrogate markers in type B Niemann-Pick disease.,2005,https://doi.org/10.1007/s10545-005-4416-9,15702402,no,no - not marked open access in Europe PMC,abstract only,pairfirst-2,D_shared_treatment_diff_systems,general,no
Testicular teratoma,Yolk sac tumor,Testicular teratoma,Yolk sac tumor,ORPHA:363483,ORPHA:876,feature_table,feature_table,rare,rare,epidemiology; treatment,related but distinct,0.50,MAKEI experience on malignant potential of teratomas in infancy and childhood versus yolk sac tumours,,comparative study,,The malignant potential of teratomas in infancy and childhood: the MAKEI experiences in non-testicular teratoma and implications for a new protocol.,2006,https://doi.org/10.1055/s-2006-942275,17080332,no,no - not marked open access in Europe PMC,abstract only,pairfirst-2,A_close_relatives,therapeutic,no
Testicular teratoma,Yolk sac tumor,Testicular teratoma,Yolk sac tumor,ORPHA:363483,ORPHA:876,feature_table,feature_table,rare,rare,genes; phenotype,similar,0.75,"Germline sequencing of Finnish familial germ cell tumour pedigrees (teratoma, yolk sac tumour and others)",,original research,,Germline Sequencing Identifies Rare Variants in Finnish Subjects with Familial Germ Cell Tumors.,2020,https://europepmc.org/article/PMC/PMC7335280,32636668,yes,yes - free full text in PMC/Europe PMC (not read),abstract only,pairfirst-2,A_close_relatives,natural_history,no
Testicular teratoma,Yolk sac tumor,Testicular teratoma,Yolk sac tumor,ORPHA:363483,ORPHA:876,feature_table,feature_table,rare,rare,epidemiology,related but distinct,0.50,Bilateral infantile testicular teratoma; teratoma second only to yolk sac tumour in frequency in children,,case report,,Bilateral testicular teratoma in infancy: report of a rare case treated by testis-sparing surgery.,2004,https://doi.org/10.1055/s-2004-815871,15211415,no,no - not marked open access in Europe PMC,abstract only,pairfirst-2,A_close_relatives,comorbidity,no
Severe early-childhood-onset retinal dystrophy,Leber congenital amaurosis,Severe early-childhood-onset retinal dystrophy,Leber congenital amaurosis,ORPHA:364055,ORPHA:65,feature_table,feature_table,rare,rare,phenotype; genes,similar,0.90,LCA and early-onset severe retinal dystrophy: shared clinical features and genetic heterogeneity,,review,,"Leber congenital amaurosis/early-onset severe retinal dystrophy: clinical features, molecular genetics and therapeutic interventions.",2017,https://europepmc.org/article/PMC/PMC5574398,28689169,yes,yes - free full text in PMC/Europe PMC (not read),abstract only,pairfirst-2,A_close_relatives,general,no
Severe early-childhood-onset retinal dystrophy,Leber congenital amaurosis,Severe early-childhood-onset retinal dystrophy,Leber congenital amaurosis,ORPHA:364055,ORPHA:65,feature_table,feature_table,rare,rare,epidemiology; genes,similar,0.81,RPE65-associated early-onset severe retinal dystrophy: longitudinal retinal function in LCA-type disease,,original research,,Longitudinal and cross-sectional study of patients with early-onset severe retinal dystrophy associated with RPE65 mutations.,2005,https://doi.org/10.1007/s00417-004-1020-x,15565294,no,no - not marked open access in Europe PMC,abstract only,pairfirst-2,A_close_relatives,therapeutic,no
Severe early-childhood-onset retinal dystrophy,Leber congenital amaurosis,Severe early-childhood-onset retinal dystrophy,Leber congenital amaurosis,ORPHA:364055,ORPHA:65,feature_table,feature_table,rare,rare,epidemiology; genes,similar,0.75,CRB1-associated retinal dystrophies incl. LCA and early-onset severe forms: natural history,,comparative study,,"CRB1-Associated Retinal Dystrophies: Genetics, Clinical Characteristics, and Natural History.",2023,https://europepmc.org/article/PMC/PMC10555856,36099972,yes,yes - free full text in PMC/Europe PMC (not read),abstract only,pairfirst-2,A_close_relatives,natural_history,no
Severe early-childhood-onset retinal dystrophy,Leber congenital amaurosis,Severe early-childhood-onset retinal dystrophy,Leber congenital amaurosis,ORPHA:364055,ORPHA:65,feature_table,feature_table,rare,rare,epidemiology,similar,0.75,Natural history of retinal sensitivity in RPE65-associated LCA/EOSRD,,original research,,A Cross-Sectional and Longitudinal Study of Retinal Sensitivity in RPE65-Associated Leber Congenital Amaurosis.,2018,https://europepmc.org/article/PMC/PMC6040235,30025081,yes,yes - free full text in PMC/Europe PMC (not read),abstract only,pairfirst-2,A_close_relatives,comorbidity,no
Severe early-childhood-onset retinal dystrophy,Leber congenital amaurosis,Severe early-childhood-onset retinal dystrophy,Leber congenital amaurosis,ORPHA:364055,ORPHA:65,feature_table,feature_table,rare,rare,treatment; genes,similar,0.90,rAAV2-RPE65 gene therapy in LCA and severe early-childhood-onset retinal degeneration,,comparative study,,Results at 2 Years after Gene Therapy for RPE65-Deficient Leber Congenital Amaurosis and Severe Early-Childhood-Onset Retinal Dystrophy.,2016,https://doi.org/10.1016/j.ophtha.2016.03.003,27102010,no,no - not marked open access in Europe PMC,abstract only,pairfirst-2,A_close_relatives,general,no
Extraskeletal Ewing sarcoma,Chondrosarcoma,Extraskeletal Ewing sarcoma,Chondrosarcoma,ORPHA:370334,ORPHA:55880,feature_table,feature_table,rare,rare,treatment,related but distinct,0.25,Regorafenib activity differs across bone sarcoma cohorts incl. Ewing sarcoma and chondrosarcoma,,original research,,"Efficacy and safety of regorafenib in adult patients with metastatic osteosarcoma: a non-comparative, randomised, double-blind, placebo-controlled, phase 2 study.",2019,https://doi.org/10.1016/s1470-2045(18)30742-3,30477937,no,no - not marked open access in Europe PMC,abstract only,pairfirst-2,A_close_relatives,general,yes
Extraskeletal Ewing sarcoma,Chondrosarcoma,Extraskeletal Ewing sarcoma,Chondrosarcoma,ORPHA:370334,ORPHA:55880,feature_table,feature_table,rare,rare,treatment,related but distinct,0.25,Immune checkpoint inhibitors in bone sarcomas incl. Ewing sarcoma and chondrosarcoma,,review,,Advances in immune checkpoint inhibitors for bone sarcoma therapy.,2019,https://europepmc.org/article/PMC/PMC6365405,30775238,yes,yes - free full text in PMC/Europe PMC (not read),abstract only,pairfirst-2,A_close_relatives,comorbidity,yes
Peripheral primitive neuroectodermal tumor,Desmoplastic small round cell tumor,Peripheral primitive neuroectodermal tumor,Desmoplastic small round cell tumor,ORPHA:370348,ORPHA:83469,feature_table,feature_table,rare,rare,treatment,related but distinct,0.50,HER2-specific CAR T cells in recurrent sarcoma incl. Ewing/pPNET and DSRCT,,original research,,Human Epidermal Growth Factor Receptor 2 (HER2) -Specific Chimeric Antigen Receptor-Modified T Cells for the Immunotherapy of HER2-Positive Sarcoma.,2015,https://europepmc.org/article/PMC/PMC4429176,25800760,no,no - not marked open access in Europe PMC,abstract only,pairfirst-2,C_genetic_cousins,general,no
Peripheral primitive neuroectodermal tumor,Desmoplastic small round cell tumor,Peripheral primitive neuroectodermal tumor,Desmoplastic small round cell tumor,ORPHA:370348,ORPHA:83469,feature_table,feature_table,rare,rare,genes; other (diagnostic),related but distinct,0.50,Ewing sarcoma and Ewing-like tumours: molecular reappraisal of round cell sarcoma classification,,review,,Ewing sarcoma and Ewing-like tumors.,2020,https://doi.org/10.1007/s00428-019-02720-8,31802230,no,no - not marked open access in Europe PMC,abstract only,pairfirst-2,C_genetic_cousins,therapeutic,no
Peripheral primitive neuroectodermal tumor,Desmoplastic small round cell tumor,Peripheral primitive neuroectodermal tumor,Desmoplastic small round cell tumor,ORPHA:370348,ORPHA:83469,feature_table,feature_table,rare,rare,genes; other (diagnostic),similar,0.75,Ewing sarcoma/pPNET and related EWS-rearranged tumours (DSRCT) with overlapping features and diagnostic challenges,,review,,Ewing sarcoma/peripheral primitive neuroectodermal tumor and related tumors.,2012,https://europepmc.org/article/PMC/PMC6993191,22420726,no,no - not marked open access in Europe PMC,abstract only,pairfirst-2,C_genetic_cousins,comorbidity,no
Peripheral primitive neuroectodermal tumor,Desmoplastic small round cell tumor,Peripheral primitive neuroectodermal tumor,Desmoplastic small round cell tumor,ORPHA:370348,ORPHA:83469,feature_table,feature_table,rare,rare,genes; other (diagnostic),related but distinct,0.65,"Spectrum of EWSR1-rearranged neoplasms (Ewing, DSRCT, others) in 772 specimens",,original research,,The spectrum of EWSR1-rearranged neoplasms at a tertiary sarcoma centre; assessing 772 tumour specimens and the value of current ancillary molecular diagnostic modalities.,2017,https://europepmc.org/article/PMC/PMC5344299,28141799,yes,yes - free full text in PMC/Europe PMC (not read),abstract only,pairfirst-2,C_genetic_cousins,mechanism,no
Schaaf-Yang syndrome,Prader-Willi syndrome,Schaaf-Yang syndrome,Prader-Willi syndrome,ORPHA:398069,ORPHA:739,feature_table,feature_table,rare,rare,phenotype; genes,related but distinct,0.57,Schaaf-Yang syndrome (MAGEL2) overlaps Prader-Willi in infancy but diverges in childhood,,original research,,Schaaf-Yang syndrome overview: Report of 78 individuals.,2018,https://europepmc.org/article/PMC/PMC6585857,30302899,yes,yes - free full text in PMC/Europe PMC (not read),abstract only,pairfirst-2,A_close_relatives,general,no
Schaaf-Yang syndrome,Prader-Willi syndrome,Schaaf-Yang syndrome,Prader-Willi syndrome,ORPHA:398069,ORPHA:739,feature_table,feature_table,rare,rare,genes; phenotype,related but distinct,0.65,"MAGEL2 variants produce Chitayat-Hall, Schaaf-Yang and Prader-Willi phenotypes with overlap",,case report,,MAGEL2-related disorders: A study and case series.,2019,https://europepmc.org/article/PMC/PMC6864226,31397880,no,no - not marked open access in Europe PMC,abstract only,pairfirst-2,A_close_relatives,therapeutic,no
Schaaf-Yang syndrome,Prader-Willi syndrome,Schaaf-Yang syndrome,Prader-Willi syndrome,ORPHA:398069,ORPHA:739,feature_table,feature_table,rare,rare,phenotype; genes,related but distinct,0.50,MAGEL2 and L1CAM mutations in hypopituitarism with arthrogryposis; SYS phenotypically overlaps PWS,,original research,,Mutations in MAGEL2 and L1CAM Are Associated With Congenital Hypopituitarism and Arthrogryposis.,2019,https://europepmc.org/article/PMC/PMC6916815,31504653,no,no - not marked open access in Europe PMC,abstract only,pairfirst-2,A_close_relatives,comorbidity,no
Schaaf-Yang syndrome,Prader-Willi syndrome,Schaaf-Yang syndrome,Prader-Willi syndrome,ORPHA:398069,ORPHA:739,feature_table,feature_table,rare,rare,pathways; genes,similar,0.75,MAGEL2-deubiquitinase complex; MAGEL2 truncation in SYS and deletion in PWS both cause sleep abnormalities,,original research,,A MAGEL2-deubiquitinase complex modulates the ubiquitination of circadian rhythm protein CRY1.,2020,https://europepmc.org/article/PMC/PMC7173924,32315313,yes,yes - free full text in PMC/Europe PMC (not read),abstract only,pairfirst-2,A_close_relatives,mechanism,no
Schaaf-Yang syndrome,Prader-Willi syndrome,Schaaf-Yang syndrome,Prader-Willi syndrome,ORPHA:398069,ORPHA:739,feature_table,feature_table,rare,rare,genes; pathways,similar,0.70,PWS and Schaaf-Yang syndrome intersect at MAGEL2 in the 15q11-q13 region,,review,,Prader-Willi Syndrome and Schaaf-Yang Syndrome: Neurodevelopmental Diseases Intersecting at the <i>MAGEL2</i> Gene.,2016,https://europepmc.org/article/PMC/PMC5456300,28933382,yes,yes - free full text in PMC/Europe PMC (not read),abstract only,pairfirst-2,A_close_relatives,general,no
Familial atypical multiple mole melanoma syndrome,Melanoma,Familial atypical multiple mole melanoma syndrome,Melanoma,ORPHA:404560,ORPHA:411533,feature_table,feature_table,rare,common,phenotype; other (comorbidity),similar,0.82,B-K mole syndrome: familial melanomas arise from heritable atypical melanocytic lesions,,original research,,Origin of familial malignant melanomas from heritable melanocytic lesions. 'The B-K mole syndrome'.,1978,https://doi.org/10.1001/archderm.1978.01640170032006,646394,no,no - not marked open access in Europe PMC,abstract only,pairfirst-2,A_close_relatives,general,no
Familial atypical multiple mole melanoma syndrome,Melanoma,Familial atypical multiple mole melanoma syndrome,Melanoma,ORPHA:404560,ORPHA:411533,feature_table,feature_table,rare,common,other (comorbidity); phenotype,similar,0.75,Dysplastic nevus syndrome phenotype in sporadic cutaneous melanoma,,original research,,Dysplastic nevus syndrome: a phenotypic association of sporadic cutaneous melanoma.,1980,https://doi.org/10.1002/1097-0142(19801015)46:8<1787::aid-cncr2820460816>3.0.co;2-s,7427881,no,no - not marked open access in Europe PMC,abstract only,pairfirst-2,A_close_relatives,general,no
Familial atypical multiple mole melanoma syndrome,Melanoma,Familial atypical multiple mole melanoma syndrome,Melanoma,ORPHA:404560,ORPHA:411533,feature_table,feature_table,rare,common,other (comorbidity),related but distinct,0.50,Primary choroidal and cutaneous melanomas in a patient with B-K mole syndrome phenotype,,case report,,Primary choroidal and cutaneous melanomas occurring in a patient with the B-K mole syndrome phenotype.,1980,https://doi.org/10.1016/0002-9394(80)90068-9,7369321,no,no - not marked open access in Europe PMC,abstract only,pairfirst-2,A_close_relatives,general,no
Melanoma,Familial melanoma,Melanoma,Familial melanoma,ORPHA:411533,ORPHA:618,feature_table,feature_table,common,rare,genes; phenotype,similar,0.75,Linkage of familial melanoma locus MLM to 9p13-p22 in melanoma kindreds,,original research,,"Assignment of a locus for familial melanoma, MLM, to chromosome 9p13-p22.",1992,https://doi.org/10.1126/science.1439824,1439824,no,no - not marked open access in Europe PMC,abstract only,pairfirst-2,A_close_relatives,general,no
Melanoma,Familial melanoma,Melanoma,Familial melanoma,ORPHA:411533,ORPHA:618,feature_table,feature_table,common,rare,genes,similar,0.75,Chromosome 9p linkage in CMM/dysplastic nevi families with genetic heterogeneity,,original research,,"Linkage of cutaneous malignant melanoma/dysplastic nevi to chromosome 9p, and evidence for genetic heterogeneity.",1994,https://europepmc.org/article/PMC/PMC1918143,8116618,no,no - not marked open access in Europe PMC,abstract only,pairfirst-2,A_close_relatives,therapeutic,no
Melanoma,Familial melanoma,Melanoma,Familial melanoma,ORPHA:411533,ORPHA:618,feature_table,feature_table,common,rare,pathways; genes,similar,0.75,p16CDKN2 temperature-sensitive mutants in familial melanoma,,original research,,Temperature-sensitive mutants of p16CDKN2 associated with familial melanoma.,1996,https://europepmc.org/article/PMC/PMC231381,8668202,no,no - not marked open access in Europe PMC,abstract only,pairfirst-2,A_close_relatives,mechanism,no
Melanoma,Familial melanoma,Melanoma,Familial melanoma,ORPHA:411533,ORPHA:618,feature_table,feature_table,common,rare,genes,related but distinct,0.50,"Rare POT1 missense variants predispose to familial melanoma, apart from CDKN2A",,original research,,Rare missense variants in POT1 predispose to familial cutaneous malignant melanoma.,2014,https://europepmc.org/article/PMC/PMC4056593,24686846,yes,yes - free full text in PMC/Europe PMC (not read),abstract only,pairfirst-2,A_close_relatives,general,no
Melanoma,Familial melanoma,Melanoma,Familial melanoma,ORPHA:411533,ORPHA:618,feature_table,feature_table,common,rare,epidemiology; genes,similar,0.67,Epidemiology of cutaneous melanoma incl. environmental and genetic (familial) factors,,review,,The current epidemiology of cutaneous malignant melanoma.,2006,https://doi.org/10.2741/1877,16368510,no,no - not marked open access in Europe PMC,abstract only,pairfirst-2,A_close_relatives,therapeutic,no
Zika virus disease,Dengue fever,Zika virus disease,Dengue fever,ORPHA:448237,ORPHA:99828,feature_table,feature_table,rare,rare,phenotype; other (diagnostic),similar,0.75,Zika virus clinically resembles dengue fever; ZIKV lineage genetics,,original research,,Genetic characterization of Zika virus strains: geographic expansion of the Asian lineage.,2012,https://europepmc.org/article/PMC/PMC3289602,22389730,yes,yes - free full text in PMC/Europe PMC (not read),abstract only,pairfirst-2,C_genetic_cousins,general,no
Zika virus disease,Dengue fever,Zika virus disease,Dengue fever,ORPHA:448237,ORPHA:99828,feature_table,feature_table,rare,rare,pathways,similar,0.75,"Aedes aegypti vector competence for dengue, Zika, yellow fever and chikungunya viruses",,review,,Aedes aegypti vector competence studies: A review.,2019,https://europepmc.org/article/PMC/PMC8135908,30465912,yes,yes - free full text in PMC/Europe PMC (not read),abstract only,pairfirst-2,C_genetic_cousins,therapeutic,no
Zika virus disease,Dengue fever,Zika virus disease,Dengue fever,ORPHA:448237,ORPHA:99828,feature_table,feature_table,rare,rare,other (comorbidity); pathways,related but distinct,0.60,Prior Zika infection enhances future risk of severe dengue (cross-reactive flavivirus immunity),,original research,,Zika virus infection enhances future risk of severe dengue disease.,2020,https://europepmc.org/article/PMC/PMC8274975,32855339,no,no - not marked open access in Europe PMC,abstract only,pairfirst-2,C_genetic_cousins,natural_history,no
Zika virus disease,Dengue fever,Zika virus disease,Dengue fever,ORPHA:448237,ORPHA:99828,feature_table,feature_table,rare,rare,other (comorbidity); pathways,related but distinct,0.60,Prior dengue infection and risk of Zika in a Nicaraguan paediatric cohort,,original research,,Prior dengue virus infection and risk of Zika: A pediatric cohort in Nicaragua.,2019,https://europepmc.org/article/PMC/PMC6342296,30668565,yes,yes - free full text in PMC/Europe PMC (not read),abstract only,pairfirst-2,C_genetic_cousins,comorbidity,no
Zika virus disease,Dengue fever,Zika virus disease,Dengue fever,ORPHA:448237,ORPHA:99828,feature_table,feature_table,rare,rare,pathways,similar,0.75,Dengue-reactive CD8 T cells cross-protect against subsequent Zika infection,,original research,,Dengue virus-reactive CD8<sup>+</sup> T cells mediate cross-protection against subsequent Zika virus challenge.,2017,https://europepmc.org/article/PMC/PMC5682281,29129917,yes,yes - free full text in PMC/Europe PMC (not read),abstract only,pairfirst-2,C_genetic_cousins,genetic,no
Hepatoblastoma,Hepatocellular adenoma,Hepatoblastoma,Hepatocellular adenoma,ORPHA:449,ORPHA:54272,feature_table,feature_table,rare,rare,other (diagnostic); pathways,related but distinct,0.25,"lncRNA biomarker panel to discriminate hepatoblastoma, hepatocellular adenoma and other liver tumours",,original research,,Panel of potential lncRNA biomarkers can distinguish various types of liver malignant and benign tumors.,2021,https://europepmc.org/article/PMC/PMC11802012,32918630,no,no - not marked open access in Europe PMC,abstract only,pairfirst-2,A_close_relatives,comorbidity,yes
Neonatal adrenoleukodystrophy,Infantile Refsum disease,Neonatal adrenoleukodystrophy,Infantile Refsum disease,ORPHA:44,ORPHA:772,feature_table,feature_table,rare,rare,phenotype; genes,similar,0.95,"Peroxisome biogenesis disorders (ZS, NALD, IRD) genetics and cell biology",,review,,Peroxisome biogenesis disorders: genetics and cell biology.,2000,https://doi.org/10.1016/s0168-9525(00)02056-4,10904262,no,no - not marked open access in Europe PMC,abstract only,pairfirst-2,A_close_relatives,general,no
Neonatal adrenoleukodystrophy,Infantile Refsum disease,Neonatal adrenoleukodystrophy,Infantile Refsum disease,ORPHA:44,ORPHA:772,feature_table,feature_table,rare,rare,phenotype; genes,similar,0.88,"PEX1 mutations across ZS, NALD and IRD: severity tracks residual PEX1 protein",,original research,,Disorders of peroxisome biogenesis due to mutations in PEX1: phenotypes and PEX1 protein levels.,2001,https://europepmc.org/article/PMC/PMC1226046,11389485,no,no - not marked open access in Europe PMC,abstract only,pairfirst-2,A_close_relatives,therapeutic,no
Neonatal adrenoleukodystrophy,Infantile Refsum disease,Neonatal adrenoleukodystrophy,Infantile Refsum disease,ORPHA:44,ORPHA:772,feature_table,feature_table,rare,rare,epidemiology; phenotype,similar,0.75,"PBD patients with prolonged survival: phenotypic overlap of ZS, NALD and IRD",,original research,,Peroxisome biogenesis disorders with prolonged survival: phenotypic expression in a cohort of 31 patients.,2004,https://doi.org/10.1002/ajmg.a.20664,15098231,no,no - not marked open access in Europe PMC,abstract only,pairfirst-2,A_close_relatives,natural_history,no
Neonatal adrenoleukodystrophy,Infantile Refsum disease,Neonatal adrenoleukodystrophy,Infantile Refsum disease,ORPHA:44,ORPHA:772,feature_table,feature_table,rare,rare,genes; phenotype,similar,0.90,"Genotype-phenotype correlations in peroxisome biogenesis disorders (NALD, IRD)",,review,,Genotype-phenotype correlations in disorders of peroxisome biogenesis.,1999,https://doi.org/10.1006/mgme.1999.2926,10527683,no,no - not marked open access in Europe PMC,abstract only,pairfirst-2,A_close_relatives,comorbidity,no
Neonatal adrenoleukodystrophy,Infantile Refsum disease,Neonatal adrenoleukodystrophy,Infantile Refsum disease,ORPHA:44,ORPHA:772,feature_table,feature_table,rare,rare,genes; pathways,similar,1.00,PEX1-PEX6 interaction disruption is the most common cause of Zellweger spectrum disease,,original research,,"Disruption of a PEX1-PEX6 interaction is the most common cause of the neurologic disorders Zellweger syndrome, neonatal adrenoleukodystrophy, and infantile Refsum disease.",1998,https://europepmc.org/article/PMC/PMC21127,9671729,no,no - not marked open access in Europe PMC,abstract only,pairfirst-2,A_close_relatives,genetic,no
Plasma cell leukemia,B-cell chronic lymphocytic leukemia,Plasma cell leukemia,B-cell chronic lymphocytic leukemia,ORPHA:454714,ORPHA:67038,feature_table,feature_table,rare,rare,other (comorbidity),related but distinct,0.50,Hodgkin disease in CLL; CLL may transform to plasma cell leukaemia or myeloma,,case report,,Hodgkin's disease in an elderly patient with B-cell chronic lymphocytic leukemia.,2005,https://doi.org/10.4103/0019-509x.17062,16276018,no,no - not marked open access in Europe PMC,abstract only,pairfirst-2,C_genetic_cousins,general,yes
Familial cold urticaria,Muckle-Wells syndrome,Familial cold urticaria,Muckle-Wells syndrome,ORPHA:47045,ORPHA:575,feature_table,feature_table,rare,rare,pathways,similar,0.90,Cryopyrin activates the inflammasome in response to toxins and ATP; mutated in cold urticaria and Muckle-Wells,,original research,,Cryopyrin activates the inflammasome in response to toxins and ATP.,2006,https://doi.org/10.1038/nature04515,16407890,no,no - not marked open access in Europe PMC,abstract only,pairfirst-2,D_shared_treatment_diff_systems,general,no
Familial cold urticaria,Muckle-Wells syndrome,Familial cold urticaria,Muckle-Wells syndrome,ORPHA:47045,ORPHA:575,feature_table,feature_table,rare,rare,genes; pathways,similar,0.95,"NALP3/CIAS1 mutations link Muckle-Wells, familial cold autoinflammatory syndrome and CINCA; role in innate immunity",,original research,,Critical role for NALP3/CIAS1/Cryopyrin in innate and adaptive immunity through its regulation of caspase-1.,2006,https://doi.org/10.1016/j.immuni.2006.02.004,16546100,no,no - not marked open access in Europe PMC,abstract only,pairfirst-2,D_shared_treatment_diff_systems,therapeutic,no
Familial cold urticaria,Muckle-Wells syndrome,Familial cold urticaria,Muckle-Wells syndrome,ORPHA:47045,ORPHA:575,feature_table,feature_table,rare,rare,genes,similar,0.90,"De novo CIAS1 mutations in NOMID, the gene that causes Muckle-Wells and familial cold urticaria",,original research,,"De novo CIAS1 mutations, cytokine activation, and evidence for genetic heterogeneity in patients with neonatal-onset multisystem inflammatory disease (NOMID): a new member of the expanding family of pyrin-associated autoinflammatory diseases.",2002,https://europepmc.org/article/PMC/PMC4556432,12483741,no,no - not marked open access in Europe PMC,abstract only,pairfirst-2,D_shared_treatment_diff_systems,natural_history,no
Familial cold urticaria,Muckle-Wells syndrome,Familial cold urticaria,Muckle-Wells syndrome,ORPHA:47045,ORPHA:575,feature_table,feature_table,rare,rare,genes,similar,0.90,"CINCA syndrome caused by CIAS1 mutations, the gene for Muckle-Wells and familial cold urticaria",,case report,,"Chronic infantile neurological cutaneous and articular syndrome is caused by mutations in CIAS1, a gene highly expressed in polymorphonuclear cells and chondrocytes.",2002,https://europepmc.org/article/PMC/PMC384980,12032915,no,no - not marked open access in Europe PMC,abstract only,pairfirst-2,D_shared_treatment_diff_systems,comorbidity,no
Familial cold urticaria,Muckle-Wells syndrome,Familial cold urticaria,Muckle-Wells syndrome,ORPHA:47045,ORPHA:575,feature_table,feature_table,rare,rare,pathways; treatment,similar,0.82,Ketone metabolite beta-hydroxybutyrate blocks NLRP3-mediated disease models of FCAS and Muckle-Wells,,original research,,The ketone metabolite β-hydroxybutyrate blocks NLRP3 inflammasome-mediated inflammatory disease.,2015,https://europepmc.org/article/PMC/PMC4352123,25686106,yes,yes - free full text in PMC/Europe PMC (not read),abstract only,pairfirst-2,D_shared_treatment_diff_systems,general,no
Jeune syndrome,"Short rib-polydactyly syndrome, Majewski type",Jeune syndrome,"Short rib-polydactyly syndrome, Majewski type",ORPHA:474,ORPHA:93269,feature_table,feature_table,rare,rare,pathways; genes,similar,0.75,Ciliary skeletal disorders: Jeune syndrome and short rib-polydactyly type III are ciliopathies acting via hedgehog signalling,,review,,Ciliary disorder of the skeleton.,2012,https://doi.org/10.1002/ajmg.c.31336,22791528,no,no - not marked open access in Europe PMC,abstract only,pairfirst-2,A_close_relatives,general,yes
Jeune syndrome,"Short rib-polydactyly syndrome, Majewski type",Jeune syndrome,"Short rib-polydactyly syndrome, Majewski type",ORPHA:474,ORPHA:93269,feature_table,feature_table,rare,rare,other (diagnostic); phenotype,related but distinct,0.55,Prenatal diagnosis of skeletal dysplasias incl. Jeune syndrome and short rib-polydactyly,,original research,,Skeletal dysplasias: 38 prenatal cases.,2008,https://europepmc.org/article/MED/18990981,18990981,no,no - not marked open access in Europe PMC,abstract only,pairfirst-2,A_close_relatives,general,yes
Kniest dysplasia,Achondrogenesis,Kniest dysplasia,Achondrogenesis,ORPHA:485,ORPHA:932,feature_table,feature_table,rare,rare,phenotype; genes,similar,0.88,"Type II collagenopathies: achondrogenesis II, hypochondrogenesis, SEDC, Kniest dysplasia, Stickler as a COL2A1 spectrum",,review,,The type II collagenopathies: a spectrum of chondrodysplasias.,1994,https://doi.org/10.1007/bf01959208,8157027,no,no - not marked open access in Europe PMC,abstract only,pairfirst-2,C_genetic_cousins,general,no
Kniest dysplasia,Achondrogenesis,Kniest dysplasia,Achondrogenesis,ORPHA:485,ORPHA:932,feature_table,feature_table,rare,rare,genes; phenotype,similar,0.85,Novel COL2A1 splicing variant in achondrogenesis type II; COL2A1 spectrum incl. Kniest,,case report,,A Novel Splicing Variant of <i>COL2A1</i> in a Fetus with Achondrogenesis Type II: Interpretation of Pathogenicity of In-Frame Deletions.,2021,https://europepmc.org/article/PMC/PMC8467821,34573377,yes,yes - free full text in PMC/Europe PMC (not read),abstract only,pairfirst-2,C_genetic_cousins,comorbidity,no
Kniest dysplasia,Achondrogenesis,Kniest dysplasia,Achondrogenesis,ORPHA:485,ORPHA:932,feature_table,feature_table,rare,rare,genes; phenotype,similar,0.80,"Dominant COL2A1 mutations produce SEMD, Kniest and achondrogenesis-hypochondrogenesis spectrum of chondrodysplasias",,original research,,"Dominant mutations in the type II collagen gene, COL2A1, produce spondyloepimetaphyseal dysplasia, Strudwick type.",1995,https://doi.org/10.1038/ng0995-87,7550321,no,no - not marked open access in Europe PMC,abstract only,pairfirst-2,C_genetic_cousins,general,no
Kniest dysplasia,Achondrogenesis,Kniest dysplasia,Achondrogenesis,ORPHA:485,ORPHA:932,feature_table,feature_table,rare,rare,phenotype; genes,similar,0.88,COL2A1 splice mutation in SEDC: phenotypic continuum of type II collagen chondrodysplasias incl. achondrogenesis II and Kniest,,case report,,An RNA-splicing mutation (G+5IVS20) in the type II collagen gene (COL2A1) in a family with spondyloepiphyseal dysplasia congenita.,1995,https://europepmc.org/article/PMC/PMC1801144,7847372,no,no - not marked open access in Europe PMC,abstract only,pairfirst-2,C_genetic_cousins,general,no
Leishmaniasis,Pneumocystosis,Leishmaniasis,Pneumocystosis,ORPHA:507,ORPHA:723,feature_table,feature_table,rare,rare,treatment,similar,0.75,Pentamidine treats antimony-resistant leishmaniasis and Pneumocystis pneumonia,,review,,Pentamidine: a review.,1985,https://doi.org/10.1093/clinids/7.5.625,3903942,no,no - not marked open access in Europe PMC,abstract only,pairfirst-2,D_shared_treatment_diff_systems,general,no
Leishmaniasis,Pneumocystosis,Leishmaniasis,Pneumocystosis,ORPHA:507,ORPHA:723,feature_table,feature_table,rare,rare,other (comorbidity),related but distinct,0.50,Visceral Leishmania braziliensis in an HIV patient with Pneumocystis pneumonia,,case report,,"Leishmania braziliensis causing visceral leishmaniasis in a patient with human immunodeficiency virus infection, identified with the aid of the polymerase chain reaction.",1993,https://doi.org/10.1016/0035-9203(93)90264-q,8296358,no,no - not marked open access in Europe PMC,abstract only,pairfirst-2,D_shared_treatment_diff_systems,comorbidity,no
Leishmaniasis,Pneumocystosis,Leishmaniasis,Pneumocystosis,ORPHA:507,ORPHA:723,feature_table,feature_table,rare,rare,treatment,similar,0.75,"Pentamidine-induced long QT; drug used for leishmaniasis, trypanosomiasis and Pneumocystis pneumonia",,original research,,Pentamidine-induced long QT syndrome and block of hERG trafficking.,2005,https://doi.org/10.1124/jpet.104.073692,15340016,no,no - not marked open access in Europe PMC,abstract only,pairfirst-2,D_shared_treatment_diff_systems,general,no
Non rare obesity,Sarcoidosis,Non rare obesity,Sarcoidosis,ORPHA:521399,ORPHA:797,feature_table,feature_table,common,rare,other (comorbidity),related but distinct,0.50,Nutritional status (including obesity) in sarcoidosis patients and fatigue,,original research,,Impact of nutritional status in sarcoidosis patients.,2025,https://europepmc.org/article/PMC/PMC12536844,41026024,yes,yes - free full text in PMC/Europe PMC (not read),abstract only,pairfirst-2,C_genetic_cousins,general,yes
Chronic myeloid leukemia,Polycythemia vera,Chronic myeloid leukemia,Polycythemia vera,ORPHA:521,ORPHA:729,feature_table,feature_table,rare,rare,genes; pathways,related but distinct,0.40,Myeloproliferative neoplasms: CML (BCR-ABL1) and polycythemia vera (JAK2) as classic MPNs,,review,,Myeloproliferative neoplasms: A decade of discoveries and treatment advances.,2016,https://doi.org/10.1002/ajh.24221,26492355,no,no - not marked open access in Europe PMC,abstract only,pairfirst-2,C_genetic_cousins,comorbidity,yes
Chronic myeloid leukemia,Polycythemia vera,Chronic myeloid leukemia,Polycythemia vera,ORPHA:521,ORPHA:729,feature_table,feature_table,rare,rare,phenotype; other (diagnostic),related but distinct,0.62,2016 WHO classification and diagnostic criteria for myeloproliferative neoplasms incl. CML and polycythemia vera,,review,,The 2016 WHO classification and diagnostic criteria for myeloproliferative neoplasms: document summary and in-depth discussion.,2018,https://europepmc.org/article/PMC/PMC5807384,29426921,yes,yes - free full text in PMC/Europe PMC (not read),abstract only,pairfirst-2,C_genetic_cousins,general,yes
Lymphangioleiomyomatosis,Capillary-lymphatic-venous malformation with segmental distribution,Lymphangioleiomyomatosis,Capillary-lymphatic-venous malformation with segmental distribution,ORPHA:538,ORPHA:90308,feature_table,feature_table,rare,rare,other (comorbidity); phenotype,related but distinct,0.50,Pulmonary abnormalities in Klippel-Trenaunay syndrome with lymphangioleiomyomatosis-like features,,case report,,"Pulmonary abnormalities in Klippel-Trenaunay syndrome. A histologic, ultrastructural, and immunocytochemical study.",1992,https://doi.org/10.1378/chest.102.4.1274,1327665,no,no - not marked open access in Europe PMC,abstract only,pairfirst-2,D_shared_treatment_diff_systems,general,yes
Left ventricular noncompaction,Peripartum cardiomyopathy,Left ventricular noncompaction,Peripartum cardiomyopathy,ORPHA:54260,ORPHA:563,feature_table,feature_table,rare,rare,treatment,similar,0.75,Anticoagulation in left ventricular noncompaction and peripartum cardiomyopathy: systematic review,,review,,Anticoagulation Therapy in Specific Cardiomyopathies: Isolated Left Ventricular Noncompaction and Peripartum Cardiomyopathy.,2019,https://doi.org/10.1177/1074248418783745,29911432,no,no - not marked open access in Europe PMC,abstract only,pairfirst-2,E_same_class_unrelated_biology,general,yes
Left ventricular noncompaction,Peripartum cardiomyopathy,Left ventricular noncompaction,Peripartum cardiomyopathy,ORPHA:54260,ORPHA:563,feature_table,feature_table,rare,rare,other (diagnostic); other (comorbidity),similar,0.81,Peripartum cardiomyopathy with left ventricular noncompaction features in a haemodialysis patient,,case report,,"When it rains, it pours: Peripartum cardiomyopathy with features of left-ventricular noncompaction in a hemodialysis patient.",2016,https://doi.org/10.1111/hdi.12427,27147549,no,no - not marked open access in Europe PMC,abstract only,pairfirst-2,E_same_class_unrelated_biology,therapeutic,yes
Burkitt lymphoma,Retinoblastoma,Burkitt lymphoma,Retinoblastoma,ORPHA:543,ORPHA:790,feature_table,feature_table,rare,rare,epidemiology,related but distinct,0.50,Childhood cancer incidence in sub-Saharan Africa: Burkitt lymphoma and retinoblastoma among leading cancers,,review,,Cancer of childhood in sub-Saharan Africa.,2017,https://europepmc.org/article/PMC/PMC5574662,28900468,yes,yes - free full text in PMC/Europe PMC (not read),abstract only,pairfirst-2,C_genetic_cousins,therapeutic,yes
Follicular lymphoma,B-cell prolymphocytic leukemia,Follicular lymphoma,B-cell prolymphocytic leukemia,ORPHA:545,ORPHA:86852,feature_table,feature_table,rare,rare,other (diagnostic),related but distinct,0.50,"Splenic lymphoma with villous lymphocytes must be differentiated from hairy cell leukaemia, B-PLL and follicular lymphoma",,review,,Outline for writing an article for current treatment options in oncology: splenic lymphoma with villous lymphocytes.,2007,https://doi.org/10.1007/s11864-007-0015-3,17634839,no,no - not marked open access in Europe PMC,abstract only,pairfirst-2,C_genetic_cousins,therapeutic,yes
Chondrosarcoma,Leiomyosarcoma,Chondrosarcoma,Leiomyosarcoma,ORPHA:55880,ORPHA:64720,feature_table,feature_table,rare,rare,treatment,related but distinct,0.25,Sarcoma review: soft tissue (leiomyosarcoma) and primary bone (chondrosarcoma) sarcomas have different staging and treatment,,review,,Sarcoma.,2007,https://doi.org/10.4065/82.11.1409,17976362,no,no - not marked open access in Europe PMC,abstract only,pairfirst-2,A_close_relatives,general,no
Chondrosarcoma,Leiomyosarcoma,Chondrosarcoma,Leiomyosarcoma,ORPHA:55880,ORPHA:64720,feature_table,feature_table,rare,rare,pathways; genes,related but distinct,0.50,TP53 roles across bone and soft tissue sarcomas,,review,,TP53 in bone and soft tissue sarcomas.,2019,https://europepmc.org/article/PMC/PMC6746598,31276706,no,no - not marked open access in Europe PMC,abstract only,pairfirst-2,A_close_relatives,comorbidity,no
Chondrosarcoma,Leiomyosarcoma,Chondrosarcoma,Leiomyosarcoma,ORPHA:55880,ORPHA:64720,feature_table,feature_table,rare,rare,pathways,related but distinct,0.50,Telomere lengths differ between translocation-associated and non-translocation sarcomas (complex karyotype group),,original research,,Telomere lengths of translocation-associated and nontranslocation-associated sarcomas differ dramatically.,2004,https://europepmc.org/article/PMC/PMC1615673,15111298,no,no - not marked open access in Europe PMC,abstract only,pairfirst-2,A_close_relatives,mechanism,no
Marfan syndrome,Loeys-Dietz syndrome,Marfan syndrome,Loeys-Dietz syndrome,ORPHA:558,ORPHA:60030,feature_table,feature_table,rare,rare,phenotype; genes,related but distinct,0.50,SMAD3 mutations define a new aneurysm-osteoarthritis syndrome distinct from Marfan and Loeys-Dietz,,original research,,Mutations in SMAD3 cause a syndromic form of aortic aneurysms and dissections with early-onset osteoarthritis.,2011,https://doi.org/10.1038/ng.744,21217753,no,no - not marked open access in Europe PMC,abstract only,pairfirst-2,A_close_relatives,general,no
Marfan syndrome,Loeys-Dietz syndrome,Marfan syndrome,Loeys-Dietz syndrome,ORPHA:558,ORPHA:60030,feature_table,feature_table,rare,rare,phenotype; other (diagnostic),related but distinct,0.50,"Differences in manifestations of Marfan, Ehlers-Danlos and Loeys-Dietz syndromes",,review,,"Differences in manifestations of Marfan syndrome, Ehlers-Danlos syndrome, and Loeys-Dietz syndrome.",2017,https://europepmc.org/article/PMC/PMC5721110,29270370,no,no - not marked open access in Europe PMC,abstract only,pairfirst-2,A_close_relatives,therapeutic,no
Marfan syndrome,Loeys-Dietz syndrome,Marfan syndrome,Loeys-Dietz syndrome,ORPHA:558,ORPHA:60030,feature_table,feature_table,rare,rare,genes; pathways,related but distinct,0.50,Genetic basis of thoracic aortic aneurysm incl. Marfan and Loeys-Dietz; smooth-muscle contractile gene focus,,review,,Genetic basis of thoracic aortic aneurysms and dissections: focus on smooth muscle cell contractile dysfunction.,2008,https://doi.org/10.1146/annurev.genom.8.080706.092303,18544034,no,no - not marked open access in Europe PMC,abstract only,pairfirst-2,A_close_relatives,general,no
Marfan syndrome,Loeys-Dietz syndrome,Marfan syndrome,Loeys-Dietz syndrome,ORPHA:558,ORPHA:60030,feature_table,feature_table,rare,rare,pathways; genes,similar,0.67,SKI mutations cause Shprintzen-Goldberg syndrome; TGF-beta signalling in Marfan and Loeys-Dietz aneurysm,,original research,,Mutations in the TGF-β repressor SKI cause Shprintzen-Goldberg syndrome with aortic aneurysm.,2012,https://europepmc.org/article/PMC/PMC3545695,23023332,yes,yes - free full text in PMC/Europe PMC (not read),abstract only,pairfirst-2,A_close_relatives,therapeutic,no
Atelosteogenesis type II,Multiple epiphyseal dysplasia type 4,Atelosteogenesis type II,Multiple epiphyseal dysplasia type 4,ORPHA:56304,ORPHA:93307,feature_table,feature_table,rare,rare,genes; phenotype,similar,0.80,"rMED with DTDST C653S; DTDST mutations span atelosteogenesis 2, achondrogenesis 1B, diastrophic dysplasia and rMED",,case report,,Autosomal recessive multiple epiphyseal dysplasia with homozygosity for C653S in the DTDST gene: double-layer patella as a reliable sign.,2003,https://doi.org/10.1002/ajmg.a.20282,12966518,no,no - not marked open access in Europe PMC,abstract only,pairfirst-2,C_genetic_cousins,general,yes
Atelosteogenesis type II,Multiple epiphyseal dysplasia type 4,Atelosteogenesis type II,Multiple epiphyseal dysplasia type 4,ORPHA:56304,ORPHA:93307,feature_table,feature_table,rare,rare,genes; pathways,similar,0.95,DTDST sulfate transporter function and mutations causing four chondrodysplasias of varying severity,,original research,,Functional expression and cellular distribution of diastrophic dysplasia sulfate transporter (DTDST) gene mutations in HEK cells.,2004,https://doi.org/10.1093/hmg/ddh242,15294877,no,no - not marked open access in Europe PMC,abstract only,pairfirst-2,C_genetic_cousins,general,yes
Moebius syndrome,Isolated Pierre Robin sequence,Moebius syndrome,Isolated Pierre Robin sequence,ORPHA:570,ORPHA:718,feature_table,feature_table,rare,rare,phenotype; treatment,related but distinct,0.62,External mandibular distraction for micrognathia and airway obstruction in Pierre Robin sequence and Moebius syndrome,,case report,,External mandibular distraction in unusual pediatric syndromes with micrognathia and airway obstruction.,2013,https://europepmc.org/article/PMC/PMC3847012,24431888,no,no - not marked open access in Europe PMC,abstract only,pairfirst-2,C_genetic_cousins,general,yes
Muscle-eye-brain disease,Walker-Warburg syndrome,Muscle-eye-brain disease,Walker-Warburg syndrome,ORPHA:588,ORPHA:899,feature_table,feature_table,rare,rare,phenotype; genes,related but distinct,0.62,POMT1 mutations in Walker-Warburg syndrome; MEB and FCMD present a similar combination of symptoms with different genes,,original research,,Mutations in the O-mannosyltransferase gene POMT1 give rise to the severe neuronal migration disorder Walker-Warburg syndrome.,2002,https://europepmc.org/article/PMC/PMC419999,12369018,no,no - not marked open access in Europe PMC,abstract only,pairfirst-2,A_close_relatives,general,no
Muscle-eye-brain disease,Walker-Warburg syndrome,Muscle-eye-brain disease,Walker-Warburg syndrome,ORPHA:588,ORPHA:899,feature_table,feature_table,rare,rare,phenotype; genes,similar,0.75,"TMEM5 and ISPD mutations in cobblestone lissencephaly, a continuum covering WWS and MEB",,original research,,Identification of mutations in TMEM5 and ISPD as a cause of severe cobblestone lissencephaly.,2012,https://europepmc.org/article/PMC/PMC3516603,23217329,no,no - not marked open access in Europe PMC,abstract only,pairfirst-2,A_close_relatives,natural_history,no
Muscle-eye-brain disease,Walker-Warburg syndrome,Muscle-eye-brain disease,Walker-Warburg syndrome,ORPHA:588,ORPHA:899,feature_table,feature_table,rare,rare,pathways; phenotype,similar,0.75,"Brain dystroglycan deletion models the brain defects of FCMD, MEB and Walker-Warburg syndrome",,original research,,Deletion of brain dystroglycan recapitulates aspects of congenital muscular dystrophy.,2002,https://doi.org/10.1038/nature00838,12140559,no,no - not marked open access in Europe PMC,abstract only,pairfirst-2,A_close_relatives,general,no
VEXAS syndrome,Cutaneous small vessel vasculitis,VEXAS syndrome,Cutaneous small vessel vasculitis,ORPHA:596753,ORPHA:889,feature_table,feature_table,rare,rare,other (comorbidity),similar,0.75,"Vasculitis, including cutaneous small-vessel vasculitis, associated with VEXAS syndrome",,original research,,Vasculitis associated with VEXAS syndrome.,2025,https://europepmc.org/article/PMC/PMC12107069,39392442,yes,yes - free full text in PMC/Europe PMC (not read),abstract only,pairfirst-2,E_same_class_unrelated_biology,general,yes
Central core disease,Multiminicore myopathy,Central core disease,Multiminicore myopathy,ORPHA:597,ORPHA:598,feature_table,feature_table,rare,rare,genes; other (comorbidity),similar,0.92,"RYR1 mutations in malignant hyperthermia, central core disease and multiminicore disease",,review,,Mutations in RYR1 in malignant hyperthermia and central core disease.,2006,https://doi.org/10.1002/humu.20356,16917943,no,no - not marked open access in Europe PMC,abstract only,pairfirst-2,A_close_relatives,general,no
Central core disease,Multiminicore myopathy,Central core disease,Multiminicore myopathy,ORPHA:597,ORPHA:598,feature_table,feature_table,rare,rare,genes; pathways,similar,0.92,Epigenetic RYR1 allele silencing reveals recessive mutations in core myopathies,,original research,,Epigenetic allele silencing unveils recessive RYR1 mutations in core myopathies.,2006,https://europepmc.org/article/PMC/PMC1698560,17033962,no,no - not marked open access in Europe PMC,abstract only,pairfirst-2,A_close_relatives,therapeutic,no
Central core disease,Multiminicore myopathy,Central core disease,Multiminicore myopathy,ORPHA:597,ORPHA:598,feature_table,feature_table,rare,rare,genes; epidemiology,similar,0.80,"RYR1 variant landscape in Singapore; CCD, MmD, CFTD and MH share the gene",,original research,,Variant landscape of the RYR1 gene based on whole genome sequencing of the Singaporean population.,2022,https://europepmc.org/article/PMC/PMC8971428,35361824,yes,yes - free full text in PMC/Europe PMC (not read),abstract only,pairfirst-2,A_close_relatives,natural_history,no
Central core disease,Multiminicore myopathy,Central core disease,Multiminicore myopathy,ORPHA:597,ORPHA:598,feature_table,feature_table,rare,rare,other (comorbidity); phenotype,similar,0.80,"Core myopathies (central core, multiminicore) and malignant hyperthermia risk",,review,,Core myopathies and risk of malignant hyperthermia.,2009,https://doi.org/10.1213/ane.0b013e3181b5ae2d,19762745,no,no - not marked open access in Europe PMC,abstract only,pairfirst-2,A_close_relatives,comorbidity,no
Central core disease,Multiminicore myopathy,Central core disease,Multiminicore myopathy,ORPHA:597,ORPHA:598,feature_table,feature_table,rare,rare,genes; phenotype,similar,0.72,RYR1 mutations in over 90% of central core disease; rarer in multiminicore disease,,original research,,Central core disease is due to RYR1 mutations in more than 90% of patients.,2006,https://doi.org/10.1093/brain/awl077,16621918,no,no - not marked open access in Europe PMC,abstract only,pairfirst-2,A_close_relatives,general,no
Multiminicore myopathy,Desmin-related myopathy with Mallory body-like inclusions,Multiminicore myopathy,Desmin-related myopathy with Mallory body-like inclusions,ORPHA:598,ORPHA:84132,feature_table,feature_table,rare,rare,genes; phenotype,similar,0.92,"SEPN1 mutations cause desmin-related myopathy with Mallory body-like inclusions, allelic to multiminicore disease",,original research,,Desmin-related myopathy with Mallory body-like inclusions is caused by mutations of the selenoprotein N gene.,2004,https://doi.org/10.1002/ana.20077,15122708,no,no - not marked open access in Europe PMC,abstract only,pairfirst-2,A_close_relatives,general,no
Multiminicore myopathy,Desmin-related myopathy with Mallory body-like inclusions,Multiminicore myopathy,Desmin-related myopathy with Mallory body-like inclusions,ORPHA:598,ORPHA:84132,feature_table,feature_table,rare,rare,genes; phenotype,similar,0.88,"SEPN1 myopathies include rigid spine MD, multiminicore disease and MB-DRM; novel SEPN1 mutation",,comparative study,,Early onset myopathy with a novel mutation in the Selenoprotein N gene (SEPN1).,2005,https://doi.org/10.1016/j.nmd.2004.11.004,15792869,no,no - not marked open access in Europe PMC,abstract only,pairfirst-2,A_close_relatives,general,no
Multiminicore myopathy,Desmin-related myopathy with Mallory body-like inclusions,Multiminicore myopathy,Desmin-related myopathy with Mallory body-like inclusions,ORPHA:598,ORPHA:84132,feature_table,feature_table,rare,rare,genes; phenotype,similar,0.88,"SEPN1-related myopathy manifests as multiminicore disease, MB-DRM or CFTD",,original research,,New molecular findings in congenital myopathies due to selenoprotein N gene mutations.,2011,https://doi.org/10.1016/j.jns.2010.09.011,20937510,no,no - not marked open access in Europe PMC,abstract only,pairfirst-2,A_close_relatives,general,no
"Distal myopathy, Welander type",Tibial muscular dystrophy,"Distal myopathy, Welander type",Tibial muscular dystrophy,ORPHA:603,ORPHA:609,feature_table,feature_table,rare,rare,phenotype; genes,similar,0.67,Distinct distal myopathy phenotype in a large Finnish family with dominant inheritance,,case report,,A distinct phenotype of distal myopathy in a large Finnish family.,2003,https://doi.org/10.1212/01.wnl.0000073618.91577.e8,12847162,no,no - not marked open access in Europe PMC,abstract only,pairfirst-2,B_phenotype_twins_diff_genes,general,no
"Distal myopathy, Welander type",Tibial muscular dystrophy,"Distal myopathy, Welander type",Tibial muscular dystrophy,ORPHA:603,ORPHA:609,feature_table,feature_table,rare,rare,genes; phenotype,related but distinct,0.35,Distal myopathies: Welander and tibial muscular dystrophy are clinically and genetically distinct entities,,review,,Distal myopathies.,1999,https://doi.org/10.1097/00019052-199910000-00002,10590885,no,no - not marked open access in Europe PMC,abstract only,pairfirst-2,B_phenotype_twins_diff_genes,general,no
"Distal myopathy, Welander type",Tibial muscular dystrophy,"Distal myopathy, Welander type",Tibial muscular dystrophy,ORPHA:603,ORPHA:609,feature_table,feature_table,rare,rare,other (diagnostic); phenotype,related but distinct,0.32,Muscle MRI shows distinct diagnostic patterns in Welander distal myopathy versus tibial muscular dystrophy,,original research,,Muscle magnetic resonance imaging shows distinct diagnostic patterns in Welander and tibial muscular dystrophy.,2004,https://doi.org/10.1111/j.1600-0404.2004.00283.x,15242415,no,no - not marked open access in Europe PMC,abstract only,pairfirst-2,B_phenotype_twins_diff_genes,general,no
"Distal myopathy, Welander type",Tibial muscular dystrophy,"Distal myopathy, Welander type",Tibial muscular dystrophy,ORPHA:603,ORPHA:609,feature_table,feature_table,rare,rare,phenotype; other (diagnostic),related but distinct,0.50,Distal muscular dystrophies: classification and differential diagnosis incl. Welander and tibial type,,review,,Distal muscular dystrophies.,2011,https://doi.org/10.1016/b978-0-08-045031-5.00016-5,21496636,no,no - not marked open access in Europe PMC,abstract only,pairfirst-2,B_phenotype_twins_diff_genes,general,no
Bethlem muscular dystrophy,Intermediate collagen VI-related muscular dystrophy,Bethlem muscular dystrophy,Intermediate collagen VI-related muscular dystrophy,ORPHA:610,ORPHA:646113,feature_table,feature_table,rare,rare,epidemiology; phenotype,similar,0.75,Initial maximal motor ability predicts long-term outcome across COL6-related dystrophy phenotypes,,original research,,Association of Initial Maximal Motor Ability With Long-term Functional Outcome in Patients With COL6-Related Dystrophies.,2021,https://europepmc.org/article/PMC/PMC8055317,33441455,no,no - not marked open access in Europe PMC,abstract only,pairfirst-2,A_close_relatives,general,yes
Bethlem muscular dystrophy,Intermediate collagen VI-related muscular dystrophy,Bethlem muscular dystrophy,Intermediate collagen VI-related muscular dystrophy,ORPHA:610,ORPHA:646113,feature_table,feature_table,rare,rare,phenotype; genes,similar,0.95,COL6-related dystrophies form a continuum from Bethlem through intermediate to Ullrich,,review,,Collagen VI-Related Dystrophies,1993,https://europepmc.org/article/MED/20301676,20301676,yes,yes - free full text in PMC/Europe PMC (not read),abstract only,pairfirst-2,A_close_relatives,general,yes
Thomsen and Becker disease,Acetazolamide-responsive myotonia,Thomsen and Becker disease,Acetazolamide-responsive myotonia,ORPHA:614,ORPHA:99736,feature_table,feature_table,rare,rare,phenotype; other (diagnostic),related but distinct,0.50,Acetazolamide-responsive myotonia differs from typical dominant/recessive myotonia congenita,,case report,,Acetazolamide-responsive myotonia congenita.,1987,https://doi.org/10.1212/wnl.37.3.488,3822145,no,no - not marked open access in Europe PMC,abstract only,pairfirst-2,A_close_relatives,general,no
Thomsen and Becker disease,Acetazolamide-responsive myotonia,Thomsen and Becker disease,Acetazolamide-responsive myotonia,ORPHA:614,ORPHA:99736,feature_table,feature_table,rare,rare,genes; phenotype,related but distinct,0.32,Atypical potassium-sensitive myotonia congenita linked to sodium channel locus rather than chloride channel,,original research,,Linkage of atypical myotonia congenita to a sodium channel locus.,1992,https://doi.org/10.1212/wnl.42.2.431,1310531,no,no - not marked open access in Europe PMC,abstract only,pairfirst-2,A_close_relatives,general,no
Thomsen and Becker disease,Acetazolamide-responsive myotonia,Thomsen and Becker disease,Acetazolamide-responsive myotonia,ORPHA:614,ORPHA:99736,feature_table,feature_table,rare,rare,genes; other (diagnostic),related but distinct,0.38,"SCN4A Ile239Thr in acetazolamide-responsive sodium channel myotonia, distinguished from myotonia congenita",,case report,,Acetazolamide-responsive myotonia with a novel Ile239Thr mutation in <i>SCN4A</i> gene: a case report.,2024,https://europepmc.org/article/PMC/PMC10849450,38333241,yes,yes - free full text in PMC/Europe PMC (not read),abstract only,pairfirst-2,A_close_relatives,general,no
Intermediate collagen VI-related muscular dystrophy,Ullrich congenital muscular dystrophy,Intermediate collagen VI-related muscular dystrophy,Ullrich congenital muscular dystrophy,ORPHA:646113,ORPHA:75840,feature_table,feature_table,rare,rare,epidemiology; phenotype,similar,0.75,Initial maximal motor ability predicts long-term outcome across COL6-related dystrophy phenotypes,,original research,,Association of Initial Maximal Motor Ability With Long-term Functional Outcome in Patients With COL6-Related Dystrophies.,2021,https://europepmc.org/article/PMC/PMC8055317,33441455,no,no - not marked open access in Europe PMC,abstract only,pairfirst-2,A_close_relatives,general,yes
Intermediate collagen VI-related muscular dystrophy,Ullrich congenital muscular dystrophy,Intermediate collagen VI-related muscular dystrophy,Ullrich congenital muscular dystrophy,ORPHA:646113,ORPHA:75840,feature_table,feature_table,rare,rare,phenotype; genes,similar,0.95,COL6-related dystrophies form a continuum from Bethlem through intermediate to Ullrich CMD,,review,,Collagen VI-Related Dystrophies,1993,https://europepmc.org/article/MED/20301676,20301676,yes,yes - free full text in PMC/Europe PMC (not read),abstract only,pairfirst-2,A_close_relatives,general,yes
Congenital central hypoventilation syndrome,Haddad syndrome,Congenital central hypoventilation syndrome,Haddad syndrome,ORPHA:661,ORPHA:99803,feature_table,feature_table,rare,rare,phenotype; other (comorbidity),similar,0.82,"Ondine-Hirschsprung (Haddad) syndrome: CCHS with long-segment Hirschsprung disease, review of 17 cases",,case report,,Ondine-Hirschsprung syndrome (Haddad syndrome). Further delineation in two cases and review of the literature.,1993,https://doi.org/10.1007/bf02072522,8444212,no,no - not marked open access in Europe PMC,abstract only,pairfirst-2,A_close_relatives,general,no
Congenital central hypoventilation syndrome,Haddad syndrome,Congenital central hypoventilation syndrome,Haddad syndrome,ORPHA:661,ORPHA:99803,feature_table,feature_table,rare,rare,other (comorbidity),similar,0.90,CCHS associated with Hirschsprung disease configuring Haddad syndrome,,case report,,Congenital central hypoventilation syndrome associated with Hirschsprung's Disease: case report and literature review.,2016,https://europepmc.org/article/PMC/PMC5178125,26838603,yes,yes - free full text in PMC/Europe PMC (not read),abstract only,pairfirst-2,A_close_relatives,therapeutic,no
Congenital central hypoventilation syndrome,Haddad syndrome,Congenital central hypoventilation syndrome,Haddad syndrome,ORPHA:661,ORPHA:99803,feature_table,feature_table,rare,rare,treatment; other (comorbidity),similar,0.66,Myectomy-myotomy for long-segment Hirschsprung disease in Haddad syndrome (CCHS plus HSCR),,case report,,Myectomy-myotomy for long segment Hirschsprung's disease in a patient with Haddad syndrome.,2009,https://doi.org/10.1016/j.jpedsurg.2008.10.115,19302869,no,no - not marked open access in Europe PMC,abstract only,pairfirst-2,A_close_relatives,natural_history,no
Congenital central hypoventilation syndrome,Haddad syndrome,Congenital central hypoventilation syndrome,Haddad syndrome,ORPHA:661,ORPHA:99803,feature_table,feature_table,rare,rare,other (comorbidity),similar,0.75,Down syndrome with both CCHS and Hirschsprung disease,,case report,,"A triple threat: Down syndrome, congenital central hypoventilation syndrome, and Hirschsprung disease.",2012,https://doi.org/10.1542/peds.2011-3844,23045564,no,no - not marked open access in Europe PMC,abstract only,pairfirst-2,A_close_relatives,comorbidity,no
Congenital central hypoventilation syndrome,Haddad syndrome,Congenital central hypoventilation syndrome,Haddad syndrome,ORPHA:661,ORPHA:99803,feature_table,feature_table,rare,rare,genes; pathways,similar,0.90,PHOX2B polyalanine mutation alters neuronal progenitor transcriptome in CCHS; CCHS with HSCR is Haddad syndrome,,original research,,PHOX2B polyalanine repeat mutation alters the transcriptome of neuronal progenitor cells in congenital central hypoventilation syndrome.,2026,https://doi.org/10.1016/j.nbd.2026.107544,42480943,no,no - not marked open access in Europe PMC,abstract only,pairfirst-2,A_close_relatives,mechanism,no
Albright hereditary osteodystrophy,Pseudopseudohypoparathyroidism,Albright hereditary osteodystrophy,Pseudopseudohypoparathyroidism,ORPHA:665,ORPHA:79445,feature_table,feature_table,rare,rare,phenotype; genes,similar,0.83,"BMI differs between PHP1a (maternal GNAS) and PPHP (paternal GNAS), both AHO",,original research,,Body mass index differences in pseudohypoparathyroidism type 1a versus pseudopseudohypoparathyroidism may implicate paternal imprinting of Galpha(s) in the development of human obesity.,2007,https://doi.org/10.1210/jc.2006-1497,17164301,no,no - not marked open access in Europe PMC,abstract only,pairfirst-2,A_close_relatives,general,no
Albright hereditary osteodystrophy,Pseudopseudohypoparathyroidism,Albright hereditary osteodystrophy,Pseudopseudohypoparathyroidism,ORPHA:665,ORPHA:79445,feature_table,feature_table,rare,rare,phenotype; pathways,related but distinct,0.35,Cognitive impairment prevalent in PHP-Ia but not PPHP despite both having AHO,,original research,,"Cognitive impairment is prevalent in pseudohypoparathyroidism type Ia, but not in pseudopseudohypoparathyroidism: possible cerebral imprinting of Gsalpha.",2008,https://doi.org/10.1111/j.1365-2265.2007.03025.x,17803690,no,no - not marked open access in Europe PMC,abstract only,pairfirst-2,A_close_relatives,therapeutic,no
Albright hereditary osteodystrophy,Pseudopseudohypoparathyroidism,Albright hereditary osteodystrophy,Pseudopseudohypoparathyroidism,ORPHA:665,ORPHA:79445,feature_table,feature_table,rare,rare,genes; phenotype,similar,0.90,Novel GNAS1 deletions in AHO kindreds with PPHP and PHP-Ia members,,case report,,Identification of two novel deletion mutations within the Gs alpha gene (GNAS1) in Albright hereditary osteodystrophy.,1999,https://doi.org/10.1210/jcem.84.9.5970,10487696,no,no - not marked open access in Europe PMC,abstract only,pairfirst-2,A_close_relatives,comorbidity,no
Albright hereditary osteodystrophy,Pseudopseudohypoparathyroidism,Albright hereditary osteodystrophy,Pseudopseudohypoparathyroidism,ORPHA:665,ORPHA:79445,feature_table,feature_table,rare,rare,genes; other (diagnostic),similar,0.88,GNAS1 molecular analysis for correct diagnosis of AHO: mutations in both PHP-Ia and PPHP,,original research,,Molecular analysis of the GNAS1 gene for the correct diagnosis of Albright hereditary osteodystrophy and pseudohypoparathyroidism.,2003,https://doi.org/10.1203/01.pdr.0000059752.07086.a2,12621129,no,no - not marked open access in Europe PMC,abstract only,pairfirst-2,A_close_relatives,mechanism,no
Albright hereditary osteodystrophy,Pseudopseudohypoparathyroidism,Albright hereditary osteodystrophy,Pseudopseudohypoparathyroidism,ORPHA:665,ORPHA:79445,feature_table,feature_table,rare,rare,phenotype; genes,related but distinct,0.50,AHO with del(2q37.3): PHP and PPHP biochemical variants,,case report,,Albright hereditary osteodystrophy and del(2) (q37.3) in four unrelated individuals.,1995,https://doi.org/10.1002/ajmg.1320580102,7573148,no,no - not marked open access in Europe PMC,abstract only,pairfirst-2,A_close_relatives,general,no
Phenylketonuria,Mild hyperphenylalaninemia,Phenylketonuria,Mild hyperphenylalaninemia,ORPHA:716,ORPHA:79651,feature_table,feature_table,rare,rare,genes; phenotype,similar,0.88,Global PKU genetic landscape and epidemiology; PKU and mild HPA are allelic PAH disorders,,original research,,The Genetic Landscape and Epidemiology of Phenylketonuria.,2020,https://europepmc.org/article/PMC/PMC7413859,32668217,no,no - not marked open access in Europe PMC,abstract only,pairfirst-2,A_close_relatives,general,no
Phenylketonuria,Mild hyperphenylalaninemia,Phenylketonuria,Mild hyperphenylalaninemia,ORPHA:716,ORPHA:79651,feature_table,feature_table,rare,rare,genes; phenotype,similar,0.92,PAH mutation spectrum in US cohort spanning PKU to mild hyperphenylalaninemia,,comparative study,,Phenylalanine hydroxylase gene mutations in the United States: report from the Maternal PKU Collaborative Study.,1996,https://europepmc.org/article/PMC/PMC1915123,8659548,no,no - not marked open access in Europe PMC,abstract only,pairfirst-2,A_close_relatives,comorbidity,no
Phenylketonuria,Mild hyperphenylalaninemia,Phenylketonuria,Mild hyperphenylalaninemia,ORPHA:716,ORPHA:79651,feature_table,feature_table,rare,rare,phenotype; genes,similar,0.88,PAH genotype-phenotype correlation across PKU and milder hyperphenylalaninemia in Fujian cohort,,original research,,"Characterization of phenylalanine hydroxylase gene variants and analysis of genotype-phenotype correlation in patients with phenylalanine hydroxylase deficiency from Fujian Province, Southeastern China.",2022,https://europepmc.org/article/PMC/PMC9618490,36104584,yes,yes - free full text in PMC/Europe PMC (not read),abstract only,pairfirst-2,A_close_relatives,mechanism,no
Phenylketonuria,Mild hyperphenylalaninemia,Phenylketonuria,Mild hyperphenylalaninemia,ORPHA:716,ORPHA:79651,feature_table,feature_table,rare,rare,phenotype; genes,similar,0.88,European multicentre study: PKU and mild HPA are allelic; genotype predicts metabolic phenotype,,comparative study,,A European multicenter study of phenylalanine hydroxylase deficiency: classification of 105 mutations and a general system for genotype-based prediction of metabolic phenotype.,1998,https://europepmc.org/article/PMC/PMC1377241,9634518,no,no - not marked open access in Europe PMC,abstract only,pairfirst-2,A_close_relatives,general,no
Phenylketonuria,Mild hyperphenylalaninemia,Phenylketonuria,Mild hyperphenylalaninemia,ORPHA:716,ORPHA:79651,feature_table,feature_table,rare,rare,treatment; pathways,related but distinct,0.35,Gut microbiota differs between diet-treated PKU children and MHP children not on diet,,original research,,Phenylketonuria Diet Promotes Shifts in Firmicutes Populations.,2019,https://europepmc.org/article/PMC/PMC6477998,31058098,yes,yes - free full text in PMC/Europe PMC (not read),abstract only,pairfirst-2,A_close_relatives,comorbidity,no
Microscopic polyangiitis,Granulomatosis with polyangiitis,Microscopic polyangiitis,Granulomatosis with polyangiitis,ORPHA:727,ORPHA:900,feature_table,feature_table,rare,rare,treatment,similar,0.90,Rituximab versus cyclophosphamide for ANCA vasculitis (GPA and MPA),,comparative study,,Rituximab versus cyclophosphamide for ANCA-associated vasculitis.,2010,https://europepmc.org/article/PMC/PMC3137658,20647199,no,no - not marked open access in Europe PMC,abstract only,pairfirst-2,A_close_relatives,general,no
Microscopic polyangiitis,Granulomatosis with polyangiitis,Microscopic polyangiitis,Granulomatosis with polyangiitis,ORPHA:727,ORPHA:900,feature_table,feature_table,rare,rare,genes; pathways,related but distinct,0.32,Genome-wide association: genetically distinct subsets within ANCA vasculitis (GPA vs MPA associated with different HLA/ANCA specificity),,original research,,Genetically distinct subsets within ANCA-associated vasculitis.,2012,https://europepmc.org/article/PMC/PMC3773907,22808956,no,no - not marked open access in Europe PMC,abstract only,pairfirst-2,A_close_relatives,therapeutic,no
Microscopic polyangiitis,Granulomatosis with polyangiitis,Microscopic polyangiitis,Granulomatosis with polyangiitis,ORPHA:727,ORPHA:900,feature_table,feature_table,rare,rare,epidemiology,similar,0.75,Long-term survival in ANCA vasculitis (Wegener's and microscopic polyangiitis),,comparative study,,Long-term patient survival in ANCA-associated vasculitis.,2011,https://doi.org/10.1136/ard.2010.137778,21109517,no,no - not marked open access in Europe PMC,abstract only,pairfirst-2,A_close_relatives,natural_history,no
Microscopic polyangiitis,Granulomatosis with polyangiitis,Microscopic polyangiitis,Granulomatosis with polyangiitis,ORPHA:727,ORPHA:900,feature_table,feature_table,rare,rare,treatment; other (diagnostic),similar,0.82,2021 ACR/VF guideline for management of ANCA vasculitis incl. GPA and MPA,,review,,2021 American College of Rheumatology/Vasculitis Foundation Guideline for the Management of Antineutrophil Cytoplasmic Antibody-Associated Vasculitis.,2021,https://europepmc.org/article/PMC/PMC12327957,34235894,no,no - not marked open access in Europe PMC,abstract only,pairfirst-2,A_close_relatives,comorbidity,no
Microscopic polyangiitis,Granulomatosis with polyangiitis,Microscopic polyangiitis,Granulomatosis with polyangiitis,ORPHA:727,ORPHA:900,feature_table,feature_table,rare,rare,phenotype; other (diagnostic),related but distinct,0.50,Japanese AAV cohort classified into GPA and MPA by EMEA algorithm with serological features,,original research,,"Classification and characteristics of Japanese patients with antineutrophil cytoplasmic antibody-associated vasculitis in a nationwide, prospective, inception cohort study.",2014,https://europepmc.org/article/PMC/PMC4060546,24758294,yes,yes - free full text in PMC/Europe PMC (not read),abstract only,pairfirst-2,A_close_relatives,genetic,no
Polymyositis,Antisynthetase syndrome,Polymyositis,Antisynthetase syndrome,ORPHA:732,ORPHA:81,feature_table,feature_table,rare,rare,phenotype; epidemiology,similar,0.75,Idiopathic inflammatory myopathies incl. polymyositis and antisynthetase syndrome: heterogeneous autoimmune group,,review,,Idiopathic inflammatory myopathies.,2021,https://doi.org/10.1038/s41572-021-00321-x,34857798,no,no - not marked open access in Europe PMC,abstract only,pairfirst-2,B_phenotype_twins_diff_genes,general,yes
Polymyositis,Antisynthetase syndrome,Polymyositis,Antisynthetase syndrome,ORPHA:732,ORPHA:81,feature_table,feature_table,rare,rare,other (diagnostic); treatment,related but distinct,0.62,"Classification and management of adult inflammatory myopathies (polymyositis, antisynthetase)",,review,,Classification and management of adult inflammatory myopathies.,2018,https://europepmc.org/article/PMC/PMC11646336,30129477,no,no - not marked open access in Europe PMC,abstract only,pairfirst-2,B_phenotype_twins_diff_genes,natural_history,yes
Porokeratosis of Mibelli,Disseminated superficial actinic porokeratosis,Porokeratosis of Mibelli,Disseminated superficial actinic porokeratosis,ORPHA:735,ORPHA:79152,feature_table,feature_table,rare,rare,pathways; phenotype,similar,0.85,Porokeratosis review: Mibelli and DSAP variants share the defective isoprenoid pathway and cornoid lamella,,review,,"Porokeratoses-A Comprehensive Review on the Genetics and Metabolomics, Imaging Methods and Management of Common Clinical Variants.",2023,https://europepmc.org/article/PMC/PMC10744643,38132857,yes,yes - free full text in PMC/Europe PMC (not read),abstract only,pairfirst-2,A_close_relatives,general,no
Porokeratosis of Mibelli,Disseminated superficial actinic porokeratosis,Porokeratosis of Mibelli,Disseminated superficial actinic porokeratosis,ORPHA:735,ORPHA:79152,feature_table,feature_table,rare,rare,epidemiology; phenotype,similar,0.75,"Singapore porokeratosis series: immunosuppression, phototherapy and malignant progression across subtypes",,original research,,Porokeratosis in Singapore: an Asian perspective.,2012,https://doi.org/10.1111/j.1440-0960.2011.00856.x,22571584,no,no - not marked open access in Europe PMC,abstract only,pairfirst-2,A_close_relatives,therapeutic,no
Porokeratosis of Mibelli,Disseminated superficial actinic porokeratosis,Porokeratosis of Mibelli,Disseminated superficial actinic porokeratosis,ORPHA:735,ORPHA:79152,feature_table,feature_table,rare,rare,phenotype; other (diagnostic),similar,0.75,Follicular porokeratosis as histologic variant of DSAP and other porokeratosis subtypes,,case report,,Follicular porokeratosis: distinct clinical entity or histologic variant?,2009,https://doi.org/10.1111/j.1600-0560.2009.01266.x,19519877,no,no - not marked open access in Europe PMC,abstract only,pairfirst-2,A_close_relatives,natural_history,no
Porokeratosis of Mibelli,Disseminated superficial actinic porokeratosis,Porokeratosis of Mibelli,Disseminated superficial actinic porokeratosis,ORPHA:735,ORPHA:79152,feature_table,feature_table,rare,rare,genes; phenotype,similar,0.84,MVK splicing mutation causes porokeratosis of Mibelli; MVK also implicated in DSAP,,original research,,Splicing mutation in MVK is a cause of porokeratosis of Mibelli.,2014,https://doi.org/10.1007/s00403-014-1465-7,24781643,no,no - not marked open access in Europe PMC,abstract only,pairfirst-2,A_close_relatives,comorbidity,no
Porokeratosis of Mibelli,Disseminated superficial actinic porokeratosis,Porokeratosis of Mibelli,Disseminated superficial actinic porokeratosis,ORPHA:735,ORPHA:79152,feature_table,feature_table,rare,rare,phenotype,similar,0.75,DSAP case report placing it among porokeratosis variants incl. Mibelli,,case report,,"Disseminated Superficial Actinic Porokeratosis (DSAP): A Case Report Highlighting the Clinical, Dermatoscopic, and Pathology Features of the Condition.",2022,https://europepmc.org/article/PMC/PMC9376211,35983404,yes,yes - free full text in PMC/Europe PMC (not read),abstract only,pairfirst-2,A_close_relatives,mechanism,no
Prader-Willi syndrome,Rett syndrome,Prader-Willi syndrome,Rett syndrome,ORPHA:739,ORPHA:778,feature_table,feature_table,rare,rare,pathways; phenotype,related but distinct,0.50,"Reward circuitry dysfunction across neurodevelopmental/psychiatric disorders and genetic syndromes (PWS, Rett)",,review,,Reward circuitry dysfunction in psychiatric and neurodevelopmental disorders and genetic syndromes: animal models and clinical findings.,2012,https://europepmc.org/article/PMC/PMC3464940,22958744,yes,yes - free full text in PMC/Europe PMC (not read),abstract only,pairfirst-2,C_genetic_cousins,general,no
Prader-Willi syndrome,Rett syndrome,Prader-Willi syndrome,Rett syndrome,ORPHA:739,ORPHA:778,feature_table,feature_table,rare,rare,pathways; genes,similar,0.65,"Epigenetic disruption (imprinting in PWS, MeCP2 in Rett) in autism spectrum and neurodevelopmental disorders",,review,,"Epigenetics, autism spectrum, and neurodevelopmental disorders.",2013,https://europepmc.org/article/PMC/PMC3805864,24104594,no,no - not marked open access in Europe PMC,abstract only,pairfirst-2,C_genetic_cousins,therapeutic,no
Prader-Willi syndrome,Rett syndrome,Prader-Willi syndrome,Rett syndrome,ORPHA:739,ORPHA:778,feature_table,feature_table,rare,rare,treatment; phenotype,related but distinct,0.50,Pharmacotherapy of self-injurious behaviour across neurodevelopmental disorders incl. PWS and Rett,,review,,Management of Self-injurious Behaviors in Children with Neurodevelopmental Disorders: A Pharmacotherapy Overview.,2019,https://europepmc.org/article/PMC/PMC6555654,30793794,no,no - not marked open access in Europe PMC,abstract only,pairfirst-2,C_genetic_cousins,mechanism,no
Infantile Refsum disease,Zellweger syndrome,Infantile Refsum disease,Zellweger syndrome,ORPHA:772,ORPHA:912,feature_table,feature_table,rare,rare,phenotype; genes,similar,0.95,"Peroxisome biogenesis disorders (ZS, NALD, IRD) genetics and cell biology",,review,,Peroxisome biogenesis disorders: genetics and cell biology.,2000,https://doi.org/10.1016/s0168-9525(00)02056-4,10904262,no,no - not marked open access in Europe PMC,abstract only,pairfirst-2,A_close_relatives,general,no
Infantile Refsum disease,Zellweger syndrome,Infantile Refsum disease,Zellweger syndrome,ORPHA:772,ORPHA:912,feature_table,feature_table,rare,rare,phenotype; genes,similar,0.88,"PEX1 mutations across ZS, NALD and IRD: severity tracks residual PEX1 protein",,original research,,Disorders of peroxisome biogenesis due to mutations in PEX1: phenotypes and PEX1 protein levels.,2001,https://europepmc.org/article/PMC/PMC1226046,11389485,no,no - not marked open access in Europe PMC,abstract only,pairfirst-2,A_close_relatives,therapeutic,no
Infantile Refsum disease,Zellweger syndrome,Infantile Refsum disease,Zellweger syndrome,ORPHA:772,ORPHA:912,feature_table,feature_table,rare,rare,epidemiology; phenotype,similar,0.75,"PBD patients with prolonged survival: phenotypic overlap of ZS, NALD and IRD",,original research,,Peroxisome biogenesis disorders with prolonged survival: phenotypic expression in a cohort of 31 patients.,2004,https://doi.org/10.1002/ajmg.a.20664,15098231,no,no - not marked open access in Europe PMC,abstract only,pairfirst-2,A_close_relatives,natural_history,no
Infantile Refsum disease,Zellweger syndrome,Infantile Refsum disease,Zellweger syndrome,ORPHA:772,ORPHA:912,feature_table,feature_table,rare,rare,genes; phenotype,similar,0.90,Genotype-phenotype correlations in peroxisome biogenesis disorders,,review,,Genotype-phenotype correlations in disorders of peroxisome biogenesis.,1999,https://doi.org/10.1006/mgme.1999.2926,10527683,no,no - not marked open access in Europe PMC,abstract only,pairfirst-2,A_close_relatives,comorbidity,no
Infantile Refsum disease,Zellweger syndrome,Infantile Refsum disease,Zellweger syndrome,ORPHA:772,ORPHA:912,feature_table,feature_table,rare,rare,genes; pathways,similar,1.00,PEX1-PEX6 interaction disruption is the most common cause of Zellweger spectrum disease,,original research,,"Disruption of a PEX1-PEX6 interaction is the most common cause of the neurologic disorders Zellweger syndrome, neonatal adrenoleukodystrophy, and infantile Refsum disease.",1998,https://europepmc.org/article/PMC/PMC21127,9671729,no,no - not marked open access in Europe PMC,abstract only,pairfirst-2,A_close_relatives,genetic,no
Hereditary coproporphyria,Acute intermittent porphyria,Hereditary coproporphyria,Acute intermittent porphyria,ORPHA:79273,ORPHA:79276,feature_table,feature_table,rare,rare,pathways; phenotype,similar,0.84,Heme biosynthesis and the porphyrias; each porphyria defined by its specific enzyme defect,,review,,Heme biosynthesis and the porphyrias.,2019,https://europepmc.org/article/PMC/PMC7252266,31326287,no,no - not marked open access in Europe PMC,abstract only,pairfirst-2,B_phenotype_twins_diff_genes,general,no
Hereditary coproporphyria,Acute intermittent porphyria,Hereditary coproporphyria,Acute intermittent porphyria,ORPHA:79273,ORPHA:79276,feature_table,feature_table,rare,rare,phenotype; genes,similar,0.85,"Acute hepatic porphyrias (AIP, HCP, VP, ADP): pathogenesis and clinical features",,review,,Pathogenesis and clinical features of the acute hepatic porphyrias (AHPs).,2019,https://europepmc.org/article/PMC/PMC6754303,30987916,no,no - not marked open access in Europe PMC,abstract only,pairfirst-2,B_phenotype_twins_diff_genes,comorbidity,no
Hereditary coproporphyria,Acute intermittent porphyria,Hereditary coproporphyria,Acute intermittent porphyria,ORPHA:79273,ORPHA:79276,feature_table,feature_table,rare,rare,treatment,similar,0.90,"Best practice guidelines for acute porphyria attacks in AIP, VP and HCP",,review,,Best practice guidelines on clinical management of acute attacks of porphyria and their complications.,2013,https://doi.org/10.1177/0004563212474555,23605132,no,no - not marked open access in Europe PMC,abstract only,pairfirst-2,B_phenotype_twins_diff_genes,genetic,no
Pseudohypoparathyroidism type 1A,Pseudopseudohypoparathyroidism,Pseudohypoparathyroidism type 1A,Pseudopseudohypoparathyroidism,ORPHA:79443,ORPHA:79445,feature_table,feature_table,rare,rare,phenotype; genes,similar,0.83,"BMI differs between PHP1a and PPHP, both AHO with GNAS defects",,original research,,Body mass index differences in pseudohypoparathyroidism type 1a versus pseudopseudohypoparathyroidism may implicate paternal imprinting of Galpha(s) in the development of human obesity.,2007,https://doi.org/10.1210/jc.2006-1497,17164301,no,no - not marked open access in Europe PMC,abstract only,pairfirst-2,A_close_relatives,general,no
Pseudohypoparathyroidism type 1A,Pseudopseudohypoparathyroidism,Pseudohypoparathyroidism type 1A,Pseudopseudohypoparathyroidism,ORPHA:79443,ORPHA:79445,feature_table,feature_table,rare,rare,phenotype; genes,similar,0.88,Novel GNAS mutation in PHP1A with normocalcemia; PHP1A and PPHP share GNAS loss of function,,case report,,Identification of a novel GNAS mutation in a case of pseudohypoparathyroidism type 1A with normocalcemia.,2018,https://europepmc.org/article/PMC/PMC6065144,30060753,yes,yes - free full text in PMC/Europe PMC (not read),abstract only,pairfirst-2,A_close_relatives,natural_history,no
Pseudohypoparathyroidism type 1A,Pseudopseudohypoparathyroidism,Pseudohypoparathyroidism type 1A,Pseudopseudohypoparathyroidism,ORPHA:79443,ORPHA:79445,feature_table,feature_table,rare,rare,genes; pathways,similar,0.90,Synonymous GNAS exon 1 variant creating cryptic splice site in PHP1A/PPHP; maternal versus paternal allele,,case report,,A novel synonymous variant in exon 1 of <i>GNAS</i> gene results in a cryptic splice site and causes pseudohypoparathyroidism type 1A and pseudo-pseudohypoparathyroidism in a French family.,2021,https://europepmc.org/article/PMC/PMC8100090,33997150,yes,yes - free full text in PMC/Europe PMC (not read),abstract only,pairfirst-2,A_close_relatives,comorbidity,no
Pseudohypoparathyroidism type 1A,Pseudopseudohypoparathyroidism,Pseudohypoparathyroidism type 1A,Pseudopseudohypoparathyroidism,ORPHA:79443,ORPHA:79445,feature_table,feature_table,rare,rare,genes; pathways,similar,0.88,"GNAS mutations in PHP1a and related disorders: maternal inheritance gives PHP1a, paternal gives PPHP",,review,,GNAS mutations in Pseudohypoparathyroidism type 1a and related disorders.,2015,https://europepmc.org/article/PMC/PMC4309471,25219572,yes,yes - free full text in PMC/Europe PMC (not read),abstract only,pairfirst-2,A_close_relatives,general,no
Pseudohypoparathyroidism type 1A,Pseudohypoparathyroidism type 1B,Pseudohypoparathyroidism type 1A,Pseudohypoparathyroidism type 1B,ORPHA:79443,ORPHA:94089,feature_table,feature_table,rare,rare,phenotype; genes,related but distinct,0.62,"Sporadic PHP1B case and review; PHP stratified into types 1A, 1B, 1C, 2 by GNAS genetic/epigenetic changes",,case report,,An intricate case of sporadic pseudohypoparathyroidism type 1B with a review of literature.,2021,https://europepmc.org/article/PMC/PMC10528691,33320452,yes,yes - free full text in PMC/Europe PMC (not read),abstract only,pairfirst-2,A_close_relatives,natural_history,no
Pseudohypoparathyroidism type 1A,Pseudohypoparathyroidism type 1B,Pseudohypoparathyroidism type 1A,Pseudohypoparathyroidism type 1B,ORPHA:79443,ORPHA:94089,feature_table,feature_table,rare,rare,phenotype; genes,related but distinct,0.62,GNAS imprinting defects with chromosome 2 deletions explain AHO features in PHP1B patients,,original research,,Association of GNAS imprinting defects and deletions of chromosome 2 in two patients: clues explaining phenotypic heterogeneity in pseudohypoparathyroidism type 1B/iPPSD3.,2019,https://europepmc.org/article/PMC/PMC6322333,30616679,yes,yes - free full text in PMC/Europe PMC (not read),abstract only,pairfirst-2,A_close_relatives,comorbidity,no
Cutaneous mastocytoma,Maculopapular cutaneous mastocytosis,Cutaneous mastocytoma,Maculopapular cutaneous mastocytosis,ORPHA:79455,ORPHA:79457,feature_table,feature_table,rare,rare,phenotype; epidemiology,similar,0.75,"Pediatric mastocytosis presents as solitary mastocytoma, urticaria pigmentosa or diffuse disease",,original research,,Pediatric mastocytosis.,1991,https://doi.org/10.1111/1523-1747.ep12468942,1705949,no,no - not marked open access in Europe PMC,abstract only,pairfirst-2,A_close_relatives,general,no
Cutaneous mastocytoma,Maculopapular cutaneous mastocytosis,Cutaneous mastocytoma,Maculopapular cutaneous mastocytosis,ORPHA:79455,ORPHA:79457,feature_table,feature_table,rare,rare,phenotype; epidemiology,similar,0.75,"Pediatric mastocytosis review: urticaria pigmentosa, diffuse cutaneous and mastocytoma forms",,review,,Pediatric Mastocytosis: A Review of the Literature.,2013,https://europepmc.org/article/PMC/PMC3869446,24380017,no,no - not marked open access in Europe PMC,abstract only,pairfirst-2,A_close_relatives,therapeutic,no
Cutaneous mastocytoma,Maculopapular cutaneous mastocytosis,Cutaneous mastocytoma,Maculopapular cutaneous mastocytosis,ORPHA:79455,ORPHA:79457,feature_table,feature_table,rare,rare,phenotype; other (comorbidity),similar,0.75,"Cutaneous mastocytosis forms (UP, mastocytoma, TMEP) as signs of underlying systemic mastocytosis",,review,,Telangiectasia macularis eruptiva perstans: more than skin deep.,2011,https://europepmc.org/article/PMC/PMC4211494,25386256,yes,yes - free full text in PMC/Europe PMC (not read),abstract only,pairfirst-2,A_close_relatives,natural_history,no
Cutaneous mastocytoma,Maculopapular cutaneous mastocytosis,Cutaneous mastocytoma,Maculopapular cutaneous mastocytosis,ORPHA:79455,ORPHA:79457,feature_table,feature_table,rare,rare,phenotype; treatment,similar,0.75,Recognition and management of pediatric cutaneous mastocytosis forms,,review,,Pediatric mastocytosis.,1994,https://doi.org/10.1016/s0889-8588(05)70299-9,8092552,no,no - not marked open access in Europe PMC,abstract only,pairfirst-2,A_close_relatives,general,no
Sialidosis type 1,Sialidosis type 2,Sialidosis type 1,Sialidosis type 2,ORPHA:812,ORPHA:87876,feature_table,feature_table,rare,rare,phenotype; genes,similar,0.75,NEU1 variants in sialidosis: type 1 (mild) versus type 2 (severe) by catalytic activity,,original research,,Clinical and Structural Characteristics of NEU1 Variants Causing Sialidosis Type 1.,2024,https://europepmc.org/article/PMC/PMC11300387,38600684,yes,yes - free full text in PMC/Europe PMC (not read),abstract only,pairfirst-2,A_close_relatives,general,yes
Sialidosis type 1,Sialidosis type 2,Sialidosis type 1,Sialidosis type 2,ORPHA:812,ORPHA:87876,feature_table,feature_table,rare,rare,phenotype; genes,similar,0.70,"Sialidosis type 1 milder late-onset versus type 2 early-onset dysmorphic form, same NEU1 gene",,case report,,Sialidosis type 1 in a Turkish family: a case report and review of literatures.,2025,https://doi.org/10.1515/jpem-2024-0468,39733340,no,no - not marked open access in Europe PMC,abstract only,pairfirst-2,A_close_relatives,general,yes
Testicular seminomatous germ cell tumor,Yolk sac tumor,Testicular seminomatous germ cell tumor,Yolk sac tumor,ORPHA:842,ORPHA:876,feature_table,feature_table,rare,rare,other (diagnostic); pathways,related but distinct,0.25,TCF7L1 immunostain differentiates testicular germ cell tumour types (seminoma versus yolk sac tumour),,original research,,Wnt suppressor and stem cell regulator TCF7L1 is a sensitive immunohistochemical marker to differentiate testicular seminoma from non-seminomatous germ cell tumor.,2019,https://doi.org/10.1016/j.yexmp.2019.104293,31381875,no,no - not marked open access in Europe PMC,abstract only,pairfirst-2,A_close_relatives,therapeutic,no
Testicular seminomatous germ cell tumor,Yolk sac tumor,Testicular seminomatous germ cell tumor,Yolk sac tumor,ORPHA:842,ORPHA:876,feature_table,feature_table,rare,rare,other (comorbidity),related but distinct,0.50,Synchronous bilateral testicular seminoma and yolk sac tumour,,case report,,Concurrent bilateral testicular tumors with different histopathology: A case report.,2020,https://europepmc.org/article/PMC/PMC7911774,33680389,yes,yes - free full text in PMC/Europe PMC (not read),abstract only,pairfirst-2,A_close_relatives,natural_history,no
Testicular seminomatous germ cell tumor,Yolk sac tumor,Testicular seminomatous germ cell tumor,Yolk sac tumor,ORPHA:842,ORPHA:876,feature_table,feature_table,rare,rare,pathways; epidemiology,similar,0.67,"Ovarian dysgerminoma transformation to yolk sac tumour; analogous testicular seminoma transformation, histogenetic continuum",,case report,,Transformation of ovarian dysgerminoma to yolk sac tumor: evidence for a histogenetic continuum.,1995,https://europepmc.org/article/MED/8552580,8552580,no,no - not marked open access in Europe PMC,abstract only,pairfirst-2,A_close_relatives,genetic,no
Testicular seminomatous germ cell tumor,Yolk sac tumor,Testicular seminomatous germ cell tumor,Yolk sac tumor,ORPHA:842,ORPHA:876,feature_table,feature_table,rare,rare,other (diagnostic); pathways,related but distinct,0.50,Histologically pure seminoma with raised AFP: occult yolk sac tumour question,,original research,,Histologically pure seminoma with elevated alpha-fetoprotein: a clinicopathologic study of ten cases.,1998,https://doi.org/10.3892/or.5.6.1425,9769381,no,no - not marked open access in Europe PMC,abstract only,pairfirst-2,A_close_relatives,general,no
Testicular seminomatous germ cell tumor,Spermatocytic seminoma,Testicular seminomatous germ cell tumor,Spermatocytic seminoma,ORPHA:842,ORPHA:99865,feature_table,feature_table,rare,rare,other (diagnostic); phenotype,related but distinct,0.50,Testicular seminoma and its mimics (incl. spermatocytic seminoma) on imaging and pathology,,review,,Testicular Seminoma and Its Mimics: From the Radiologic Pathology Archives.,2017,https://europepmc.org/article/PMC/PMC5548453,28574809,no,no - not marked open access in Europe PMC,abstract only,pairfirst-2,A_close_relatives,general,no
Testicular seminomatous germ cell tumor,Spermatocytic seminoma,Testicular seminomatous germ cell tumor,Spermatocytic seminoma,ORPHA:842,ORPHA:99865,feature_table,feature_table,rare,rare,epidemiology; phenotype,related but distinct,0.50,"20-year seminoma series incl. classic, anaplastic and spermatocytic seminoma outcomes",,original research,,Testicular seminoma: 20-year experience at the Northern Israel Oncology Center (1968-1988).,1994,https://doi.org/10.1007/bf02768019,8002220,no,no - not marked open access in Europe PMC,abstract only,pairfirst-2,A_close_relatives,natural_history,no
Testicular seminomatous germ cell tumor,Spermatocytic seminoma,Testicular seminomatous germ cell tumor,Spermatocytic seminoma,ORPHA:842,ORPHA:99865,feature_table,feature_table,rare,rare,epidemiology; pathways,related but distinct,0.35,Spermatocytic seminoma with sarcomatous transformation turns an innocuous tumour aggressive,,case report,,Spermatocytic seminoma of testis with sarcomatous transformation. A report of five cases.,1988,https://doi.org/10.1097/00000478-198802000-00001,3341514,no,no - not marked open access in Europe PMC,abstract only,pairfirst-2,A_close_relatives,general,no
Systemic-onset juvenile idiopathic arthritis,Juvenile dermatomyositis,Systemic-onset juvenile idiopathic arthritis,Juvenile dermatomyositis,ORPHA:85414,ORPHA:93672,feature_table,feature_table,rare,rare,pathways,related but distinct,0.50,"Anti-Hsp90/70 antibodies in children with SLE, juvenile dermatomyositis and juvenile arthritis",,original research,,"Incidence of anti Hsp 90 and 70 antibodies in children with SLE, juvenile dermatomyositis and juvenile chronic arthritis.",1996,https://europepmc.org/article/MED/8697668,8697668,no,no - not marked open access in Europe PMC,abstract only,pairfirst-2,C_genetic_cousins,general,yes
T-cell prolymphocytic leukemia,Anaplastic large cell lymphoma,T-cell prolymphocytic leukemia,Anaplastic large cell lymphoma,ORPHA:86871,ORPHA:98841,feature_table,feature_table,rare,rare,other (diagnostic); phenotype,related but distinct,0.50,"Small cell variant ALCL presenting as leukaemia, a mimic of T-cell leukaemias",,case report,,Small cell variant anaplastic large cell lymphoma presenting as leukemia: A case report and review of Literature.,2022,https://doi.org/10.4103/ijpm.ijpm_443_21,35900509,no,no - not marked open access in Europe PMC,abstract only,pairfirst-2,C_genetic_cousins,genetic,yes
T-cell prolymphocytic leukemia,Anaplastic large cell lymphoma,T-cell prolymphocytic leukemia,Anaplastic large cell lymphoma,ORPHA:86871,ORPHA:98841,feature_table,feature_table,rare,rare,genes; other (diagnostic),related but distinct,0.38,"Cytogenetic guidelines for mature T- and NK-cell neoplasms with overlapping features (T-PLL, ALCL)",,review,,Cytogenetics in the management of mature T-cell and NK-cell neoplasms: Guidelines from the Groupe Francophone de Cytogénétique Hématologique (GFCH).,2023,https://doi.org/10.1016/j.retram.2023.103428,38016421,no,no - not marked open access in Europe PMC,abstract only,pairfirst-2,C_genetic_cousins,general,yes
Yolk sac tumor,Spermatocytic seminoma,Yolk sac tumor,Spermatocytic seminoma,ORPHA:876,ORPHA:99865,feature_table,feature_table,rare,rare,other (diagnostic); treatment,related but distinct,0.40,"Spermatocytic seminoma must be distinguished from classic seminoma and other germ cell tumours; indolent course, orchiectomy suffices",,original research,,Spermatocytic seminoma: an immunohistochemical study.,1994,https://doi.org/10.1016/0046-8177(94)90171-6,7508884,no,no - not marked open access in Europe PMC,abstract only,pairfirst-2,A_close_relatives,therapeutic,no
Yolk sac tumor,Spermatocytic seminoma,Yolk sac tumor,Spermatocytic seminoma,ORPHA:876,ORPHA:99865,feature_table,feature_table,rare,rare,pathways; epidemiology,similar,0.75,"ITGCN absent in spermatocytic seminoma and infantile yolk sac tumour, both more benign and developmentally distinct from adult TGCT",,case report,,Intratubular germ cell neoplasia in infantile yolk sac tumor. Verification by tandem repeat sequence in situ hybridization.,1992,https://doi.org/10.1097/00019606-199203000-00018,1342958,no,no - not marked open access in Europe PMC,abstract only,pairfirst-2,A_close_relatives,comorbidity,no
Yolk sac tumor,Spermatocytic seminoma,Yolk sac tumor,Spermatocytic seminoma,ORPHA:876,ORPHA:99865,feature_table,feature_table,rare,rare,pathways; genes,related but distinct,0.50,OCT3/4 upstream methylation differs across testicular germ cell tumour types incl. yolk sac tumour and spermatocytic seminoma,,original research,,Differential methylation of the OCT3/4 upstream region in primary human testicular germ cell tumors.,2007,https://doi.org/10.3892/or.18.1.127,17549357,no,no - not marked open access in Europe PMC,abstract only,pairfirst-2,A_close_relatives,genetic,no
Okihiro syndrome,Acro-renal-ocular syndrome,Okihiro syndrome,Acro-renal-ocular syndrome,ORPHA:93293,ORPHA:959,feature_table,feature_table,rare,rare,phenotype; genes,similar,0.88,"SALL4 mutations give clinically overlapping Okihiro, acro-renal-ocular and Holt-Oram phenotypes",,original research,,"Mutations at the SALL4 locus on chromosome 20 result in a range of clinically overlapping phenotypes, including Okihiro syndrome, Holt-Oram syndrome, acro-renal-ocular syndrome, and patients previously reported to represent thalidomide embryopathy.",2003,https://europepmc.org/article/PMC/PMC1735528,12843316,no,no - not marked open access in Europe PMC,abstract only,pairfirst-2,A_close_relatives,general,no
Okihiro syndrome,Acro-renal-ocular syndrome,Okihiro syndrome,Acro-renal-ocular syndrome,ORPHA:93293,ORPHA:959,feature_table,feature_table,rare,rare,phenotype; genes,similar,0.88,"SALL4-related disorders: DRRS (Okihiro), AROS and Holt-Oram, previously thought to be distinct",,review,,SALL4-Related Disorders,1993,https://europepmc.org/article/MED/20301547,20301547,yes,yes - free full text in PMC/Europe PMC (not read),abstract only,pairfirst-2,A_close_relatives,therapeutic,no
Okihiro syndrome,Acro-renal-ocular syndrome,Okihiro syndrome,Acro-renal-ocular syndrome,ORPHA:93293,ORPHA:959,feature_table,feature_table,rare,rare,phenotype; genes,similar,0.88,"SALL4 mutations in Okihiro syndrome, acro-renal-ocular syndrome and related disorders",,original research,,"SALL4 mutations in Okihiro syndrome (Duane-radial ray syndrome), acro-renal-ocular syndrome, and related disorders.",2005,https://doi.org/10.1002/humu.20215,16086360,no,no - not marked open access in Europe PMC,abstract only,pairfirst-2,A_close_relatives,general,no
Okihiro syndrome,Acro-renal-ocular syndrome,Okihiro syndrome,Acro-renal-ocular syndrome,ORPHA:93293,ORPHA:959,feature_table,feature_table,rare,rare,phenotype; genes,similar,0.88,"Family with SALL4 variant spanning upper limb, kidney and eye features of Okihiro/AROS/Holt-Oram",,case report,,"SALL4 Phenotype in Four Generations of One Family: An Interplay of the Upper Limb, Kidneys, and the Pituitary.",2024,https://doi.org/10.1159/000531996,37611564,no,no - not marked open access in Europe PMC,abstract only,pairfirst-2,A_close_relatives,general,no
Stevens-Johnson syndrome/toxic epidermal necrolysis spectrum,Squamous cell carcinoma of the esophagus,Stevens-Johnson syndrome/toxic epidermal necrolysis spectrum,Squamous cell carcinoma of the esophagus,ORPHA:95455,ORPHA:99977,feature_table,feature_table,rare,rare,other (comorbidity),related but distinct,0.25,Toxic epidermal necrolysis induced by tislelizumab in a patient with oesophageal squamous cell carcinoma,,case report,,Case report: Toxic epidermal necrolysis induced by tislelizumab in a patient with esophageal squamous cell carcinoma.,2024,https://europepmc.org/article/PMC/PMC11700972,39764552,yes,yes - free full text in PMC/Europe PMC (not read),abstract only,pairfirst-2,C_genetic_cousins,general,yes
Stevens-Johnson syndrome/toxic epidermal necrolysis spectrum,Squamous cell carcinoma of the esophagus,Stevens-Johnson syndrome/toxic epidermal necrolysis spectrum,Squamous cell carcinoma of the esophagus,ORPHA:95455,ORPHA:99977,feature_table,feature_table,rare,rare,other (comorbidity),related but distinct,0.25,Tislelizumab-associated TEN in an oesophageal cancer patient,,case report,,Tislelizumab-associated toxic epidermal necrolysis in an esophageal cancer patient: a case report.,2025,https://europepmc.org/article/PMC/PMC12626797,41268547,yes,yes - free full text in PMC/Europe PMC (not read),abstract only,pairfirst-2,C_genetic_cousins,general,yes
Posterior polymorphous corneal dystrophy,Congenital hereditary endothelial dystrophy type I,Posterior polymorphous corneal dystrophy,Congenital hereditary endothelial dystrophy type I,ORPHA:98973,ORPHA:98975,feature_table,feature_table,rare,rare,genes; phenotype,similar,0.67,Homozygosity mapping places AR CHED near the PPCD/CHED1 chromosome 20 region,,original research,,Homozygosity mapping and linkage analysis demonstrate that autosomal recessive congenital hereditary endothelial dystrophy (CHED) and autosomal dominant CHED are genetically distinct.,1999,https://europepmc.org/article/PMC/PMC1722772,10209448,no,no - not marked open access in Europe PMC,abstract only,pairfirst-2,A_close_relatives,general,yes
