row_id,pmid,disease_a,disease_b,paper_title,year,link,w_phenotype,w_genetic,w_mechanism,w_therapeutic,w_natural_history,w_diagnostic_confusability,w_comorbidity,s_phenotype,s_genetic,s_mechanism,s_therapeutic,s_natural_history,s_diagnostic_confusability,s_comorbidity,notes,evidence
1,11932988,Mosaic variegated aneuploidy syndrome,Nephroblastoma,High risk of malignancy in mosaic variegated aneuploidy syndrome.,2002,https://doi.org/10.1002/ajmg.10281,0.00,0.00,0.00,0.00,0.30,0.00,0.70,,,,,0.5,,0.5,"MVA syndrome carries high malignancy risk, including embryonal tumours",abstract only
2,22131869,Bardet-Biedl syndrome,Retinitis pigmentosa,Retinitis pigmentosa: genes and disease mechanisms.,2011,https://europepmc.org/article/PMC/PMC3131731,0.50,0.50,0.00,0.00,0.00,0.00,0.00,0.5,0.5,,,,,,Retinitis pigmentosa genes review: RP occurs as part of syndromes such as Bardet-Biedl,abstract only
3,2779627,Bardet-Biedl syndrome,Retinitis pigmentosa,"The cardinal manifestations of Bardet-Biedl syndrome, a form of Laurence-Moon-Biedl syndrome.",1989,https://doi.org/10.1056/nejm198910123211503,1.00,0.00,0.00,0.00,0.00,0.00,0.00,0.5,,,,,,,"Cardinal BBS features: severe retinal dystrophy, only 2 of 28 had typical RP",abstract only
4,17896309,Bardet-Biedl syndrome,Retinitis pigmentosa,The retinal ciliopathies.,2007,https://doi.org/10.1080/13816810701537424,0.40,0.00,0.60,0.00,0.00,0.00,0.00,0.5,,0.75,,,,,Retinal ciliopathies span isolated retinal degeneration (RP) to syndromic forms such as BBS,abstract only
5,7717405,Parathyroid carcinoma,Hyperparathyroidism-jaw tumor syndrome,Hereditary hyperparathyroidism-jaw tumor syndrome: the endocrine tumor gene HRPT2 maps to chromosome 1q21-q31.,1995,https://europepmc.org/article/PMC/PMC1801214,0.20,0.40,0.00,0.00,0.00,0.00,0.40,0.5,0.75,,,,,0.75,HPT-JT families linked to HRPT2 locus; parathyroid carcinoma is a component tumour of the syndrome,abstract only
6,19926710,Parathyroid carcinoma,Hyperparathyroidism-jaw tumor syndrome,Differential expression of microRNAs in human parathyroid carcinomas compared with normal parathyroid tissue.,2010,https://doi.org/10.1677/erc-09-0134,0.00,0.50,0.50,0.00,0.00,0.00,0.00,,0.6,0.6,,,,,CDC73/HRPT2 loss implicated in both HPT-JT and sporadic parathyroid carcinoma,abstract only
7,23293331,Parathyroid carcinoma,Hyperparathyroidism-jaw tumor syndrome,Frequent large germline HRPT2 deletions in a French National cohort of patients with primary hyperparathyroidism.,2013,https://doi.org/10.1210/jc.2012-2789,0.00,0.50,0.00,0.00,0.00,0.00,0.50,,0.75,,,,,0.75,"French cohort: germline HRPT2/CDC73 deletions in HPT-JT, which can present with parathyroid adenoma or carcinoma",abstract only
8,30551989,Parathyroid carcinoma,Hyperparathyroidism-jaw tumor syndrome,Parathyroid carcinoma.,2018,https://doi.org/10.1016/j.beem.2018.11.002,0.00,0.70,0.30,0.00,0.00,0.00,0.00,,0.75,0.6,,,,,Same CDC73 gene mutated somatically in ~70% of parathyroid carcinoma and germline in HPT-JT,abstract only
9,28881068,Parathyroid carcinoma,Hyperparathyroidism-jaw tumor syndrome,Molecular genetics of syndromic and non-syndromic forms of parathyroid carcinoma.,2017,https://europepmc.org/article/PMC/PMC5698716,0.00,0.60,0.20,0.00,0.00,0.00,0.20,,0.75,0.6,,,,0.6,Parathyroid carcinoma arises sporadically or within HPT-JT via CDC73 germline mutations,abstract only
10,30641523,Parathyroid carcinoma,Hyperparathyroidism-jaw tumor syndrome,Parathyroid Carcinoma.,2019,https://doi.org/10.1159/000491039,0.00,0.50,0.00,0.00,0.00,0.00,0.50,,0.75,,,,,0.6,Parathyroid carcinoma accounts for up to 15% of hereditary HPT-JT cases; CDC73 mutations dominate,abstract only
11,15855431,Lynch syndrome,Familial colorectal cancer Type X,Lower cancer incidence in Amsterdam-I criteria families without mismatch repair deficiency: familial colorectal cancer type X.,2005,https://europepmc.org/article/PMC/PMC2933042,0.00,0.40,0.00,0.00,0.60,0.00,0.00,,0.25,,,0.25,,,Amsterdam-I families without MMR deficiency have lower cancer incidence than Lynch families,abstract only
12,26309352,Lynch syndrome,Familial colorectal cancer Type X,Lynch syndrome and Lynch syndrome mimics: The growing complex landscape of hereditary colon cancer.,2015,https://europepmc.org/article/PMC/PMC4541378,0.00,0.40,0.20,0.00,0.00,0.40,0.00,,0.25,0.25,,,0.75,,Lynch syndrome and its mimics: MMR-deficient versus MMR-proficient familial CRC,abstract only
13,19793571,Lynch syndrome,Familial colorectal cancer Type X,Familial colorectal cancer type X: the other half of hereditary nonpolyposis colon cancer syndrome.,2009,https://europepmc.org/article/PMC/PMC3454516,0.00,0.40,0.00,0.00,0.30,0.30,0.00,,0.25,,,0.5,0.75,,"FCCTX is the MMR-proficient half of Amsterdam-defined HNPCC, distinct from Lynch syndrome",abstract only
14,25716099,Lynch syndrome,Familial colorectal cancer Type X,Evolving approach and clinical significance of detecting DNA mismatch repair deficiency in colorectal carcinoma.,2015,https://europepmc.org/article/PMC/PMC5018830,0.00,0.00,0.50,0.00,0.00,0.50,0.00,,,0.25,,,0.75,,MMR deficiency testing separates Lynch syndrome from other HNPCC conditions,abstract only
15,32755332,Lynch syndrome,Familial colorectal cancer Type X,Updates in the field of hereditary nonpolyposis colorectal cancer.,2020,https://doi.org/10.1080/17474124.2020.1782187,0.30,0.40,0.30,0.00,0.00,0.00,0.00,0.75,0.25,0.25,,,,,HNPCC splits into MMR-deficient (Lynch) and MMR-proficient (FCCTX) subsets,abstract only
16,23951239,Lynch syndrome,Familial colorectal cancer Type X,Distinct gene expression signatures in lynch syndrome and familial colorectal cancer type x.,2013,https://europepmc.org/article/PMC/PMC3741139,0.00,0.30,0.70,0.00,0.00,0.00,0.00,,0.25,0.25,,,,,Distinct tumour gene-expression signatures in Lynch syndrome versus FCCTX,abstract only
17,25441602,Jackson-Weiss syndrome,Apert syndrome,Hearing loss in syndromic craniosynostoses: otologic manifestations and clinical findings.,2014,https://doi.org/10.1016/j.ijporl.2014.09.019,0.50,0.50,0.00,0.00,0.00,0.00,0.00,0.75,0.75,,,,,,Hearing loss across FGFR-related craniosynostosis syndromes incl. Apert and Jackson-Weiss,abstract only
18,9406252,Jackson-Weiss syndrome,Apert syndrome,"A 19-week-old fetus with craniosynostosis, renal agenesis and gastroschisis: case report and differential diagnosis.",1997,https://doi.org/10.1016/s0344-0338(97)80018-0,0.30,0.00,0.00,0.00,0.00,0.70,0.00,0.5,,,,,0.5,,"Fetal craniosynostosis case: differential diagnosis among Apert, Jackson-Weiss and related syndromes",abstract only
19,35503716,Juvenile absence epilepsy,Juvenile myoclonic epilepsy,ILAE definition of the Idiopathic Generalized Epilepsy Syndromes: Position statement by the ILAE Task Force on Nosology and Definitions.,2022,https://doi.org/10.1111/epi.17236,0.40,0.20,0.00,0.00,0.00,0.40,0.00,0.75,0.6,,,,0.6,,ILAE definitions of idiopathic generalized epilepsy syndromes incl. juvenile absence and juvenile myoclonic,abstract only
20,3806115,Juvenile absence epilepsy,Juvenile myoclonic epilepsy,Relation of photosensitivity to epileptic syndromes.,1986,https://europepmc.org/article/PMC/PMC1029123,1.00,0.00,0.00,0.00,0.00,0.00,0.00,0.6,,,,,,,Photosensitivity is closely tied to juvenile absence and juvenile myoclonic epilepsy among generalised epilepsies,abstract only
21,16702001,Juvenile absence epilepsy,Juvenile myoclonic epilepsy,Voxel-based morphometry in patients with idiopathic generalized epilepsies.,2006,https://doi.org/10.1016/j.neuroimage.2006.04.174,0.50,0.00,0.50,0.00,0.00,0.00,0.00,0.75,,0.75,,,,,Voxel-based morphometry in IGE subsyndromes incl. juvenile absence and JME; limits between subsyndromes ill-defined,abstract only
22,9762955,Juvenile absence epilepsy,Juvenile myoclonic epilepsy,Quantitative MRI in patients with idiopathic generalized epilepsy. Evidence of widespread cerebral structural changes.,1998,https://doi.org/10.1093/brain/121.9.1661,0.40,0.00,0.60,0.00,0.00,0.00,0.00,0.75,,0.75,,,,,Quantitative MRI shows widespread structural change across idiopathic generalized epilepsies,abstract only
23,35503717,Self-limited epilepsy with centrotemporal spikes,Childhood absence epilepsy,International League Against Epilepsy classification and definition of epilepsy syndromes with onset in childhood: Position paper by the ILAE Task Force on Nosology and Definitions.,2022,https://doi.org/10.1111/epi.17241,0.50,0.00,0.00,0.00,0.00,0.50,0.00,0.25,,,,,0.5,,ILAE classification of childhood-onset epilepsy syndromes incl. SeLECTS and CAE,abstract only
24,42090243,Self-limited epilepsy with centrotemporal spikes,Childhood absence epilepsy,Integrating multivariate resting-state fMRI features to localize epileptic networks in common childhood epilepsy.,2026,https://europepmc.org/article/PMC/PMC13361039,0.00,0.00,1.00,0.00,0.00,0.00,0.00,,,0.25,,,,,Multivariate rs-fMRI localises syndrome-specific epileptic networks in SeLECTS and CAE,abstract only
25,41352321,Self-limited epilepsy with centrotemporal spikes,Childhood absence epilepsy,Shared and divergent neuromagnetic network signatures in childhood absence epilepsy and self-limited epilepsy with centrotemporal spikes.,2026,https://doi.org/10.1016/j.seizure.2025.11.020,0.30,0.00,0.70,0.00,0.00,0.00,0.00,0.25,,0.5,,,,,Shared and divergent neuromagnetic network signatures in CAE and SeLECTS,abstract only
26,42801844,Self-limited epilepsy with centrotemporal spikes,Childhood absence epilepsy,Thalamic and functional correlates of processing speed in pediatric epilepsy syndromes: an exploratory neuroimaging study.,2026,https://doi.org/10.1016/j.yebeh.2026.111301,0.00,0.00,0.50,0.00,0.50,0.00,0.00,,,0.5,,0.5,,,"Processing speed, thalamic and somatomotor correlates in SeLECTS and CAE",abstract only
27,41076473,Self-limited epilepsy with centrotemporal spikes,Childhood absence epilepsy,Childhood absence epilepsy and distinct dynamic functional network connectivity patterns in self-limited epilepsy with centrotemporal spikes: a resting-state fMRI study.,2026,https://doi.org/10.1038/s41390-025-04460-9,0.00,0.00,1.00,0.00,0.00,0.00,0.00,,,0.25,,,,,Distinct dynamic functional network connectivity patterns in SeLECTS versus CAE,abstract only
28,16132054,Isolated cleft lip,Van der Woude syndrome,Interferon regulatory factor-6: a gene predisposing to isolated cleft lip with or without cleft palate in the Belgian population.,2005,https://doi.org/10.1038/sj.ejhg.5201486,0.00,0.70,0.30,0.00,0.00,0.00,0.00,,0.75,0.75,,,,,IRF6 mutations cause Van der Woude and predispose to isolated cleft lip/palate,abstract only
29,26332872,Isolated cleft lip,Van der Woude syndrome,Toward an orofacial gene regulatory network.,2016,https://europepmc.org/article/PMC/PMC4755791,0.00,0.50,0.50,0.00,0.00,0.00,0.00,,0.75,0.75,,,,,IRF6 variants cause syndromic clefting and contribute to isolated cleft lip/palate risk via GRHL3 network,abstract only
30,15530300,Isolated cleft lip,Van der Woude syndrome,Congenital lower lip pits: a case report.,2004,https://doi.org/10.5070/d31r1976fp,0.60,0.00,0.00,0.00,0.00,0.40,0.00,0.75,,,,,0.6,,Van der Woude lip pits case; isolated cleft is one variable manifestation of the syndrome,abstract only
31,20301581,Isolated cleft lip,Van der Woude syndrome,IRF6-Related Disorders,1993,https://europepmc.org/article/MED/20301581,0.50,0.50,0.00,0.00,0.00,0.00,0.00,0.75,0.9,,,,,,IRF6-related disorders span isolated cleft lip/palate to Van der Woude and popliteal pterygium syndromes,abstract only
32,25979096,Narcolepsy type 1,Sarcoidosis,Hypocretin Deficiency Associated with Narcolepsy Type 1 and Central Hypoventilation Syndrome in Neurosarcoidosis of the Hypothalamus.,2015,https://europepmc.org/article/PMC/PMC4543251,0.00,0.00,0.50,0.00,0.00,0.00,0.50,,,0.5,,,,0.75,Neurosarcoidosis with hypothalamic destruction producing hypocretin-deficient narcolepsy type 1,abstract only
33,9475591,Crouzon syndrome,Pfeiffer syndrome type 2,Novel mutation in the FGFR2 gene at the same codon as the Crouzon syndrome mutations in a severe Pfeiffer syndrome type 2 case.,1998,https://doi.org/10.1002/(sici)1096-8628(19980123)75:3<252::aid-ajmg4>3.0.co;2-s,0.30,0.70,0.00,0.00,0.00,0.00,0.00,0.75,0.9,,,,,,"FGFR2 codon 290 mutation in severe Pfeiffer type 2, the same codon as Crouzon mutations",abstract only
34,9475590,Crouzon syndrome,Pfeiffer syndrome type 2,Pfeiffer syndrome type 2: further delineation and review of the literature.,1998,https://doi.org/10.1002/(sici)1096-8628(19980123)75:3<245::aid-ajmg3>3.0.co;2-p,0.60,0.40,0.00,0.00,0.00,0.00,0.00,0.5,0.75,,,,,,Pfeiffer type 2 delineation; FGFR2 mutations shared with Crouzon/other subtypes,abstract only
35,27683237,Crouzon syndrome,Pfeiffer syndrome type 2,Mutation analysis of FGFR1-3 in 11 Japanese patients with syndromic craniosynostoses.,2017,https://doi.org/10.1002/ajmg.a.37992,0.00,1.00,0.00,0.00,0.00,0.00,0.00,,0.75,,,,,,"FGFR1-3 analysis in Crouzon, Pfeiffer-2, Jackson-Weiss and Muenke syndromes",abstract only
36,10048603,Semilobar holoprosencephaly,Lobar holoprosencephaly,"Pituitary dysfunction, morbidity and mortality with congenital midline malformation of the cerebrum.",1999,https://doi.org/10.1007/s004310051026,0.00,0.00,0.00,0.00,0.50,0.00,0.50,,,,,0.6,,0.6,Pituitary dysfunction and outcome in congenital midline defects including semilobar and lobar HPE,abstract only
37,305951,Semilobar holoprosencephaly,Lobar holoprosencephaly,Holoprosencephaly in neurosurgical practice.,1978,https://doi.org/10.3171/jns.1978.48.5.0787,0.50,0.00,0.00,0.00,0.00,0.50,0.00,0.75,,,,,0.75,,"Clinical and angiographic features of alobar, semilobar and lobar holoprosencephaly",abstract only
38,2225595,Semilobar holoprosencephaly,Lobar holoprosencephaly,Aqueductal atresia as a feature of arhinencephalic syndromes.,1990,https://europepmc.org/article/MED/2225595,0.60,0.00,0.00,0.00,0.00,0.00,0.40,0.6,,,,,,0.5,Aqueductal atresia in semilobar and lobar holoprosencephaly cases,abstract only
39,1897567,Semilobar holoprosencephaly,Alobar holoprosencephaly,Holoprosencephaly as a possible embryonic alcohol effect.,1991,https://doi.org/10.1002/ajmg.1320400206,0.50,0.00,0.50,0.00,0.00,0.00,0.00,0.75,,0.75,,,,,Early alcohol exposure proposed as cause of alobar and semilobar holoprosencephaly,abstract only
40,12034930,Semilobar holoprosencephaly,Alobar holoprosencephaly,Holoprosencephaly in children: diffusion tensor MR imaging of white matter tracts of the brainstem--initial experience.,2002,https://doi.org/10.1148/radiol.2233011197,0.50,0.00,0.00,0.00,0.50,0.00,0.00,0.75,,,,0.5,,,Brainstem tract diffusion MRI correlates with forebrain malformation severity across HPE types,abstract only
41,12797220,Semilobar holoprosencephaly,Alobar holoprosencephaly,Magnetic resonance imaging in pregnancy: study of fetal cerebral malformations.,1994,https://doi.org/10.1046/j.1469-0705.1994.04010007.x,0.20,0.00,0.00,0.00,0.00,0.80,0.00,0.75,,,,,0.6,,Fetal MRI of cerebral malformations including alobar and semilobar HPE versus sonography,abstract only
42,17171570,Usher syndrome type 1,Usher syndrome type 2,A novel gene for Usher syndrome type 2: mutations in the long isoform of whirlin are associated with retinitis pigmentosa and sensorineural hearing loss.,2007,https://doi.org/10.1007/s00439-006-0304-0,0.00,0.60,0.40,0.00,0.00,0.00,0.00,,0.5,0.75,,,,,Whirlin (DFNB31) linked to USH2; USH1/USH2 proteins interact in a shared network,abstract only
43,12107518,Usher syndrome type 1,Usher syndrome type 2,Prevalence and geographical distribution of Usher syndrome in Germany.,2002,https://doi.org/10.1007/s00417-002-0485-8,0.20,0.00,0.00,0.00,0.80,0.00,0.00,0.75,,,,0.5,,,Prevalence and subtype distribution of Usher syndrome in Germany,abstract only
44,8556816,Usher syndrome type 1,Usher syndrome type 2,Retinitis pigmentosa in Spain. The Spanish Multicentric and Multidisciplinary Group for Research into Retinitis Pigmentosa.,1995,https://doi.org/10.1111/j.1399-0004.1995.tb04069.x,0.00,0.00,0.00,0.00,1.00,0.00,0.00,,,,,0.5,,,Relative frequencies of USH1 and USH2 among syndromic RP families in Spain,abstract only
45,31546658,Usher syndrome type 1,Usher syndrome type 2,Aberrant Splicing Events Associated to <i>CDH23</i> Noncanonical Splice Site Mutations in a Proband with Atypical Usher Syndrome 1.,2019,https://europepmc.org/article/PMC/PMC6826400,0.00,0.60,0.00,0.00,0.00,0.40,0.00,,0.6,,,,0.5,,CDH23 (an USH1 gene) splice variants in a patient diagnosed with USH2,abstract only
46,15823922,Usher syndrome type 1,Usher syndrome type 2,Novel mutations in MYO7A and USH2A in Usher syndrome.,2005,https://doi.org/10.1080/13816810590918118,0.30,0.70,0.00,0.00,0.00,0.00,0.00,0.75,0.25,,,,,,MYO7A (USH1) and USH2A (USH2) account for most cases of their respective types,abstract only
47,41200749,Usher syndrome type 1,Usher syndrome type 2,"Epidemiological and genetic insights of Usher syndrome in Turkish population: A cross-sectional preliminary study from University of Health Sciences, Turkey.",2025,https://europepmc.org/article/PMC/PMC12535652,0.00,0.50,0.00,0.00,0.50,0.00,0.00,,0.25,,,0.5,,,Turkish Usher cohort: subtype epidemiology and MYO7A/PCDH15/USH2A etc. genes,abstract only
48,41200749,Usher syndrome type 1,Usher syndrome type 3,"Epidemiological and genetic insights of Usher syndrome in Turkish population: A cross-sectional preliminary study from University of Health Sciences, Turkey.",2025,https://europepmc.org/article/PMC/PMC12535652,0.00,0.50,0.00,0.00,0.50,0.00,0.00,,0.25,,,0.5,,,Turkish Usher cohort: USH1 and USH3 subtype epidemiology and genes,abstract only
49,41200749,Usher syndrome type 2,Usher syndrome type 3,"Epidemiological and genetic insights of Usher syndrome in Turkish population: A cross-sectional preliminary study from University of Health Sciences, Turkey.",2025,https://europepmc.org/article/PMC/PMC12535652,0.00,0.50,0.00,0.00,0.50,0.00,0.00,,0.25,,,0.5,,,Turkish Usher cohort: USH2 and USH3 subtype epidemiology and genes,abstract only
50,25667376,Familial hyperaldosteronism type III,Familial hyperaldosteronism type I,Genetics of primary aldosteronism.,2015,https://europepmc.org/article/PMC/PMC4765375,0.00,0.60,0.40,0.00,0.00,0.00,0.00,,0.5,0.5,,,,,Genetics of primary aldosteronism reviews familial hyperaldosteronism types and causative genes,abstract only
51,25063195,Microform holoprosencephaly,Lobar holoprosencephaly,Boc modifies the spectrum of holoprosencephaly in the absence of Gas1 function.,2014,https://europepmc.org/article/PMC/PMC4133726,0.20,0.40,0.40,0.00,0.00,0.00,0.00,0.75,0.75,0.75,,,,,Boc and Gas1 modify the holoprosencephaly spectrum; microforms are the mildest manifestation,abstract only
52,21918830,Prolactinoma,Acromegaly,Clinical factors involved in the recurrence of pituitary adenomas after surgical remission: a structured review and meta-analysis.,2012,https://europepmc.org/article/PMC/PMC3296023,0.00,0.00,0.00,0.50,0.50,0.00,0.00,,,,0.5,0.5,,,Recurrence rates after surgery differ between prolactinoma and acromegaly,abstract only
53,18462264,Prolactinoma,Acromegaly,Disease-specific impairments in quality of life during long-term follow-up of patients with different pituitary adenomas.,2008,https://doi.org/10.1111/j.1365-2265.2008.03288.x,0.40,0.00,0.00,0.00,0.60,0.00,0.00,0.25,,,,0.5,,,Quality-of-life Z-scores compared between pituitary adenoma types including prolactinoma and acromegaly,abstract only
54,14703017,Prolactinoma,Acromegaly,Quality of life in patients with a pituitary adenoma.,2003,https://doi.org/10.1023/b:pitu.0000004798.27230.ed,0.40,0.00,0.00,0.00,0.60,0.00,0.00,0.25,,,,0.5,,,SF-36 quality of life across pituitary adenoma types incl. acromegaly and prolactinoma,abstract only
55,9876340,Prolactinoma,Acromegaly,Increased incidence of neoplasia in patients with pituitary adenomas. The Pituitary Study Group.,1998,https://doi.org/10.1046/j.1365-2265.1998.00536.x,0.00,0.00,0.00,0.00,0.30,0.00,0.70,,,,,0.5,,0.5,"Cancer incidence in prolactinoma versus acromegaly, which favours neoplasia",abstract only
56,30513356,Norrie disease,Retinopathy of prematurity,Wnt Signaling in vascular eye diseases.,2019,https://europepmc.org/article/PMC/PMC6545170,0.00,0.20,0.80,0.00,0.00,0.00,0.00,,0.75,0.75,,,,,Wnt signalling underlies rare genetic eye diseases such as Norrie disease and vascular disease such as ROP,abstract only
57,16123442,Norrie disease,Retinopathy of prematurity,Role of the Norrie disease pseudoglioma gene in sprouting angiogenesis during development of the retinal vasculature.,2005,https://doi.org/10.1167/iovs.05-0174,0.30,0.00,0.70,0.00,0.00,0.00,0.00,0.5,,0.75,,,,,"Ndph knockout shows angiogenic pathways shared by Norrie disease, ROP and Coats disease",abstract only
58,9152134,Norrie disease,Retinopathy of prematurity,Identification of missense mutations in the Norrie disease gene associated with advanced retinopathy of prematurity.,1997,https://doi.org/10.1001/archopht.1997.01100150653015,0.40,0.60,0.00,0.00,0.00,0.00,0.00,0.5,0.5,,,,,,Norrie disease gene missense mutations tested in advanced ROP,abstract only
59,16970763,Norrie disease,Retinopathy of prematurity,"Mutations in the NDP gene: contribution to Norrie disease, familial exudative vitreoretinopathy and retinopathy of prematurity.",2006,https://doi.org/10.1111/j.1442-9071.2006.01314.x,0.20,0.50,0.00,0.00,0.00,0.30,0.00,0.6,0.5,,,,0.6,,"NDP mutations contribute to Norrie, FEVR, Coats and ROP, which are clinically similar",abstract only
60,11322656,Norrie disease,Retinopathy of prematurity,Insertion and deletion mutations in the dinucleotide repeat region of the Norrie disease gene in patients with advanced retinopathy of prematurity.,2001,https://doi.org/10.1007/s100380170085,0.00,1.00,0.00,0.00,0.00,0.00,0.00,,0.5,,,,,,NDP dinucleotide-repeat mutations screened in 100 premature infants with advanced ROP,abstract only
61,26119001,Norrie disease,Retinopathy of prematurity,Frizzled-4 Variations Associated with Retinopathy and Intrauterine Growth Retardation: A Potential Marker for Prematurity and Retinopathy.,2015,https://doi.org/10.1016/j.ophtha.2015.05.036,0.00,0.50,0.50,0.00,0.00,0.00,0.00,,0.5,0.75,,,,,FZD4 (Wnt receptor) variants associated with vitreoretinopathies and ROP,abstract only
62,2894610,Multiple endocrine neoplasia type 1,Insulinoma,Multiple endocrine neoplasia type 1 gene maps to chromosome 11 and is lost in insulinoma.,1988,https://doi.org/10.1038/332085a0,0.00,0.60,0.40,0.00,0.00,0.00,0.00,,0.75,0.75,,,,,MEN1 locus mapped to chromosome 11 and lost in insulinoma tumours from MEN1 brothers,abstract only
63,12941803,Multiple endocrine neoplasia type 1,Insulinoma,Pancreatic beta-cell-specific ablation of the multiple endocrine neoplasia type 1 (MEN1) gene causes full penetrance of insulinoma development in mice.,2003,https://europepmc.org/article/MED/12941803,0.00,0.30,0.70,0.00,0.00,0.00,0.00,,0.75,0.75,,,,,Beta-cell-specific Men1 ablation in mice causes insulinoma,abstract only
64,25565142,Multiple endocrine neoplasia type 1,Insulinoma,Epigenetic regulation of the lncRNA MEG3 and its target c-MET in pancreatic neuroendocrine tumors.,2015,https://europepmc.org/article/PMC/PMC4318878,0.00,0.20,0.80,0.00,0.00,0.00,0.00,,0.5,0.5,,,,,Menin loss drives MEG3/c-MET epigenetic changes in MEN1-associated pancreatic NETs,abstract only
65,18537592,Congenital erythropoietic porphyria,Hepatoerythropoietic porphyria,Erythropoietic porphyrias: animal models and update in gene-based therapies.,2008,https://doi.org/10.2174/156652308784746477,0.00,0.00,0.40,0.60,0.00,0.00,0.00,,,0.75,0.75,,,,"Erythropoietic porphyrias (CEP, HEP, EPP): animal models and gene-based therapies",abstract only
66,3916835,Congenital erythropoietic porphyria,Hepatoerythropoietic porphyria,Hematologic and hepatic manifestations of the cutaneous porphyrias.,1985,https://doi.org/10.1016/0738-081x(85)90035-5,0.50,0.00,0.00,0.00,0.00,0.50,0.00,0.75,,,,,0.75,,Photocutaneous porphyrias in childhood (CEP vs protoporphyria) distinguished by heme precursor profile,abstract only
67,15331575,Pseudohypoparathyroidism type 1A,Pseudohypoparathyroidism type 1B,Minireview: GNAS: normal and abnormal functions.,2004,https://doi.org/10.1210/en.2004-0865,0.00,0.60,0.40,0.00,0.00,0.00,0.00,,0.75,0.5,,,,,GNAS locus underlies both PHP1A (Gs-alpha mutations) and PHP1B (imprinting defects),abstract only
68,28453643,Pseudohypoparathyroidism type 1A,Pseudohypoparathyroidism type 1B,Early-Onset Obesity: Unrecognized First Evidence for GNAS Mutations and Methylation Changes.,2017,https://europepmc.org/article/PMC/PMC5546863,0.40,0.40,0.20,0.00,0.00,0.00,0.00,0.6,0.75,0.6,,,,,"Early-onset obesity found in PHP1A and PHP1B, both caused by GNAS defects but treated as distinct entities",abstract only
69,20008020,Pseudohypoparathyroidism type 1A,Pseudohypoparathyroidism type 1B,Intragenic GNAS deletion involving exon A/B in pseudohypoparathyroidism type 1A resulting in an apparent loss of exon A/B methylation: potential for misdiagnosis of pseudohypoparathyroidism type 1B.,2010,https://europepmc.org/article/PMC/PMC2840867,0.20,0.50,0.00,0.00,0.00,0.30,0.00,0.6,0.75,,,,0.7,,"PHP1A due to GNAS deletion with apparent loss of methylation, mimicking PHP1B epigenetics",abstract only
70,42101462,Pseudohypoparathyroidism type 1A,Pseudohypoparathyroidism type 1B,Pattern of height and weight development in a large cohort of underage Chinese pseudohypoparathyroidism patients from a single center.,2026,https://europepmc.org/article/PMC/PMC13250648,0.60,0.00,0.00,0.00,0.40,0.00,0.00,0.75,,,,0.75,,,Chinese PHP1 cohort: growth and short-stature patterns across PHP1A/1B genotypes,abstract only
71,35104666,Pseudohypoparathyroidism type 1A,Pseudohypoparathyroidism type 1B,A novel deletion involving the first GNAS exon encoding Gsα causes PHP1A without methylation changes at exon A/B.,2022,https://europepmc.org/article/PMC/PMC9301885,0.30,0.50,0.00,0.00,0.00,0.20,0.00,0.75,0.6,,,,0.6,,Novel GNAS exon 1 deletion causes PHP1A without the methylation changes seen in PHP1B,abstract only
72,1227533,Lobar holoprosencephaly,Alobar holoprosencephaly,"Holoprosencephaly: birth data, benetic and demographic analyses of 30 families.",1975,https://europepmc.org/article/MED/1227533,0.50,0.00,0.00,0.00,0.50,0.00,0.00,0.75,,,,0.75,,,30 holoprosencephaly families: lobar versus alobar sex distribution and recurrence risk,abstract only
73,17001668,Lobar holoprosencephaly,Alobar holoprosencephaly,PTCH mutations in four Brazilian patients with holoprosencephaly and in one with holoprosencephaly-like features and normal MRI.,2006,https://doi.org/10.1002/ajmg.a.31369,0.40,0.60,0.00,0.00,0.00,0.00,0.00,0.75,0.75,,,,,,"PTCH mutations produce alobar and lobar holoprosencephaly, even with the same mutation",abstract only
74,896030,Lobar holoprosencephaly,Alobar holoprosencephaly,Dysgenesis of the deep venous system as a diagnostic criterion for holoprosencephaly.,1977,https://doi.org/10.1007/bf00347064,0.40,0.00,0.00,0.00,0.00,0.60,0.00,0.75,,,,,0.75,,Dysgenesis of the deep venous system as angiographic diagnostic criterion across HPE types,abstract only
75,20026174,Thyroid ectopia,Athyreosis,Morphogenesis of the thyroid gland.,2010,https://doi.org/10.1016/j.mce.2009.12.008,0.40,0.00,0.60,0.00,0.00,0.00,0.00,0.75,,0.75,,,,,Thyroid ectopia and athyreosis as the two main forms of thyroid dysgenesis; shared morphogenesis defects,abstract only
76,24412140,Thyroid ectopia,Athyreosis,"Diagnostic and predictive value of ultrasound and isotope thyroid scanning, alone and in combination, in infants referred with thyroid-stimulating hormone elevation on newborn screening.",2014,https://doi.org/10.1016/j.jpeds.2013.11.057,0.20,0.00,0.00,0.00,0.00,0.80,0.00,0.5,,,,,0.6,,Ultrasound and isotope scanning to distinguish ectopia from athyreosis in infants with raised TSH,abstract only
77,17218725,Thyroid ectopia,Athyreosis,Biochemical severity of thyroid ectopia in congenital hypothyroidism demonstrates sexual dimorphism.,2007,https://doi.org/10.1530/eje.1.02319,0.70,0.00,0.00,0.00,0.00,0.30,0.00,0.5,,,,,0.5,,Initial biochemical severity differs between athyreosis and ectopia and by sex,abstract only
78,12786749,Athyreosis,Thyroid hypoplasia,Development of the thyroid gland: lessons from congenitally hypothyroid mice and men.,2003,https://doi.org/10.1034/j.1399-0004.2003.00107.x,0.30,0.30,0.40,0.00,0.00,0.00,0.00,0.75,0.6,0.75,,,,,Thyroid dysgenesis review: athyreosis and hypoplasia as defects of thyroid development,abstract only
79,14725684,Athyreosis,Thyroid hypoplasia,Congenital hypothyroidism and apparent athyreosis with compound heterozygosity or compensated hypothyroidism with probable hemizygosity for inactivating mutations of the TSH receptor.,2004,https://doi.org/10.1111/j.1365-2265.2004.01967.x,0.00,0.50,0.00,0.00,0.00,0.50,0.00,,0.6,,,,0.75,,TSHR mutations in siblings with congenital hypothyroidism and apparent athyreosis versus hypoplasia,abstract only
80,28648504,Athyreosis,Thyroid hypoplasia,Disorders of thyroid morphogenesis.,2017,https://doi.org/10.1016/j.beem.2017.04.008,0.00,0.50,0.50,0.00,0.00,0.00,0.00,,0.75,0.6,,,,,Monogenic defects associate with athyreosis and orthotopic hypoplasia within thyroid dysgenesis,abstract only
81,17684389,Athyreosis,Thyroid hypoplasia,Thyroid imaging in children.,2007,https://doi.org/10.1159/000106819,0.40,0.00,0.00,0.00,0.00,0.60,0.00,0.75,,,,,0.75,,"Ultrasound and scintigraphy separate athyreosis, ectopia and hypoplasia in congenital hypothyroidism",abstract only
82,25153578,Athyreosis,Thyroid hypoplasia,Functional characterization of the novel sequence variant p.S304R in the hinge region of TSHR in a congenital hypothyroidism patients and analogy with other formerly known mutations of this gene portion.,2015,https://doi.org/10.1515/jpem-2014-0194,0.40,0.60,0.00,0.00,0.00,0.00,0.00,0.6,0.6,,,,,,"TSHR variant studied across hypoplasia, hemiagenesis, athyreosis and ectopy cohort",abstract only
83,18259096,Thiel-Behnke corneal dystrophy,Granular corneal dystrophy type I,Phenotype associated with the H626P mutation and other changes in the TGFBI gene in Czech families.,2008,https://doi.org/10.1159/000115325,0.50,0.50,0.00,0.00,0.00,0.00,0.00,0.5,0.75,,,,,,TGFBI H626P and other mutations give overlapping corneal dystrophy phenotypes in Czech families,abstract only
84,26221553,Granular corneal dystrophy type I,Granular corneal dystrophy type II,Phenotypic Spectrum of Granular Corneal Dystrophy Type II in Two Italian Families Presenting an Unusual Granular Corneal Dystrophy Type I Clinical Appearance.,2015,https://europepmc.org/article/PMC/PMC4499619,0.40,0.30,0.00,0.00,0.00,0.30,0.00,0.75,0.9,,,,0.75,,GCD2 families with GCD1-like phenotype in daughters; same TGFBI gene,abstract only
85,11774072,Congenital glaucoma,Juvenile glaucoma,"Digenic inheritance of early-onset glaucoma: CYP1B1, a potential modifier gene.",2002,https://europepmc.org/article/PMC/PMC384919,0.30,0.70,0.00,0.00,0.00,0.00,0.00,0.5,0.5,,,,,,"Digenic inheritance of juvenile/early-onset glaucoma: MYOC, CYP1B1, PITX2 in congenital and juvenile cases",abstract only
86,20385945,Congenital glaucoma,Juvenile glaucoma,Incidence and clinical characteristics of childhood glaucoma: a population-based study.,2010,https://europepmc.org/article/PMC/PMC2885872,0.40,0.00,0.00,0.00,0.60,0.00,0.00,0.5,,,,0.5,,,Population incidence of childhood glaucoma subtypes in Olmsted County,abstract only
87,9627644,Congenital glaucoma,Juvenile glaucoma,Surgical results of combined trabeculotomy-trabeculectomy for developmental glaucoma.,1998,https://doi.org/10.1016/s0161-6420(98)96022-5,0.20,0.00,0.00,0.80,0.00,0.00,0.00,0.5,,,0.5,,,,Combined trabeculotomy-trabeculectomy outcomes across congenital and juvenile developmental glaucomas,abstract only
88,7993208,Congenital glaucoma,Juvenile glaucoma,Surgical results of trabeculotomy ab externo for developmental glaucoma.,1994,https://doi.org/10.1001/archopht.1994.01090240046024,0.20,0.00,0.00,0.80,0.00,0.00,0.00,0.5,,,0.5,,,,"Trabeculotomy outcomes by onset group: congenital, infantile, juvenile developmental glaucoma",abstract only
89,24039394,Congenital glaucoma,Juvenile glaucoma,Epidemiology and characteristics of childhood glaucoma: results from the Dallas Glaucoma Registry.,2013,https://europepmc.org/article/PMC/PMC3770714,0.40,0.00,0.00,0.00,0.60,0.00,0.00,0.5,,,,0.5,,,Dallas registry: epidemiology and characteristics of childhood glaucoma subtypes,abstract only
90,23218183,Congenital glaucoma,Juvenile glaucoma,Null CYP1B1 genotypes in primary congenital and nondominant juvenile glaucoma.,2013,https://doi.org/10.1016/j.ophtha.2012.09.016,0.30,0.70,0.00,0.00,0.00,0.00,0.00,0.5,0.75,,,,,,Null CYP1B1 genotypes cause primary congenital and nondominant juvenile glaucoma,abstract only
91,20971753,Semantic dementia,Progressive non-fluent aphasia,"Clinical, genetic and pathological heterogeneity of frontotemporal dementia: a review.",2011,https://doi.org/10.1136/jnnp.2010.212225,0.40,0.30,0.30,0.00,0.00,0.00,0.00,0.75,0.75,0.75,,,,,"Clinical, genetic and pathological heterogeneity of FTD: SD and PNFA within the FTLD spectrum",abstract only
92,21840888,Semantic dementia,Progressive non-fluent aphasia,The clinical diagnosis of early-onset dementias: diagnostic accuracy and clinicopathological relationships.,2011,https://doi.org/10.1093/brain/awr189,0.00,0.00,0.00,0.00,0.00,1.00,0.00,,,,,,0.5,,Early-onset dementia clinical diagnostic accuracy against post-mortem pathology (FTD subtypes),abstract only
93,17021754,Semantic dementia,Progressive non-fluent aphasia,Heterogeneity of ubiquitin pathology in frontotemporal lobar degeneration: classification and relation to clinical phenotype.,2006,https://europepmc.org/article/PMC/PMC2668618,0.40,0.00,0.60,0.00,0.00,0.00,0.00,0.5,,0.5,,,,,Ubiquitin pathology subtypes in FTLD-U relate to clinical syndromes incl. SD and PNFA,abstract only
94,28100023,Semantic dementia,Progressive non-fluent aphasia,"Frontotemporal lobar degeneration: Pathogenesis, pathology and pathways to phenotype.",2017,https://europepmc.org/article/PMC/PMC8029341,0.30,0.00,0.70,0.00,0.00,0.00,0.00,0.75,,0.75,,,,,"FTLD pathogenesis and pathways to phenotype across bvFTD, SD and PNFA",abstract only
95,22300873,Semantic dementia,Progressive non-fluent aphasia,Distinct clinical and pathological characteristics of frontotemporal dementia associated with C9ORF72 mutations.,2012,https://europepmc.org/article/PMC/PMC3286329,0.50,0.50,0.00,0.00,0.00,0.00,0.00,0.5,0.5,,,,,,"C9ORF72 expansion carriers across FTD, PNFA and SD show distinct clinical and pathological features",abstract only
96,23092697,Semantic dementia,Behavioral variant of frontotemporal dementia,Abnormal network connectivity in frontotemporal dementia: evidence for prefrontal isolation.,2013,https://doi.org/10.1016/j.cortex.2012.09.008,0.50,0.00,0.50,0.00,0.00,0.00,0.00,0.75,,0.75,,,,,Prefrontal network disconnection in both bvFTD and semantic dementia,abstract only
97,20598713,Semantic dementia,Behavioral variant of frontotemporal dementia,Semantic dementia associated with mutation V363I in the tau gene.,2010,https://doi.org/10.1016/j.jns.2010.06.007,0.50,0.50,0.00,0.00,0.00,0.00,0.00,0.5,0.5,,,,,,"Semantic dementia in a patient with MAPT V363I, a gene usually linked to other FTD presentations",abstract only
98,25526887,Semantic dementia,Behavioral variant of frontotemporal dementia,Cerebrospinal fluid proteomics and protein biomarkers in frontotemporal lobar degeneration: Current status and future perspectives.,2015,https://doi.org/10.1016/j.bbapap.2014.12.010,0.00,0.00,0.60,0.00,0.00,0.40,0.00,,,0.75,,,0.5,,"CSF proteomics and biomarkers across FTLD clinical variants (bvFTD, SD, PNFA)",abstract only
99,24377823,Semantic dementia,Behavioral variant of frontotemporal dementia,Current concepts in the classification and diagnosis of frontotemporal lobar degenerations: a practical approach.,2014,https://doi.org/10.5858/arpa.2012-0510-rs,0.40,0.30,0.00,0.00,0.00,0.30,0.00,0.75,0.75,,,,0.5,,"Classification and diagnosis of frontotemporal lobar degenerations: bvFTD, PNFA, semantic dementia as distinct syndromes of one spectrum",abstract only
100,23966929,Progressive non-fluent aphasia,Behavioral variant of frontotemporal dementia,Structural neuroimaging of social cognition in progressive non-fluent aphasia and behavioral variant of frontotemporal dementia.,2013,https://europepmc.org/article/PMC/PMC3744869,0.60,0.00,0.40,0.00,0.00,0.00,0.00,0.5,,0.5,,,,,Social cognition and structural neuroimaging in progressive non-fluent aphasia versus bvFTD,abstract only
101,11320164,Progressive non-fluent aphasia,Behavioral variant of frontotemporal dementia,"Verb comprehension in frontotemporal degeneration: the role of grammatical, semantic and executive components.",2001,https://doi.org/10.1093/neucas/7.2.173,1.00,0.00,0.00,0.00,0.00,0.00,0.00,0.5,,,,,,,Verb comprehension deficits across frontotemporal degeneration variants,abstract only
102,25526887,Progressive non-fluent aphasia,Behavioral variant of frontotemporal dementia,Cerebrospinal fluid proteomics and protein biomarkers in frontotemporal lobar degeneration: Current status and future perspectives.,2015,https://doi.org/10.1016/j.bbapap.2014.12.010,0.00,0.00,0.60,0.00,0.00,0.40,0.00,,,0.75,,,0.5,,"CSF proteomics and biomarkers across FTLD clinical variants (bvFTD, PNFA, SD)",abstract only
103,15079011,Epilepsy with auditory features,Familial temporal lobe epilepsy,LGI1 mutations in autosomal dominant partial epilepsy with auditory features.,2004,https://europepmc.org/article/PMC/PMC1361770,0.50,0.50,0.00,0.00,0.00,0.00,0.00,0.75,0.9,,,,,,"LGI1 mutations in ADPEAF, a familial temporal lobe epilepsy with auditory features",abstract only
104,12205652,Epilepsy with auditory features,Familial temporal lobe epilepsy,LGI1 is mutated in familial temporal lobe epilepsy characterized by aphasic seizures.,2002,https://doi.org/10.1002/ana.10280,0.50,0.50,0.00,0.00,0.00,0.00,0.00,0.75,0.9,,,,,,LGI1 missense mutation in familial temporal lobe epilepsy with aphasic seizures (auditory/aphasic ADLTE),abstract only
105,11906506,Epilepsy with auditory features,Familial temporal lobe epilepsy,Familial temporal lobe epilepsy with aphasic seizures and linkage to chromosome 10q22-q24.,2002,https://doi.org/10.1046/j.1528-1157.2002.32001.x,0.60,0.40,0.00,0.00,0.00,0.00,0.00,0.75,0.9,,,,,,Familial lateral temporal lobe epilepsy with aphasic seizures linked to 10q22-q24,abstract only
106,18097987,Congenital stromal corneal dystrophy,Posterior polymorphous corneal dystrophy,Congenital corneal opacities: a review with a focus on genetics.,2007,https://doi.org/10.1080/08820530701745157,0.40,0.60,0.00,0.00,0.00,0.00,0.00,0.75,0.5,,,,,,Congenital corneal opacities review with genetics: CHSD and posterior polymorphous dystrophy,abstract only
107,29086919,Charcot-Marie-Tooth disease type 1A,Roussy-Lévy syndrome,Overview of Charcot-Marie-Tooth Disease Type 1A.,1999,https://doi.org/10.1111/j.1749-6632.1999.tb08560.x,0.50,0.50,0.00,0.00,0.00,0.00,0.00,0.75,0.9,,,,,,CMT1A (PMP22 duplication) overview incl. Roussy-Levy presentation,abstract only
108,36167617,Trehalase deficiency,Congenital sucrase-isomaltase deficiency,Estimating the prevalence of congenital disaccharidase deficiencies using allele frequencies from gnomAD.,2022,https://doi.org/10.1016/j.arcped.2022.08.005,0.30,0.00,0.00,0.00,0.70,0.00,0.00,0.75,,,,0.5,,,"Prevalence of congenital disaccharidase deficiencies (lactase, sucrase-isomaltase, trehalase) from allele frequencies",abstract only
109,23321623,Hydrops fetalis,Noonan syndrome,Prenatal diagnostic testing of the Noonan syndrome genes in fetuses with abnormal ultrasound findings.,2013,https://europepmc.org/article/PMC/PMC3746261,0.00,0.00,0.00,0.00,0.00,0.00,1.00,,,,,,,0.5,"Prenatal Noonan syndrome gene testing in fetuses with abnormal ultrasound (e.g. hydrops, nuchal oedema)",abstract only
110,33053453,Leber hereditary optic neuropathy,Friedreich ataxia,Clinical Therapeutic Management of Human Mitochondrial Disorders.,2020,https://doi.org/10.1016/j.pediatrneurol.2020.07.004,0.00,0.00,0.30,0.70,0.00,0.00,0.00,,,0.75,0.5,,,,Therapeutic management of mitochondrial disorders incl. LHON and Friedreich ataxia,abstract only
111,18364388,Ankyloblepharon-ectodermal defects-cleft lip/palate syndrome,Rapp-Hodgkin syndrome,A novel translation re-initiation mechanism for the p63 gene revealed by amino-terminal truncating mutations in Rapp-Hodgkin/Hay-Wells-like syndromes.,2008,https://doi.org/10.1093/hmg/ddn094,0.00,0.50,0.50,0.00,0.00,0.00,0.00,,1.0,0.9,,,,,p63 amino-terminal truncating mutations in RHS/AEC-like patients reveal translation re-initiation,abstract only
112,31420900,Ankyloblepharon-ectodermal defects-cleft lip/palate syndrome,Rapp-Hodgkin syndrome,A novel mutation (c.1010G>T; p.R337L) in TP63 as a cause of split-hand/foot malformation with hypodontia.,2019,https://doi.org/10.1002/jgm.3122,0.30,0.70,0.00,0.00,0.00,0.00,0.00,0.6,1.0,,,,,,TP63 R337L in split-hand/foot with hypodontia; TP63 disorders incl. AEC and Rapp-Hodgkin,abstract only
113,19676059,Ankyloblepharon-ectodermal defects-cleft lip/palate syndrome,Rapp-Hodgkin syndrome,Craniofacial and anthropometric phenotype in ankyloblepharon-ectodermal defects-cleft lip/palate syndrome (Hay-Wells syndrome) in a cohort of 17 patients.,2009,https://doi.org/10.1002/ajmg.a.32791,0.50,0.50,0.00,0.00,0.00,0.00,0.00,0.9,1.0,,,,,,AEC and Rapp-Hodgkin syndromes are a clinical continuum caused by TP63; craniofacial phenotype of 17 AEC patients,abstract only
114,8305327,Ankyloblepharon-ectodermal defects-cleft lip/palate syndrome,Rapp-Hodgkin syndrome,Rapp-Hodgkin syndrome and AEC syndrome: are they the same entity?,1994,https://doi.org/10.1111/j.1365-2133.1994.tb06891.x,0.70,0.00,0.00,0.00,0.00,0.30,0.00,0.9,,,,,0.9,,"Rapp-Hodgkin and AEC syndrome: same entity? Same defects, AEC adds ankyloblepharon and scalp dermatitis",abstract only
115,16813606,BOR syndrome,Branchiootic syndrome,A novel nonsense mutation in the EYA1 gene associated with branchio-oto-renal/branchiootic syndrome in an Afrikaner kindred.,2006,https://doi.org/10.1111/j.1399-0004.2006.00642.x,0.50,0.50,0.00,0.00,0.00,0.00,0.00,0.75,1.0,,,,,,Novel EYA1 nonsense mutation in BOR/branchiootic syndrome; BO lacks renal anomalies,abstract only
116,23904306,BOR syndrome,Branchiootic syndrome,Coexisting first and bilateral second branchial fistulas in a child with nonfamilial branchio-otic syndrome.,2013,https://doi.org/10.1177/014556131309200709,0.60,0.00,0.00,0.00,0.00,0.40,0.00,0.75,,,,,0.75,,Branchio-otic syndrome with coexisting branchial fistulas; BOS differs from BOR by absent renal anomalies,abstract only
117,24135068,BOR syndrome,Branchiootic syndrome,Branchio-otic syndrome caused by a genomic rearrangement: clinical findings and molecular cytogenetic studies in a patient with a pericentric inversion of chromosome 8.,2014,https://doi.org/10.1159/000355436,0.40,0.60,0.00,0.00,0.00,0.00,0.00,0.75,1.0,,,,,,"Branchio-otic syndrome from genomic rearrangement of EYA1; BOR genes EYA1, SIX1, SIX5",abstract only
118,33880118,BOR syndrome,Branchiootic syndrome,Identification and Characterization of a Cryptic Genomic Deletion-Insertion in <i>EYA1</i> Associated with Branchio-Otic Syndrome.,2021,https://europepmc.org/article/PMC/PMC8046558,0.40,0.60,0.00,0.00,0.00,0.00,0.00,0.75,1.0,,,,,,Cryptic EYA1 deletion-insertion in BOS patient; BOR spectrum disorder with or without renal anomalies,abstract only
119,15462818,Babesiosis,Cysticercosis,Molecular vaccines against parasites.,1986,https://doi.org/10.1016/0169-4758(86)90203-6,0.00,0.00,0.00,1.00,0.00,0.00,0.00,,,,0.25,,,,Molecular vaccines against parasites incl. bovine babesiosis and cysticercosis in sheep and cattle,abstract only
120,20218876,Aspergillosis,Cryptococcosis,Invasive fungal infections among organ transplant recipients: results of the Transplant-Associated Infection Surveillance Network (TRANSNET).,2010,https://doi.org/10.1086/651262,0.00,0.00,0.00,0.00,1.00,0.00,0.00,,,,,0.5,,,Invasive fungal infections in organ transplant recipients: aspergillosis and cryptococcosis burden (TRANSNET),abstract only
121,24960557,Aspergillosis,Cryptococcosis,"Population-based analysis of invasive fungal infections, France, 2001-2010.",2014,https://europepmc.org/article/PMC/PMC4073874,0.00,0.00,0.00,0.00,1.00,0.00,0.00,,,,,0.5,,,Population-based analysis of invasive fungal infections in France incl. aspergillosis and cryptococcosis,abstract only
122,11873380,Aspergillosis,Cryptococcosis,The direct cost and incidence of systemic fungal infections.,2002,https://doi.org/10.1046/j.1524-4733.2002.51108.x,0.00,0.00,0.00,0.00,1.00,0.00,0.00,,,,,0.5,,,"Incidence and direct cost of systemic fungal infections (aspergillosis, cryptococcosis)",abstract only
123,27325145,Aspergillosis,Cryptococcosis,Calcineurin in fungal virulence and drug resistance: Prospects for harnessing targeted inhibition of calcineurin for an antifungal therapeutic approach.,2017,https://europepmc.org/article/PMC/PMC5354160,0.00,0.00,0.60,0.40,0.00,0.00,0.00,,,0.75,0.75,,,,"Calcineurin in fungal virulence and drug resistance in Aspergillus, Candida and Cryptococcus",abstract only
124,10933638,Aspergillosis,Cryptococcosis,"Flucytosine: a review of its pharmacology, clinical indications, pharmacokinetics, toxicity and drug interactions.",2000,https://doi.org/10.1093/jac/46.2.171,0.00,0.00,0.00,1.00,0.00,0.00,0.00,,,,0.5,,,,Flucytosine pharmacology and clinical use in cryptococcosis and aspergillosis combination therapy,abstract only
125,20218876,Aspergillosis,Zygomycosis,Invasive fungal infections among organ transplant recipients: results of the Transplant-Associated Infection Surveillance Network (TRANSNET).,2010,https://doi.org/10.1086/651262,0.00,0.00,0.00,0.00,1.00,0.00,0.00,,,,,0.5,,,Invasive fungal infections in transplant recipients: aspergillosis and zygomycosis burden (TRANSNET),abstract only
126,18611163,Aspergillosis,Zygomycosis,Delaying amphotericin B-based frontline therapy significantly increases mortality among patients with hematologic malignancy who have zygomycosis.,2008,https://doi.org/10.1086/590004,0.00,0.00,0.00,0.70,0.30,0.00,0.00,,,,0.5,0.25,,,Delaying amphotericin B-based therapy increases mortality in zygomycosis,abstract only
127,15776383,Aspergillosis,Zygomycosis,Zygomycosis in a tertiary-care cancer center in the era of Aspergillus-active antifungal therapy: a case-control observational study of 27 recent cases.,2005,https://doi.org/10.1086/428780,0.00,0.00,0.00,0.50,0.00,0.00,0.50,,,,0.25,,,0.5,Zygomycosis rise in the era of Aspergillus-active voriconazole therapy; compared with invasive aspergillosis,abstract only
128,28702763,Aspergillosis,Zygomycosis,Pharmacokinetics of antifungal drugs: practical implications for optimized treatment of patients.,2017,https://europepmc.org/article/PMC/PMC5696449,0.00,0.00,0.00,1.00,0.00,0.00,0.00,,,,0.5,,,,Pharmacokinetics of antifungals for aspergillosis and zygomycosis; amphotericin B active against both,abstract only
129,16568297,Aspergillosis,Zygomycosis,Zygomycosis: the re-emerging fungal infection.,2006,https://doi.org/10.1007/s10096-006-0107-1,0.00,0.00,0.00,0.00,0.60,0.00,0.40,,,,,0.5,,0.5,Zygomycosis as re-emerging infection in immunocompromised hosts alongside aspergillosis,abstract only
130,17223027,Allergic bronchopulmonary aspergillosis,Primary ciliary dyskinesia,Aetiology in adult patients with bronchiectasis.,2007,https://doi.org/10.1016/j.rmed.2006.11.008,0.00,0.00,0.00,0.00,0.00,0.00,1.00,,,,,,,0.5,Aetiology of adult bronchiectasis: ABPA and primary ciliary dyskinesia among causes,abstract only
131,40293759,Allergic bronchopulmonary aspergillosis,Primary ciliary dyskinesia,Non-Cystic Fibrosis Bronchiectasis in Adults: A Review.,2025,https://doi.org/10.1001/jama.2025.2680,0.00,0.00,0.00,0.00,0.00,0.00,1.00,,,,,,,0.5,Non-CF bronchiectasis in adults: causes include ABPA and primary ciliary dyskinesia,abstract only
132,25562561,Allergic bronchopulmonary aspergillosis,Primary ciliary dyskinesia,A 15-year old girl with asthma and lower lobe bronchiectasis.,2015,https://doi.org/10.2500/aap.2015.36.3784,0.00,0.00,0.00,0.00,0.00,1.00,0.00,,,,,,0.5,,Adolescent with asthma and bronchiectasis: differential diagnosis includes ABPA and primary ciliary dyskinesia,abstract only
133,37055090,Allergic bronchopulmonary aspergillosis,Idiopathic chronic eosinophilic pneumonia,Eosinophilic Lung Diseases.,2023,https://doi.org/10.1016/j.iac.2023.01.002,0.50,0.00,0.00,0.00,0.00,0.50,0.00,0.75,,,,,0.75,,Eosinophilic lung diseases: chronic eosinophilic pneumonia versus other eosinophilic disorders incl. ABPA,abstract only
134,19375515,Best vitelliform macular dystrophy,Autosomal dominant vitreoretinochoroidopathy,The spectrum of ocular phenotypes caused by mutations in the BEST1 gene.,2009,https://doi.org/10.1016/j.preteyeres.2009.04.002,0.50,0.50,0.00,0.00,0.00,0.00,0.00,0.75,1.0,,,,,,"Spectrum of ocular phenotypes caused by BEST1 mutations (Best disease, ADVIRC, ARB)",abstract only
135,32111077,Best vitelliform macular dystrophy,Autosomal dominant vitreoretinochoroidopathy,Mutation-Dependent Pathomechanisms Determine the Phenotype in the Bestrophinopathies.,2020,https://europepmc.org/article/PMC/PMC7084480,0.00,0.40,0.60,0.00,0.00,0.00,0.00,,1.0,0.75,,,,,"Mutation-dependent pathomechanisms determine phenotype across the bestrophinopathies (BD, ADVIRC, ARB)",abstract only
136,41991505,Best vitelliform macular dystrophy,Autosomal dominant vitreoretinochoroidopathy,Gain of function in BEST1: photoreceptor changes and myopia in autosomal dominant vitreoretinochoroidopathy.,2026,https://doi.org/10.1080/13816810.2026.2635605,0.40,0.00,0.60,0.00,0.00,0.00,0.00,0.25,,0.25,,,,,ADVIRC is a BEST1 gain-of-function disease unlike loss-of-function/dominant-negative Best disease; photoreceptor changes compared,abstract only
137,18179881,Best vitelliform macular dystrophy,Autosomal dominant vitreoretinochoroidopathy,Biallelic mutation of BEST1 causes a distinct retinopathy in humans.,2008,https://europepmc.org/article/PMC/PMC2253971,0.50,0.50,0.00,0.00,0.00,0.00,0.00,0.5,1.0,,,,,,"Biallelic BEST1 mutation causes autosomal-recessive bestrophinopathy, distinct from dominant Best disease and ADVIRC",abstract only
138,28153808,Best vitelliform macular dystrophy,Autosomal dominant vitreoretinochoroidopathy,Bestrophin 1 and retinal disease.,2017,https://europepmc.org/article/PMC/PMC5600499,0.50,0.50,0.00,0.00,0.00,0.00,0.00,0.5,1.0,,,,,,BEST1 causes five clinically distinct retinal diseases (bestrophinopathies) incl. Best disease and ADVIRC,abstract only
139,12737736,Brucellosis,Typhoid,Estimating the incidence of typhoid fever and other febrile illnesses in developing countries.,2003,https://europepmc.org/article/PMC/PMC2972755,0.00,0.00,0.00,0.00,0.60,0.40,0.00,,,,,0.5,0.75,,Typhoid incidence among febrile illnesses in Egypt incl. brucellosis,abstract only
140,25955522,Brucellosis,Typhoid,"Prevalence of bacterial febrile illnesses in children in Kilosa district, Tanzania.",2015,https://europepmc.org/article/PMC/PMC4425467,0.00,0.00,0.00,0.00,0.60,0.40,0.00,,,,,0.5,0.75,,Prevalence of bacterial febrile illnesses in Tanzanian children incl. brucellosis and typhoid,abstract only
141,17442354,Brucellosis,Typhoid,Brucellosis as a cause of acute febrile illness in Egypt.,2007,https://doi.org/10.1016/j.trstmh.2007.02.027,0.00,0.00,0.00,0.00,0.40,0.60,0.00,,,,,0.5,0.75,,Brucellosis as a cause of acute febrile illness in Egypt alongside typhoid,abstract only
142,19631908,Brugada syndrome,Congenital short QT syndrome,"Mechanisms and clinical management of inherited channelopathies: long QT syndrome, Brugada syndrome, catecholaminergic polymorphic ventricular tachycardia, and short QT syndrome.",2009,https://doi.org/10.1016/j.hrthm.2009.02.009,0.00,0.00,0.50,0.50,0.00,0.00,0.00,,,0.5,0.5,,,,"Mechanisms and management of inherited channelopathies (LQTS, Brugada, CPVT, short QT)",abstract only
143,22825893,Brugada syndrome,Congenital short QT syndrome,"""Benign"" early repolarization versus malignant early abnormalities: clinical-electrocardiographic distinction and genetic basis.",2012,https://doi.org/10.5603/cj.2012.0063,0.00,0.00,0.00,0.00,0.00,1.00,0.00,,,,,,0.5,,"Benign early repolarization versus malignant early abnormalities (Brugada, short QT) on ECG",abstract only
144,26445202,Brugada syndrome,Congenital short QT syndrome,Implantable defibrillators versus medical therapy for cardiac channelopathies.,2015,https://europepmc.org/article/PMC/PMC6599851,0.00,0.00,0.00,1.00,0.00,0.00,0.00,,,,0.5,,,,ICD versus medical therapy for cardiac channelopathies incl. Brugada and short QT,abstract only
145,37041148,Craniofacial microsomia,Goldenhar syndrome,FOXI3 pathogenic variants cause one form of craniofacial microsomia.,2023,https://europepmc.org/article/PMC/PMC10090152,0.50,0.50,0.00,0.00,0.00,0.00,0.00,0.9,0.9,,,,,,"FOXI3 pathogenic variants cause one form of craniofacial microsomia, also known as Goldenhar syndrome",abstract only
146,34626670,Craniofacial microsomia,Goldenhar syndrome,Epidemiology of Rare Craniofacial Anomalies: Retrospective Western Australian Population Data Linkage Study.,2022,https://doi.org/10.1016/j.jpeds.2021.09.060,0.20,0.00,0.00,0.00,0.80,0.00,0.00,0.9,,,,0.75,,,Birth prevalence of rare craniofacial anomalies incl. craniofacial microsomia and Goldenhar in Western Australia,abstract only
147,41955302,Craniofacial microsomia,Goldenhar syndrome,Genetic variation near ROBO1 is associated with craniofacial microsomia and related phenotypes in the Finnish population.,2026,https://europepmc.org/article/PMC/PMC13064855,0.50,0.50,0.00,0.00,0.00,0.00,0.00,0.9,0.9,,,,,,ROBO1 variation associated with craniofacial microsomia continuum incl. Goldenhar syndrome,abstract only
148,19906718,Parathyroid carcinoma,Hyperparathyroidism-jaw tumor syndrome,"The tumor suppressor, parafibromin, mediates histone H3 K9 methylation for cyclin D1 repression.",2010,https://europepmc.org/article/PMC/PMC2811029,0.00,0.40,0.60,0.00,0.00,0.00,0.00,,0.75,0.75,,,,,Parafibromin tumour suppressor linked to both HPT-JT and sporadic parathyroid carcinoma,abstract only
149,25444225,Parathyroid carcinoma,Hyperparathyroidism-jaw tumor syndrome,Hyperparathyroidism-jaw tumor syndrome: Results of operative management.,2014,https://europepmc.org/article/PMC/PMC4255585,0.00,0.00,0.00,0.50,0.00,0.00,0.50,,,,0.5,,,0.6,HPT-JT operative management; risk of parathyroid carcinoma in HRPT2/CDC73 carriers,abstract only
150,19017757,Parathyroid carcinoma,Hyperparathyroidism-jaw tumor syndrome,Accuracy of combined protein gene product 9.5 and parafibromin markers for immunohistochemical diagnosis of parathyroid carcinoma.,2009,https://doi.org/10.1210/jc.2008-1740,0.00,0.40,0.00,0.00,0.00,0.60,0.00,,0.6,,,,0.5,,Parafibromin and PGP9.5 IHC for diagnosis of parathyroid carcinoma; HRPT2 mutation link,abstract only
151,27538463,Carbamoyl-phosphate synthetase 1 deficiency,Citrullinemia type I,Clinical course of 63 patients with neonatal onset urea cycle disorders in the years 2001-2013.,2016,https://europepmc.org/article/PMC/PMC4991093,0.00,0.00,0.00,0.40,0.60,0.00,0.00,,,,0.75,0.75,,,Clinical course of 63 neonatal-onset urea cycle disorder patients incl. CPS1 deficiency and citrullinemia,abstract only
152,27538463,Carbamoyl-phosphate synthetase 1 deficiency,Ornithine transcarbamylase deficiency,Clinical course of 63 patients with neonatal onset urea cycle disorders in the years 2001-2013.,2016,https://europepmc.org/article/PMC/PMC4991093,0.00,0.00,0.00,0.40,0.60,0.00,0.00,,,,0.75,0.75,,,Clinical course of 63 neonatal-onset urea cycle disorder patients incl. CPS1 and OTC deficiency,abstract only
153,34014557,Carbamoyl-phosphate synthetase 1 deficiency,Ornithine transcarbamylase deficiency,Adult-onset diagnosis of urea cycle disorders: Results of a French cohort of 71 patients.,2021,https://doi.org/10.1002/jimd.12403,0.50,0.00,0.00,0.00,0.50,0.00,0.00,0.75,,,,0.75,,,"Adult-onset diagnosis of urea cycle disorders in a French cohort (mainly OTC, also CPS1)",abstract only
154,233166,Whooping cough,Diphtheria,Pertussis toxin: the cause of the harmful effects and prolonged immunity of whooping cough. A hypothesis.,1979,https://doi.org/10.1093/clinids/1.3.401,0.00,0.00,1.00,0.00,0.00,0.00,0.00,,,0.5,,,,,"Pertussis toxin hypothesis for harmful effects and prolonged immunity of whooping cough, like bacterial exotoxins such as diphtheria toxin",abstract only
155,17015823,Whooping cough,Diphtheria,The structure of human ADP-ribosylhydrolase 3 (ARH3) provides insights into the reversibility of protein ADP-ribosylation.,2006,https://europepmc.org/article/PMC/PMC1622773,0.00,0.00,1.00,0.00,0.00,0.00,0.00,,,0.75,,,,,ARH3 structure and reversibility of ADP-ribosylation by bacterial toxins causing whooping cough and diphtheria,abstract only
156,35992160,Whooping cough,Diphtheria,Requirement of Peptidyl-Prolyl Cis/Trans isomerases and chaperones for cellular uptake of bacterial AB-type toxins.,2022,https://europepmc.org/article/PMC/PMC9387773,0.00,0.00,1.00,0.00,0.00,0.00,0.00,,,0.75,,,,,"Cellular uptake of bacterial AB-type toxins causing cholera, whooping cough and diphtheria",abstract only
157,2280438,Whooping cough,Poliomyelitis,A 10-year review of morbidity from childhood preventable diseases in Nigeria: how successful is the expanded programme on immunization (EPI)? An update.,1990,https://doi.org/10.1093/tropej/36.6.306,0.00,0.00,0.00,0.00,1.00,0.00,0.00,,,,,0.5,,,10-year Nigerian review of morbidity from EPI-preventable diseases incl. whooping cough and poliomyelitis,abstract only
158,9129865,Cysticercosis,Cystic echinococcosis,Anthelmintics. A comparative review of their clinical pharmacology.,1997,https://doi.org/10.2165/00003495-199753050-00004,0.00,0.00,0.00,1.00,0.00,0.00,0.00,,,,0.9,,,,"Comparative pharmacology of albendazole, praziquantel etc. for cysticercosis and echinococcosis",abstract only
159,17274847,Cysticercosis,Cystic echinococcosis,"Cestode vaccines: origins, current status and future prospects.",2006,https://doi.org/10.1017/s003118200600179x,0.00,0.00,0.00,1.00,0.00,0.00,0.00,,,,0.75,,,,Cestode vaccines against Taenia solium (cysticercosis) and Echinococcus granulosus,abstract only
160,22325359,Achondroplasia,Apert syndrome,Paternal age effect mutations and selfish spermatogonial selection: causes and consequences for human disease.,2012,https://europepmc.org/article/PMC/PMC3276674,0.00,0.40,0.60,0.00,0.00,0.00,0.00,,0.5,0.9,,,,,"Paternal-age-effect disorders (achondroplasia FGFR3, Apert FGFR2) and selfish spermatogonial selection",abstract only
161,23639989,Achondroplasia,Apert syndrome,"""Selfish spermatogonial selection"": a novel mechanism for the association between advanced paternal age and neurodevelopmental disorders.",2013,https://europepmc.org/article/PMC/PMC4001324,0.00,0.00,1.00,0.00,0.00,0.00,0.00,,,0.9,,,,,Selfish spermatogonial selection links advanced paternal age to de novo PAE disorders such as achondroplasia and Apert,abstract only
162,24357637,Achondroplasia,Apert syndrome,Cellular evidence for selfish spermatogonial selection in aged human testes.,2014,https://doi.org/10.1111/j.2047-2927.2013.00175.x,0.00,0.00,1.00,0.00,0.00,0.00,0.00,,,0.9,,,,,Cellular evidence for selfish spermatogonial selection in aged testes: PAE disorders achondroplasia and Apert syndrome,abstract only
163,28726805,Hypotonia-cystinuria syndrome,2p21 microdeletion syndrome,PREPL deficiency: delineation of the phenotype and development of a functional blood assay.,2018,https://doi.org/10.1038/gim.2017.74,0.40,0.60,0.00,0.00,0.00,0.00,0.00,0.75,0.75,,,,,,"PREPL deficiency phenotype; contiguous gene deletions involving PREPL, SLC3A1, CAMKMT, PPM1B",abstract only
164,21686663,Hypotonia-cystinuria syndrome,2p21 microdeletion syndrome,"Deletion of C2orf34, PREPL and SLC3A1 causes atypical hypotonia-cystinuria syndrome.",2009,https://europepmc.org/article/PMC/PMC3027732,0.30,0.70,0.00,0.00,0.00,0.00,0.00,0.75,0.75,,,,,,Atypical hypotonia-cystinuria syndrome from C2orf34/PREPL/SLC3A1 deletion; HCS and 2p21 deletion syndromes compared,abstract only
165,16913837,Hypotonia-cystinuria syndrome,2p21 microdeletion syndrome,PREPL: a putative novel oligopeptidase propelled into the limelight.,2006,https://doi.org/10.1515/bc.2006.111,0.00,0.40,0.60,0.00,0.00,0.00,0.00,,0.75,0.75,,,,,PREPL gene lies within the 2p21 deletion and hypotonia-cystinuria syndromes,abstract only
166,23794250,Hypotonia-cystinuria syndrome,2p21 microdeletion syndrome,Further delineation of genotype-phenotype correlation in homozygous 2p21 deletion syndromes: first description of patients without cystinuria.,2013,https://doi.org/10.1002/ajmg.a.35994,0.50,0.50,0.00,0.00,0.00,0.00,0.00,0.5,0.75,,,,,,"Genotype-phenotype correlation in homozygous 2p21 deletion syndromes: overlapping deletions, distinct phenotypes",abstract only
167,18781961,Hypotonia-cystinuria syndrome,2p21 microdeletion syndrome,Multi-system disorder syndromes associated with cystinuria type I.,2008,https://doi.org/10.2174/156652408785747997,0.50,0.50,0.00,0.00,0.00,0.00,0.00,0.5,0.75,,,,,,"Multi-system syndromes with cystinuria type I: 2p21 deletion, HCS and atypical HCS differ in genes lost",abstract only
168,28726805,2p21 microdeletion syndrome,Atypical hypotonia-cystinuria syndrome,PREPL deficiency: delineation of the phenotype and development of a functional blood assay.,2018,https://doi.org/10.1038/gim.2017.74,0.40,0.60,0.00,0.00,0.00,0.00,0.00,0.75,0.75,,,,,,"PREPL deficiency phenotype and contiguous deletion syndromes (HCS, atypical HCS, 2p21 deletion)",abstract only
169,23794250,2p21 microdeletion syndrome,Atypical hypotonia-cystinuria syndrome,Further delineation of genotype-phenotype correlation in homozygous 2p21 deletion syndromes: first description of patients without cystinuria.,2013,https://doi.org/10.1002/ajmg.a.35994,0.50,0.50,0.00,0.00,0.00,0.00,0.00,0.5,0.75,,,,,,Genotype-phenotype correlation in homozygous 2p21 deletion syndromes,abstract only
170,18781961,2p21 microdeletion syndrome,Atypical hypotonia-cystinuria syndrome,Multi-system disorder syndromes associated with cystinuria type I.,2008,https://doi.org/10.2174/156652408785747997,0.50,0.50,0.00,0.00,0.00,0.00,0.00,0.5,0.75,,,,,,Multi-system syndromes with cystinuria type I: 2p21 deletion versus atypical HCS,abstract only
171,21686663,2p21 microdeletion syndrome,Atypical hypotonia-cystinuria syndrome,"Deletion of C2orf34, PREPL and SLC3A1 causes atypical hypotonia-cystinuria syndrome.",2009,https://europepmc.org/article/PMC/PMC3027732,0.40,0.60,0.00,0.00,0.00,0.00,0.00,0.75,0.75,,,,,,"C2orf34, PREPL and SLC3A1 deletion causes atypical HCS; 2p21 syndrome loses PPM1B too",abstract only
172,20438411,Alveolar soft tissue sarcoma,MiT family translocation renal cell carcinoma,Xp11 translocation renal cell carcinoma.,2010,https://doi.org/10.3109/00313021003767348,0.00,0.60,0.40,0.00,0.00,0.00,0.00,,1.0,0.9,,,,,"Xp11 translocation RCC involves TFE3 fused to ASPL, the same gene fusion partner as alveolar soft part sarcoma",abstract only
173,38386415,Alveolar soft tissue sarcoma,MiT family translocation renal cell carcinoma,Comparative genomics incorporating translocation renal cell carcinoma mouse model reveals molecular mechanisms of tumorigenesis.,2024,https://europepmc.org/article/PMC/PMC10977987,0.00,0.30,0.70,0.00,0.00,0.00,0.00,,1.0,0.9,,,,,ASPSCR1-TFE3 driven mouse model gives both translocation RCC and alveolar soft part sarcoma,abstract only
174,35848761,Alveolar soft tissue sarcoma,MiT family translocation renal cell carcinoma,PEComa-like Neoplasms Characterized by ASPSCR1-TFE3 Fusion: Another Face of TFE3-related Mesenchymal Neoplasia.,2022,https://europepmc.org/article/PMC/PMC9298479,0.00,0.60,0.00,0.00,0.00,0.40,0.00,,1.0,,,,0.5,,ASPSCR1-TFE3 fusion in PEComa-like neoplasms; TFE3 fusions in renal cell carcinoma and alveolar soft part sarcoma,abstract only
175,30269476,Alveolar soft tissue sarcoma,MiT family translocation renal cell carcinoma,TFE3-Expressing Perivascular Epithelioid Cell Tumor of the Breast.,2019,https://europepmc.org/article/PMC/PMC6344798,0.00,0.60,0.00,0.00,0.00,0.40,0.00,,0.9,,,,0.5,,TFE3 translocations occur in MiT translocation RCC and alveolar soft part sarcoma; TFE3 PEComa differential,abstract only
176,24797726,Alveolar soft tissue sarcoma,Synovial sarcoma,"A phase 2 trial of R1507, a monoclonal antibody to the insulin-like growth factor-1 receptor (IGF-1R), in patients with recurrent or refractory rhabdomyosarcoma, osteosarcoma, synovial sarcoma, and other soft tissue sarcomas: results of a Sarcoma Alliance for Research Through Collaboration study.",2014,https://europepmc.org/article/PMC/PMC7009782,0.00,0.00,0.00,1.00,0.00,0.00,0.00,,,,0.25,,,,IGF-1R antibody R1507 phase 2 across recurrent sarcoma subtypes incl. ASPS and synovial sarcoma,abstract only
177,22749255,Alveolar soft tissue sarcoma,Synovial sarcoma,A retrospective analysis of antitumour activity with trabectedin in translocation-related sarcomas.,2012,https://doi.org/10.1016/j.ejca.2012.05.012,0.00,0.00,0.50,0.50,0.00,0.00,0.00,,,0.75,0.5,,,,Trabectedin activity in translocation-related sarcomas incl. alveolar soft part and synovial sarcoma,abstract only
178,22388761,Alveolar soft tissue sarcoma,Synovial sarcoma,NY-ESO-1 expression in synovial sarcoma and other mesenchymal tumors: significance for NY-ESO-1-based targeted therapy and differential diagnosis.,2012,https://europepmc.org/article/PMC/PMC6309776,0.00,0.00,0.40,0.60,0.00,0.00,0.00,,,0.25,0.25,,,,"NY-ESO-1 expression high in synovial sarcoma, variable in other mesenchymal tumours",abstract only
179,29693796,Alveolar soft tissue sarcoma,Synovial sarcoma,"A phase 1 study of cabozantinib in children and adolescents with recurrent or refractory solid tumors, including CNS tumors: Trial ADVL1211, a report from the Children's Oncology Group.",2018,https://europepmc.org/article/PMC/PMC6082380,0.00,0.00,0.00,1.00,0.00,0.00,0.00,,,,0.5,,,,Cabozantinib phase 1 in paediatric refractory solid tumours incl. ASPS and synovial sarcoma,abstract only
180,24752867,Alveolar soft tissue sarcoma,Synovial sarcoma,Dual inhibition of the vascular endothelial growth factor pathway: a phase 1 trial evaluating bevacizumab and AZD2171 (cediranib) in patients with advanced solid tumors.,2014,https://doi.org/10.1002/cncr.28701,0.00,0.00,0.00,1.00,0.00,0.00,0.00,,,,0.5,,,,Bevacizumab plus cediranib VEGF pathway dual inhibition phase 1 incl. ASPS and synovial sarcoma,abstract only
181,26918731,Alveolar soft tissue sarcoma,Leiomyosarcoma,"Preclinical activity of selinexor, an inhibitor of XPO1, in sarcoma.",2016,https://europepmc.org/article/PMC/PMC4941336,0.00,0.00,0.00,1.00,0.00,0.00,0.00,,,,0.5,,,,Selinexor preclinical activity across sarcoma subtypes incl. alveolar soft part sarcoma and leiomyosarcoma,abstract only
182,32664595,Alveolar soft tissue sarcoma,Leiomyosarcoma,A Retrospective Analysis of the Efficacy of Immunotherapy in Metastatic Soft-Tissue Sarcomas.,2020,https://europepmc.org/article/PMC/PMC7408640,0.00,0.00,0.00,1.00,0.00,0.00,0.00,,,,0.5,,,,Checkpoint inhibitor efficacy in metastatic soft-tissue sarcoma subtypes incl. ASPS and leiomyosarcoma,abstract only
183,30036598,Acrodermatitis continua of Hallopeau,Generalized pustular psoriasis,Clinical and genetic differences between pustular psoriasis subtypes.,2019,https://europepmc.org/article/PMC/PMC6403101,0.40,0.60,0.00,0.00,0.00,0.00,0.00,0.5,0.25,,,,,,"Clinical and genetic differences between pustular psoriasis subtypes (GPP, PPP, ACH)",abstract only
184,31971600,Acrodermatitis continua of Hallopeau,Generalized pustular psoriasis,Pustular Psoriasis: The Dawn of a New Era.,2020,https://europepmc.org/article/PMC/PMC9128889,0.40,0.30,0.00,0.30,0.00,0.00,0.00,0.5,0.5,,0.5,,,,"Pustular psoriasis subtypes (GPP, palmoplantar, ACH) are phenotypically and genetically distinct, with new therapies",abstract only
185,27220475,Acrodermatitis continua of Hallopeau,Generalized pustular psoriasis,IL36RN Mutations Affect Protein Expression and Function: A Basis for Genotype-Phenotype Correlation in Pustular Diseases.,2016,https://doi.org/10.1016/j.jid.2016.04.038,0.40,0.60,0.00,0.00,0.00,0.00,0.00,0.75,0.9,,,,,,"IL36RN mutations underlie GPP, palmoplantar pustular psoriasis and ACH; genotype-phenotype correlation",abstract only
186,27011217,Dent disease,Oculocerebrorenal syndrome of Lowe,The oculocerebrorenal syndrome of Lowe: an update.,2016,https://europepmc.org/article/PMC/PMC5118406,0.50,0.50,0.00,0.00,0.00,0.00,0.00,0.75,1.0,,,,,,"Lowe syndrome update: OCRL X-linked disorder with renal tubular dysfunction, related to Dent disease",abstract only
187,22378746,Dent disease,Oculocerebrorenal syndrome of Lowe,"Suppression of intestinal calcium entry channel TRPV6 by OCRL, a lipid phosphatase associated with Lowe syndrome and Dent disease.",2012,https://europepmc.org/article/PMC/PMC3361998,0.00,0.30,0.70,0.00,0.00,0.00,0.00,,1.0,0.75,,,,,OCRL suppresses intestinal TRPV6; OCRL mutations cause Lowe syndrome and Dent disease with hypercalciuria,abstract only
188,34586410,Dent disease,Oculocerebrorenal syndrome of Lowe,Identification of novel OCRL isoforms associated with phenotypic differences between Dent disease-2 and Lowe syndrome.,2022,https://doi.org/10.1093/ndt/gfab274,0.20,0.40,0.40,0.00,0.00,0.00,0.00,0.5,1.0,0.5,,,,,Novel OCRL isoforms explain milder Dent disease-2 versus Lowe syndrome (exons 1-7 vs 8-24 truncations),abstract only
189,20133602,Dent disease,Oculocerebrorenal syndrome of Lowe,Two closely related endocytic proteins that share a common OCRL-binding motif with APPL1.,2010,https://europepmc.org/article/PMC/PMC2840420,0.00,0.40,0.60,0.00,0.00,0.00,0.00,,1.0,0.75,,,,,Endocytic proteins sharing an OCRL-binding motif with APPL1; Lowe and Dent disease share tubular defects,abstract only
190,27895154,Dent disease,Oculocerebrorenal syndrome of Lowe,Kidney Tubular Ablation of <i>Ocrl</i>/<i>Inpp5b</i> Phenocopies Lowe Syndrome Tubulopathy.,2017,https://europepmc.org/article/PMC/PMC5407733,0.40,0.00,0.60,0.00,0.00,0.00,0.00,0.75,,0.75,,,,,Kidney tubular Ocrl/Inpp5b ablation phenocopies Lowe/Dent proximal tubulopathy,abstract only
191,17655376,Dermatitis herpetiformis,Leprosy,"Pharmacokinetics of dapsone gel, 5% for the treatment of acne vulgaris.",2007,https://doi.org/10.2165/00003088-200746080-00006,0.00,0.00,0.00,1.00,0.00,0.00,0.00,,,,0.75,,,,Dapsone used for dermatitis herpetiformis and Hansen's disease (leprosy); gel pharmacokinetics,abstract only
192,22592158,Porokeratotic eccrine ostial and dermal duct nevus,KID syndrome,Porokeratotic eccrine nevus may be caused by somatic connexin26 mutations.,2012,https://europepmc.org/article/PMC/PMC3422696,0.30,0.70,0.00,0.00,0.00,0.00,0.00,0.75,0.9,,,,,,"Porokeratotic eccrine nevus may be caused by somatic connexin26 mutations, the gene mutated in KID syndrome",abstract only
193,18000199,Diphtheria,Poliomyelitis,Historical comparisons of morbidity and mortality for vaccine-preventable diseases in the United States.,2007,https://doi.org/10.1001/jama.298.18.2155,0.00,0.00,0.00,0.50,0.50,0.00,0.00,,,,0.75,0.5,,,Historical morbidity/mortality comparisons for vaccine-preventable diseases incl. diphtheria and poliomyelitis,abstract only
194,17062665,Malignant peritoneal mesothelioma,Primary peritoneal carcinoma,Gene expression signatures differentiate ovarian/peritoneal serous carcinoma from diffuse malignant peritoneal mesothelioma.,2006,https://doi.org/10.1158/1078-0432.ccr-06-1059,0.00,0.00,0.60,0.00,0.00,0.40,0.00,,,0.25,,,0.25,,Gene expression differentiates ovarian/primary peritoneal serous carcinoma from diffuse peritoneal mesothelioma,abstract only
195,17044194,Malignant peritoneal mesothelioma,Primary peritoneal carcinoma,The biological differences between ovarian serous carcinoma and diffuse peritoneal malignant mesothelioma.,2006,https://doi.org/10.1053/j.semdp.2006.06.003,0.00,0.00,0.60,0.00,0.00,0.40,0.00,,,0.25,,,0.25,,Biological differences between ovarian serous carcinoma and diffuse peritoneal malignant mesothelioma,abstract only
196,17647260,Malignant peritoneal mesothelioma,Primary peritoneal carcinoma,Low-molecular weight forms of cyclin E differentiate ovarian carcinoma from cells of mesothelial origin and are associated with poor survival in ovarian carcinoma.,2007,https://doi.org/10.1002/cncr.22918,0.00,0.00,0.30,0.00,0.00,0.70,0.00,,,0.25,,,0.25,,Low-molecular-weight cyclin E differentiates ovarian carcinoma from mesothelial cells in effusions,abstract only
197,22808303,Malignant peritoneal mesothelioma,Primary peritoneal carcinoma,Malignant peritoneal mesothelioma presented as peritoneal adenocarcinoma or primary ovarian cancer: case series and review of the clinical and immunohistochemical features.,2012,https://europepmc.org/article/PMC/PMC3396062,0.20,0.00,0.00,0.00,0.00,0.80,0.00,0.5,,,,,0.75,,Peritoneal mesothelioma presenting as peritoneal carcinoma or ovarian cancer: differential diagnosis,abstract only
198,32860923,Blue cone monochromatism,Progressive cone dystrophy,"The X-linked retinopathies: Physiological insights, pathogenic mechanisms, phenotypic features and novel therapies.",2021,https://doi.org/10.1016/j.preteyeres.2020.100898,0.50,0.50,0.00,0.00,0.00,0.00,0.00,0.5,0.75,,,,,,X-linked retinopathies review incl. blue cone monochromacy and progressive cone dystrophy,abstract only
199,34547123,Blue cone monochromatism,Progressive cone dystrophy,Disease mechanisms of X-linked cone dystrophy caused by missense mutations in the red and green cone opsins.,2021,https://europepmc.org/article/PMC/PMC8462070,0.00,0.40,0.60,0.00,0.00,0.00,0.00,,0.9,0.75,,,,,X-linked cone dystrophy mechanisms from red/green opsin missense mutations also found in blue cone monochromacy,abstract only
200,28516000,Blue cone monochromatism,Progressive cone dystrophy,"Role of a Dual Splicing and Amino Acid Code in Myopia, Cone Dysfunction and Cone Dystrophy Associated with <i>L</i>/<i>M</i> Opsin Interchange Mutations.",2017,https://europepmc.org/article/PMC/PMC5433808,0.00,0.60,0.40,0.00,0.00,0.00,0.00,,0.9,0.75,,,,,"L/M opsin interchange mutants associated with BCM, cone degeneration, myopia; dual splicing/amino acid code",abstract only
201,28358949,Blue cone monochromatism,Progressive cone dystrophy,Myopia and Late-Onset Progressive Cone Dystrophy Associate to LVAVA/MVAVA Exon 3 Interchange Haplotypes of Opsin Genes on Chromosome X.,2017,https://doi.org/10.1167/iovs.16-21405,0.40,0.60,0.00,0.00,0.00,0.00,0.00,0.75,0.9,,,,,,LVAVA/MVAVA exon 3 interchange haplotypes: severity from myopia to BCM; late-onset progressive cone dystrophy,abstract only
202,18461368,Woolly hair,Hypotrichosis simplex,Novel mutations in G protein-coupled receptor gene (P2RY5) in families with autosomal recessive hypotrichosis (LAH3).,2008,https://doi.org/10.1007/s00439-008-0507-7,0.50,0.50,0.00,0.00,0.00,0.00,0.00,0.75,0.75,,,,,,P2RY5 mutations in autosomal recessive hypotrichosis simplex with woolly hair,abstract only
203,31790498,Woolly hair,Hypotrichosis simplex,Autosomal-dominant hypotrichosis with woolly hair: Novel gene locus on chromosome 4q35.1-q35.2.,2019,https://europepmc.org/article/PMC/PMC6886801,0.40,0.60,0.00,0.00,0.00,0.00,0.00,0.75,0.5,,,,,,Novel locus for AD hypotrichosis simplex with woolly hair; HS with/without woolly hair is one disorder group,abstract only
204,19766349,Woolly hair,Hypotrichosis simplex,Mutations in lipase H cause autosomal recessive hypotrichosis simplex with woolly hair.,2009,https://doi.org/10.1016/j.jaad.2009.04.020,0.50,0.50,0.00,0.00,0.00,0.00,0.00,0.75,0.75,,,,,,LIPH mutations cause AR hypotrichosis simplex with woolly hair,abstract only
205,19529952,Woolly hair,Hypotrichosis simplex,Novel mutations in the P2RY5 gene in one Turkish and two Indian patients presenting with hypotrichosis and woolly hair.,2009,https://doi.org/10.1007/s00403-009-0971-5,0.50,0.50,0.00,0.00,0.00,0.00,0.00,0.75,0.75,,,,,,P2RY5 mutations in hypotrichosis simplex with woolly hair in Turkish and Indian patients,abstract only
206,2225526,Familial caudal dysgenesis,Sirenomelia,Familial caudal dysgenesis: evidence for a major dominant gene.,1990,https://doi.org/10.1111/j.1399-0004.1990.tb03567.x,0.60,0.40,0.00,0.00,0.00,0.00,0.00,0.9,0.75,,,,,,Familial caudal dysgenesis sibs with varying degrees up to sirenomelia; evidence of a dominant gene,abstract only
207,23588325,Dyskeratosis congenita,Angiosarcoma,Liver failure due to hepatic angiosarcoma in an adolescent with dyskeratosis congenita.,2014,https://europepmc.org/article/PMC/PMC3714320,0.00,0.00,0.00,0.00,0.00,0.00,1.00,,,,,,,0.75,Fatal hepatic angiosarcoma in an adolescent with dyskeratosis congenita,abstract only
208,37246821,Dyskeratosis congenita,Angiosarcoma,Spectrum of Liver Pathology in Dyskeratosis Congenita.,2023,https://europepmc.org/article/PMC/PMC10524011,0.00,0.00,0.00,0.00,0.00,0.00,1.00,,,,,,,0.5,Liver pathology spectrum in dyskeratosis congenita incl. angiosarcoma,abstract only
209,26568000,Dyskeratosis congenita,Angiosarcoma,Hepatic Angiosarcoma with Dyskeratosis Congenita.,2015,https://doi.org/10.2169/internalmedicine.54.5206,0.00,0.00,0.00,0.00,0.00,0.00,1.00,,,,,,,0.75,Second reported case of hepatic angiosarcoma arising in dyskeratosis congenita,abstract only
210,28254828,Dyskeratosis congenita,Hoyeraal-Hreidarsson syndrome,Telomere-driven diseases and telomere-targeting therapies.,2017,https://europepmc.org/article/PMC/PMC5379954,0.00,0.00,0.60,0.40,0.00,0.00,0.00,,,0.9,0.75,,,,"Telomere-driven diseases incl. DC and HH, and telomere-targeting therapies",abstract only
211,31478401,Dyskeratosis congenita,Hoyeraal-Hreidarsson syndrome,An update on the biology and management of dyskeratosis congenita and related telomere biology disorders.,2019,https://europepmc.org/article/PMC/PMC9400112,0.30,0.30,0.00,0.40,0.00,0.00,0.00,0.75,0.75,,0.9,,,,Biology and management of dyskeratosis congenita and related telomere biology disorders incl. Hoyeraal-Hreidarsson,abstract only
212,25940403,Dyskeratosis congenita,Hoyeraal-Hreidarsson syndrome,"Unraveling the pathogenesis of Hoyeraal-Hreidarsson syndrome, a complex telomere biology disorder.",2015,https://europepmc.org/article/PMC/PMC4526362,0.40,0.30,0.00,0.00,0.30,0.00,0.00,0.75,0.75,,,0.5,,,HH syndrome is a clinically severe variant of dyskeratosis congenita with early bone marrow failure death,abstract only
213,23329068,Dyskeratosis congenita,Hoyeraal-Hreidarsson syndrome,"Germline mutations of regulator of telomere elongation helicase 1, RTEL1, in Dyskeratosis congenita.",2013,https://europepmc.org/article/PMC/PMC3600110,0.40,0.60,0.00,0.00,0.00,0.00,0.00,0.75,0.75,,,,,,RTEL1 germline mutations in dyskeratosis congenita incl. severe HH variant,abstract only
214,17524625,Chromomycosis,Fusariosis,Recent advances in antifungal chemotherapy.,2007,https://doi.org/10.1016/j.ijantimicag.2007.03.009,0.00,0.00,0.00,1.00,0.00,0.00,0.00,,,,0.5,,,,Recent advances in antifungal chemotherapy for invasive fungal infections incl. chromomycosis and fusariosis,abstract only
215,26398542,Chromomycosis,Fusariosis,Posaconazole: Use in the Prophylaxis and Treatment of Fungal Infections.,2015,https://doi.org/10.1055/s-0035-1562902,0.00,0.00,0.00,1.00,0.00,0.00,0.00,,,,0.75,,,,Posaconazole prophylaxis and treatment of fungal infections incl. fusariosis and chromoblastomycosis,abstract only
216,19209257,Chromomycosis,Fusariosis,Posaconazole in the management of refractory invasive fungal infections.,2008,https://europepmc.org/article/PMC/PMC2621380,0.00,0.00,0.00,1.00,0.00,0.00,0.00,,,,0.75,,,,Posaconazole in refractory invasive fungal infections incl. fusariosis and chromoblastomycosis,abstract only
217,2540949,Chromomycosis,Coccidioidomycosis,"Itraconazole. A review of its pharmacodynamic and pharmacokinetic properties, and therapeutic use in superficial and systemic mycoses.",1989,https://doi.org/10.2165/00003495-198937030-00003,0.00,0.00,0.00,1.00,0.00,0.00,0.00,,,,0.75,,,,Itraconazole review: broad antifungal incl. chromomycosis and coccidioidomycosis,abstract only
218,35628715,Chromomycosis,Coccidioidomycosis,Pulmonary and Extrapulmonary Manifestations of Fungal Infections Misdiagnosed as Tuberculosis: The Need for Prompt Diagnosis and Management.,2022,https://europepmc.org/article/PMC/PMC9143176,0.00,0.00,0.00,0.00,0.00,1.00,0.00,,,,,,0.75,,"Fungal infections (coccidioidomycosis, chromoblastomycosis and others) misdiagnosed as tuberculosis",abstract only
219,30961537,Chromomycosis,Coccidioidomycosis,"Next-generation sequencing for hypothesis-free genomic detection of invasive tropical infections in poly-microbially contaminated, formalin-fixed, paraffin-embedded tissue samples - a proof-of-principle assessment.",2019,https://europepmc.org/article/PMC/PMC6454699,0.00,0.00,0.00,0.00,0.00,1.00,0.00,,,,,,0.5,,"NGS pathogen detection in FFPE tissue from chromoblastomycosis, coccidioidomycosis and other tropical infections",abstract only
220,16033292,Chromomycosis,Coccidioidomycosis,Posaconazole.,2005,https://doi.org/10.2165/00003495-200565110-00007,0.00,0.00,0.00,1.00,0.00,0.00,0.00,,,,0.75,,,,Posaconazole activity in refractory invasive fungal infections incl. chromomycosis and coccidioidomycosis,abstract only
221,32242631,Chromomycosis,Coccidioidomycosis,Deep fungal infections diagnosed by histology in Uganda: a 70-year retrospective study.,2020,https://europepmc.org/article/PMC/PMC7657094,0.00,0.00,0.00,0.00,1.00,0.00,0.00,,,,,0.5,,,70-year histology review of deep fungal infections in Uganda incl. chromoblastomycosis and coccidioidomycosis,abstract only
222,31896408,Eosinophilic granulomatosis with polyangiitis,Thrombotic thrombocytopenic purpura,"The color of skin: purple diseases of the skin, nails, and mucosa.",2019,https://doi.org/10.1016/j.clindermatol.2019.07.016,0.00,0.00,0.00,0.00,0.00,1.00,0.00,,,,,,0.25,,Purple skin diseases: vasculitides (EGPA) and vasculopathies (TTP) in a differential review,abstract only
223,16901958,Eosinophilic granulomatosis with polyangiitis,Microscopic polyangiitis,Development and validation of a consensus methodology for the classification of the ANCA-associated vasculitides and polyarteritis nodosa for epidemiological studies.,2007,https://europepmc.org/article/PMC/PMC1798520,0.00,0.00,0.00,0.00,0.00,1.00,0.00,,,,,,0.5,,"Consensus classification of ANCA vasculitis and PAN (EGPA, MPA) for epidemiology",abstract only
224,30542206,Eosinophilic granulomatosis with polyangiitis,Microscopic polyangiitis,Pathogenesis and therapeutic interventions for ANCA-associated vasculitis.,2019,https://doi.org/10.1038/s41584-018-0145-y,0.00,0.00,0.50,0.50,0.00,0.00,0.00,,,0.75,0.75,,,,"Pathogenesis and therapy of ANCA vasculitis spanning MPA, GPA and EGPA",abstract only
225,14502794,Eosinophilic granulomatosis with polyangiitis,Microscopic polyangiitis,"Addendum to the International Consensus Statement on testing and reporting of antineutrophil cytoplasmic antibodies. Quality control guidelines, comments, and recommendations for testing in other autoimmune diseases.",2003,https://doi.org/10.1309/waep-adw0-k4lp-uhfn,0.00,0.00,0.00,0.00,0.00,1.00,0.00,,,,,,0.5,,"ANCA testing consensus for Wegener's, MPA and Churg-Strauss: MPO versus PR3 patterns",abstract only
226,28148583,Eosinophilic granulomatosis with polyangiitis,Microscopic polyangiitis,ANCA-associated vasculitis.,2017,https://europepmc.org/article/PMC/PMC6297586,0.40,0.00,0.30,0.30,0.00,0.00,0.00,0.5,,0.75,0.75,,,,"ANCA-associated vasculitides GPA, MPA, EGPA as three separate but related conditions",abstract only
227,17285294,Distal renal tubular acidosis,Idiopathic hypercalciuria,Etiology of nephrocalcinosis in northern Indian children.,2007,https://doi.org/10.1007/s00467-006-0425-7,0.00,0.00,0.00,0.00,0.00,0.50,0.50,,,,,,0.5,0.5,"Nephrocalcinosis aetiology in Indian children: distal RTA in 50%, idiopathic hypercalciuria also",abstract only
228,8151465,Distal renal tubular acidosis,Idiopathic hypercalciuria,Renal acidification in children with idiopathic hypercalciuria.,1994,https://doi.org/10.1016/s0022-3476(05)83129-4,0.00,0.00,0.30,0.00,0.00,0.00,0.70,,,0.5,,,,0.5,Renal acidification testing in children with idiopathic hypercalciuria; dRTA frequently associated with hypercalciuria,abstract only
229,3997374,Distal renal tubular acidosis,Idiopathic hypercalciuria,Renal handling of citrate in children with various kidney disorders.,1985,https://europepmc.org/article/MED/3997374,0.00,0.00,0.40,0.00,0.00,0.60,0.00,,,0.25,,,0.25,,Urinary citrate reduced in distal RTA but normal in idiopathic hypercalciuria,abstract only
230,23623389,Cockayne syndrome,Fanconi anemia,"Malfunction of nuclease ERCC1-XPF results in diverse clinical manifestations and causes Cockayne syndrome, xeroderma pigmentosum, and Fanconi anemia.",2013,https://europepmc.org/article/PMC/PMC3644632,0.40,0.60,0.00,0.00,0.00,0.00,0.00,0.5,0.75,,,,,,ERCC1-XPF malfunction gives diverse manifestations incl. Cockayne syndrome and Fanconi anaemia features,abstract only
231,30165384,Cockayne syndrome,Fanconi anemia,Repair protein persistence at DNA lesions characterizes XPF defect with Cockayne syndrome features.,2018,https://europepmc.org/article/PMC/PMC6182131,0.00,0.50,0.50,0.00,0.00,0.00,0.00,,0.75,0.75,,,,,XPF defect with Cockayne syndrome features: persistence of repair proteins at lesions; XPF mutations also cause Fanconi anaemia,abstract only
232,29403087,Cockayne syndrome,Fanconi anemia,Cerebellar ataxia-dominant phenotype in patients with ERCC4 mutations.,2018,https://doi.org/10.1038/s10038-017-0408-5,0.40,0.60,0.00,0.00,0.00,0.00,0.00,0.5,0.75,,,,,,"ERCC4 mutations cause XP-F, Cockayne and Fanconi phenotypes and a cerebellar ataxia-dominant phenotype",abstract only
233,26074087,Cockayne syndrome,Fanconi anemia,The ERCC1 and ERCC4 (XPF) genes and gene products.,2015,https://europepmc.org/article/PMC/PMC4536074,0.00,0.50,0.50,0.00,0.00,0.00,0.00,,0.75,0.75,,,,,"ERCC1/ERCC4 (XPF) nuclease genes in NER and interstrand crosslink repair underlie XP, CS and Fanconi anaemia",abstract only
234,29105242,Cockayne syndrome,Fanconi anemia,ERCC4 variants identified in a cohort of patients with segmental progeroid syndromes.,2018,https://europepmc.org/article/PMC/PMC5762268,0.50,0.50,0.00,0.00,0.00,0.00,0.00,0.5,0.75,,,,,,ERCC4 variants in segmental progeroid syndromes; ERCC4 is also FANCQ,abstract only
235,35503717,Epilepsy with myoclonic-atonic seizures,Lennox-Gastaut syndrome,International League Against Epilepsy classification and definition of epilepsy syndromes with onset in childhood: Position paper by the ILAE Task Force on Nosology and Definitions.,2022,https://doi.org/10.1111/epi.17241,0.50,0.00,0.00,0.00,0.00,0.50,0.00,0.5,,,,,0.5,,ILAE classification of childhood-onset epilepsy syndromes incl. EMAtS and Lennox-Gastaut,abstract only
236,9184597,Epilepsy with myoclonic-atonic seizures,Lennox-Gastaut syndrome,Community-based study of Lennox-Gastaut syndrome.,1997,https://doi.org/10.1111/j.1528-1157.1997.tb01136.x,0.40,0.00,0.00,0.00,0.60,0.00,0.00,0.5,,,,0.25,,,Lennox-Gastaut and Doose syndromes once seen as one disease; community study tests continuum,abstract only
237,31677157,Epilepsy with myoclonic-atonic seizures,Lennox-Gastaut syndrome,CHD2-related epilepsy: novel mutations and new phenotypes.,2020,https://doi.org/10.1111/dmcn.14367,0.50,0.50,0.00,0.00,0.00,0.00,0.00,0.5,0.75,,,,,,CHD2-related epilepsy phenotypes including myoclonic-atonic and Lennox-Gastaut-like presentations,abstract only
238,24237632,Epilepsy with myoclonic-atonic seizures,Lennox-Gastaut syndrome,Report of a parent survey of cannabidiol-enriched cannabis use in pediatric treatment-resistant epilepsy.,2013,https://europepmc.org/article/PMC/PMC4157067,0.00,0.00,0.00,1.00,0.00,0.00,0.00,,,,0.5,,,,Parent survey of cannabidiol-enriched cannabis in treatment-resistant paediatric epilepsy incl. LGS and Doose syndrome,abstract only
239,31507131,Self-limited epilepsy with centrotemporal spikes,Landau-Kleffner syndrome,Development of Ontology for Self-limited Epilepsy with Centrotemporal Spikes and Application of Data Mining Algorithms to Identify New Subtypes.,2019,https://europepmc.org/article/MED/31507131,0.60,0.00,0.00,0.00,0.40,0.00,0.00,0.75,,,,0.5,,,Ontology for SeLECTS and its atypical variants incl. Landau-Kleffner syndrome and ESES,abstract only
240,27683935,Self-limited epilepsy with centrotemporal spikes,Landau-Kleffner syndrome,GRIN2A-Related Disorders,1993,https://europepmc.org/article/MED/27683935,0.40,0.60,0.00,0.00,0.00,0.00,0.00,0.75,1.0,,,,,,GRIN2A-related disorders span SeLECTS-like and Landau-Kleffner epilepsy-aphasia phenotypes,abstract only
241,42692310,Self-limited epilepsy with centrotemporal spikes,Landau-Kleffner syndrome,Magnetoencephalography source analysis in epilepsy-aphasia spectrum.,2026,https://doi.org/10.1016/j.neuroimage.2026.122198,0.40,0.00,0.60,0.00,0.00,0.00,0.00,0.75,,0.5,,,,,"MEG source localisation across epilepsy-aphasia spectrum subtypes (SeLECTS, LKS, ESES)",abstract only
242,24166474,Thiamine-responsive encephalopathy,Leigh syndrome,Biotin-responsive Basal Ganglia disease: a treatable differential diagnosis of leigh syndrome.,2014,https://europepmc.org/article/PMC/PMC4110325,0.00,0.00,0.00,0.30,0.00,0.70,0.00,,,,0.25,,0.75,,Biotin/thiamine-responsive basal ganglia disease (SLC19A3) as a treatable differential diagnosis of Leigh syndrome,abstract only
243,32296131,Cornelia de Lange syndrome,Trichorhinophalangeal syndrome type 2,Long-read DNA sequencing fully characterized chromothripsis in a patient with Langer-Giedion syndrome and Cornelia de Lange syndrome-4.,2020,https://europepmc.org/article/PMC/PMC7324355,0.00,1.00,0.00,0.00,0.00,0.00,0.00,,0.25,,,,,,Chromothripsis in a Langer-Giedion patient characterised by long-read sequencing; overlap with CdLS region,abstract only
244,41751561,Cornelia de Lange syndrome,Trichorhinophalangeal syndrome type 2,"A Complex Case of Langer-Giedion Syndrome, Cornelia de Lange Syndrome Type 4, and Hereditary Multiple Osteochondromas with Mosaic 8q23.1-q24.12 Deletion.",2026,https://europepmc.org/article/PMC/PMC12940567,0.40,0.60,0.00,0.00,0.00,0.00,0.00,0.75,0.5,,,,,,"Langer-Giedion, CdLS type 4 and hereditary multiple exostoses in one patient: RAD21 lies between TRPS1 and EXT1",abstract only
245,23933416,Cornelia de Lange syndrome,Trichorhinophalangeal syndrome type 2,"An interstitial deletion of 8q23.3-q24.22 associated with Langer-Giedion syndrome, Cornelia de Lange syndrome and epilepsy.",2013,https://doi.org/10.1016/j.gene.2013.07.045,0.50,0.50,0.00,0.00,0.00,0.00,0.00,0.75,0.5,,,,,,8q23.3-q24.22 deletion with Langer-Giedion features and CdLS-like phenotype in a patient initially misdiagnosed,abstract only
246,11241053,Immunodeficiency with factor H anomaly,Atypical hemolytic uremic syndrome,Familial hemolytic uremic syndrome associated with complement factor H deficiency.,2001,https://doi.org/10.1067/mpd.2001.112649,0.50,0.50,0.00,0.00,0.00,0.00,0.00,0.75,0.9,,,,,,Familial HUS associated with complement factor H deficiency,abstract only
247,29215813,Immunodeficiency with factor H anomaly,Atypical hemolytic uremic syndrome,Kidney Transplantation in Patients with Atypical Hemolytic Uremic Syndrome due to Complement Factor H Deficiency: Impact of Liver Transplantation.,2018,https://europepmc.org/article/PMC/PMC5729639,0.00,0.30,0.00,0.70,0.00,0.00,0.00,,0.9,,0.75,,,,Kidney transplantation in aHUS due to complement factor H mutations,abstract only
248,26374608,Immunodeficiency with factor H anomaly,Atypical hemolytic uremic syndrome,Partial Complement Factor H Deficiency Associates with C3 Glomerulopathy and Thrombotic Microangiopathy.,2016,https://europepmc.org/article/PMC/PMC4849824,0.00,0.60,0.00,0.00,0.00,0.00,0.40,,0.9,,,,,0.75,Partial complement factor H deficiency associates with C3 glomerulopathy and thrombotic microangiopathy (aHUS),abstract only
249,25006375,Immunodeficiency with factor H anomaly,Atypical hemolytic uremic syndrome,Anesthetic management of living donor liver transplantation for complement factor H deficiency hemolytic uremic syndrome: a case report.,2014,https://europepmc.org/article/PMC/PMC4085272,0.00,0.20,0.00,0.80,0.00,0.00,0.00,,0.9,,0.75,,,,Living donor liver transplantation for complement factor H deficiency with aHUS,abstract only
250,21270828,Immunodeficiency with factor H anomaly,Atypical hemolytic uremic syndrome,Complement factor H deficiency and endocapillary glomerulonephritis due to paternal isodisomy and a novel factor H mutation.,2011,https://doi.org/10.1038/gene.2010.63,0.40,0.60,0.00,0.00,0.00,0.00,0.00,0.5,0.9,,,,,,"CFH deficiency presenting with endocapillary GN; CFH mutations associated with aHUS, MPGN II and C3G",abstract only
251,11426459,Crouzon syndrome,Crouzon syndrome-acanthosis nigricans syndrome,Subtle radiographic findings of achondroplasia in patients with Crouzon syndrome with acanthosis nigricans due to an Ala391Glu substitution in FGFR3.,2001,https://doi.org/10.1002/1096-8628(20010101)98:1<75::aid-ajmg1010>3.0.co;2-6,0.50,0.50,0.00,0.00,0.00,0.00,0.00,0.75,0.5,,,,,,Crouzon syndrome with acanthosis nigricans (FGFR3 A391E) shows subtle achondroplasia-like radiographic findings,abstract only
252,28611549,Crouzon syndrome,Crouzon syndrome-acanthosis nigricans syndrome,Mutation c.943G>T (p.Ala315Ser) in <i>FGFR2</i> Causing a Mild Phenotype of Crouzon Craniofacial Dysostosis in a Three-Generation Family.,2017,https://europepmc.org/article/PMC/PMC5465678,0.50,0.50,0.00,0.00,0.00,0.00,0.00,0.75,0.5,,,,,,FGFR2 A315S mild Crouzon phenotype; overlap with Crouzon-acanthosis nigricans (FGFR3) and Muenke,abstract only
253,30994538,Extraskeletal myxoid chondrosarcoma,Skeletal Ewing sarcoma,EWSR1-NFATC2 Translocation-associated Sarcoma Clinicopathologic Findings in a Rare Aggressive Primary Bone or Soft Tissue Tumor.,2019,https://doi.org/10.1097/pas.0000000000001260,0.00,0.40,0.00,0.00,0.00,0.60,0.00,,0.5,,,,0.5,,EWSR1-NFATC2 sarcoma overlaps immunomorphologically with Ewing sarcoma and extraskeletal myxoid chondrosarcoma,abstract only
254,30994538,Extraskeletal myxoid chondrosarcoma,Extraskeletal Ewing sarcoma,EWSR1-NFATC2 Translocation-associated Sarcoma Clinicopathologic Findings in a Rare Aggressive Primary Bone or Soft Tissue Tumor.,2019,https://doi.org/10.1097/pas.0000000000001260,0.00,0.40,0.00,0.00,0.00,0.60,0.00,,0.5,,,,0.5,,EWSR1-NFATC2 sarcoma overlaps immunomorphologically with Ewing sarcoma and extraskeletal myxoid chondrosarcoma,abstract only
255,30977242,Adult hepatocellular carcinoma,Hepatoblastoma,Characterization of pediatric hepatocellular carcinoma reveals genomic heterogeneity and diverse signaling pathway activation.,2019,https://doi.org/10.1002/pbc.27745,0.00,0.40,0.60,0.00,0.00,0.00,0.00,,0.5,0.5,,,,,Paediatric HCC genomics: is it closer to hepatoblastoma or adult HCC?,abstract only
256,23544173,Adult hepatocellular carcinoma,Hepatoblastoma,FAK Inhibition Decreases Hepatoblastoma Survival Both In Vitro and In Vivo.,2013,https://europepmc.org/article/PMC/PMC3610546,0.00,0.00,1.00,0.00,0.00,0.00,0.00,,,0.5,,,,,FAK inhibition in hepatoblastoma; FAK also elevated in adult hepatocellular carcinoma,abstract only
257,25447203,Adult hepatocellular carcinoma,Hepatoblastoma,Anti-tumor activity of sorafenib in a model of a pediatric hepatocellular carcinoma.,2015,https://doi.org/10.1016/j.yexcr.2014.10.018,0.00,0.00,0.30,0.70,0.00,0.00,0.00,,,0.5,0.5,,,,Sorafenib in paediatric HCC model compared with adult HCC and hepatoblastoma lines,abstract only
258,14974090,Hallermann-Streiff syndrome,Oculodentodigital dysplasia,A homozygous GJA1 gene mutation causes a Hallermann-Streiff/ODDD spectrum phenotype.,2004,https://doi.org/10.1002/humu.9220,0.50,0.50,0.00,0.00,0.00,0.00,0.00,0.75,0.75,,,,,,Homozygous GJA1 mutation causes a Hallermann-Streiff/oculodentodigital dysplasia spectrum phenotype,abstract only
259,1663704,Hallermann-Streiff syndrome,Oculodentodigital dysplasia,Hallermann-Streiff syndrome: clinical and psychological findings in children. Nosologic overlap with oculodentodigital dysplasia?,1991,https://doi.org/10.1002/ajmg.1320410428,0.60,0.00,0.00,0.00,0.00,0.40,0.00,0.75,,,,,0.75,,Hallermann-Streiff syndrome with nosologic overlap with oculodentodigital dysplasia,abstract only
260,15920541,Kaposiform hemangioendothelioma,Verrucous venous malformation,D2-40 immunohistochemical analysis of pediatric vascular tumors reveals positivity in kaposiform hemangioendothelioma.,2005,https://doi.org/10.1038/modpathol.3800444,0.00,0.00,0.00,0.00,0.00,1.00,0.00,,,,,,0.25,,D2-40 immunohistochemistry in paediatric vascular tumours and malformations differentiates kaposiform haemangioendothelioma,abstract only
261,9669348,Solitary fibrous tumor,Gastrointestinal stromal tumor,"Expression of bcl-2 oncoprotein in benign and malignant spindle cell tumors of soft tissue, skin, serosal surfaces, and gastrointestinal tract.",1998,https://doi.org/10.1097/00000478-199807000-00008,0.00,0.00,0.30,0.00,0.00,0.70,0.00,,,0.25,,,0.5,,bcl-2 immunoreactivity across 380 spindle cell tumours incl. solitary fibrous tumour and GIST,abstract only
262,17063078,Solitary fibrous tumor,Gastrointestinal stromal tumor,Gastrointestinal stromal tumors (GISTs) on prostate needle biopsy: A clinicopathologic study of 8 cases.,2006,https://doi.org/10.1097/01.pas.0000209847.59670.c8,0.00,0.00,0.00,0.00,0.00,1.00,0.00,,,,,,0.5,,GIST on prostate needle biopsy: recognition among spindle cell tumours incl. solitary fibrous tumour,abstract only
263,12296756,Solitary fibrous tumor,Gastrointestinal stromal tumor,Immunohistochemical comparison of gastrointestinal stromal tumor and solitary fibrous tumor.,2002,https://doi.org/10.5858/2002-126-1189-icogst,0.00,0.00,0.30,0.00,0.00,0.70,0.00,,,0.25,,,0.75,,Immunohistochemical comparison of GIST and solitary fibrous tumour; overlapping clinicopathologic features,abstract only
264,35433191,Solitary fibrous tumor,Medulloblastoma,Pathological Spectrum of Dura-Based Nonmeningothelial Lesions: 5 Years' Experience from a Tertiary Care Centre.,2022,https://europepmc.org/article/PMC/PMC9010223,0.00,0.00,0.00,0.00,0.00,1.00,0.00,,,,,,0.25,,"Dura-based non-meningothelial lesions (solitary fibrous tumour, medulloblastoma) with overlapping imaging",abstract only
265,21165224,Cystinuria,Wilson disease,Penicillamine-induced Elastosis Perforans Serpiginosa and Cutis Laxa in a Patient with Wilson's Disease.,2010,https://europepmc.org/article/PMC/PMC2991731,0.00,0.00,0.00,0.70,0.00,0.00,0.30,,,,0.9,,,0.25,Penicillamine-induced elastosis perforans serpiginosa in Wilson disease; penicillamine also used in cystinuria,abstract only
266,2523911,Cystinuria,Wilson disease,D-penicillamine-induced elastosis perforans serpiginosa in a child with juvenile rheumatoid arthritis. Report of a case and review of the literature.,1989,https://doi.org/10.1016/s0190-9622(89)70123-7,0.00,0.00,0.00,1.00,0.00,0.00,0.00,,,,0.9,,,,D-penicillamine-induced EPS reported in Wilson disease and cystinuria,abstract only
267,23605177,Cystinuria,Wilson disease,Penicillamine revisited: historic overview and review of the clinical uses and cutaneous adverse effects.,2013,https://doi.org/10.1007/s40257-013-0022-z,0.00,0.00,0.00,1.00,0.00,0.00,0.00,,,,0.9,,,,"Penicillamine clinical uses (Wilson disease, cystinuria, RA) and cutaneous adverse effects",abstract only
268,7900739,Cystinuria,Wilson disease,D-penicillamine-induced myasthenia gravis: diagnosis obscured by coexisting chronic obstructive pulmonary disease.,1995,https://doi.org/10.1097/00000441-199504000-00001,0.00,0.00,0.00,1.00,0.00,0.00,0.00,,,,0.9,,,,D-penicillamine used for Wilson disease and cystinuria can cause myasthenia gravis,abstract only
269,24030314,Epidermolytic palmoplantar keratoderma,Mal de Meleda,Comparative study of high-resolution multifrequency ultrasound of the plantar skin in patients with various types of hereditary palmoplantar keratoderma.,2013,https://doi.org/10.1159/000351321,0.50,0.00,0.00,0.00,0.00,0.50,0.00,0.75,,,,,0.5,,High-resolution ultrasound of plantar skin in pachyonychia congenita compared with EPPK and mal de Meleda,abstract only
270,32217978,Maternal phenylketonuria syndrome,Mild hyperphenylalaninemia,"Management of Women With Phenylalanine Hydroxylase Deficiency (Phenylketonuria): ACOG Committee Opinion, Number 802.",2020,https://doi.org/10.1097/aog.0000000000003768,0.00,0.00,0.00,0.50,0.00,0.00,0.50,,,,0.5,,,0.75,"ACOG guidance on women with PAH deficiency: maternal PKU risk depends on phenylalanine level, incl. mild hyperphenylalaninemia",abstract only
271,9398852,Denys-Drash syndrome,Frasier syndrome,Donor splice-site mutations in WT1 are responsible for Frasier syndrome.,1997,https://doi.org/10.1038/ng1297-467,0.40,0.60,0.00,0.00,0.00,0.00,0.00,0.75,1.0,,,,,,"WT1 donor splice-site mutations cause Frasier syndrome, related to Denys-Drash",abstract only
272,33209710,Denys-Drash syndrome,Frasier syndrome,"Syndromic Wilms tumor: a review of predisposing conditions, surveillance and treatment.",2020,https://europepmc.org/article/PMC/PMC7658145,0.00,0.20,0.00,0.00,0.20,0.00,0.60,,1.0,,,0.75,,0.75,"Syndromic Wilms tumour review: Denys-Drash and Frasier predisposition, surveillance and treatment",abstract only
273,9475094,Denys-Drash syndrome,Frasier syndrome,Do intronic mutations affecting splicing of WT1 exon 9 cause Frasier syndrome?,1998,https://europepmc.org/article/PMC/PMC1051186,0.00,0.70,0.30,0.00,0.00,0.00,0.00,,1.0,0.75,,,,,Intronic WT1 exon 9 splicing mutations in Frasier syndrome versus Denys-Drash missense,abstract only
274,10762296,Denys-Drash syndrome,Frasier syndrome,"Frasier syndrome, part of the Denys Drash continuum or simply a WT1 gene associated disorder of intersex and nephropathy?",2000,https://doi.org/10.1046/j.1365-2265.2000.00980.x,0.50,0.50,0.00,0.00,0.00,0.00,0.00,0.75,1.0,,,,,,Frasier syndrome as part of the Denys-Drash continuum or a WT1-associated disorder of sexual development,abstract only
275,37916284,Denys-Drash syndrome,Frasier syndrome,Wilms' tumor gene 1: lessons from the interface between kidney development and cancer.,2024,https://doi.org/10.1152/ajprenal.00248.2023,0.00,0.40,0.60,0.00,0.00,0.00,0.00,,1.0,0.75,,,,,WT1 at the interface of kidney development and cancer; germline mutations cause DDS and Frasier syndromes,abstract only
276,8645463,Fusariosis,Coccidioidomycosis,Diagnosis of systemic mycoses by specific immunohistochemical tests.,1996,https://doi.org/10.1111/j.1699-0463.1996.tb00714.x,0.00,0.00,0.00,0.00,0.00,1.00,0.00,,,,,,0.5,,Immunohistochemical diagnosis of systemic mycoses incl. fusariosis and coccidioidomycosis,abstract only
277,12848593,Fusariosis,Coccidioidomycosis,Posaconazole: SCH 56592.,2003,https://doi.org/10.2165/00126839-200304040-00009,0.00,0.00,0.00,1.00,0.00,0.00,0.00,,,,0.75,,,,"Posaconazole in phase III trials for aspergillosis, coccidioidomycosis and fusariosis",abstract only
278,26398542,Fusariosis,Coccidioidomycosis,Posaconazole: Use in the Prophylaxis and Treatment of Fungal Infections.,2015,https://doi.org/10.1055/s-0035-1562902,0.00,0.00,0.00,1.00,0.00,0.00,0.00,,,,0.75,,,,Posaconazole prophylaxis/treatment spanning fusariosis and coccidioidomycosis among other mycoses,abstract only
279,19209257,Fusariosis,Coccidioidomycosis,Posaconazole in the management of refractory invasive fungal infections.,2008,https://europepmc.org/article/PMC/PMC2621380,0.00,0.00,0.00,1.00,0.00,0.00,0.00,,,,0.75,,,,Posaconazole in refractory invasive fungal infections incl. fusariosis and coccidioidomycosis,abstract only
280,16885047,Fusariosis,Zygomycosis,The epidemiology of fungal infections in patients with hematologic malignancies: the SEIFEM-2004 study.,2006,https://europepmc.org/article/MED/16885047,0.00,0.00,0.00,0.00,1.00,0.00,0.00,,,,,0.5,,,SEIFEM-2004: incidence and outcome of invasive fungal infections incl. fusariosis and zygomycosis in haematological malignancy,abstract only
281,19275278,Fusariosis,Zygomycosis,Liposomal amphotericin B: a review of its use as empirical therapy in febrile neutropenia and in the treatment of invasive fungal infections.,2009,https://doi.org/10.2165/00003495-200969030-00010,0.00,0.00,0.00,1.00,0.00,0.00,0.00,,,,0.75,,,,Liposomal amphotericin B active against Zygomycetes and other moulds incl. Fusarium,abstract only
282,30099056,Fusariosis,Zygomycosis,"Rare mould infections caused by Mucorales, Lomentospora prolificans and Fusarium, in San Diego, CA: the role of antifungal combination therapy.",2018,https://europepmc.org/article/PMC/PMC6231988,0.00,0.00,0.00,0.00,1.00,0.00,0.00,,,,,0.75,,,"Rare mould infections (Mucorales, Lomentospora, Fusarium) epidemiology and outcomes in San Diego",abstract only
283,27605714,Fusariosis,Zygomycosis,"Discrimination of Aspergillosis, Mucormycosis, Fusariosis, and Scedosporiosis in Formalin-Fixed Paraffin-Embedded Tissue Specimens by Use of Multiple Real-Time Quantitative PCR Assays.",2016,https://europepmc.org/article/PMC/PMC5078559,0.00,0.00,0.00,0.00,0.00,1.00,0.00,,,,,,0.5,,"qPCR discrimination of aspergillosis, mucormycosis, fusariosis and scedosporiosis in FFPE tissue",abstract only
284,11801575,Coccidioidomycosis,Zygomycosis,Amphotericin B: spectrum and resistance.,2002,https://doi.org/10.1093/jac/49.suppl_1.7,0.00,0.00,0.00,1.00,0.00,0.00,0.00,,,,0.75,,,,Amphotericin B spectrum and resistance across fungal pathogens incl. coccidioidomycosis and zygomycosis,abstract only
285,35628715,Coccidioidomycosis,Zygomycosis,Pulmonary and Extrapulmonary Manifestations of Fungal Infections Misdiagnosed as Tuberculosis: The Need for Prompt Diagnosis and Management.,2022,https://europepmc.org/article/PMC/PMC9143176,0.00,0.00,0.00,0.00,0.00,1.00,0.00,,,,,,0.75,,"Fungal infections (coccidioidomycosis, mucormycosis and others) misdiagnosed as tuberculosis",abstract only
286,28792770,CLN1 disease,CLN3 disease,Proteomic Analysis of Brain and Cerebrospinal Fluid from the Three Major Forms of Neuronal Ceroid Lipofuscinosis Reveals Potential Biomarkers.,2017,https://europepmc.org/article/PMC/PMC5860807,0.00,0.00,0.60,0.00,0.00,0.40,0.00,,,0.75,,,0.5,,Proteomics of brain and CSF in three major forms of neuronal ceroid lipofuscinosis for biomarker discovery,abstract only
287,36438942,CLN1 disease,CLN3 disease,Top-down and bottom-up propagation of disease in the neuronal ceroid lipofuscinoses.,2022,https://europepmc.org/article/PMC/PMC9692088,0.00,0.00,0.60,0.00,0.40,0.00,0.00,,,0.75,,0.5,,,NCLs as related diseases sharing lipofuscin pathobiology but differing in anatomic onset and propagation,abstract only
288,42413193,CLN2 disease,CLN5 disease,Expanding the genotypic landscape of the neuronal ceroid lipofuscinoses: clinical and molecular findings from a tertiary-care center in Argentina.,2026,https://doi.org/10.1016/j.seizure.2026.06.015,0.50,0.50,0.00,0.00,0.00,0.00,0.00,0.75,0.25,,,,,,Genotypic landscape of neuronal ceroid lipofuscinoses in Argentine children incl. CLN2 and CLN5,abstract only
289,16322081,Kawasaki disease,Polyarteritis nodosa,EULAR/PReS endorsed consensus criteria for the classification of childhood vasculitides.,2006,https://europepmc.org/article/PMC/PMC1798210,0.00,0.00,0.00,0.00,0.00,1.00,0.00,,,,,,0.5,,EULAR/PReS classification criteria for childhood vasculitides incl. Kawasaki disease and PAN,abstract only
290,25019429,Kawasaki disease,Polyarteritis nodosa,Imaging spectrum of CNS vasculitis.,2014,https://doi.org/10.1148/rg.344135028,0.50,0.00,0.50,0.00,0.00,0.00,0.00,0.75,,0.5,,,,,CNS vasculitis imaging by vessel size: medium-vessel Kawasaki disease and polyarteritis nodosa,abstract only
291,19946711,Kawasaki disease,Polyarteritis nodosa,Medium-size-vessel vasculitis.,2010,https://europepmc.org/article/PMC/PMC2908435,0.50,0.00,0.00,0.00,0.00,0.50,0.00,0.75,,,,,0.5,,"Medium-size-vessel vasculitis in childhood: PAN, cutaneous PAN and Kawasaki disease",abstract only
292,25792773,Kawasaki disease,Polyarteritis nodosa,Kawasaki disease.,2006,https://europepmc.org/article/PMC/PMC4323050,0.60,0.00,0.00,0.00,0.00,0.40,0.00,0.75,,,,,0.75,,Kawasaki disease compared with infantile and classic polyarteritis nodosa,abstract only
293,29016863,Duane retraction syndrome,Congenital ptosis,"A TUBB6 mutation is associated with autosomal dominant non-progressive congenital facial palsy, bilateral ptosis and velopharyngeal dysfunction.",2017,https://doi.org/10.1093/hmg/ddx296,0.30,0.20,0.50,0.00,0.00,0.00,0.00,0.5,0.5,0.75,,,,,Congenital cranial dysinnervation disorders spectrum incl. Duane retraction syndrome and congenital ptosis; TUBB6,abstract only
294,35187428,Duane retraction syndrome,Congenital ptosis,Duane Retraction Syndrome and Accompanying Ocular Abnormalities.,2019,https://europepmc.org/article/PMC/PMC8842036,1.00,0.00,0.00,0.00,0.00,0.00,0.00,0.5,,,,,,,Duane retraction syndrome and accompanying ocular abnormalities incl. ptosis,abstract only
295,11360333,Keratosis follicularis spinulosa decalvans,Atrophoderma vermiculata,Treatment of keratosis pilaris atrophicans with the pulsed tunable dye laser.,2000,https://doi.org/10.1080/14628830050516416,0.30,0.00,0.00,0.70,0.00,0.00,0.00,0.75,,,0.75,,,,Pulsed dye laser treatment of keratosis pilaris atrophicans spectrum incl. atrophoderma vermiculata,abstract only
296,28345255,Keratosis follicularis spinulosa decalvans,Atrophoderma vermiculata,Lichenoid folliculitis: A unifying concept.,2017,https://doi.org/10.1111/cup.12938,0.50,0.00,0.50,0.00,0.00,0.00,0.00,0.75,,0.75,,,,,Lichenoid folliculitis unifying concept: KPA subgroup incl. atrophoderma vermiculatum and keratosis follicularis spinulosa decalvans,abstract only
297,19326693,Keratosis follicularis spinulosa decalvans,Atrophoderma vermiculata,Atrophoderma vermiculatum: a case report and review of the literature on keratosis pilaris atrophicans.,2009,https://europepmc.org/article/MED/19326693,0.70,0.00,0.00,0.30,0.00,0.00,0.00,0.75,,,0.75,,,,"Atrophoderma vermiculatum, KPAF and KFSD are 3 variants of keratosis pilaris atrophicans, all hard to treat",abstract only
298,15164414,Citrullinemia type I,Ornithine transcarbamylase deficiency,Genetic approach to prenatal diagnosis in urea cycle defects.,2004,https://doi.org/10.1002/pd.884,0.00,1.00,0.00,0.00,0.00,0.00,0.00,,0.5,,,,,,Molecular prenatal diagnosis across urea cycle defects incl. citrullinemia and OTC deficiency,abstract only
299,33840128,Citrullinemia type I,Ornithine transcarbamylase deficiency,Long-term outcome of urea cycle disorders: Report from a nationwide study in Japan.,2021,https://doi.org/10.1002/jimd.12384,0.00,0.00,0.00,0.50,0.50,0.00,0.00,,,,0.75,0.75,,,Nationwide Japanese study of UCD long-term outcome and treatments,abstract only
300,40218931,Citrullinemia type I,Ornithine transcarbamylase deficiency,Understanding the Natural History and the Effects of Current Therapeutic Strategies on Urea Cycle Disorders: Insights from the UCD Spanish Registry.,2025,https://europepmc.org/article/PMC/PMC11990916,0.00,0.00,0.00,0.50,0.50,0.00,0.00,,,,0.75,0.75,,,Spanish UCD registry: natural history and effect of therapy and newborn screening,abstract only
301,20299258,Citrullinemia type I,Ornithine transcarbamylase deficiency,New insights in nutritional management and amino acid supplementation in urea cycle disorders.,2010,https://europepmc.org/article/PMC/PMC4831209,0.00,0.00,0.00,1.00,0.00,0.00,0.00,,,,0.9,,,,Nutritional management and amino acid supplementation in urea cycle disorders on sodium phenylbutyrate,abstract only
302,27538463,Citrullinemia type I,Ornithine transcarbamylase deficiency,Clinical course of 63 patients with neonatal onset urea cycle disorders in the years 2001-2013.,2016,https://europepmc.org/article/PMC/PMC4991093,0.00,0.00,0.00,0.40,0.60,0.00,0.00,,,,0.75,0.75,,,Clinical course of 63 neonatal-onset urea cycle disorder patients incl. citrullinemia and OTC deficiency,abstract only
303,38568448,Occult macular dystrophy,Stargardt disease,Nationwide epidemiologic survey on incidence of macular dystrophy in Japan.,2024,https://doi.org/10.1007/s10384-024-01060-8,0.00,0.00,0.00,0.00,1.00,0.00,0.00,,,,,0.5,,,Nationwide survey of macular dystrophy incidence in Japan incl. occult macular dystrophy and Stargardt disease,abstract only
304,24743636,Occult macular dystrophy,Stargardt disease,Multimodal imaging and multifocal electroretinography demonstrate autosomal recessive Stargardt disease may present like occult macular dystrophy.,2014,https://doi.org/10.1097/iae.0000000000000136,0.50,0.00,0.00,0.00,0.00,0.50,0.00,0.75,,,,,0.9,,STGD1 patients with central cone dysfunction resembling occult macular dystrophy,abstract only
305,32445700,Occult macular dystrophy,Stargardt disease,Optical Gap Biomarker in Cone-Dominant Retinal Dystrophy.,2020,https://europepmc.org/article/PMC/PMC8291221,0.50,0.00,0.00,0.00,0.00,0.50,0.00,0.5,,,,,0.5,,Optical gap biomarker in cone-dominant retinal dystrophy incl. OMD and Stargardt,abstract only
306,36835965,Occult macular dystrophy,Stargardt disease,Electrophysiological Evaluation of Macular Dystrophies.,2023,https://europepmc.org/article/PMC/PMC9962076,0.00,0.00,0.00,0.00,0.00,1.00,0.00,,,,,,0.5,,Electrophysiological evaluation of macular dystrophies incl. Stargardt and occult macular dystrophy,abstract only
307,12414879,Fibrous dysplasia of bone,Acromegaly,Characterization of gsp-mediated growth hormone excess in the context of McCune-Albright syndrome.,2002,https://doi.org/10.1210/jc.2001-012022,0.00,0.60,0.00,0.00,0.00,0.00,0.40,,0.9,,,,,0.75,gsp-mediated GH excess in McCune-Albright syndrome with fibrous dysplasia; same GNAS activating mutations as sporadic acromegaly,abstract only
308,16720661,Fibrous dysplasia of bone,Acromegaly,Pegvisomant for the treatment of gsp-mediated growth hormone excess in patients with McCune-Albright syndrome.,2006,https://doi.org/10.1210/jc.2005-2661,0.00,0.40,0.00,0.60,0.00,0.00,0.00,,0.9,,0.75,,,,Pegvisomant for gsp-mediated GH excess in McCune-Albright syndrome; same mutations in one third of acromegaly,abstract only
309,32849305,Fibrous dysplasia of bone,Acromegaly,Auxological and Endocrinological Features in Children With McCune Albright Syndrome: A Review.,2020,https://europepmc.org/article/PMC/PMC7417367,0.00,0.00,0.00,0.00,0.40,0.00,0.60,,,,,0.5,,0.75,Auxological and endocrine features in children with McCune-Albright syndrome incl. GH excess,abstract only
310,7019531,Fibrous dysplasia of bone,Acromegaly,The Albright syndrome associated with acromegaly: report of a case and review of the literature.,1981,https://europepmc.org/article/MED/7019531,0.00,0.00,0.00,0.00,0.00,0.00,1.00,,,,,,,0.75,Albright syndrome (polyostotic fibrous dysplasia) associated with acromegaly: case and review,abstract only
311,40584159,Fibrous dysplasia of bone,Acromegaly,"McCune-Albright syndrome: a case of an adult with fibrous dysplasia, severe cardiopulmonary complications, acromegaly, and chronic myeloid leukemia.",2025,https://europepmc.org/article/PMC/PMC12204819,0.00,0.00,0.00,0.00,0.00,0.00,1.00,,,,,,,0.5,"Adult McCune-Albright syndrome with fibrous dysplasia, cardiopulmonary complications and acromegaly",abstract only
312,16096999,Michels syndrome,3MC syndrome,"Michels syndrome, Carnevale syndrome, OSA syndrome, and Malpuech syndrome: variable expression of a single disorder (3MC syndrome)?",2005,https://doi.org/10.1002/ajmg.a.30878,0.60,0.40,0.00,0.00,0.00,0.00,0.00,0.9,0.9,,,,,,"Michels, Carnevale, OSA and Malpuech syndromes proposed as variable expression of a single entity",abstract only
313,38494255,Familial osteochondritis dissecans,Short stature-advanced bone age-early-onset osteoarthritis syndrome,Aggrecan-related bone disorders; a novel heterozygous ACAN variant associated with spondyloepimetaphyseal dysplasia expanding the phenotypic spectrum and review of literature.,2024,https://europepmc.org/article/PMC/PMC10860877,0.40,0.60,0.00,0.00,0.00,0.00,0.00,0.75,1.0,,,,,,"ACAN variants cause aggrecan-related bone disorders incl. SEMD, familial osteochondritis dissecans and short stature with early osteoarthritis",abstract only
314,9335063,Astrocytoma grade 3,Neurofibromatosis type 1,Neurofibromatosis type 1: brain stem tumours.,1997,https://doi.org/10.1007/s002340050484,0.00,0.00,0.00,0.00,0.00,0.00,1.00,,,,,,,0.5,Brain stem tumours (incl. astrocytomas) in neurofibromatosis type 1,abstract only
315,20466481,Astrocytoma grade 3,Neurofibromatosis type 1,Transformation of intracranial anaplastic astrocytoma associated with neurofibromatosis type I into gliosarcoma: case report.,2010,https://doi.org/10.1016/j.clineuro.2010.04.012,0.00,0.00,0.00,0.00,0.40,0.00,0.60,,,,,0.5,,0.75,Anaplastic astrocytoma in NF1 transforming into gliosarcoma after chemoradiation,abstract only
316,31678437,Astrocytoma grade 3,Neurofibromatosis type 1,Rare NF1 Gene Mutation in Chinese Patient with Neurofibromatosis Type 1 and Anaplastic Astrocytoma.,2020,https://doi.org/10.1016/j.wneu.2019.10.126,0.00,0.50,0.00,0.00,0.00,0.00,0.50,,0.5,,,,,0.75,Rare NF1 mutation in a Chinese NF1 patient with anaplastic astrocytoma,abstract only
317,23670807,Astrocytoma grade 3,Neurofibromatosis type 1,Cerebellar anaplastic astrocytoma in an adult with neurofibromatosis type 1: case report and review of literature.,2013,https://doi.org/10.1055/s-0033-1342938,0.00,0.00,0.00,0.00,0.00,0.00,1.00,,,,,,,0.75,Cerebellar anaplastic astrocytoma in an adult with NF1: case and review,abstract only
318,37870091,Pilocytic astrocytoma,Primary central nervous system lymphoma,Systematic characterization of antibody-drug conjugate targets in central nervous system tumors.,2024,https://europepmc.org/article/PMC/PMC10912007,0.00,0.00,0.00,1.00,0.00,0.00,0.00,,,,0.25,,,,Antibody-drug conjugate target expression across CNS tumours incl. pilocytic astrocytoma and CNS lymphoma,abstract only
319,26452166,Choroid plexus carcinoma,Neuroblastoma,Occurrence of Neuroblastoma among TP53 p.R337H Carriers.,2015,https://europepmc.org/article/PMC/PMC4599822,0.00,0.50,0.00,0.00,0.00,0.00,0.50,,0.75,,,,,0.5,"Neuroblastoma occurs in TP53 p.R337H carriers, who also develop adrenocortical tumours and choroid plexus carcinoma",abstract only
320,41591981,Choroid plexus carcinoma,Neuroblastoma,Phase I/II Study of the PARP Inhibitor Olaparib and Irinotecan in Children and Young Adults with Recurrent/Refractory Malignancies: Arm D of the AcSé-ESMART Trial.,2026,https://doi.org/10.1158/1078-0432.ccr-25-3767,0.00,0.00,0.00,1.00,0.00,0.00,0.00,,,,0.25,,,,Olaparib plus irinotecan phase I/II in recurrent paediatric malignancies incl. neuroblastoma and choroid plexus carcinoma,abstract only
321,3863432,Choroid plexus carcinoma,Neuroblastoma,Choroid plexus carcinoma. Report of a case with cytopathologic differential diagnosis.,1985,https://europepmc.org/article/MED/3863432,0.00,0.00,0.00,0.00,0.00,1.00,0.00,,,,,,0.25,,Choroid plexus carcinoma CSF cytology compared with other small-cell childhood neoplasms such as neuroblastoma,abstract only
322,18278172,Bernard-Soulier syndrome,Glanzmann thrombasthenia,Congenital disorders associated with platelet dysfunctions.,2008,https://doi.org/10.1160/th07-09-0568,0.50,0.00,0.50,0.00,0.00,0.00,0.00,0.75,,0.5,,,,,Congenital platelet function disorders: Bernard-Soulier (GPIb-IX-V) and Glanzmann (integrin) glycoprotein defects,abstract only
323,32562285,Bernard-Soulier syndrome,Glanzmann thrombasthenia,Bleeding phenotype and diagnostic characterization of patients with congenital platelet defects.,2020,https://europepmc.org/article/PMC/PMC7540397,0.60,0.00,0.00,0.00,0.00,0.40,0.00,0.75,,,,,0.5,,"Bleeding phenotype and diagnostic characterization of Glanzmann, Bernard-Soulier and other congenital platelet defects",abstract only
324,25707719,Bernard-Soulier syndrome,Glanzmann thrombasthenia,Inherited platelet disorders.,2016,https://doi.org/10.5482/hamo-14-11-0067,0.60,0.00,0.00,0.00,0.00,0.40,0.00,0.75,,,,,0.5,,"Inherited platelet disorders incl. Glanzmann and Bernard-Soulier: clinical and molecular phenotype, misdiagnosis risk",abstract only
325,10935441,Frontotemporal dementia with motor neuron disease,Amyotrophic lateral sclerosis,Frontotemporal dementia with motor neuron disease (amyotrophic lateral sclerosis with dementia).,2000,https://doi.org/10.1046/j.1440-1789.2000.00272.x,0.50,0.00,0.50,0.00,0.00,0.00,0.00,0.9,,0.75,,,,,FTD with motor neuron disease equals ALS with dementia; shared medial temporal and hippocampal pathology,abstract only
326,23034079,Frontotemporal dementia with motor neuron disease,Amyotrophic lateral sclerosis,Neuropsychiatric features of C9orf72-associated behavioral variant frontotemporal dementia and frontotemporal dementia with motor neuron disease.,2012,https://europepmc.org/article/PMC/PMC3580395,0.50,0.50,0.00,0.00,0.00,0.00,0.00,0.75,1.0,,,,,,Neuropsychiatric features of C9orf72-associated bvFTD and FTD-ALS,abstract only
327,21266384,DICER1 tumor-predisposition syndrome,Pleuropulmonary blastoma,"DICER1 syndrome: clarifying the diagnosis, clinical features and management implications of a pleiotropic tumour predisposition syndrome.",2011,https://doi.org/10.1136/jmg.2010.083790,0.00,0.50,0.00,0.00,0.00,0.00,0.50,,1.0,,,,,0.9,Constitutional DICER1 mutations cause familial pleuropulmonary blastoma and a pleiotropic tumour syndrome,abstract only
328,24839956,DICER1 tumor-predisposition syndrome,Pleuropulmonary blastoma,Pituitary blastoma: a pathognomonic feature of germ-line DICER1 mutations.,2014,https://europepmc.org/article/PMC/PMC4129448,0.00,0.40,0.00,0.00,0.00,0.00,0.60,,1.0,,,,,0.75,Pituitary blastoma as a pathognomonic feature of germline DICER1 (PPB-familial tumour and dysplasia syndrome),abstract only
329,34599283,DICER1 tumor-predisposition syndrome,Pleuropulmonary blastoma,DICER1 tumor predisposition syndrome: an evolving story initiated with the pleuropulmonary blastoma.,2022,https://europepmc.org/article/PMC/PMC8695383,0.00,0.40,0.00,0.00,0.00,0.00,0.60,,1.0,,,,,0.9,"DICER1 tumour predisposition syndrome initiated with pleuropulmonary blastoma, its most common tumour",abstract only
330,24867163,Aneurysm-osteoarthritis syndrome,Marfan syndrome,Cardiovascular manifestations in Marfan syndrome and related diseases; multiple genes causing similar phenotypes.,2015,https://doi.org/10.1111/cge.12436,0.40,0.20,0.40,0.00,0.00,0.00,0.00,0.75,0.5,0.75,,,,,Cardiovascular manifestations of Marfan and related TGFB-signalling diseases incl. aneurysm-osteoarthritis syndrome,abstract only
331,24867163,Aneurysm-osteoarthritis syndrome,Loeys-Dietz syndrome,Cardiovascular manifestations in Marfan syndrome and related diseases; multiple genes causing similar phenotypes.,2015,https://doi.org/10.1111/cge.12436,0.40,0.20,0.40,0.00,0.00,0.00,0.00,0.75,0.5,0.75,,,,,TGFb-signalling aortopathies: Loeys-Dietz and aneurysm-osteoarthritis syndrome share cardiovascular phenotype with Marfan,abstract only
332,28585220,Hereditary arterial and articular multiple calcification syndrome,Generalized arterial calcification of infancy,Inherited Arterial Calcification Syndromes: Etiologies and Treatment Concepts.,2017,https://doi.org/10.1007/s11914-017-0370-3,0.00,0.40,0.60,0.00,0.00,0.00,0.00,,0.5,0.75,,,,,Inherited arterial calcification syndromes incl. GACI and CD73-deficiency arterial/joint calcification,abstract only
333,28340679,Hereditary arterial and articular multiple calcification syndrome,Generalized arterial calcification of infancy,Insights into Pathomechanisms and Treatment Development in Heritable Ectopic Mineralization Disorders: Summary of the PXE International Biennial Research Symposium-2016.,2017,https://europepmc.org/article/PMC/PMC5831331,0.00,0.00,0.50,0.50,0.00,0.00,0.00,,,0.75,0.75,,,,Pseudoxanthoma elasticum prototype of ectopic mineralisation with overlap with GACI and CD73 deficiency; low PPi/Pi ratio,abstract only
334,26902123,Hereditary arterial and articular multiple calcification syndrome,Generalized arterial calcification of infancy,Research Progress in Pseudoxanthoma Elasticum and Related Ectopic Mineralization Disorders.,2016,https://europepmc.org/article/PMC/PMC4765001,0.50,0.00,0.50,0.00,0.00,0.00,0.00,0.75,,0.75,,,,,"Heritable ectopic mineralisation disorders: PXE, GACI and arterial calcification due to CD73 deficiency",abstract only
335,23122642,Hereditary arterial and articular multiple calcification syndrome,Generalized arterial calcification of infancy,Genetics in arterial calcification: lessons learned from rare diseases.,2012,https://doi.org/10.1016/j.tcm.2012.07.011,0.00,0.50,0.50,0.00,0.00,0.00,0.00,,0.5,0.75,,,,,"Genetics of arterial calcification from rare diseases GACI, PXE, CALJA and basal ganglia calcification",abstract only
336,33396306,Hereditary arterial and articular multiple calcification syndrome,Generalized arterial calcification of infancy,Therapeutics Development for Pseudoxanthoma Elasticum and Related Ectopic Mineralization Disorders: Update 2020.,2020,https://europepmc.org/article/PMC/PMC7795895,0.00,0.00,0.40,0.60,0.00,0.00,0.00,,,0.75,0.75,,,,Therapeutics development for PXE and related ectopic mineralisation disorders incl. GACI and CD73 deficiency,abstract only
337,18239085,Multiple myeloma,Polymyositis,"Risk of multiple myeloma and monoclonal gammopathy of undetermined significance among white and black male United States veterans with prior autoimmune, infectious, inflammatory, and allergic disorders.",2008,https://europepmc.org/article/PMC/PMC2275008,0.00,0.00,0.00,0.00,0.00,0.00,1.00,,,,,,,0.25,Prior autoimmune disorders (incl. myositis) and risk of multiple myeloma/MGUS in US veterans,abstract only
338,24730540,Multiple myeloma,Polymyositis,Autoimmune diseases during treatment with immunomodulatory drugs in multiple myeloma: selective occurrence after lenalidomide.,2014,https://doi.org/10.3109/10428194.2014.914203,0.00,0.00,0.00,0.00,0.00,0.00,1.00,,,,,,,0.25,Autoimmune disease occurrence during IMiD treatment of myeloma,abstract only
339,22079677,Multiple myeloma,Polymyositis,Hematological malignancy associated with polymyositis and dermatomyositis.,2012,https://doi.org/10.1016/j.autrev.2011.10.024,0.00,0.00,0.00,0.00,0.00,0.00,1.00,,,,,,,0.25,Haematological malignancy (incl. myeloma) associated with polymyositis/dermatomyositis,abstract only
340,23031386,Multiple myeloma,Polymyositis,Effect of autoimmune diseases on incidence and survival in subsequent multiple myeloma.,2012,https://europepmc.org/article/PMC/PMC3473243,0.00,0.00,0.00,0.00,0.00,0.00,1.00,,,,,,,0.25,Autoimmune disease (incl. polymyositis) effect on incidence and survival of subsequent multiple myeloma,abstract only
341,21753072,Prolactinoma,Non-functioning pituitary adenoma,High prevalence of AIP gene mutations following focused screening in young patients with sporadic pituitary macroadenomas.,2011,https://doi.org/10.1530/eje-11-0304,0.00,1.00,0.00,0.00,0.00,0.00,0.00,,0.5,,,,,,AIP mutation prevalence in young sporadic pituitary adenoma patients across subtypes,abstract only
342,24272035,Prolactinoma,Non-functioning pituitary adenoma,Feasibility and outcome of re-irradiation in the treatment of multiply recurrent pituitary adenomas.,2014,https://doi.org/10.1007/s11102-013-0541-x,0.00,0.00,0.00,1.00,0.00,0.00,0.00,,,,0.75,,,,Re-irradiation outcomes for multiply recurrent pituitary adenomas of mixed subtype,abstract only
343,40257641,Prolactinoma,Non-functioning pituitary adenoma,Impulse control disorders in patients with pituitary adenoma managed with or without dopamine agonists: a cross-sectional study from a UK centre.,2025,https://europepmc.org/article/PMC/PMC12011938,0.00,0.00,0.00,0.60,0.00,0.00,0.40,,,,0.25,,,0.5,"Impulse control disorders in prolactinoma, acromegaly and non-functioning adenoma on or off dopamine agonists",abstract only
344,9425388,Prolactinoma,Non-functioning pituitary adenoma,Multiple endocrine neoplasia type 1 in patients with recognized pituitary tumours of different types.,1997,https://doi.org/10.1046/j.1365-2265.1997.3311122.x,0.00,0.50,0.00,0.00,0.00,0.00,0.50,,0.5,,,,,0.5,"MEN1 prevalence in patients with pituitary tumours of different types (prolactinoma, non-functioning)",abstract only
345,25142896,Prolactinoma,Non-functioning pituitary adenoma,Diagnostic pitfalls of hyperprolactinemia: the importance of sequential pituitary imaging.,2014,https://europepmc.org/article/PMC/PMC4148930,0.00,0.00,0.00,0.00,0.00,1.00,0.00,,,,,,0.5,,Hyperprolactinemia pitfalls: serum prolactin cut-off does not reliably separate prolactinoma from non-functioning adenoma,abstract only
346,28984115,Diffuse large B-cell lymphoma of the central nervous system,Post-transplant lymphoproliferative disease,EBV-positive post-transplant lymphoproliferative disorder presenting as primary diffuse large B-cell lymphoma of the central nervous system.,2017,https://doi.org/10.5114/fn.2017.70487,0.00,0.00,0.00,0.00,0.00,0.50,0.50,,,,,,0.75,0.9,EBV-positive post-transplant lymphoproliferative disorder presenting as primary CNS diffuse large B-cell lymphoma,abstract only
347,36980147,Caudal regression syndrome,Sirenomelia,Caudal Regression Syndrome-A Narrative Review: An Orthopedic Point of View.,2023,https://europepmc.org/article/PMC/PMC10047641,1.00,0.00,0.00,0.00,0.00,0.00,0.00,0.9,,,,,,,"Caudal regression syndrome types include sirenomelia, complete and partial sacral agenesis",abstract only
348,33158301,Caudal regression syndrome,Sirenomelia,Caudal Regression Syndrome.,2020,https://europepmc.org/article/PMC/PMC7694368,0.60,0.00,0.00,0.00,0.40,0.00,0.00,0.75,,,,0.75,,,Caudal regression syndrome overview; sirenomelia a related condition; prevalence,abstract only
349,1812270,Caudal regression syndrome,Sirenomelia,Sirenomelia in an identical twin: a case report.,1991,https://doi.org/10.1016/0022-3468(91)90614-y,1.00,0.00,0.00,0.00,0.00,0.00,0.00,0.9,,,,,,,"Sirenomelia as the most extreme form of caudal regression syndrome, in identical twins",abstract only
350,11782287,Caudal regression syndrome,Sirenomelia,Prenatal diagnosis of Caudal Regression Syndrome : a case report.,2001,https://europepmc.org/article/PMC/PMC64494,0.60,0.00,0.40,0.00,0.00,0.00,0.00,0.9,,0.75,,,,,Prenatal diagnosis of caudal regression: spectrum up to sirenomelia; shared maternal diabetes and vascular causes,abstract only
351,26187128,Familial isolated pituitary adenoma,Pituitary gigantism,Clinical and genetic characterization of pituitary gigantism: an international collaborative study in 208 patients.,2015,https://europepmc.org/article/PMC/PMC6533620,0.40,0.60,0.00,0.00,0.00,0.00,0.00,0.5,0.75,,,,,,International study of pituitary gigantism: AIP mutations and familial isolated pituitary adenoma,abstract only
352,28483363,Familial isolated pituitary adenoma,Pituitary gigantism,AIP mutations and gigantism.,2017,https://doi.org/10.1016/j.ando.2017.04.012,0.30,0.70,0.00,0.00,0.00,0.00,0.00,0.5,0.75,,,,,,"AIP mutations are most prevalent in gigantism (29%) and FIPA kindreds, rare in sporadic acromegaly",abstract only
353,33805450,Familial isolated pituitary adenoma,Pituitary gigantism,Genetics of Acromegaly and Gigantism.,2021,https://europepmc.org/article/PMC/PMC8036715,0.00,0.60,0.40,0.00,0.00,0.00,0.00,,0.75,0.5,,,,,"Genetics of acromegaly and gigantism: AIP, GPR101, PRKAR1A and other germline/somatic causes",abstract only
354,27657986,Familial isolated pituitary adenoma,Pituitary gigantism,Genetics of gigantism and acromegaly.,2016,https://europepmc.org/article/PMC/PMC5154831,0.00,0.60,0.40,0.00,0.00,0.00,0.00,,0.75,0.5,,,,,Genetics of gigantism and acromegaly; familial pituitary adenoma genes,abstract only
355,29891694,Chromophobe renal cell carcinoma,Tuberous sclerosis complex,Impairment of gamma-glutamyl transferase 1 activity in the metabolic pathogenesis of chromophobe renal cell carcinoma.,2018,https://europepmc.org/article/PMC/PMC6142242,0.00,0.00,0.00,0.00,0.00,0.00,1.00,,,,,,,0.5,Chromophobe RCC arises sporadically and in genetic syndromes incl. Birt-Hogg-Dube and tuberous sclerosis complex,abstract only
356,32327294,Chromophobe renal cell carcinoma,Tuberous sclerosis complex,The Role of Heat Shock Protein-90 in the Pathogenesis of Birt-Hogg-Dubé and Tuberous Sclerosis Complex Syndromes.,2021,https://europepmc.org/article/PMC/PMC7572595,0.00,0.00,0.50,0.00,0.00,0.00,0.50,,,0.5,,,,0.5,"HSP90 in Birt-Hogg-Dube and tuberous sclerosis: chromophobe RCC versus angiomyolipoma, shared mTOR dysregulation",abstract only
357,9495359,Skeletal Ewing sarcoma,Peripheral primitive neuroectodermal tumor,Predictive potential of testing for bone marrow involvement in Ewing tumor patients by RT-PCR: a preliminary evaluation.,1998,https://doi.org/10.1002/(sici)1097-0215(19980220)79:1<56::aid-ijc11>3.0.co;2-f,0.40,0.60,0.00,0.00,0.00,0.00,0.00,0.9,1.0,,,,,,Ewing sarcoma and peripheral PNET (Ewing tumours) share EWS/ets fusions detected by RT-PCR,abstract only
358,11854596,Skeletal Ewing sarcoma,Peripheral primitive neuroectodermal tumor,Atypical pleomorphic extraosseous ewing tumor/peripheral primitive neuroectodermal tumor with unusual phenotypic/genotypic profile.,2002,https://doi.org/10.1097/00019606-200203000-00003,0.50,0.50,0.00,0.00,0.00,0.00,0.00,0.75,0.75,,,,,,Atypical pleomorphic extraosseous Ewing tumour/pPNET with unusual molecular features,abstract only
359,30477937,Skeletal Ewing sarcoma,Chondrosarcoma,"Efficacy and safety of regorafenib in adult patients with metastatic osteosarcoma: a non-comparative, randomised, double-blind, placebo-controlled, phase 2 study.",2019,https://doi.org/10.1016/s1470-2045(18)30742-3,0.00,0.00,0.00,1.00,0.00,0.00,0.00,,,,0.25,,,,Regorafenib in bone sarcomas incl. Ewing sarcoma and chondrosarcoma cohorts,abstract only
360,30775238,Skeletal Ewing sarcoma,Chondrosarcoma,Advances in immune checkpoint inhibitors for bone sarcoma therapy.,2019,https://europepmc.org/article/PMC/PMC6365405,0.00,0.00,0.00,1.00,0.00,0.00,0.00,,,,0.25,,,,Immune checkpoint inhibitors in bone sarcomas incl. Ewing sarcoma and chondrosarcoma,abstract only
361,31364155,Overhydrated hereditary stomatocytosis,Southeast Asian ovalocytosis,Advances in understanding the pathogenesis of red cell membrane disorders.,2019,https://doi.org/10.1111/bjh.16126,0.30,0.00,0.70,0.00,0.00,0.00,0.00,0.5,,0.5,,,,,Red cell membrane disorders pathogenesis incl. overhydrated stomatocytosis and Southeast Asian ovalocytosis,abstract only
362,31444901,Hypopigmentation-punctate palmoplantar keratoderma syndrome,Pseudoxanthoma elasticum,"Novel homozygous ENPP1 mutation causes generalized arterial calcifications of infancy, thrombocytopenia, and cardiovascular and central nervous system syndrome.",2019,https://europepmc.org/article/PMC/PMC6886884,0.40,0.60,0.00,0.00,0.00,0.00,0.00,0.5,0.75,,,,,,ENPP1 mutation causes generalized arterial calcification of infancy; ENPP1 phenotypes incl. PXE and Cole disease,abstract only
363,35475527,Hypopigmentation-punctate palmoplantar keratoderma syndrome,Pseudoxanthoma elasticum,"Mutation update: Variants of the ENPP1 gene in pathologic calcification, hypophosphatemic rickets, and cutaneous hypopigmentation with punctate keratoderma.",2022,https://europepmc.org/article/PMC/PMC9357117,0.00,0.60,0.40,0.00,0.00,0.00,0.00,,0.75,0.75,,,,,"ENPP1 variant update across pathologic calcification, hypophosphatemic rickets, PXE and Cole disease",abstract only
364,12733153,Synovial sarcoma,Leiomyosarcoma,Prognostic factors for patients with localized soft-tissue sarcoma treated with conservation surgery and radiation therapy: an analysis of 1225 patients.,2003,https://doi.org/10.1002/cncr.11365,0.00,0.00,0.00,0.40,0.60,0.00,0.00,,,,0.5,0.5,,,Prognostic factors for localized soft tissue sarcoma incl. synovial sarcoma and leiomyosarcoma,abstract only
365,28499583,Synovial sarcoma,Leiomyosarcoma,"Histotype-tailored neoadjuvant chemotherapy versus standard chemotherapy in patients with high-risk soft-tissue sarcomas (ISG-STS 1001): an international, open-label, randomised, controlled, phase 3, multicentre trial.",2017,https://doi.org/10.1016/s1470-2045(17)30334-0,0.00,0.00,0.00,1.00,0.00,0.00,0.00,,,,0.25,,,,"Histotype-tailored versus standard neoadjuvant chemotherapy in high-risk soft tissue sarcoma (synovial sarcoma, leiomyosarcoma arms)",abstract only
366,29895706,Synovial sarcoma,Leiomyosarcoma,"Safety and Efficacy of Anlotinib, a Multikinase Angiogenesis Inhibitor, in Patients with Refractory Metastatic Soft-Tissue Sarcoma.",2018,https://doi.org/10.1158/1078-0432.ccr-17-3766,0.00,0.00,0.00,1.00,0.00,0.00,0.00,,,,0.5,,,,"Anlotinib in refractory soft tissue sarcoma, leiomyosarcoma and synovial sarcoma cohorts",abstract only
367,10910082,Synovial sarcoma,Leiomyosarcoma,Wild-type p53 suppresses angiogenesis in human leiomyosarcoma and synovial sarcoma by transcriptional suppression of vascular endothelial growth factor expression.,2000,https://europepmc.org/article/MED/10910082,0.00,0.20,0.80,0.00,0.00,0.00,0.00,,0.5,0.75,,,,,Wild-type p53 suppresses angiogenesis in leiomyosarcoma and synovial sarcoma,abstract only
368,31276706,Synovial sarcoma,Leiomyosarcoma,TP53 in bone and soft tissue sarcomas.,2019,https://europepmc.org/article/PMC/PMC6746598,0.00,0.40,0.60,0.00,0.00,0.00,0.00,,0.5,0.5,,,,,TP53 roles across bone and soft tissue sarcomas,abstract only
369,19631908,Catecholaminergic polymorphic ventricular tachycardia,Congenital short QT syndrome,"Mechanisms and clinical management of inherited channelopathies: long QT syndrome, Brugada syndrome, catecholaminergic polymorphic ventricular tachycardia, and short QT syndrome.",2009,https://doi.org/10.1016/j.hrthm.2009.02.009,0.00,0.00,0.50,0.50,0.00,0.00,0.00,,,0.5,0.5,,,,"Mechanisms and management of inherited channelopathies (LQTS, Brugada, CPVT, short QT)",abstract only
370,26445202,Catecholaminergic polymorphic ventricular tachycardia,Congenital short QT syndrome,Implantable defibrillators versus medical therapy for cardiac channelopathies.,2015,https://europepmc.org/article/PMC/PMC6599851,0.00,0.00,0.00,1.00,0.00,0.00,0.00,,,,0.5,,,,ICD versus medical therapy for cardiac channelopathies incl. CPVT and short QT,abstract only
371,28849549,Takayasu arteritis,Juvenile dermatomyositis,Sex Differences in Pediatric Rheumatology.,2019,https://doi.org/10.1007/s12016-017-8642-3,0.00,0.00,0.00,0.00,1.00,0.00,0.00,,,,,0.5,,,Sex differences across paediatric rheumatic diseases incl. Takayasu arteritis and juvenile dermatomyositis,abstract only
372,41210231,Takayasu arteritis,Juvenile dermatomyositis,Therapeutic plasma exchange in autoimmune diseases: a retrospective study in a tertiary pediatric hospital in Mexico.,2025,https://europepmc.org/article/PMC/PMC12592088,0.00,0.00,0.00,1.00,0.00,0.00,0.00,,,,0.5,,,,Therapeutic plasma exchange in children with autoimmune diseases incl. Takayasu and juvenile dermatomyositis,abstract only
373,10828006,Essential thrombocythemia,Familial thrombocytosis,Translational pathophysiology: a novel molecular mechanism of human disease.,2000,https://doi.org/10.1182/blood.v95.11.3280,0.00,0.50,0.50,0.00,0.00,0.00,0.00,,0.75,0.75,,,,,Translational control of THPO via 5'UTR mutations causes hereditary thrombocythemia,abstract only
374,18367486,Essential thrombocythemia,Familial thrombocytosis,A de novo splice donor mutation in the thrombopoietin gene causes hereditary thrombocythemia in a Polish family.,2008,https://doi.org/10.3324/haematol.11801,0.40,0.60,0.00,0.00,0.00,0.00,0.00,0.75,0.5,,,,,,"THPO splice-donor mutation in hereditary thrombocythemia, clinically resembling sporadic essential thrombocythemia",abstract only
375,24381227,Essential thrombocythemia,Familial thrombocytosis,"A novel activating, germline JAK2 mutation, JAK2R564Q, causes familial essential thrombocytosis.",2014,https://doi.org/10.1182/blood-2012-12-473777,0.00,0.50,0.50,0.00,0.00,0.00,0.00,,0.5,0.75,,,,,"Germline JAK2R564Q causes familial essential thrombocytosis, like acquired JAK2 MPN mutations",abstract only
376,15838389,Essential thrombocythemia,Familial thrombocytosis,A basic classification and a comprehensive examination of pediatric myeloproliferative syndromes.,2005,https://doi.org/10.1097/01.mph.0000159934.35079.b5,0.40,0.00,0.00,0.00,0.00,0.60,0.00,0.5,,,,,0.5,,Classification of paediatric myeloproliferative syndromes; essential thrombocythemia vs familial forms and overlapping conditions,abstract only
377,15858187,Essential thrombocythemia,Polycythemia vera,A gain-of-function mutation of JAK2 in myeloproliferative disorders.,2005,https://doi.org/10.1056/nejmoa051113,0.00,0.60,0.40,0.00,0.00,0.00,0.00,,0.9,0.9,,,,,"JAK2 gain-of-function mutation in polycythemia vera, essential thrombocythemia and myelofibrosis",abstract only
378,16834459,Essential thrombocythemia,Polycythemia vera,MPLW515L is a novel somatic activating mutation in myelofibrosis with myeloid metaplasia.,2006,https://europepmc.org/article/PMC/PMC1502153,0.00,0.70,0.30,0.00,0.00,0.00,0.00,,0.5,0.9,,,,,"MPLW515L activating mutation in myelofibrosis; JAK2V617F in PV, ET and MF",abstract only
379,20130243,Essential thrombocythemia,Polycythemia vera,Preclinical characterization of the selective JAK1/2 inhibitor INCB018424: therapeutic implications for the treatment of myeloproliferative neoplasms.,2010,https://europepmc.org/article/PMC/PMC3953826,0.00,0.00,0.00,1.00,0.00,0.00,0.00,,,,0.9,,,,JAK1/2 inhibitor INCB018424 preclinical activity in JAK2V617F MPN incl. PV and ET,abstract only
380,17267906,Essential thrombocythemia,Polycythemia vera,JAK2 exon 12 mutations in polycythemia vera and idiopathic erythrocytosis.,2007,https://europepmc.org/article/PMC/PMC2873834,0.00,1.00,0.00,0.00,0.00,0.00,0.00,,0.75,,,,,,"JAK2 exon 12 mutations in V617F-negative polycythemia vera; V617F in PV, ET and myelofibrosis",abstract only
381,15837627,Essential thrombocythemia,Polycythemia vera,"Activating mutation in the tyrosine kinase JAK2 in polycythemia vera, essential thrombocythemia, and myeloid metaplasia with myelofibrosis.",2005,https://doi.org/10.1016/j.ccr.2005.03.023,0.00,0.60,0.40,0.00,0.00,0.00,0.00,,1.0,0.9,,,,,"Activating JAK2V617F mutation in PV, ET and idiopathic myelofibrosis",abstract only
382,29427028,Pediatric hepatocellular carcinoma,Hepatoblastoma,2017 PRETEXT: radiologic staging system for primary hepatic malignancies of childhood revised for the Paediatric Hepatic International Tumour Trial (PHITT).,2018,https://doi.org/10.1007/s00247-018-4078-z,0.00,0.00,0.00,0.60,0.00,0.40,0.00,,,,0.75,,0.5,,PRETEXT staging used to risk-stratify both hepatoblastoma and paediatric hepatocellular carcinoma,abstract only
383,17574594,Pediatric hepatocellular carcinoma,Hepatoblastoma,Bcl-2 gene silencing in pediatric epithelial liver tumors.,2008,https://doi.org/10.1016/j.jss.2007.03.054,0.00,0.00,0.60,0.40,0.00,0.00,0.00,,,0.75,0.75,,,,Bcl-2 silencing and chemotherapy sensitivity in paediatric epithelial liver tumours (hepatoblastoma and HCC),abstract only
384,32189106,Pediatric hepatocellular carcinoma,Hepatoblastoma,Downregulation of SFRP1 is a protumorigenic event in hepatoblastoma and correlates with beta-catenin mutations.,2020,https://europepmc.org/article/PMC/PMC7142044,0.00,0.30,0.70,0.00,0.00,0.00,0.00,,0.75,0.75,,,,,SFRP1 downregulation and WNT/beta-catenin alteration shared by hepatoblastoma and paediatric HCC,abstract only
385,4886645,Tularemia,Typhoid,The role of endotoxin during typhoid fever and tularemia in man. IV. The integrity of the endotoxin tolerance mechanisms during infection.,1969,https://europepmc.org/article/PMC/PMC322267,0.00,0.00,1.00,0.00,0.00,0.00,0.00,,,0.75,,,,,Endotoxin hyperreactivity and tolerance in volunteers with typhoid fever and tularemia,abstract only
386,41458397,Tularemia,Typhoid,Typhoidal tularemia with pancytopenia and pericarditis in a georgian adolescent.,2025,https://europepmc.org/article/PMC/PMC12741377,0.30,0.00,0.00,0.00,0.00,0.70,0.00,0.75,,,,,0.75,,"Typhoidal tularemia in an adolescent with pancytopenia and pericarditis, mimicking typhoid/haematological malignancy",abstract only
387,11360333,Ulerythema ophryogenesis,Atrophoderma vermiculata,Treatment of keratosis pilaris atrophicans with the pulsed tunable dye laser.,2000,https://doi.org/10.1080/14628830050516416,0.30,0.00,0.00,0.70,0.00,0.00,0.00,0.75,,,0.75,,,,Pulsed dye laser treatment of keratosis pilaris atrophicans spectrum incl. ulerythema ophryogenes and atrophoderma vermiculata,abstract only
388,28345255,Ulerythema ophryogenesis,Atrophoderma vermiculata,Lichenoid folliculitis: A unifying concept.,2017,https://doi.org/10.1111/cup.12938,0.50,0.00,0.50,0.00,0.00,0.00,0.00,0.75,,0.75,,,,,Lichenoid folliculitis unifying concept: KPA subgroup incl. ulerythema ophryogenes and atrophoderma vermiculatum,abstract only
389,19326693,Ulerythema ophryogenesis,Atrophoderma vermiculata,Atrophoderma vermiculatum: a case report and review of the literature on keratosis pilaris atrophicans.,2009,https://europepmc.org/article/MED/19326693,0.70,0.00,0.00,0.30,0.00,0.00,0.00,0.75,,,0.75,,,,"Atrophoderma vermiculatum and KPAF/KFSD as variants of keratosis pilaris atrophicans, all hard to treat",abstract only
390,32394931,Immunoglobulin A nephropathy,Familial Mediterranean fever,Familial mediterranean fever and immunoglobulin A nephropathy: A case report and review of the literature.,2020,https://doi.org/10.4103/1319-2442.284033,0.00,0.00,0.00,0.00,0.00,0.00,1.00,,,,,,,0.75,Familial Mediterranean fever with IgA nephropathy: case report and review,abstract only
391,18583934,Cerebroretinal vasculopathy,Hereditary vascular retinopathy,New roles for the major human 3'-5' exonuclease TREX1 in human disease.,2008,https://europepmc.org/article/PMC/PMC2825026,0.00,0.60,0.40,0.00,0.00,0.00,0.00,,1.0,0.9,,,,,"TREX1 mutations underlie cerebroretinal vasculopathy, HVR and HERNS, now grouped as RVCL",abstract only
392,11438888,Cerebroretinal vasculopathy,Hereditary vascular retinopathy,"Hereditary vascular retinopathy, cerebroretinal vasculopathy, and hereditary endotheliopathy with retinopathy, nephropathy, and stroke map to a single locus on chromosome 3p21.1-p21.3.",2001,https://europepmc.org/article/PMC/PMC1235317,0.40,0.60,0.00,0.00,0.00,0.00,0.00,0.75,1.0,,,,,,"Hereditary vascular retinopathy linked to 3p21, same locus as cerebroretinal vasculopathy and HERNS",abstract only
393,12525718,Cerebroretinal vasculopathy,Hereditary vascular retinopathy,"Hereditary infantile hemiparesis, retinal arteriolar tortuosity, and leukoencephalopathy.",2003,https://doi.org/10.1212/wnl.60.1.57,0.50,0.50,0.00,0.00,0.00,0.00,0.00,0.75,1.0,,,,,,"CRV, HERNS and HVR map to the same 3p21 locus; distinct from hereditary retinal arteriolar tortuosity",abstract only
394,25323666,Cerebroretinal vasculopathy,Hereditary vascular retinopathy,Neuropathology and genetics of cerebroretinal vasculopathies.,2014,https://europepmc.org/article/PMC/PMC8029267,0.50,0.50,0.00,0.00,0.00,0.00,0.00,0.75,1.0,,,,,,CRV and HVR/HERNS/HSA neuropathology and genetics unified as RVCL,abstract only
395,17431422,Familial Mediterranean fever,Muckle-Wells syndrome,"The SPRY domain of Pyrin, mutated in familial Mediterranean fever patients, interacts with inflammasome components and inhibits proIL-1beta processing.",2007,https://doi.org/10.1038/sj.cdd.4402142,0.00,0.30,0.70,0.00,0.00,0.00,0.00,,0.25,0.75,,,,,Pyrin SPRY domain (FMF) interacts with inflammasome components shared with cryopyrin diseases such as Muckle-Wells,abstract only
396,15720239,Familial Mediterranean fever,Muckle-Wells syndrome,Molecular and genetic characteristics of hereditary autoinflammatory diseases.,2005,https://doi.org/10.2174/1568010053622957,0.00,0.50,0.50,0.00,0.00,0.00,0.00,,0.25,0.75,,,,,Molecular genetics of hereditary autoinflammatory diseases: FMF (MEFV) and Muckle-Wells (NLRP3),abstract only
397,24282415,Familial Mediterranean fever,Muckle-Wells syndrome,"Monogenic autoinflammatory syndromes: state of the art on genetic, clinical, and therapeutic issues.",2013,https://europepmc.org/article/PMC/PMC3824558,0.30,0.30,0.40,0.00,0.00,0.00,0.00,0.75,0.25,0.75,,,,,"Monogenic autoinflammatory syndromes: genetic, clinical and therapeutic overview incl. FMF and Muckle-Wells",abstract only
398,12615073,Familial Mediterranean fever,Muckle-Wells syndrome,"Regulation of cryopyrin/Pypaf1 signaling by pyrin, the familial Mediterranean fever gene product.",2003,https://doi.org/10.1016/s0006-291x(03)00221-3,0.00,0.00,1.00,0.00,0.00,0.00,0.00,,,0.75,,,,,"Pyrin, the FMF gene product, regulates cryopyrin/Pypaf1 signalling mutated in Muckle-Wells",abstract only
399,22794157,Familial Mediterranean fever,SAPHO syndrome,"An overview of interleukin-1 receptor antagonist, anakinra, in the treatment of cutaneous diseases.",2012,https://doi.org/10.2174/157488412803305821,0.00,0.00,0.00,1.00,0.00,0.00,0.00,,,,0.75,,,,Anakinra (IL-1 blockade) in cutaneous diseases incl. FMF and SAPHO syndrome,abstract only
400,16972172,Gaucher disease,Chronic neurovisceral acid sphingomyelinase deficiency,Critical assessment of chitotriosidase analysis in the rational laboratory diagnosis of children with Gaucher disease and Niemann-Pick disease type A/B and C.,2006,https://doi.org/10.1007/s10545-006-0363-3,0.00,0.00,0.00,0.00,0.00,1.00,0.00,,,,,,0.75,,"Chitotriosidase screening in children with organomegaly to diagnose Gaucher, Niemann-Pick A/B and C",abstract only
401,26740238,Gaucher disease,Chronic neurovisceral acid sphingomyelinase deficiency,Demographic characteristics and distribution of lysosomal storage disorder subtypes in Eastern China.,2016,https://doi.org/10.1038/jhg.2015.155,0.00,0.00,0.00,0.00,1.00,0.00,0.00,,,,,0.5,,,Distribution and demographics of lysosomal storage disorder subtypes in Eastern China incl. Gaucher and Niemann-Pick,abstract only
402,15702402,Gaucher disease,Chronic neurovisceral acid sphingomyelinase deficiency,Plasma chitotriosidase and CCL18: early biochemical surrogate markers in type B Niemann-Pick disease.,2005,https://doi.org/10.1007/s10545-005-4416-9,0.30,0.00,0.40,0.00,0.00,0.30,0.00,0.75,,0.75,,,0.75,,Gaucher markers chitotriosidase and CCL18 raised in type B Niemann-Pick: similar storage macrophages,abstract only
403,17080332,Testicular teratoma,Yolk sac tumor,The malignant potential of teratomas in infancy and childhood: the MAKEI experiences in non-testicular teratoma and implications for a new protocol.,2006,https://doi.org/10.1055/s-2006-942275,0.00,0.00,0.00,0.40,0.60,0.00,0.00,,,,0.5,0.5,,,MAKEI experience on malignant potential of teratomas in infancy and childhood versus yolk sac tumours,abstract only
404,32636668,Testicular teratoma,Yolk sac tumor,Germline Sequencing Identifies Rare Variants in Finnish Subjects with Familial Germ Cell Tumors.,2020,https://europepmc.org/article/PMC/PMC7335280,0.30,0.70,0.00,0.00,0.00,0.00,0.00,0.75,0.75,,,,,,"Germline sequencing of Finnish familial germ cell tumour pedigrees (teratoma, yolk sac tumour and others)",abstract only
405,15211415,Testicular teratoma,Yolk sac tumor,Bilateral testicular teratoma in infancy: report of a rare case treated by testis-sparing surgery.,2004,https://doi.org/10.1055/s-2004-815871,0.00,0.00,0.00,0.00,1.00,0.00,0.00,,,,,0.5,,,Bilateral infantile testicular teratoma; teratoma second only to yolk sac tumour in frequency in children,abstract only
406,28689169,Severe early-childhood-onset retinal dystrophy,Leber congenital amaurosis,"Leber congenital amaurosis/early-onset severe retinal dystrophy: clinical features, molecular genetics and therapeutic interventions.",2017,https://europepmc.org/article/PMC/PMC5574398,0.50,0.50,0.00,0.00,0.00,0.00,0.00,0.9,0.9,,,,,,LCA and early-onset severe retinal dystrophy: shared clinical features and genetic heterogeneity,abstract only
407,15565294,Severe early-childhood-onset retinal dystrophy,Leber congenital amaurosis,Longitudinal and cross-sectional study of patients with early-onset severe retinal dystrophy associated with RPE65 mutations.,2005,https://doi.org/10.1007/s00417-004-1020-x,0.00,0.40,0.00,0.00,0.60,0.00,0.00,,0.9,,,0.75,,,RPE65-associated early-onset severe retinal dystrophy: longitudinal retinal function in LCA-type disease,abstract only
408,36099972,Severe early-childhood-onset retinal dystrophy,Leber congenital amaurosis,"CRB1-Associated Retinal Dystrophies: Genetics, Clinical Characteristics, and Natural History.",2023,https://europepmc.org/article/PMC/PMC10555856,0.00,0.40,0.00,0.00,0.60,0.00,0.00,,0.75,,,0.75,,,CRB1-associated retinal dystrophies incl. LCA and early-onset severe forms: natural history,abstract only
409,30025081,Severe early-childhood-onset retinal dystrophy,Leber congenital amaurosis,A Cross-Sectional and Longitudinal Study of Retinal Sensitivity in RPE65-Associated Leber Congenital Amaurosis.,2018,https://europepmc.org/article/PMC/PMC6040235,0.00,0.00,0.00,0.00,1.00,0.00,0.00,,,,,0.75,,,Natural history of retinal sensitivity in RPE65-associated LCA/EOSRD,abstract only
410,27102010,Severe early-childhood-onset retinal dystrophy,Leber congenital amaurosis,Results at 2 Years after Gene Therapy for RPE65-Deficient Leber Congenital Amaurosis and Severe Early-Childhood-Onset Retinal Dystrophy.,2016,https://doi.org/10.1016/j.ophtha.2016.03.003,0.00,0.40,0.00,0.60,0.00,0.00,0.00,,0.9,,0.9,,,,rAAV2-RPE65 gene therapy in LCA and severe early-childhood-onset retinal degeneration,abstract only
411,30477937,Extraskeletal Ewing sarcoma,Chondrosarcoma,"Efficacy and safety of regorafenib in adult patients with metastatic osteosarcoma: a non-comparative, randomised, double-blind, placebo-controlled, phase 2 study.",2019,https://doi.org/10.1016/s1470-2045(18)30742-3,0.00,0.00,0.00,1.00,0.00,0.00,0.00,,,,0.25,,,,Regorafenib activity differs across bone sarcoma cohorts incl. Ewing sarcoma and chondrosarcoma,abstract only
412,30775238,Extraskeletal Ewing sarcoma,Chondrosarcoma,Advances in immune checkpoint inhibitors for bone sarcoma therapy.,2019,https://europepmc.org/article/PMC/PMC6365405,0.00,0.00,0.00,1.00,0.00,0.00,0.00,,,,0.25,,,,Immune checkpoint inhibitors in bone sarcomas incl. Ewing sarcoma and chondrosarcoma,abstract only
413,25800760,Peripheral primitive neuroectodermal tumor,Desmoplastic small round cell tumor,Human Epidermal Growth Factor Receptor 2 (HER2) -Specific Chimeric Antigen Receptor-Modified T Cells for the Immunotherapy of HER2-Positive Sarcoma.,2015,https://europepmc.org/article/PMC/PMC4429176,0.00,0.00,0.00,1.00,0.00,0.00,0.00,,,,0.5,,,,HER2-specific CAR T cells in recurrent sarcoma incl. Ewing/pPNET and DSRCT,abstract only
414,31802230,Peripheral primitive neuroectodermal tumor,Desmoplastic small round cell tumor,Ewing sarcoma and Ewing-like tumors.,2020,https://doi.org/10.1007/s00428-019-02720-8,0.00,0.50,0.00,0.00,0.00,0.50,0.00,,0.5,,,,0.5,,Ewing sarcoma and Ewing-like tumours: molecular reappraisal of round cell sarcoma classification,abstract only
415,22420726,Peripheral primitive neuroectodermal tumor,Desmoplastic small round cell tumor,Ewing sarcoma/peripheral primitive neuroectodermal tumor and related tumors.,2012,https://europepmc.org/article/PMC/PMC6993191,0.00,0.50,0.00,0.00,0.00,0.50,0.00,,0.75,,,,0.75,,Ewing sarcoma/pPNET and related EWS-rearranged tumours (DSRCT) with overlapping features and diagnostic challenges,abstract only
416,28141799,Peripheral primitive neuroectodermal tumor,Desmoplastic small round cell tumor,The spectrum of EWSR1-rearranged neoplasms at a tertiary sarcoma centre; assessing 772 tumour specimens and the value of current ancillary molecular diagnostic modalities.,2017,https://europepmc.org/article/PMC/PMC5344299,0.00,0.60,0.00,0.00,0.00,0.40,0.00,,0.75,,,,0.5,,"Spectrum of EWSR1-rearranged neoplasms (Ewing, DSRCT, others) in 772 specimens",abstract only
417,30302899,Schaaf-Yang syndrome,Prader-Willi syndrome,Schaaf-Yang syndrome overview: Report of 78 individuals.,2018,https://europepmc.org/article/PMC/PMC6585857,0.50,0.30,0.00,0.00,0.20,0.00,0.00,0.5,0.75,,,0.5,,,Schaaf-Yang syndrome (MAGEL2) overlaps Prader-Willi in infancy but diverges in childhood,abstract only
418,31397880,Schaaf-Yang syndrome,Prader-Willi syndrome,MAGEL2-related disorders: A study and case series.,2019,https://europepmc.org/article/PMC/PMC6864226,0.40,0.60,0.00,0.00,0.00,0.00,0.00,0.5,0.75,,,,,,"MAGEL2 variants produce Chitayat-Hall, Schaaf-Yang and Prader-Willi phenotypes with overlap",abstract only
419,31504653,Schaaf-Yang syndrome,Prader-Willi syndrome,Mutations in MAGEL2 and L1CAM Are Associated With Congenital Hypopituitarism and Arthrogryposis.,2019,https://europepmc.org/article/PMC/PMC6916815,0.60,0.40,0.00,0.00,0.00,0.00,0.00,0.5,0.5,,,,,,MAGEL2 and L1CAM mutations in hypopituitarism with arthrogryposis; SYS phenotypically overlaps PWS,abstract only
420,32315313,Schaaf-Yang syndrome,Prader-Willi syndrome,A MAGEL2-deubiquitinase complex modulates the ubiquitination of circadian rhythm protein CRY1.,2020,https://europepmc.org/article/PMC/PMC7173924,0.00,0.40,0.60,0.00,0.00,0.00,0.00,,0.75,0.75,,,,,MAGEL2-deubiquitinase complex; MAGEL2 truncation in SYS and deletion in PWS both cause sleep abnormalities,abstract only
421,28933382,Schaaf-Yang syndrome,Prader-Willi syndrome,Prader-Willi Syndrome and Schaaf-Yang Syndrome: Neurodevelopmental Diseases Intersecting at the <i>MAGEL2</i> Gene.,2016,https://europepmc.org/article/PMC/PMC5456300,0.20,0.50,0.30,0.00,0.00,0.00,0.00,0.5,0.75,0.75,,,,,PWS and Schaaf-Yang syndrome intersect at MAGEL2 in the 15q11-q13 region,abstract only
422,646394,Familial atypical multiple mole melanoma syndrome,Melanoma,Origin of familial malignant melanomas from heritable melanocytic lesions. 'The B-K mole syndrome'.,1978,https://doi.org/10.1001/archderm.1978.01640170032006,0.50,0.00,0.00,0.00,0.00,0.00,0.50,0.75,,,,,,0.9,B-K mole syndrome: familial melanomas arise from heritable atypical melanocytic lesions,abstract only
423,7427881,Familial atypical multiple mole melanoma syndrome,Melanoma,Dysplastic nevus syndrome: a phenotypic association of sporadic cutaneous melanoma.,1980,https://doi.org/10.1002/1097-0142(19801015)46:8<1787::aid-cncr2820460816>3.0.co;2-s,0.40,0.00,0.00,0.00,0.00,0.00,0.60,0.75,,,,,,0.75,Dysplastic nevus syndrome phenotype in sporadic cutaneous melanoma,abstract only
424,7369321,Familial atypical multiple mole melanoma syndrome,Melanoma,Primary choroidal and cutaneous melanomas occurring in a patient with the B-K mole syndrome phenotype.,1980,https://doi.org/10.1016/0002-9394(80)90068-9,0.00,0.00,0.00,0.00,0.00,0.00,1.00,,,,,,,0.5,Primary choroidal and cutaneous melanomas in a patient with B-K mole syndrome phenotype,abstract only
425,1439824,Melanoma,Familial melanoma,"Assignment of a locus for familial melanoma, MLM, to chromosome 9p13-p22.",1992,https://doi.org/10.1126/science.1439824,0.20,0.80,0.00,0.00,0.00,0.00,0.00,0.75,0.75,,,,,,Linkage of familial melanoma locus MLM to 9p13-p22 in melanoma kindreds,abstract only
426,8116618,Melanoma,Familial melanoma,"Linkage of cutaneous malignant melanoma/dysplastic nevi to chromosome 9p, and evidence for genetic heterogeneity.",1994,https://europepmc.org/article/PMC/PMC1918143,0.00,1.00,0.00,0.00,0.00,0.00,0.00,,0.75,,,,,,Chromosome 9p linkage in CMM/dysplastic nevi families with genetic heterogeneity,abstract only
427,8668202,Melanoma,Familial melanoma,Temperature-sensitive mutants of p16CDKN2 associated with familial melanoma.,1996,https://europepmc.org/article/PMC/PMC231381,0.00,0.40,0.60,0.00,0.00,0.00,0.00,,0.75,0.75,,,,,p16CDKN2 temperature-sensitive mutants in familial melanoma,abstract only
428,24686846,Melanoma,Familial melanoma,Rare missense variants in POT1 predispose to familial cutaneous malignant melanoma.,2014,https://europepmc.org/article/PMC/PMC4056593,0.00,1.00,0.00,0.00,0.00,0.00,0.00,,0.5,,,,,,"Rare POT1 missense variants predispose to familial melanoma, apart from CDKN2A",abstract only
429,16368510,Melanoma,Familial melanoma,The current epidemiology of cutaneous malignant melanoma.,2006,https://doi.org/10.2741/1877,0.00,0.30,0.00,0.00,0.70,0.00,0.00,,0.5,,,0.75,,,Epidemiology of cutaneous melanoma incl. environmental and genetic (familial) factors,abstract only
430,22389730,Zika virus disease,Dengue fever,Genetic characterization of Zika virus strains: geographic expansion of the Asian lineage.,2012,https://europepmc.org/article/PMC/PMC3289602,0.50,0.00,0.00,0.00,0.00,0.50,0.00,0.75,,,,,0.75,,Zika virus clinically resembles dengue fever; ZIKV lineage genetics,abstract only
431,30465912,Zika virus disease,Dengue fever,Aedes aegypti vector competence studies: A review.,2019,https://europepmc.org/article/PMC/PMC8135908,0.00,0.00,1.00,0.00,0.00,0.00,0.00,,,0.75,,,,,"Aedes aegypti vector competence for dengue, Zika, yellow fever and chikungunya viruses",abstract only
432,32855339,Zika virus disease,Dengue fever,Zika virus infection enhances future risk of severe dengue disease.,2020,https://europepmc.org/article/PMC/PMC8274975,0.00,0.00,0.40,0.00,0.00,0.00,0.60,,,0.75,,,,0.5,Prior Zika infection enhances future risk of severe dengue (cross-reactive flavivirus immunity),abstract only
433,30668565,Zika virus disease,Dengue fever,Prior dengue virus infection and risk of Zika: A pediatric cohort in Nicaragua.,2019,https://europepmc.org/article/PMC/PMC6342296,0.00,0.00,0.40,0.00,0.00,0.00,0.60,,,0.75,,,,0.5,Prior dengue infection and risk of Zika in a Nicaraguan paediatric cohort,abstract only
434,29129917,Zika virus disease,Dengue fever,Dengue virus-reactive CD8<sup>+</sup> T cells mediate cross-protection against subsequent Zika virus challenge.,2017,https://europepmc.org/article/PMC/PMC5682281,0.00,0.00,1.00,0.00,0.00,0.00,0.00,,,0.75,,,,,Dengue-reactive CD8 T cells cross-protect against subsequent Zika infection,abstract only
435,32918630,Hepatoblastoma,Hepatocellular adenoma,Panel of potential lncRNA biomarkers can distinguish various types of liver malignant and benign tumors.,2021,https://europepmc.org/article/PMC/PMC11802012,0.00,0.00,0.40,0.00,0.00,0.60,0.00,,,0.25,,,0.25,,"lncRNA biomarker panel to discriminate hepatoblastoma, hepatocellular adenoma and other liver tumours",abstract only
436,10904262,Neonatal adrenoleukodystrophy,Infantile Refsum disease,Peroxisome biogenesis disorders: genetics and cell biology.,2000,https://doi.org/10.1016/s0168-9525(00)02056-4,0.50,0.50,0.00,0.00,0.00,0.00,0.00,0.9,1.0,,,,,,"Peroxisome biogenesis disorders (ZS, NALD, IRD) genetics and cell biology",abstract only
437,11389485,Neonatal adrenoleukodystrophy,Infantile Refsum disease,Disorders of peroxisome biogenesis due to mutations in PEX1: phenotypes and PEX1 protein levels.,2001,https://europepmc.org/article/PMC/PMC1226046,0.50,0.50,0.00,0.00,0.00,0.00,0.00,0.75,1.0,,,,,,"PEX1 mutations across ZS, NALD and IRD: severity tracks residual PEX1 protein",abstract only
438,15098231,Neonatal adrenoleukodystrophy,Infantile Refsum disease,Peroxisome biogenesis disorders with prolonged survival: phenotypic expression in a cohort of 31 patients.,2004,https://doi.org/10.1002/ajmg.a.20664,0.40,0.00,0.00,0.00,0.60,0.00,0.00,0.75,,,,0.75,,,"PBD patients with prolonged survival: phenotypic overlap of ZS, NALD and IRD",abstract only
439,10527683,Neonatal adrenoleukodystrophy,Infantile Refsum disease,Genotype-phenotype correlations in disorders of peroxisome biogenesis.,1999,https://doi.org/10.1006/mgme.1999.2926,0.40,0.60,0.00,0.00,0.00,0.00,0.00,0.75,1.0,,,,,,"Genotype-phenotype correlations in peroxisome biogenesis disorders (NALD, IRD)",abstract only
440,9671729,Neonatal adrenoleukodystrophy,Infantile Refsum disease,"Disruption of a PEX1-PEX6 interaction is the most common cause of the neurologic disorders Zellweger syndrome, neonatal adrenoleukodystrophy, and infantile Refsum disease.",1998,https://europepmc.org/article/PMC/PMC21127,0.00,0.50,0.50,0.00,0.00,0.00,0.00,,1.0,1.0,,,,,PEX1-PEX6 interaction disruption is the most common cause of Zellweger spectrum disease,abstract only
441,16276018,Plasma cell leukemia,B-cell chronic lymphocytic leukemia,Hodgkin's disease in an elderly patient with B-cell chronic lymphocytic leukemia.,2005,https://doi.org/10.4103/0019-509x.17062,0.00,0.00,0.00,0.00,0.00,0.00,1.00,,,,,,,0.5,Hodgkin disease in CLL; CLL may transform to plasma cell leukaemia or myeloma,abstract only
442,16407890,Familial cold urticaria,Muckle-Wells syndrome,Cryopyrin activates the inflammasome in response to toxins and ATP.,2006,https://doi.org/10.1038/nature04515,0.00,0.00,1.00,0.00,0.00,0.00,0.00,,,0.9,,,,,Cryopyrin activates the inflammasome in response to toxins and ATP; mutated in cold urticaria and Muckle-Wells,abstract only
443,16546100,Familial cold urticaria,Muckle-Wells syndrome,Critical role for NALP3/CIAS1/Cryopyrin in innate and adaptive immunity through its regulation of caspase-1.,2006,https://doi.org/10.1016/j.immuni.2006.02.004,0.00,0.50,0.50,0.00,0.00,0.00,0.00,,1.0,0.9,,,,,"NALP3/CIAS1 mutations link Muckle-Wells, familial cold autoinflammatory syndrome and CINCA; role in innate immunity",abstract only
444,12483741,Familial cold urticaria,Muckle-Wells syndrome,"De novo CIAS1 mutations, cytokine activation, and evidence for genetic heterogeneity in patients with neonatal-onset multisystem inflammatory disease (NOMID): a new member of the expanding family of pyrin-associated autoinflammatory diseases.",2002,https://europepmc.org/article/PMC/PMC4556432,0.00,1.00,0.00,0.00,0.00,0.00,0.00,,0.9,,,,,,"De novo CIAS1 mutations in NOMID, the gene that causes Muckle-Wells and familial cold urticaria",abstract only
445,12032915,Familial cold urticaria,Muckle-Wells syndrome,"Chronic infantile neurological cutaneous and articular syndrome is caused by mutations in CIAS1, a gene highly expressed in polymorphonuclear cells and chondrocytes.",2002,https://europepmc.org/article/PMC/PMC384980,0.00,1.00,0.00,0.00,0.00,0.00,0.00,,0.9,,,,,,"CINCA syndrome caused by CIAS1 mutations, the gene for Muckle-Wells and familial cold urticaria",abstract only
446,25686106,Familial cold urticaria,Muckle-Wells syndrome,The ketone metabolite β-hydroxybutyrate blocks NLRP3 inflammasome-mediated inflammatory disease.,2015,https://europepmc.org/article/PMC/PMC4352123,0.00,0.00,0.50,0.50,0.00,0.00,0.00,,,0.9,0.75,,,,Ketone metabolite beta-hydroxybutyrate blocks NLRP3-mediated disease models of FCAS and Muckle-Wells,abstract only
447,22791528,Jeune syndrome,"Short rib-polydactyly syndrome, Majewski type",Ciliary disorder of the skeleton.,2012,https://doi.org/10.1002/ajmg.c.31336,0.00,0.40,0.60,0.00,0.00,0.00,0.00,,0.75,0.75,,,,,Ciliary skeletal disorders: Jeune syndrome and short rib-polydactyly type III are ciliopathies acting via hedgehog signalling,abstract only
448,18990981,Jeune syndrome,"Short rib-polydactyly syndrome, Majewski type",Skeletal dysplasias: 38 prenatal cases.,2008,https://europepmc.org/article/MED/18990981,0.20,0.00,0.00,0.00,0.00,0.80,0.00,0.75,,,,,0.5,,Prenatal diagnosis of skeletal dysplasias incl. Jeune syndrome and short rib-polydactyly,abstract only
449,8157027,Kniest dysplasia,Achondrogenesis,The type II collagenopathies: a spectrum of chondrodysplasias.,1994,https://doi.org/10.1007/bf01959208,0.50,0.50,0.00,0.00,0.00,0.00,0.00,0.75,1.0,,,,,,"Type II collagenopathies: achondrogenesis II, hypochondrogenesis, SEDC, Kniest dysplasia, Stickler as a COL2A1 spectrum",abstract only
450,34573377,Kniest dysplasia,Achondrogenesis,A Novel Splicing Variant of <i>COL2A1</i> in a Fetus with Achondrogenesis Type II: Interpretation of Pathogenicity of In-Frame Deletions.,2021,https://europepmc.org/article/PMC/PMC8467821,0.30,0.70,0.00,0.00,0.00,0.00,0.00,0.5,1.0,,,,,,Novel COL2A1 splicing variant in achondrogenesis type II; COL2A1 spectrum incl. Kniest,abstract only
451,7550321,Kniest dysplasia,Achondrogenesis,"Dominant mutations in the type II collagen gene, COL2A1, produce spondyloepimetaphyseal dysplasia, Strudwick type.",1995,https://doi.org/10.1038/ng0995-87,0.40,0.60,0.00,0.00,0.00,0.00,0.00,0.5,1.0,,,,,,"Dominant COL2A1 mutations produce SEMD, Kniest and achondrogenesis-hypochondrogenesis spectrum of chondrodysplasias",abstract only
452,7847372,Kniest dysplasia,Achondrogenesis,An RNA-splicing mutation (G+5IVS20) in the type II collagen gene (COL2A1) in a family with spondyloepiphyseal dysplasia congenita.,1995,https://europepmc.org/article/PMC/PMC1801144,0.50,0.50,0.00,0.00,0.00,0.00,0.00,0.75,1.0,,,,,,COL2A1 splice mutation in SEDC: phenotypic continuum of type II collagen chondrodysplasias incl. achondrogenesis II and Kniest,abstract only
453,3903942,Leishmaniasis,Pneumocystosis,Pentamidine: a review.,1985,https://doi.org/10.1093/clinids/7.5.625,0.00,0.00,0.00,1.00,0.00,0.00,0.00,,,,0.75,,,,Pentamidine treats antimony-resistant leishmaniasis and Pneumocystis pneumonia,abstract only
454,8296358,Leishmaniasis,Pneumocystosis,"Leishmania braziliensis causing visceral leishmaniasis in a patient with human immunodeficiency virus infection, identified with the aid of the polymerase chain reaction.",1993,https://doi.org/10.1016/0035-9203(93)90264-q,0.00,0.00,0.00,0.00,0.00,0.00,1.00,,,,,,,0.5,Visceral Leishmania braziliensis in an HIV patient with Pneumocystis pneumonia,abstract only
455,15340016,Leishmaniasis,Pneumocystosis,Pentamidine-induced long QT syndrome and block of hERG trafficking.,2005,https://doi.org/10.1124/jpet.104.073692,0.00,0.00,0.00,1.00,0.00,0.00,0.00,,,,0.75,,,,"Pentamidine-induced long QT; drug used for leishmaniasis, trypanosomiasis and Pneumocystis pneumonia",abstract only
456,41026024,Non rare obesity,Sarcoidosis,Impact of nutritional status in sarcoidosis patients.,2025,https://europepmc.org/article/PMC/PMC12536844,0.00,0.00,0.00,0.00,0.00,0.00,1.00,,,,,,,0.5,Nutritional status (including obesity) in sarcoidosis patients and fatigue,abstract only
457,26492355,Chronic myeloid leukemia,Polycythemia vera,Myeloproliferative neoplasms: A decade of discoveries and treatment advances.,2016,https://doi.org/10.1002/ajh.24221,0.00,0.40,0.40,0.20,0.00,0.00,0.00,,0.25,0.5,0.5,,,,Myeloproliferative neoplasms: CML (BCR-ABL1) and polycythemia vera (JAK2) as classic MPNs,abstract only
458,29426921,Chronic myeloid leukemia,Polycythemia vera,The 2016 WHO classification and diagnostic criteria for myeloproliferative neoplasms: document summary and in-depth discussion.,2018,https://europepmc.org/article/PMC/PMC5807384,0.50,0.00,0.00,0.00,0.00,0.50,0.00,0.5,,,,,0.75,,2016 WHO classification and diagnostic criteria for myeloproliferative neoplasms incl. CML and polycythemia vera,abstract only
459,1327665,Lymphangioleiomyomatosis,Capillary-lymphatic-venous malformation with segmental distribution,"Pulmonary abnormalities in Klippel-Trenaunay syndrome. A histologic, ultrastructural, and immunocytochemical study.",1992,https://doi.org/10.1378/chest.102.4.1274,0.40,0.00,0.00,0.00,0.00,0.00,0.60,0.5,,,,,,0.5,Pulmonary abnormalities in Klippel-Trenaunay syndrome with lymphangioleiomyomatosis-like features,abstract only
460,29911432,Left ventricular noncompaction,Peripartum cardiomyopathy,Anticoagulation Therapy in Specific Cardiomyopathies: Isolated Left Ventricular Noncompaction and Peripartum Cardiomyopathy.,2019,https://doi.org/10.1177/1074248418783745,0.00,0.00,0.00,1.00,0.00,0.00,0.00,,,,0.75,,,,Anticoagulation in left ventricular noncompaction and peripartum cardiomyopathy: systematic review,abstract only
461,27147549,Left ventricular noncompaction,Peripartum cardiomyopathy,"When it rains, it pours: Peripartum cardiomyopathy with features of left-ventricular noncompaction in a hemodialysis patient.",2016,https://doi.org/10.1111/hdi.12427,0.00,0.00,0.00,0.00,0.00,0.60,0.40,,,,,,0.75,0.9,Peripartum cardiomyopathy with left ventricular noncompaction features in a haemodialysis patient,abstract only
462,28900468,Burkitt lymphoma,Retinoblastoma,Cancer of childhood in sub-Saharan Africa.,2017,https://europepmc.org/article/PMC/PMC5574662,0.00,0.00,0.00,0.00,1.00,0.00,0.00,,,,,0.5,,,Childhood cancer incidence in sub-Saharan Africa: Burkitt lymphoma and retinoblastoma among leading cancers,abstract only
463,17634839,Follicular lymphoma,B-cell prolymphocytic leukemia,Outline for writing an article for current treatment options in oncology: splenic lymphoma with villous lymphocytes.,2007,https://doi.org/10.1007/s11864-007-0015-3,0.00,0.00,0.00,0.00,0.00,1.00,0.00,,,,,,0.5,,"Splenic lymphoma with villous lymphocytes must be differentiated from hairy cell leukaemia, B-PLL and follicular lymphoma",abstract only
464,17976362,Chondrosarcoma,Leiomyosarcoma,Sarcoma.,2007,https://doi.org/10.4065/82.11.1409,0.00,0.00,0.00,1.00,0.00,0.00,0.00,,,,0.25,,,,Sarcoma review: soft tissue (leiomyosarcoma) and primary bone (chondrosarcoma) sarcomas have different staging and treatment,abstract only
465,31276706,Chondrosarcoma,Leiomyosarcoma,TP53 in bone and soft tissue sarcomas.,2019,https://europepmc.org/article/PMC/PMC6746598,0.00,0.40,0.60,0.00,0.00,0.00,0.00,,0.5,0.5,,,,,TP53 roles across bone and soft tissue sarcomas,abstract only
466,15111298,Chondrosarcoma,Leiomyosarcoma,Telomere lengths of translocation-associated and nontranslocation-associated sarcomas differ dramatically.,2004,https://europepmc.org/article/PMC/PMC1615673,0.00,0.00,1.00,0.00,0.00,0.00,0.00,,,0.5,,,,,Telomere lengths differ between translocation-associated and non-translocation sarcomas (complex karyotype group),abstract only
467,21217753,Marfan syndrome,Loeys-Dietz syndrome,Mutations in SMAD3 cause a syndromic form of aortic aneurysms and dissections with early-onset osteoarthritis.,2011,https://doi.org/10.1038/ng.744,0.50,0.50,0.00,0.00,0.00,0.00,0.00,0.5,0.5,,,,,,SMAD3 mutations define a new aneurysm-osteoarthritis syndrome distinct from Marfan and Loeys-Dietz,abstract only
468,29270370,Marfan syndrome,Loeys-Dietz syndrome,"Differences in manifestations of Marfan syndrome, Ehlers-Danlos syndrome, and Loeys-Dietz syndrome.",2017,https://europepmc.org/article/PMC/PMC5721110,0.50,0.00,0.00,0.00,0.00,0.50,0.00,0.5,,,,,0.5,,"Differences in manifestations of Marfan, Ehlers-Danlos and Loeys-Dietz syndromes",abstract only
469,18544034,Marfan syndrome,Loeys-Dietz syndrome,Genetic basis of thoracic aortic aneurysms and dissections: focus on smooth muscle cell contractile dysfunction.,2008,https://doi.org/10.1146/annurev.genom.8.080706.092303,0.00,0.50,0.50,0.00,0.00,0.00,0.00,,0.5,0.5,,,,,Genetic basis of thoracic aortic aneurysm incl. Marfan and Loeys-Dietz; smooth-muscle contractile gene focus,abstract only
470,23023332,Marfan syndrome,Loeys-Dietz syndrome,Mutations in the TGF-β repressor SKI cause Shprintzen-Goldberg syndrome with aortic aneurysm.,2012,https://europepmc.org/article/PMC/PMC3545695,0.00,0.30,0.70,0.00,0.00,0.00,0.00,,0.5,0.75,,,,,SKI mutations cause Shprintzen-Goldberg syndrome; TGF-beta signalling in Marfan and Loeys-Dietz aneurysm,abstract only
471,12966518,Atelosteogenesis type II,Multiple epiphyseal dysplasia type 4,Autosomal recessive multiple epiphyseal dysplasia with homozygosity for C653S in the DTDST gene: double-layer patella as a reliable sign.,2003,https://doi.org/10.1002/ajmg.a.20282,0.40,0.60,0.00,0.00,0.00,0.00,0.00,0.5,1.0,,,,,,"rMED with DTDST C653S; DTDST mutations span atelosteogenesis 2, achondrogenesis 1B, diastrophic dysplasia and rMED",abstract only
472,15294877,Atelosteogenesis type II,Multiple epiphyseal dysplasia type 4,Functional expression and cellular distribution of diastrophic dysplasia sulfate transporter (DTDST) gene mutations in HEK cells.,2004,https://doi.org/10.1093/hmg/ddh242,0.00,0.50,0.50,0.00,0.00,0.00,0.00,,1.0,0.9,,,,,DTDST sulfate transporter function and mutations causing four chondrodysplasias of varying severity,abstract only
473,24431888,Moebius syndrome,Isolated Pierre Robin sequence,External mandibular distraction in unusual pediatric syndromes with micrognathia and airway obstruction.,2013,https://europepmc.org/article/PMC/PMC3847012,0.50,0.00,0.00,0.50,0.00,0.00,0.00,0.5,,,0.75,,,,External mandibular distraction for micrognathia and airway obstruction in Pierre Robin sequence and Moebius syndrome,abstract only
474,12369018,Muscle-eye-brain disease,Walker-Warburg syndrome,Mutations in the O-mannosyltransferase gene POMT1 give rise to the severe neuronal migration disorder Walker-Warburg syndrome.,2002,https://europepmc.org/article/PMC/PMC419999,0.50,0.50,0.00,0.00,0.00,0.00,0.00,0.75,0.5,,,,,,POMT1 mutations in Walker-Warburg syndrome; MEB and FCMD present a similar combination of symptoms with different genes,abstract only
475,23217329,Muscle-eye-brain disease,Walker-Warburg syndrome,Identification of mutations in TMEM5 and ISPD as a cause of severe cobblestone lissencephaly.,2012,https://europepmc.org/article/PMC/PMC3516603,0.50,0.50,0.00,0.00,0.00,0.00,0.00,0.75,0.75,,,,,,"TMEM5 and ISPD mutations in cobblestone lissencephaly, a continuum covering WWS and MEB",abstract only
476,12140559,Muscle-eye-brain disease,Walker-Warburg syndrome,Deletion of brain dystroglycan recapitulates aspects of congenital muscular dystrophy.,2002,https://doi.org/10.1038/nature00838,0.20,0.00,0.80,0.00,0.00,0.00,0.00,0.75,,0.75,,,,,"Brain dystroglycan deletion models the brain defects of FCMD, MEB and Walker-Warburg syndrome",abstract only
477,39392442,VEXAS syndrome,Cutaneous small vessel vasculitis,Vasculitis associated with VEXAS syndrome.,2025,https://europepmc.org/article/PMC/PMC12107069,0.00,0.00,0.00,0.00,0.00,0.00,1.00,,,,,,,0.75,"Vasculitis, including cutaneous small-vessel vasculitis, associated with VEXAS syndrome",abstract only
478,16917943,Central core disease,Multiminicore myopathy,Mutations in RYR1 in malignant hyperthermia and central core disease.,2006,https://doi.org/10.1002/humu.20356,0.00,0.70,0.00,0.00,0.00,0.00,0.30,,1.0,,,,,0.75,"RYR1 mutations in malignant hyperthermia, central core disease and multiminicore disease",abstract only
479,17033962,Central core disease,Multiminicore myopathy,Epigenetic allele silencing unveils recessive RYR1 mutations in core myopathies.,2006,https://europepmc.org/article/PMC/PMC1698560,0.00,0.70,0.30,0.00,0.00,0.00,0.00,,1.0,0.75,,,,,Epigenetic RYR1 allele silencing reveals recessive mutations in core myopathies,abstract only
480,35361824,Central core disease,Multiminicore myopathy,Variant landscape of the RYR1 gene based on whole genome sequencing of the Singaporean population.,2022,https://europepmc.org/article/PMC/PMC8971428,0.00,0.60,0.00,0.00,0.40,0.00,0.00,,1.0,,,0.5,,,"RYR1 variant landscape in Singapore; CCD, MmD, CFTD and MH share the gene",abstract only
481,19762745,Central core disease,Multiminicore myopathy,Core myopathies and risk of malignant hyperthermia.,2009,https://doi.org/10.1213/ane.0b013e3181b5ae2d,0.20,0.20,0.00,0.00,0.00,0.00,0.60,0.75,1.0,,,,,0.75,"Core myopathies (central core, multiminicore) and malignant hyperthermia risk",abstract only
482,16621918,Central core disease,Multiminicore myopathy,Central core disease is due to RYR1 mutations in more than 90% of patients.,2006,https://doi.org/10.1093/brain/awl077,0.20,0.80,0.00,0.00,0.00,0.00,0.00,0.6,0.75,,,,,,RYR1 mutations in over 90% of central core disease; rarer in multiminicore disease,abstract only
483,15122708,Multiminicore myopathy,Desmin-related myopathy with Mallory body-like inclusions,Desmin-related myopathy with Mallory body-like inclusions is caused by mutations of the selenoprotein N gene.,2004,https://doi.org/10.1002/ana.20077,0.20,0.80,0.00,0.00,0.00,0.00,0.00,0.6,1.0,,,,,,"SEPN1 mutations cause desmin-related myopathy with Mallory body-like inclusions, allelic to multiminicore disease",abstract only
484,15792869,Multiminicore myopathy,Desmin-related myopathy with Mallory body-like inclusions,Early onset myopathy with a novel mutation in the Selenoprotein N gene (SEPN1).,2005,https://doi.org/10.1016/j.nmd.2004.11.004,0.30,0.70,0.00,0.00,0.00,0.00,0.00,0.6,1.0,,,,,,"SEPN1 myopathies include rigid spine MD, multiminicore disease and MB-DRM; novel SEPN1 mutation",abstract only
485,20937510,Multiminicore myopathy,Desmin-related myopathy with Mallory body-like inclusions,New molecular findings in congenital myopathies due to selenoprotein N gene mutations.,2011,https://doi.org/10.1016/j.jns.2010.09.011,0.30,0.70,0.00,0.00,0.00,0.00,0.00,0.6,1.0,,,,,,"SEPN1-related myopathy manifests as multiminicore disease, MB-DRM or CFTD",abstract only
486,12847162,"Distal myopathy, Welander type",Tibial muscular dystrophy,A distinct phenotype of distal myopathy in a large Finnish family.,2003,https://doi.org/10.1212/01.wnl.0000073618.91577.e8,0.70,0.30,0.00,0.00,0.00,0.00,0.00,0.75,0.5,,,,,,Distinct distal myopathy phenotype in a large Finnish family with dominant inheritance,abstract only
487,10590885,"Distal myopathy, Welander type",Tibial muscular dystrophy,Distal myopathies.,1999,https://doi.org/10.1097/00019052-199910000-00002,0.40,0.60,0.00,0.00,0.00,0.00,0.00,0.5,0.25,,,,,,Distal myopathies: Welander and tibial muscular dystrophy are clinically and genetically distinct entities,abstract only
488,15242415,"Distal myopathy, Welander type",Tibial muscular dystrophy,Muscle magnetic resonance imaging shows distinct diagnostic patterns in Welander and tibial muscular dystrophy.,2004,https://doi.org/10.1111/j.1600-0404.2004.00283.x,0.30,0.00,0.00,0.00,0.00,0.70,0.00,0.5,,,,,0.25,,Muscle MRI shows distinct diagnostic patterns in Welander distal myopathy versus tibial muscular dystrophy,abstract only
489,21496636,"Distal myopathy, Welander type",Tibial muscular dystrophy,Distal muscular dystrophies.,2011,https://doi.org/10.1016/b978-0-08-045031-5.00016-5,0.50,0.00,0.00,0.00,0.00,0.50,0.00,0.5,,,,,0.5,,Distal muscular dystrophies: classification and differential diagnosis incl. Welander and tibial type,abstract only
490,33441455,Bethlem muscular dystrophy,Intermediate collagen VI-related muscular dystrophy,Association of Initial Maximal Motor Ability With Long-term Functional Outcome in Patients With COL6-Related Dystrophies.,2021,https://europepmc.org/article/PMC/PMC8055317,0.40,0.00,0.00,0.00,0.60,0.00,0.00,0.75,,,,0.75,,,Initial maximal motor ability predicts long-term outcome across COL6-related dystrophy phenotypes,abstract only
491,20301676,Bethlem muscular dystrophy,Intermediate collagen VI-related muscular dystrophy,Collagen VI-Related Dystrophies,1993,https://europepmc.org/article/MED/20301676,0.50,0.50,0.00,0.00,0.00,0.00,0.00,0.9,1.0,,,,,,COL6-related dystrophies form a continuum from Bethlem through intermediate to Ullrich,abstract only
492,3822145,Thomsen and Becker disease,Acetazolamide-responsive myotonia,Acetazolamide-responsive myotonia congenita.,1987,https://doi.org/10.1212/wnl.37.3.488,0.50,0.00,0.00,0.00,0.00,0.50,0.00,0.5,,,,,0.5,,Acetazolamide-responsive myotonia differs from typical dominant/recessive myotonia congenita,abstract only
493,1310531,Thomsen and Becker disease,Acetazolamide-responsive myotonia,Linkage of atypical myotonia congenita to a sodium channel locus.,1992,https://doi.org/10.1212/wnl.42.2.431,0.30,0.70,0.00,0.00,0.00,0.00,0.00,0.5,0.25,,,,,,Atypical potassium-sensitive myotonia congenita linked to sodium channel locus rather than chloride channel,abstract only
494,38333241,Thomsen and Becker disease,Acetazolamide-responsive myotonia,Acetazolamide-responsive myotonia with a novel Ile239Thr mutation in <i>SCN4A</i> gene: a case report.,2024,https://europepmc.org/article/PMC/PMC10849450,0.00,0.50,0.00,0.00,0.00,0.50,0.00,,0.25,,,,0.5,,"SCN4A Ile239Thr in acetazolamide-responsive sodium channel myotonia, distinguished from myotonia congenita",abstract only
495,33441455,Intermediate collagen VI-related muscular dystrophy,Ullrich congenital muscular dystrophy,Association of Initial Maximal Motor Ability With Long-term Functional Outcome in Patients With COL6-Related Dystrophies.,2021,https://europepmc.org/article/PMC/PMC8055317,0.40,0.00,0.00,0.00,0.60,0.00,0.00,0.75,,,,0.75,,,Initial maximal motor ability predicts long-term outcome across COL6-related dystrophy phenotypes,abstract only
496,20301676,Intermediate collagen VI-related muscular dystrophy,Ullrich congenital muscular dystrophy,Collagen VI-Related Dystrophies,1993,https://europepmc.org/article/MED/20301676,0.50,0.50,0.00,0.00,0.00,0.00,0.00,0.9,1.0,,,,,,COL6-related dystrophies form a continuum from Bethlem through intermediate to Ullrich CMD,abstract only
497,8444212,Congenital central hypoventilation syndrome,Haddad syndrome,Ondine-Hirschsprung syndrome (Haddad syndrome). Further delineation in two cases and review of the literature.,1993,https://doi.org/10.1007/bf02072522,0.50,0.00,0.00,0.00,0.00,0.00,0.50,0.75,,,,,,0.9,"Ondine-Hirschsprung (Haddad) syndrome: CCHS with long-segment Hirschsprung disease, review of 17 cases",abstract only
498,26838603,Congenital central hypoventilation syndrome,Haddad syndrome,Congenital central hypoventilation syndrome associated with Hirschsprung's Disease: case report and literature review.,2016,https://europepmc.org/article/PMC/PMC5178125,0.00,0.00,0.00,0.00,0.00,0.00,1.00,,,,,,,0.9,CCHS associated with Hirschsprung disease configuring Haddad syndrome,abstract only
499,19302869,Congenital central hypoventilation syndrome,Haddad syndrome,Myectomy-myotomy for long segment Hirschsprung's disease in a patient with Haddad syndrome.,2009,https://doi.org/10.1016/j.jpedsurg.2008.10.115,0.00,0.00,0.00,0.60,0.00,0.00,0.40,,,,0.5,,,0.9,Myectomy-myotomy for long-segment Hirschsprung disease in Haddad syndrome (CCHS plus HSCR),abstract only
500,23045564,Congenital central hypoventilation syndrome,Haddad syndrome,"A triple threat: Down syndrome, congenital central hypoventilation syndrome, and Hirschsprung disease.",2012,https://doi.org/10.1542/peds.2011-3844,0.00,0.00,0.00,0.00,0.00,0.00,1.00,,,,,,,0.75,Down syndrome with both CCHS and Hirschsprung disease,abstract only
501,42480943,Congenital central hypoventilation syndrome,Haddad syndrome,PHOX2B polyalanine repeat mutation alters the transcriptome of neuronal progenitor cells in congenital central hypoventilation syndrome.,2026,https://doi.org/10.1016/j.nbd.2026.107544,0.00,0.50,0.50,0.00,0.00,0.00,0.00,,0.9,0.9,,,,,PHOX2B polyalanine mutation alters neuronal progenitor transcriptome in CCHS; CCHS with HSCR is Haddad syndrome,abstract only
502,17164301,Albright hereditary osteodystrophy,Pseudopseudohypoparathyroidism,Body mass index differences in pseudohypoparathyroidism type 1a versus pseudopseudohypoparathyroidism may implicate paternal imprinting of Galpha(s) in the development of human obesity.,2007,https://doi.org/10.1210/jc.2006-1497,0.50,0.30,0.20,0.00,0.00,0.00,0.00,0.75,1.0,0.75,,,,,"BMI differs between PHP1a (maternal GNAS) and PPHP (paternal GNAS), both AHO",abstract only
503,17803690,Albright hereditary osteodystrophy,Pseudopseudohypoparathyroidism,"Cognitive impairment is prevalent in pseudohypoparathyroidism type Ia, but not in pseudopseudohypoparathyroidism: possible cerebral imprinting of Gsalpha.",2008,https://doi.org/10.1111/j.1365-2265.2007.03025.x,0.80,0.00,0.20,0.00,0.00,0.00,0.00,0.25,,0.75,,,,,Cognitive impairment prevalent in PHP-Ia but not PPHP despite both having AHO,abstract only
504,10487696,Albright hereditary osteodystrophy,Pseudopseudohypoparathyroidism,Identification of two novel deletion mutations within the Gs alpha gene (GNAS1) in Albright hereditary osteodystrophy.,1999,https://doi.org/10.1210/jcem.84.9.5970,0.40,0.60,0.00,0.00,0.00,0.00,0.00,0.75,1.0,,,,,,Novel GNAS1 deletions in AHO kindreds with PPHP and PHP-Ia members,abstract only
505,12621129,Albright hereditary osteodystrophy,Pseudopseudohypoparathyroidism,Molecular analysis of the GNAS1 gene for the correct diagnosis of Albright hereditary osteodystrophy and pseudohypoparathyroidism.,2003,https://doi.org/10.1203/01.pdr.0000059752.07086.a2,0.00,0.50,0.00,0.00,0.00,0.50,0.00,,1.0,,,,0.75,,GNAS1 molecular analysis for correct diagnosis of AHO: mutations in both PHP-Ia and PPHP,abstract only
506,7573148,Albright hereditary osteodystrophy,Pseudopseudohypoparathyroidism,Albright hereditary osteodystrophy and del(2) (q37.3) in four unrelated individuals.,1995,https://doi.org/10.1002/ajmg.1320580102,0.50,0.50,0.00,0.00,0.00,0.00,0.00,0.75,0.25,,,,,,AHO with del(2q37.3): PHP and PPHP biochemical variants,abstract only
507,32668217,Phenylketonuria,Mild hyperphenylalaninemia,The Genetic Landscape and Epidemiology of Phenylketonuria.,2020,https://europepmc.org/article/PMC/PMC7413859,0.30,0.50,0.00,0.00,0.20,0.00,0.00,0.75,1.0,,,0.75,,,Global PKU genetic landscape and epidemiology; PKU and mild HPA are allelic PAH disorders,abstract only
508,8659548,Phenylketonuria,Mild hyperphenylalaninemia,Phenylalanine hydroxylase gene mutations in the United States: report from the Maternal PKU Collaborative Study.,1996,https://europepmc.org/article/PMC/PMC1915123,0.30,0.70,0.00,0.00,0.00,0.00,0.00,0.75,1.0,,,,,,PAH mutation spectrum in US cohort spanning PKU to mild hyperphenylalaninemia,abstract only
509,36104584,Phenylketonuria,Mild hyperphenylalaninemia,"Characterization of phenylalanine hydroxylase gene variants and analysis of genotype-phenotype correlation in patients with phenylalanine hydroxylase deficiency from Fujian Province, Southeastern China.",2022,https://europepmc.org/article/PMC/PMC9618490,0.50,0.50,0.00,0.00,0.00,0.00,0.00,0.75,1.0,,,,,,PAH genotype-phenotype correlation across PKU and milder hyperphenylalaninemia in Fujian cohort,abstract only
510,9634518,Phenylketonuria,Mild hyperphenylalaninemia,A European multicenter study of phenylalanine hydroxylase deficiency: classification of 105 mutations and a general system for genotype-based prediction of metabolic phenotype.,1998,https://europepmc.org/article/PMC/PMC1377241,0.50,0.50,0.00,0.00,0.00,0.00,0.00,0.75,1.0,,,,,,European multicentre study: PKU and mild HPA are allelic; genotype predicts metabolic phenotype,abstract only
511,31058098,Phenylketonuria,Mild hyperphenylalaninemia,Phenylketonuria Diet Promotes Shifts in Firmicutes Populations.,2019,https://europepmc.org/article/PMC/PMC6477998,0.00,0.00,0.40,0.60,0.00,0.00,0.00,,,0.5,0.25,,,,Gut microbiota differs between diet-treated PKU children and MHP children not on diet,abstract only
512,20647199,Microscopic polyangiitis,Granulomatosis with polyangiitis,Rituximab versus cyclophosphamide for ANCA-associated vasculitis.,2010,https://europepmc.org/article/PMC/PMC3137658,0.00,0.00,0.00,1.00,0.00,0.00,0.00,,,,0.9,,,,Rituximab versus cyclophosphamide for ANCA vasculitis (GPA and MPA),abstract only
513,22808956,Microscopic polyangiitis,Granulomatosis with polyangiitis,Genetically distinct subsets within ANCA-associated vasculitis.,2012,https://europepmc.org/article/PMC/PMC3773907,0.00,0.70,0.30,0.00,0.00,0.00,0.00,,0.25,0.5,,,,,Genome-wide association: genetically distinct subsets within ANCA vasculitis (GPA vs MPA associated with different HLA/ANCA specificity),abstract only
514,21109517,Microscopic polyangiitis,Granulomatosis with polyangiitis,Long-term patient survival in ANCA-associated vasculitis.,2011,https://doi.org/10.1136/ard.2010.137778,0.00,0.00,0.00,0.00,1.00,0.00,0.00,,,,,0.75,,,Long-term survival in ANCA vasculitis (Wegener's and microscopic polyangiitis),abstract only
515,34235894,Microscopic polyangiitis,Granulomatosis with polyangiitis,2021 American College of Rheumatology/Vasculitis Foundation Guideline for the Management of Antineutrophil Cytoplasmic Antibody-Associated Vasculitis.,2021,https://europepmc.org/article/PMC/PMC12327957,0.00,0.00,0.00,0.80,0.00,0.20,0.00,,,,0.9,,0.5,,2021 ACR/VF guideline for management of ANCA vasculitis incl. GPA and MPA,abstract only
516,24758294,Microscopic polyangiitis,Granulomatosis with polyangiitis,"Classification and characteristics of Japanese patients with antineutrophil cytoplasmic antibody-associated vasculitis in a nationwide, prospective, inception cohort study.",2014,https://europepmc.org/article/PMC/PMC4060546,0.50,0.00,0.00,0.00,0.00,0.50,0.00,0.5,,,,,0.5,,Japanese AAV cohort classified into GPA and MPA by EMEA algorithm with serological features,abstract only
517,34857798,Polymyositis,Antisynthetase syndrome,Idiopathic inflammatory myopathies.,2021,https://doi.org/10.1038/s41572-021-00321-x,0.40,0.00,0.00,0.30,0.30,0.00,0.00,0.75,,,0.75,0.75,,,Idiopathic inflammatory myopathies incl. polymyositis and antisynthetase syndrome: heterogeneous autoimmune group,abstract only
518,30129477,Polymyositis,Antisynthetase syndrome,Classification and management of adult inflammatory myopathies.,2018,https://europepmc.org/article/PMC/PMC11646336,0.00,0.00,0.00,0.50,0.00,0.50,0.00,,,,0.75,,0.5,,"Classification and management of adult inflammatory myopathies (polymyositis, antisynthetase)",abstract only
519,38132857,Porokeratosis of Mibelli,Disseminated superficial actinic porokeratosis,"Porokeratoses-A Comprehensive Review on the Genetics and Metabolomics, Imaging Methods and Management of Common Clinical Variants.",2023,https://europepmc.org/article/PMC/PMC10744643,0.30,0.30,0.40,0.00,0.00,0.00,0.00,0.75,0.9,0.9,,,,,Porokeratosis review: Mibelli and DSAP variants share the defective isoprenoid pathway and cornoid lamella,abstract only
520,22571584,Porokeratosis of Mibelli,Disseminated superficial actinic porokeratosis,Porokeratosis in Singapore: an Asian perspective.,2012,https://doi.org/10.1111/j.1440-0960.2011.00856.x,0.40,0.00,0.00,0.00,0.60,0.00,0.00,0.75,,,,0.75,,,"Singapore porokeratosis series: immunosuppression, phototherapy and malignant progression across subtypes",abstract only
521,19519877,Porokeratosis of Mibelli,Disseminated superficial actinic porokeratosis,Follicular porokeratosis: distinct clinical entity or histologic variant?,2009,https://doi.org/10.1111/j.1600-0560.2009.01266.x,0.70,0.00,0.00,0.00,0.00,0.30,0.00,0.75,,,,,0.75,,Follicular porokeratosis as histologic variant of DSAP and other porokeratosis subtypes,abstract only
522,24781643,Porokeratosis of Mibelli,Disseminated superficial actinic porokeratosis,Splicing mutation in MVK is a cause of porokeratosis of Mibelli.,2014,https://doi.org/10.1007/s00403-014-1465-7,0.40,0.60,0.00,0.00,0.00,0.00,0.00,0.75,0.9,,,,,,MVK splicing mutation causes porokeratosis of Mibelli; MVK also implicated in DSAP,abstract only
523,35983404,Porokeratosis of Mibelli,Disseminated superficial actinic porokeratosis,"Disseminated Superficial Actinic Porokeratosis (DSAP): A Case Report Highlighting the Clinical, Dermatoscopic, and Pathology Features of the Condition.",2022,https://europepmc.org/article/PMC/PMC9376211,1.00,0.00,0.00,0.00,0.00,0.00,0.00,0.75,,,,,,,DSAP case report placing it among porokeratosis variants incl. Mibelli,abstract only
524,22958744,Prader-Willi syndrome,Rett syndrome,Reward circuitry dysfunction in psychiatric and neurodevelopmental disorders and genetic syndromes: animal models and clinical findings.,2012,https://europepmc.org/article/PMC/PMC3464940,0.20,0.00,0.80,0.00,0.00,0.00,0.00,0.5,,0.5,,,,,"Reward circuitry dysfunction across neurodevelopmental/psychiatric disorders and genetic syndromes (PWS, Rett)",abstract only
525,24104594,Prader-Willi syndrome,Rett syndrome,"Epigenetics, autism spectrum, and neurodevelopmental disorders.",2013,https://europepmc.org/article/PMC/PMC3805864,0.00,0.20,0.80,0.00,0.00,0.00,0.00,,0.25,0.75,,,,,"Epigenetic disruption (imprinting in PWS, MeCP2 in Rett) in autism spectrum and neurodevelopmental disorders",abstract only
526,30793794,Prader-Willi syndrome,Rett syndrome,Management of Self-injurious Behaviors in Children with Neurodevelopmental Disorders: A Pharmacotherapy Overview.,2019,https://europepmc.org/article/PMC/PMC6555654,0.20,0.00,0.00,0.80,0.00,0.00,0.00,0.5,,,0.5,,,,Pharmacotherapy of self-injurious behaviour across neurodevelopmental disorders incl. PWS and Rett,abstract only
527,10904262,Infantile Refsum disease,Zellweger syndrome,Peroxisome biogenesis disorders: genetics and cell biology.,2000,https://doi.org/10.1016/s0168-9525(00)02056-4,0.50,0.50,0.00,0.00,0.00,0.00,0.00,0.9,1.0,,,,,,"Peroxisome biogenesis disorders (ZS, NALD, IRD) genetics and cell biology",abstract only
528,11389485,Infantile Refsum disease,Zellweger syndrome,Disorders of peroxisome biogenesis due to mutations in PEX1: phenotypes and PEX1 protein levels.,2001,https://europepmc.org/article/PMC/PMC1226046,0.50,0.50,0.00,0.00,0.00,0.00,0.00,0.75,1.0,,,,,,"PEX1 mutations across ZS, NALD and IRD: severity tracks residual PEX1 protein",abstract only
529,15098231,Infantile Refsum disease,Zellweger syndrome,Peroxisome biogenesis disorders with prolonged survival: phenotypic expression in a cohort of 31 patients.,2004,https://doi.org/10.1002/ajmg.a.20664,0.40,0.00,0.00,0.00,0.60,0.00,0.00,0.75,,,,0.75,,,"PBD patients with prolonged survival: phenotypic overlap of ZS, NALD and IRD",abstract only
530,10527683,Infantile Refsum disease,Zellweger syndrome,Genotype-phenotype correlations in disorders of peroxisome biogenesis.,1999,https://doi.org/10.1006/mgme.1999.2926,0.40,0.60,0.00,0.00,0.00,0.00,0.00,0.75,1.0,,,,,,Genotype-phenotype correlations in peroxisome biogenesis disorders,abstract only
531,9671729,Infantile Refsum disease,Zellweger syndrome,"Disruption of a PEX1-PEX6 interaction is the most common cause of the neurologic disorders Zellweger syndrome, neonatal adrenoleukodystrophy, and infantile Refsum disease.",1998,https://europepmc.org/article/PMC/PMC21127,0.00,0.50,0.50,0.00,0.00,0.00,0.00,,1.0,1.0,,,,,PEX1-PEX6 interaction disruption is the most common cause of Zellweger spectrum disease,abstract only
532,31326287,Hereditary coproporphyria,Acute intermittent porphyria,Heme biosynthesis and the porphyrias.,2019,https://europepmc.org/article/PMC/PMC7252266,0.40,0.00,0.60,0.00,0.00,0.00,0.00,0.75,,0.9,,,,,Heme biosynthesis and the porphyrias; each porphyria defined by its specific enzyme defect,abstract only
533,30987916,Hereditary coproporphyria,Acute intermittent porphyria,Pathogenesis and clinical features of the acute hepatic porphyrias (AHPs).,2019,https://europepmc.org/article/PMC/PMC6754303,0.40,0.30,0.30,0.00,0.00,0.00,0.00,0.9,0.75,0.9,,,,,"Acute hepatic porphyrias (AIP, HCP, VP, ADP): pathogenesis and clinical features",abstract only
534,23605132,Hereditary coproporphyria,Acute intermittent porphyria,Best practice guidelines on clinical management of acute attacks of porphyria and their complications.,2013,https://doi.org/10.1177/0004563212474555,0.00,0.00,0.00,1.00,0.00,0.00,0.00,,,,0.9,,,,"Best practice guidelines for acute porphyria attacks in AIP, VP and HCP",abstract only
535,17164301,Pseudohypoparathyroidism type 1A,Pseudopseudohypoparathyroidism,Body mass index differences in pseudohypoparathyroidism type 1a versus pseudopseudohypoparathyroidism may implicate paternal imprinting of Galpha(s) in the development of human obesity.,2007,https://doi.org/10.1210/jc.2006-1497,0.50,0.30,0.20,0.00,0.00,0.00,0.00,0.75,1.0,0.75,,,,,"BMI differs between PHP1a and PPHP, both AHO with GNAS defects",abstract only
536,30060753,Pseudohypoparathyroidism type 1A,Pseudopseudohypoparathyroidism,Identification of a novel GNAS mutation in a case of pseudohypoparathyroidism type 1A with normocalcemia.,2018,https://europepmc.org/article/PMC/PMC6065144,0.50,0.50,0.00,0.00,0.00,0.00,0.00,0.75,1.0,,,,,,Novel GNAS mutation in PHP1A with normocalcemia; PHP1A and PPHP share GNAS loss of function,abstract only
537,33997150,Pseudohypoparathyroidism type 1A,Pseudopseudohypoparathyroidism,A novel synonymous variant in exon 1 of <i>GNAS</i> gene results in a cryptic splice site and causes pseudohypoparathyroidism type 1A and pseudo-pseudohypoparathyroidism in a French family.,2021,https://europepmc.org/article/PMC/PMC8100090,0.00,0.60,0.40,0.00,0.00,0.00,0.00,,1.0,0.75,,,,,Synonymous GNAS exon 1 variant creating cryptic splice site in PHP1A/PPHP; maternal versus paternal allele,abstract only
538,25219572,Pseudohypoparathyroidism type 1A,Pseudopseudohypoparathyroidism,GNAS mutations in Pseudohypoparathyroidism type 1a and related disorders.,2015,https://europepmc.org/article/PMC/PMC4309471,0.00,0.50,0.50,0.00,0.00,0.00,0.00,,1.0,0.75,,,,,"GNAS mutations in PHP1a and related disorders: maternal inheritance gives PHP1a, paternal gives PPHP",abstract only
539,33320452,Pseudohypoparathyroidism type 1A,Pseudohypoparathyroidism type 1B,An intricate case of sporadic pseudohypoparathyroidism type 1B with a review of literature.,2021,https://europepmc.org/article/PMC/PMC10528691,0.50,0.50,0.00,0.00,0.00,0.00,0.00,0.5,0.75,,,,,,"Sporadic PHP1B case and review; PHP stratified into types 1A, 1B, 1C, 2 by GNAS genetic/epigenetic changes",abstract only
540,30616679,Pseudohypoparathyroidism type 1A,Pseudohypoparathyroidism type 1B,Association of GNAS imprinting defects and deletions of chromosome 2 in two patients: clues explaining phenotypic heterogeneity in pseudohypoparathyroidism type 1B/iPPSD3.,2019,https://europepmc.org/article/PMC/PMC6322333,0.50,0.50,0.00,0.00,0.00,0.00,0.00,0.5,0.75,,,,,,GNAS imprinting defects with chromosome 2 deletions explain AHO features in PHP1B patients,abstract only
541,1705949,Cutaneous mastocytoma,Maculopapular cutaneous mastocytosis,Pediatric mastocytosis.,1991,https://doi.org/10.1111/1523-1747.ep12468942,0.50,0.00,0.00,0.00,0.50,0.00,0.00,0.75,,,,0.75,,,"Pediatric mastocytosis presents as solitary mastocytoma, urticaria pigmentosa or diffuse disease",abstract only
542,24380017,Cutaneous mastocytoma,Maculopapular cutaneous mastocytosis,Pediatric Mastocytosis: A Review of the Literature.,2013,https://europepmc.org/article/PMC/PMC3869446,0.40,0.00,0.00,0.30,0.30,0.00,0.00,0.75,,,0.75,0.75,,,"Pediatric mastocytosis review: urticaria pigmentosa, diffuse cutaneous and mastocytoma forms",abstract only
543,25386256,Cutaneous mastocytoma,Maculopapular cutaneous mastocytosis,Telangiectasia macularis eruptiva perstans: more than skin deep.,2011,https://europepmc.org/article/PMC/PMC4211494,0.50,0.00,0.00,0.00,0.00,0.00,0.50,0.75,,,,,,0.75,"Cutaneous mastocytosis forms (UP, mastocytoma, TMEP) as signs of underlying systemic mastocytosis",abstract only
544,8092552,Cutaneous mastocytoma,Maculopapular cutaneous mastocytosis,Pediatric mastocytosis.,1994,https://doi.org/10.1016/s0889-8588(05)70299-9,0.50,0.00,0.00,0.50,0.00,0.00,0.00,0.75,,,0.75,,,,Recognition and management of pediatric cutaneous mastocytosis forms,abstract only
545,38600684,Sialidosis type 1,Sialidosis type 2,Clinical and Structural Characteristics of NEU1 Variants Causing Sialidosis Type 1.,2024,https://europepmc.org/article/PMC/PMC11300387,0.50,0.50,0.00,0.00,0.00,0.00,0.00,0.5,1.0,,,,,,NEU1 variants in sialidosis: type 1 (mild) versus type 2 (severe) by catalytic activity,abstract only
546,39733340,Sialidosis type 1,Sialidosis type 2,Sialidosis type 1 in a Turkish family: a case report and review of literatures.,2025,https://doi.org/10.1515/jpem-2024-0468,0.60,0.40,0.00,0.00,0.00,0.00,0.00,0.5,1.0,,,,,,"Sialidosis type 1 milder late-onset versus type 2 early-onset dysmorphic form, same NEU1 gene",abstract only
547,31381875,Testicular seminomatous germ cell tumor,Yolk sac tumor,Wnt suppressor and stem cell regulator TCF7L1 is a sensitive immunohistochemical marker to differentiate testicular seminoma from non-seminomatous germ cell tumor.,2019,https://doi.org/10.1016/j.yexmp.2019.104293,0.00,0.00,0.20,0.00,0.00,0.80,0.00,,,0.25,,,0.25,,TCF7L1 immunostain differentiates testicular germ cell tumour types (seminoma versus yolk sac tumour),abstract only
548,33680389,Testicular seminomatous germ cell tumor,Yolk sac tumor,Concurrent bilateral testicular tumors with different histopathology: A case report.,2020,https://europepmc.org/article/PMC/PMC7911774,0.00,0.00,0.00,0.00,0.00,0.00,1.00,,,,,,,0.5,Synchronous bilateral testicular seminoma and yolk sac tumour,abstract only
549,8552580,Testicular seminomatous germ cell tumor,Yolk sac tumor,Transformation of ovarian dysgerminoma to yolk sac tumor: evidence for a histogenetic continuum.,1995,https://europepmc.org/article/MED/8552580,0.00,0.00,0.70,0.00,0.30,0.00,0.00,,,0.75,,0.5,,,"Ovarian dysgerminoma transformation to yolk sac tumour; analogous testicular seminoma transformation, histogenetic continuum",abstract only
550,9769381,Testicular seminomatous germ cell tumor,Yolk sac tumor,Histologically pure seminoma with elevated alpha-fetoprotein: a clinicopathologic study of ten cases.,1998,https://doi.org/10.3892/or.5.6.1425,0.00,0.00,0.30,0.00,0.00,0.70,0.00,,,0.5,,,0.5,,Histologically pure seminoma with raised AFP: occult yolk sac tumour question,abstract only
551,28574809,Testicular seminomatous germ cell tumor,Spermatocytic seminoma,Testicular Seminoma and Its Mimics: From the Radiologic Pathology Archives.,2017,https://europepmc.org/article/PMC/PMC5548453,0.30,0.00,0.00,0.00,0.00,0.70,0.00,0.5,,,,,0.5,,Testicular seminoma and its mimics (incl. spermatocytic seminoma) on imaging and pathology,abstract only
552,8002220,Testicular seminomatous germ cell tumor,Spermatocytic seminoma,Testicular seminoma: 20-year experience at the Northern Israel Oncology Center (1968-1988).,1994,https://doi.org/10.1007/bf02768019,0.40,0.00,0.00,0.00,0.60,0.00,0.00,0.5,,,,0.5,,,"20-year seminoma series incl. classic, anaplastic and spermatocytic seminoma outcomes",abstract only
553,3341514,Testicular seminomatous germ cell tumor,Spermatocytic seminoma,Spermatocytic seminoma of testis with sarcomatous transformation. A report of five cases.,1988,https://doi.org/10.1097/00000478-198802000-00001,0.00,0.00,0.40,0.00,0.60,0.00,0.00,,,0.5,,0.25,,,Spermatocytic seminoma with sarcomatous transformation turns an innocuous tumour aggressive,abstract only
554,8697668,Systemic-onset juvenile idiopathic arthritis,Juvenile dermatomyositis,"Incidence of anti Hsp 90 and 70 antibodies in children with SLE, juvenile dermatomyositis and juvenile chronic arthritis.",1996,https://europepmc.org/article/MED/8697668,0.00,0.00,1.00,0.00,0.00,0.00,0.00,,,0.5,,,,,"Anti-Hsp90/70 antibodies in children with SLE, juvenile dermatomyositis and juvenile arthritis",abstract only
555,35900509,T-cell prolymphocytic leukemia,Anaplastic large cell lymphoma,Small cell variant anaplastic large cell lymphoma presenting as leukemia: A case report and review of Literature.,2022,https://doi.org/10.4103/ijpm.ijpm_443_21,0.40,0.00,0.00,0.00,0.00,0.60,0.00,0.5,,,,,0.5,,"Small cell variant ALCL presenting as leukaemia, a mimic of T-cell leukaemias",abstract only
556,38016421,T-cell prolymphocytic leukemia,Anaplastic large cell lymphoma,Cytogenetics in the management of mature T-cell and NK-cell neoplasms: Guidelines from the Groupe Francophone de Cytogénétique Hématologique (GFCH).,2023,https://doi.org/10.1016/j.retram.2023.103428,0.00,0.50,0.00,0.00,0.00,0.50,0.00,,0.25,,,,0.5,,"Cytogenetic guidelines for mature T- and NK-cell neoplasms with overlapping features (T-PLL, ALCL)",abstract only
557,7508884,Yolk sac tumor,Spermatocytic seminoma,Spermatocytic seminoma: an immunohistochemical study.,1994,https://doi.org/10.1016/0046-8177(94)90171-6,0.00,0.00,0.00,0.40,0.00,0.60,0.00,,,,0.25,,0.5,,"Spermatocytic seminoma must be distinguished from classic seminoma and other germ cell tumours; indolent course, orchiectomy suffices",abstract only
558,1342958,Yolk sac tumor,Spermatocytic seminoma,Intratubular germ cell neoplasia in infantile yolk sac tumor. Verification by tandem repeat sequence in situ hybridization.,1992,https://doi.org/10.1097/00019606-199203000-00018,0.00,0.00,0.60,0.00,0.40,0.00,0.00,,,0.75,,0.75,,,"ITGCN absent in spermatocytic seminoma and infantile yolk sac tumour, both more benign and developmentally distinct from adult TGCT",abstract only
559,17549357,Yolk sac tumor,Spermatocytic seminoma,Differential methylation of the OCT3/4 upstream region in primary human testicular germ cell tumors.,2007,https://doi.org/10.3892/or.18.1.127,0.00,0.40,0.60,0.00,0.00,0.00,0.00,,0.5,0.5,,,,,OCT3/4 upstream methylation differs across testicular germ cell tumour types incl. yolk sac tumour and spermatocytic seminoma,abstract only
560,12843316,Okihiro syndrome,Acro-renal-ocular syndrome,"Mutations at the SALL4 locus on chromosome 20 result in a range of clinically overlapping phenotypes, including Okihiro syndrome, Holt-Oram syndrome, acro-renal-ocular syndrome, and patients previously reported to represent thalidomide embryopathy.",2003,https://europepmc.org/article/PMC/PMC1735528,0.50,0.50,0.00,0.00,0.00,0.00,0.00,0.75,1.0,,,,,,"SALL4 mutations give clinically overlapping Okihiro, acro-renal-ocular and Holt-Oram phenotypes",abstract only
561,20301547,Okihiro syndrome,Acro-renal-ocular syndrome,SALL4-Related Disorders,1993,https://europepmc.org/article/MED/20301547,0.50,0.50,0.00,0.00,0.00,0.00,0.00,0.75,1.0,,,,,,"SALL4-related disorders: DRRS (Okihiro), AROS and Holt-Oram, previously thought to be distinct",abstract only
562,16086360,Okihiro syndrome,Acro-renal-ocular syndrome,"SALL4 mutations in Okihiro syndrome (Duane-radial ray syndrome), acro-renal-ocular syndrome, and related disorders.",2005,https://doi.org/10.1002/humu.20215,0.50,0.50,0.00,0.00,0.00,0.00,0.00,0.75,1.0,,,,,,"SALL4 mutations in Okihiro syndrome, acro-renal-ocular syndrome and related disorders",abstract only
563,37611564,Okihiro syndrome,Acro-renal-ocular syndrome,"SALL4 Phenotype in Four Generations of One Family: An Interplay of the Upper Limb, Kidneys, and the Pituitary.",2024,https://doi.org/10.1159/000531996,0.50,0.50,0.00,0.00,0.00,0.00,0.00,0.75,1.0,,,,,,"Family with SALL4 variant spanning upper limb, kidney and eye features of Okihiro/AROS/Holt-Oram",abstract only
564,39764552,Stevens-Johnson syndrome/toxic epidermal necrolysis spectrum,Squamous cell carcinoma of the esophagus,Case report: Toxic epidermal necrolysis induced by tislelizumab in a patient with esophageal squamous cell carcinoma.,2024,https://europepmc.org/article/PMC/PMC11700972,0.00,0.00,0.00,0.00,0.00,0.00,1.00,,,,,,,0.25,Toxic epidermal necrolysis induced by tislelizumab in a patient with oesophageal squamous cell carcinoma,abstract only
565,41268547,Stevens-Johnson syndrome/toxic epidermal necrolysis spectrum,Squamous cell carcinoma of the esophagus,Tislelizumab-associated toxic epidermal necrolysis in an esophageal cancer patient: a case report.,2025,https://europepmc.org/article/PMC/PMC12626797,0.00,0.00,0.00,0.00,0.00,0.00,1.00,,,,,,,0.25,Tislelizumab-associated TEN in an oesophageal cancer patient,abstract only
566,10209448,Posterior polymorphous corneal dystrophy,Congenital hereditary endothelial dystrophy type I,Homozygosity mapping and linkage analysis demonstrate that autosomal recessive congenital hereditary endothelial dystrophy (CHED) and autosomal dominant CHED are genetically distinct.,1999,https://europepmc.org/article/PMC/PMC1722772,0.30,0.70,0.00,0.00,0.00,0.00,0.00,0.5,0.75,,,,,,Homozygosity mapping places AR CHED near the PPCD/CHED1 chromosome 20 region,abstract only
