paper_id,title,year,pmid,pmcid,access_class,reviewer_id,decision,reason_code
PMID:10706591,Novel mutations in the gene encoding ATP-binding cassette 1 in four tangier disease kindreds.,2000,10706591,,abstract_only,,,
PMID:10802667,Mice deficient in Six5 develop cataracts: implications for myotonic dystrophy.,2000,10802667,,abstract_only,,,
PMID:10821824,Tangier disease with continuous massive and longitudinal diffuse calcification in the coronary arteries : demonstration by the sagittal images of intravascular ultrasonography.,2000,10821824,,metadata_only,,,
PMID:10858438,Sterol-dependent transactivation of the ABC1 promoter by the liver X receptor/retinoid X receptor.,2000,10858438,,abstract_only,,,
PMID:10970838,Recruitment of human muscleblind proteins to (CUG)(n) expansions associated with myotonic dystrophy.,2000,10970838,PMC302046,abstract_only,,,
PMID:10976074,Myotonic dystrophy in transgenic mice expressing an expanded CUG repeat.,2000,10976074,,abstract_only,,,
PMID:11124939,RNA CUG repeats sequester CUGBP1 and alter protein levels and activity of CUGBP1.,2001,11124939,,abstract_only,,,
PMID:11486088,Myotonic dystrophy type 2 caused by a CCTG expansion in intron 1 of ZNF9.,2001,11486088,,abstract_only,,,
PMID:11528389,Aberrant regulation of insulin receptor alternative splicing is associated with insulin resistance in myotonic dystrophy.,2001,11528389,,abstract_only,,,
PMID:11564876,Molecular basis for impaired muscle differentiation in myotonic dystrophy.,2001,11564876,PMC99869,abstract_only,,,
PMID:11694876,A repeat expansion in the gene encoding junctophilin-3 is associated with Huntington disease-like 2.,2001,11694876,,abstract_only,,,
PMID:12150905,Expanded CUG repeats trigger aberrant splicing of ClC-1 chloride channel pre-mRNA and hyperexcitability of skeletal muscle in myotonic dystrophy.,2002,12150905,,abstract_only,,,
PMID:12150906,Loss of the muscle-specific chloride channel in type 1 myotonic dystrophy due to misregulated alternative splicing.,2002,12150906,,abstract_only,,,
PMID:12296771,Secretion of phosphomannosyl-deficient arylsulphatase A and cathepsin D from isolated human macrophages.,2002,12296771,PMC1223046,abstract_only,,,
PMID:12601109,"Myotonic dystrophy type 2: molecular, diagnostic and clinical spectrum.",2003,12601109,,abstract_only,,,
PMID:12621457,Hematopoietic cell transplantation for inherited metabolic diseases: an overview of outcomes and practice guidelines.,2003,12621457,,abstract_only,,,
PMID:12792307,Spectrum of paraneoplastic neurologic disorders in women with breast and gynecologic cancer.,2003,12792307,,abstract_only,,,
PMID:14681885,Ribonuclear inclusions in skeletal muscle in myotonic dystrophy types 1 and 2.,2003,14681885,,abstract_only,,,
PMID:14722059,"Overexpression of CUG triplet repeat-binding protein, CUGBP1, in mice inhibits myogenesis.",2004,14722059,,abstract_only,,,
PMID:15258215,Recommended diagnostic criteria for paraneoplastic neurological syndromes.,2004,15258215,PMC1739186,abstract_only,,,
PMID:15503094,Myotonic dystrophy type 2 and related myotonic disorders.,2004,15503094,,abstract_only,,,
PMID:15704146,Hyper-CK-emia as the sole manifestation of myotonic dystrophy type 2.,2005,15704146,,abstract_only,,,
PMID:15888538,Treatment-responsive limbic encephalitis identified by neuropil antibodies: MRI and PET correlates.,2005,15888538,PMC1939694,abstract_only,,,
PMID:15901860,Transplantation of umbilical-cord blood in babies with infantile Krabbe's disease.,2005,15901860,,abstract_only,,,
PMID:15941905,Chemokine-induced recruitment of genetically modified bone marrow cells into the CNS of GM1-gangliosidosis mice corrects neuronal pathology.,2005,15941905,PMC1895262,abstract_only,,,
PMID:16776586,RNA-mediated neuromuscular disorders.,2006,16776586,,abstract_only,,,
PMID:16878132,Reversible model of RNA toxicity and cardiac conduction defects in myotonic dystrophy.,2006,16878132,PMC2909745,abstract_only,,,
PMID:16908743,Laboratory abnormalities in ambulatory patients with myotonic dystrophy type 1.,2006,16908743,,abstract_only,,,
PMID:17080200,Gene therapy of metachromatic leukodystrophy reverses neurological damage and deficits in mice.,2006,17080200,PMC1626132,abstract_only,,,
PMID:17698010,RNA-binding proteins hnRNP A2/B1 and CUGBP1 suppress fragile X CGG premutation repeat-induced neurodegeneration in a Drosophila model of FXTAS.,2007,17698010,PMC2215388,abstract_only,,,
PMID:17823658,Elevation of RNA-binding protein CUGBP1 is an early event in an inducible heart-specific mouse model of myotonic dystrophy.,2007,17823658,PMC1964514,abstract_only,,,
PMID:17885447,Myotonic dystrophy: RNA-mediated muscle disease.,2007,17885447,,abstract_only,,,
PMID:17936705,Increased steady-state levels of CUGBP1 in myotonic dystrophy 1 are due to PKC-mediated hyperphosphorylation.,2007,17936705,PMC2083558,abstract_only,,,
PMID:17942744,MBNL binds similar RNA structures in the CUG repeats of myotonic dystrophy and its pre-mRNA substrate cardiac troponin T.,2007,17942744,PMC2080590,abstract_only,,,
PMID:17991756,Characterization of high density lipoprotein particles in familial apolipoprotein A-I deficiency.,2008,17991756,,abstract_only,,,
PMID:18231123,Smith-Magenis syndrome.,2008,18231123,,abstract_only,,,
PMID:18272483,Expanded CTG repeats within the DMPK 3' UTR causes severe skeletal muscle wasting in an inducible mouse model for myotonic dystrophy.,2008,18272483,PMC2268190,abstract_only,,,
PMID:18978958,DPP6 Localization in Brain Supports Function as a Kv4 Channel Associated Protein.,2008,18978958,PMC2576564,abstract_only,,,
PMID:19154005,Microsatellite repeat instability and neurological disease.,2009,19154005,PMC4321794,abstract_only,,,
PMID:19167224,Dysphagia is present but mild in myotonic dystrophy type 2.,2009,19167224,,abstract_only,,,
PMID:19279261,The dipeptidyl-peptidase-like protein DPP6 determines the unitary conductance of neuronal Kv4.2 channels.,2009,19279261,PMC3758885,abstract_only,,,
PMID:19379289,Exogenous melatonin for sleep problems in individuals with intellectual disability: a meta-analysis.,2009,19379289,,abstract_only,,,
PMID:19470458,The protein factors MBNL1 and U2AF65 bind alternative RNA structures to regulate splicing.,2009,19470458,PMC2695092,abstract_only,,,
PMID:19473658,Marked high density lipoprotein deficiency due to apolipoprotein A-I Tomioka (codon 138 deletion).,2009,19473658,,abstract_only,,,
PMID:19556721,Impaired insulin secretion in four Tangier disease patients with ABCA1 mutations.,2009,19556721,,abstract_only,,,
PMID:19608921,Reversal of RNA dominance by displacement of protein sequestered on triplet repeat RNA.,2009,19608921,PMC4109973,abstract_only,,,
PMID:19839639,Small discoidal pre-beta1 HDL particles are efficient acceptors of cell cholesterol via ABCA1 and ABCG1.,2009,19839639,,abstract_only,,,
PMID:19864666,Strong association between myotonic dystrophy type 2 and autoimmune diseases.,2009,19864666,,abstract_only,,,
PMID:19909263,Pathogenic mechanisms of myotonic dystrophy.,2009,19909263,PMC3873089,abstract_only,,,
PMID:20301283,Cornelia de Lange Syndrome,1993,20301283,,abstract_only,,,
PMID:20301398,Simpson-Golabi-Behmel Syndrome Type 1,1993,20301398,,abstract_only,,,
PMID:20301416,Krabbe Disease,1993,20301416,,abstract_only,,,
PMID:20301482,Huntington Disease,1993,20301482,,abstract_only,,,
PMID:20301487,Smith-Magenis Syndrome,1993,20301487,,abstract_only,,,
PMID:20301563,"Progressive Myoclonus Epilepsy, Lafora Type",1993,20301563,,abstract_only,,,
PMID:20301701,Huntington Disease-Like 2,1993,20301701,,abstract_only,,,
PMID:20301790,Ataxia-Telangiectasia,1993,20301790,,abstract_only,,,
PMID:20616715,Marked HDL deficiency and premature coronary heart disease.,2010,20616715,PMC6942922,abstract_only,,,
PMID:20663977,"Antibodies to Kv1 potassium channel-complex proteins leucine-rich, glioma inactivated 1 protein and contactin-associated protein-2 in limbic encephalitis, Morvan's syndrome and acquired neuromyotonia.",2010,20663977,PMC2929337,abstract_only,,,
PMID:21291740,"Clinical presentation, laboratory values, and coronary heart disease risk in marked high-density lipoprotein-deficiency states.",2008,21291740,PMC6942923,abstract_only,,,
PMID:21623381,Misregulated alternative splicing of BIN1 is associated with T tubule alterations and muscle weakness in myotonic dystrophy.,2011,21623381,,abstract_only,,,
PMID:21747075,Encephalitis and antibodies to synaptic and neuronal cell surface proteins.,2011,21747075,PMC3140073,abstract_only,,,
PMID:21882399,Kabuki Syndrome,1993,21882399,,abstract_only,,,
PMID:21911698,Laboratory abnormalities in patients with myotonic dystrophy type 2.,2011,21911698,PMC3429333,abstract_only,,,
PMID:22084329,Expert panel on integrated guidelines for cardiovascular health and risk reduction in children and adolescents: summary report.,2011,22084329,PMC4536582,metadata_only,,,
PMID:22179783,Clinical and electrophysiological characteristics of neuropathy associated with Tangier disease.,2012,22179783,,abstract_only,,,
PMID:22699250,"Exploration of differences in types of sleep disturbance and severity of sleep problems between individuals with Cri du Chat syndrome, Down's syndrome, and Jacobsen syndrome: a case control study.",2012,22699250,,abstract_only,,,
PMID:22913675,"Tangier disease: epidemiology, pathophysiology, and management.",2012,22913675,,abstract_only,,,
PMID:22995693,"The myotonic dystrophies: molecular, clinical, and therapeutic challenges.",2012,22995693,,abstract_only,,,
PMID:23225603,"Encephalitis and antibodies to dipeptidyl-peptidase-like protein-6, a subunit of Kv4.2 potassium channels.",2013,23225603,PMC3563722,abstract_only,,,
PMID:23853091,Mitochondrial DNA with a large-scale deletion causes two distinct mitochondrial disease phenotypes in mice.,2013,23853091,PMC3755915,abstract_only,,,
PMID:24768612,Myotonic dystrophy type 1 mimics and exacerbates Brugada phenotype induced by Nav1.5 sodium channel loss-of-function mutation.,2014,24768612,,abstract_only,,,
PMID:24842754,"Effect of rituximab in patients with leucine-rich, glioma-inactivated 1 antibody-associated encephalopathy.",2014,24842754,PMC4477824,abstract_only,,,
PMID:24882752,"Myotonic dystrophies: An update on clinical aspects, genetic, pathology, and molecular pathomechanisms.",2015,24882752,,abstract_only,,,
PMID:24907641,Abnormal splicing of NEDD4 in myotonic dystrophy type 2: possible link to statin adverse reactions.,2014,24907641,PMC4116696,abstract_only,,,
PMID:24943134,Unmasked Brugada pattern by ajmaline challenge in patients with myotonic dystrophy type 1.,2015,24943134,PMC6931494,abstract_only,,,
PMID:24951641,"Glycine receptor antibodies in PERM and related syndromes: characteristics, clinical features and outcomes.",2014,24951641,PMC4107739,abstract_only,,,
PMID:25035146,Pearson syndrome in a Diamond-Blackfan anemia cohort.,2014,25035146,PMC4102705,abstract_only,,,
PMID:25121518,"Myotonic dystrophy: diagnosis, management and new therapies.",2014,25121518,,abstract_only,,,
PMID:25225166,Quantification of HDL particle concentration by calibrated ion mobility analysis.,2014,25225166,PMC4324763,abstract_only,,,
PMID:25280894,A diagnostic approach for cerebral palsy in the genomic era.,2014,25280894,PMC4229412,abstract_only,,,
PMID:25309711,Another Perspective on Fasciculations: When is it not Caused by the Classic form of Amyotrophic Lateral Sclerosis or Progressive Spinal Atrophy?,2014,25309711,PMC4192433,open_full_text_xml,,,
PMID:25369168,Cellular plasticity induced by anti-α-amino-3-hydroxy-5-methyl-4-isoxazolepropionic acid (AMPA) receptor encephalitis antibodies.,2015,25369168,PMC4365686,abstract_only,,,
PMID:25613807,Abnormal sodium current properties contribute to cardiac electrical and contractile dysfunction in a mouse model of myotonic dystrophy type 1.,2015,25613807,,abstract_only,,,
PMID:25667900,Electroencephalographic and fluorodeoxyglucose-positron emission tomography correlates in anti-N-methyl-d-aspartate receptor autoimmune encephalitis.,2014,25667900,PMC4308031,abstract_only,,,
PMID:25670364,Elevated interleukin-10: a new cause of dyslipidemia leading to severe HDL deficiency.,2015,25670364,PMC5513489,abstract_only,,,
PMID:25684057,Disease specific therapies in leukodystrophies and leukoencephalopathies.,2015,25684057,PMC4390468,abstract_only,,,
PMID:25712547,Anticipation in myotonic dystrophy type 1 parents with small CTG expansions.,2015,25712547,,abstract_only,,,
PMID:26016877,"A novel mitochondrial DNA deletion in a patient with Pearson syndrome and neonatal diabetes mellitus provides insight into disease etiology, severity and progression.",2016,26016877,,abstract_only,,,
PMID:26138792,Myotonic dystrophy 2 manifesting with non-alcoholic and non-hepatitic liver cirrhosis.,2015,26138792,,abstract_only,,,
PMID:26185774,Caspr2 autoantibodies target multiple epitopes.,2015,26185774,PMC4496632,abstract_only,,,
PMID:26198636,Deficiency in the Lipid Exporter ABCA1 Impairs Retrograde Sterol Movement and Disrupts Sterol Sensing at the Endoplasmic Reticulum.,2015,26198636,PMC4583027,abstract_only,,,
PMID:26518169,"WITHDRAWN: A novel mitochondrial DNA deletion in a patient with Pearson syndrome and neonatal diabetes mellitus provides insight into disease etiology, severity and progression.",2015,26518169,,metadata_only,,,
PMID:26581301,Patient-Reported Impact of Symptoms in Myotonic Dystrophy Type 2 (PRISM-2).,2015,26581301,PMC4691689,abstract_only,,,
PMID:27011649,Tangier's disease: An uncommon cause of facial weakness and non-length dependent demyelinating neuropathy.,2016,27011649,PMC4782534,open_full_text_xml,,,
PMID:27224435,A Case of Morvan Syndrome Mimicking Amyotrophic Lateral Sclerosis With Frontotemporal Dementia.,2016,27224435,,abstract_only,,,
PMID:27322473,A Molecular Signature of Myalgia in Myotonic Dystrophy 2.,2016,27322473,PMC4909324,abstract_only,,,
PMID:27565770,Diagnosis and treatment of high density lipoprotein deficiency.,2016,27565770,PMC5331615,abstract_only,,,
PMID:27665240,Unravelling the myotonic dystrophy type 1 clinical spectrum: A systematic registry-based study with implications for disease classification.,2016,27665240,,abstract_only,,,
PMID:27847683,Clinical utility of seropositive voltage-gated potassium channel-complex antibody.,2016,27847683,PMC5100709,abstract_only,,,
PMID:28129118,CRISPR/Cas9-Induced (CTG⋅CAG)<sub>n</sub> Repeat Instability in the Myotonic Dystrophy Type 1 Locus: Implications for Therapeutic Genome Editing.,2017,28129118,PMC5363205,abstract_only,,,
PMID:28330813,ATP-Binding Cassette Transporter A1 Deficiency in Human Induced Pluripotent Stem Cell-Derived Hepatocytes Abrogates HDL Biogenesis and Enhances Triglyceride Secretion.,2017,28330813,PMC5405159,abstract_only,,,
PMID:28503406,Sleep in Neurodevelopmental Disorders.,2016,28503406,PMC5424624,abstract_only,,,
PMID:28537273,Clinical utility gene card for: Tangier disease.,2017,28537273,PMC5520081,metadata_only,,,
PMID:28550978,Left ventricular longitudinal strain impairment predicts cardiovascular events in asymptomatic type 1 myotonic dystrophy.,2017,28550978,,abstract_only,,,
PMID:28694012,Self-injurious behavior.,2018,28694012,,abstract_only,,,
PMID:28846270,Pancreatic Neuroendocrine Tumors,2025,28846270,,abstract_only,,,
PMID:28928611,Brugada syndrome in children - Stepping into unchartered territory.,2017,28928611,PMC5594936,open_full_text_xml,,,
PMID:29321841,Reversed gender ratio of autism spectrum disorder in Smith-Magenis syndrome.,2018,29321841,PMC5759230,open_full_text_xml,,,
PMID:29399345,ATP-binding cassette transporter A1: A promising therapy target for prostate cancer.,2018,29399345,PMC5772884,abstract_only,,,
PMID:29489177,Lafora Disease,2024,29489177,,abstract_only,,,
PMID:29494067,Cri Du Chat Syndrome,2026,29494067,,abstract_only,,,
PMID:29563393,Accelerated Atherogenicity in Tangier Disease.,2018,29563393,PMC6193190,abstract_only,,,
PMID:29629396,Anti-NMDA receptor encephalitis and nonencephalitic HSV-1 infection.,2018,29629396,PMC5886833,abstract_only,,,
PMID:30135334,Japan Atherosclerosis Society (JAS) Guidelines for Prevention of Atherosclerotic Cardiovascular Diseases 2017.,2018,30135334,PMC6143773,metadata_only,,,
PMID:30187164,Genetic landscape of isolated pediatric cataracts: extreme heterogeneity and variable inheritance patterns within genes.,2019,30187164,PMC6401332,abstract_only,,,
PMID:30214464,Primary genetic disorders affecting high density lipoprotein (HDL).,2018,30214464,PMC6135231,open_full_text_xml,,,
PMID:30275469,Lysosomal storage diseases.,2018,30275469,,abstract_only,,,
PMID:30371314,CRISPR -Mediated Expression of the Fetal Scn5a Isoform in Adult Mice Causes Conduction Defects and Arrhythmias.,2018,30371314,PMC6404881,open_full_text_xml,,,
PMID:30412777,"2018 ACC/AHA/HRS guideline on the evaluation and management of patients with bradycardia and cardiac conduction delay: Executive summary: A Report of the American College of Cardiology/American Heart Association Task Force on Clinical Practice Guidelines, and the Heart Rhythm Society.",2019,30412777,,metadata_only,,,
PMID:30725937,IgA Vasculitis (Henoch-Schönlein Purpura),2026,30725937,,abstract_only,,,
PMID:30735661,The Genetic Landscape of Diamond-Blackfan Anemia.,2019,30735661,PMC6372259,metadata_only,,,
PMID:31046780,Myocardial fibrosis by late gadolinium enhancement cardiovascular magnetic resonance in myotonic muscular dystrophy type 1: highly prevalent but not associated with surface conduction abnormality.,2019,31046780,PMC6498496,abstract_only,,,
PMID:31208452,Diamond-Blackfan anemia RPL35A: a case report.,2019,31208452,PMC6580590,open_full_text_xml,,,
PMID:31240596,Autoimmune Epilepsy.,2019,31240596,PMC6694338,abstract_only,,,
PMID:31424770,Vasculitis,2025,31424770,,abstract_only,,,
PMID:31449644,Brugada syndrome in a young patient with type 1 myotonic dystrophy requiring an implantable cardioverter defibrillator for primary prevention: a case report.,2019,31449644,PMC6601169,open_full_text_xml,,,
PMID:31533780,Paving the way for a better understanding of the pathophysiology of gait impairment in myotonic dystrophy: a pilot study focusing on muscle networks.,2019,31533780,PMC6751609,open_full_text_xml,,,
PMID:31651874,Simpson-Golabi-Behmel syndrome type 1 with subclinical hypothyroidism: A case report.,2019,31651874,PMC6824639,open_full_text_xml,,,
PMID:31736586,Differential Diagnoses of Amyotrophic Lateral Sclerosis are More Variegated than Anticipated.,2019,31736586,PMC6839289,open_full_text_xml,,,
PMID:31794466,Myotonic Muscular Dystrophies.,2019,31794466,,abstract_only,,,
PMID:31915326,Congenital Myotonic Dystrophy and Brugada Syndrome: A Report of Two Cases.,2020,31915326,PMC6977606,open_full_text_xml,,,
PMID:31961825,Steroid resistance in Diamond Blackfan anemia associates with p57Kip2 dysregulation in erythroid progenitors.,2020,31961825,PMC7108903,abstract_only,,,
PMID:31984132,The genetics of intellectual disability: advancing technology and gene editing.,2020,31984132,PMC6966773,abstract_only,,,
PMID:32022754,Tangier disease: update for 2020.,2020,32022754,,abstract_only,,,
PMID:32063450,Idiopathic ventricular fibrillation and the V1764fsX1786 frameshift mutation of the SCN5A gene in a myotonic dystrophy type 1 patient.,2020,32063450,,abstract_only,,,
PMID:32067592,Clinical Care Recommendations for Cardiologists Treating Adults With Myotonic Dystrophy.,2020,32067592,PMC7070199,abstract_only,,,
PMID:32119471,Cornelia de Lange Syndrome,2026,32119471,,abstract_only,,,
PMID:32149528,A comparison between the neurocognitive profile of Huntington Disease-Like 2 and Huntington Disease: Exploring the presence of double dissociations.,2022,32149528,,abstract_only,,,
PMID:32158381,Transcription and Beyond: Delineating FOXG1 Function in Cortical Development and Disorders.,2020,32158381,PMC7052011,open_full_text_xml,,,
PMID:32270509,Guidelines on clinical presentation and management of nondystrophic myotonias.,2020,32270509,PMC8117169,abstract_only,,,
PMID:32425682,Do microdeletions lead to immune deficiency?,2020,32425682,PMC7226555,open_full_text_xml,,,
PMID:32443735,Clinical and Genetic Overview of Paroxysmal Movement Disorders and Episodic Ataxias.,2020,32443735,PMC7279391,open_full_text_xml,,,
PMID:32667743,Applying high-throughput sequencing to identify and evaluate foetal chromosomal deletion and duplication.,2020,32667743,PMC7520324,open_full_text_xml,,,
PMID:32832197,Review of Hereditary and Acquired Rare Choreas.,2020,32832197,PMC7413136,open_full_text_xml,,,
PMID:33084997,Clinical Characteristics and Management of 50 Patients with Anti-GAD Ataxia: Gluten-Free Diet Has a Major Impact.,2021,33084997,PMC8004502,abstract_only,,,
PMID:33263785,Non-dystrophic myotonias: clinical and mutation spectrum of 70 German patients.,2021,33263785,PMC8068660,open_full_text_xml,,,
PMID:33280237,The novel Nrf2 activator CDDO-EA attenuates cerebral ischemic injury by promoting microglia/macrophage polarization toward M2 phenotype in mice.,2021,33280237,PMC7804925,abstract_only,,,
PMID:33374753,Visual System Impairment in a Mouse Model of Krabbe Disease: The Twitcher Mouse.,2020,33374753,PMC7824544,open_full_text_xml,,,
PMID:33380124,Tangier disease in family with the phenotype of familial hypercholesterolemia.,2020,33380124,,abstract_only,,,
PMID:33449375,"Location, location, location: the organization and roles of potassium channels in mammalian motoneurons.",2021,33449375,PMC12993820,abstract_only,,,
PMID:33542497,Origins of human genetics. A personal perspective.,2021,33542497,PMC8298510,open_full_text_xml,,,
PMID:33577398,PINK1 Inhibits Multimeric Aggregation and Signaling of MAVS and MAVS-Dependent Lung Pathology.,2021,33577398,PMC8086043,abstract_only,,,
PMID:33586850,A useful method to diagnose Pearson syndrome mimicking Diamond-Blackfan anemia.,2021,33586850,,metadata_only,,,
PMID:33632309,Sleep disorders in rare genetic syndromes: a meta-analysis of prevalence and profile.,2021,33632309,PMC7908701,open_full_text_xml,,,
PMID:33691803,Insomnia in neurological diseases.,2021,33691803,PMC7944611,open_full_text_xml,,,
PMID:33768920,Phenotypic overlap between pyruvate dehydrogenase complex deficiency and FOXG1 syndrome.,2021,33768920,PMC7981633,open_full_text_xml,,,
PMID:33786802,Sleep Disturbances Associated with Neurological Autoimmunity.,2021,33786802,PMC8116412,abstract_only,,,
PMID:33826125,BACs-on-Beads Assay for the Prenatal Diagnosis of Microdeletion and Microduplication Syndromes.,2021,33826125,,abstract_only,,,
PMID:33862179,Loss of coordinated expression between ribosomal and mitochondrial genes revealed by comprehensive characterization of a large family with a rare Mendelian disorder.,2021,33862179,PMC8266734,abstract_only,,,
PMID:33866895,Parental stress and adjustment in the context of rare genetic syndromes: A scoping review.,2022,33866895,PMC9168905,open_full_text_xml,,,
PMID:33867422,Current Status of Familial LCAT Deficiency in Japan.,2021,33867422,PMC8265425,open_full_text_xml,,,
PMID:33994407,Current Diagnosis and Management of Tangier Disease.,2021,33994407,PMC8326168,open_full_text_xml,,,
PMID:33997032,Characterization of Fasciculation Potentials (FPs) in Amyotrophic Lateral Sclerosis (ALS) and Peripheral Nerve Hyperexcitability Syndromes (PNH).,2021,33997032,PMC8110376,open_full_text_xml,,,
PMID:34056909,Diagnostic Impact of Repeated Expert Review & Long-Term Follow-Up in Determining Etiology of Idiopathic Cardiac Arrest.,2021,34056909,PMC8477849,open_full_text_xml,,,
PMID:34062647,Minipolymyoclonus: A Critical Appraisal.,2021,34062647,PMC8175814,open_full_text_xml,,,
PMID:34064035,"Myasthenia Gravis: Epidemiology, Pathophysiology and Clinical Manifestations.",2021,34064035,PMC8196750,open_full_text_xml,,,
PMID:34130251,Demystifying the spontaneous phenomena of motor hyperexcitability.,2021,34130251,,abstract_only,,,
PMID:34174467,The adaptive functioning profile of Pitt-Hopkins syndrome.,2021,34174467,,abstract_only,,,
PMID:34182846,"Cholesterol efflux pathways, inflammation, and atherosclerosis.",2021,34182846,PMC9007272,abstract_only,,,
PMID:34203304,Genotype-Phenotype Correlations in Angelman Syndrome.,2021,34203304,PMC8304328,open_full_text_xml,,,
PMID:34220060,Clinical Profile and Treatment Response in Patients with CASPR2 Antibody-Associated Neurological Disease.,2021,34220060,PMC8232480,open_full_text_xml,,,
PMID:34305787,Antibody-Mediated Autoimmune Diseases of the CNS: Challenges and Approaches to Diagnosis and Management.,2021,34305787,PMC8292678,open_full_text_xml,,,
PMID:34333141,2021 PACES expert consensus statement on the indications and management of cardiovascular implantable electronic devices in pediatric patients.,2021,34333141,PMC8577100,open_full_text_xml,,,
PMID:34333142,2021 PACES expert consensus statement on the indications and management of cardiovascular implantable electronic devices in pediatric patients: Executive summary.,2021,34333142,PMC8577082,open_full_text_xml,,,
PMID:34335568,Role of Immunoglobulins in Muscular Dystrophies and Inflammatory Myopathies.,2021,34335568,PMC8316973,abstract_only,,,
PMID:34440332,Rett Syndrome Spectrum in Monogenic Developmental-Epileptic Encephalopathies and Epilepsies: A Review.,2021,34440332,PMC8394997,open_full_text_xml,,,
PMID:34504512,"Transmission of a Novel Imprinting Center Deletion Associated With Prader-Willi Syndrome Through Three Generations of a Chinese Family: Case Presentation, Differential Diagnosis, and a Lesson Worth Thinking About.",2021,34504512,PMC8421676,open_full_text_xml,,,
PMID:34569763,Pearson syndrome in a child transplanted for Diamond-Blackfan anemia.,2021,34569763,,abstract_only,,,
PMID:34571966,Genomic Aberrations Associated with the Pathophysiological Mechanisms of Neurodevelopmental Disorders.,2021,34571966,PMC8470284,open_full_text_xml,,,
PMID:34576033,Angelman Syndrome and Angelman-like Syndromes Share the Same Calcium-Related Gene Signatures.,2021,34576033,PMC8469403,open_full_text_xml,,,
PMID:34653234,New genes involved in Angelman syndrome-like: Expanding the genetic spectrum.,2021,34653234,PMC8519432,open_full_text_xml,,,
PMID:34676866,A Modern Approach to Dyslipidemia.,2022,34676866,PMC9277652,open_full_text_xml,,,
PMID:34821692,Biomarkers Utility: At the Borderline between Cardiology and Neurology.,2021,34821692,PMC8621331,abstract_only,,,
PMID:34830739,"What Every Internist-Endocrinologist Should Know about Rare Genetic Syndromes in Order to Prevent Needless Diagnostics, Missed Diagnoses and Medical Complications: Five Years of 'Internal Medicine for Rare Genetic Syndromes'.",2021,34830739,PMC8622899,open_full_text_xml,,,
PMID:34878751,Monogenic Disorders Altering HDL Levels,2000,34878751,,abstract_only,,,
PMID:34882261,"EANM procedure guidelines for brain PET imaging using [<sup>18</sup>F]FDG, version 3.",2022,34882261,PMC8803744,open_full_text_xml,,,
PMID:34889379,When to worry about inherited bone marrow failure and myeloid malignancy predisposition syndromes in the setting of a hypocellular marrow.,2021,34889379,PMC8791095,abstract_only,,,
PMID:34937594,Sleep: the neglected life factor in adults with intellectual disabilities.,2023,34937594,PMC10214421,open_full_text_xml,,,
PMID:34985130,Hereditary myopathies associated with hematological abnormalities.,2022,34985130,,abstract_only,,,
PMID:35001666,The role of junctophilin proteins in cellular function.,2022,35001666,PMC8934682,open_full_text_xml,,,
PMID:35055139,Paving Therapeutic Avenues for FOXG1 Syndrome: Untangling Genotypes and Phenotypes from a Molecular Perspective.,2022,35055139,PMC8780739,open_full_text_xml,,,
PMID:35085778,JAX-CNV: A Whole-genome Sequencing-based Algorithm for Copy Number Detection at Clinical Grade Level.,2022,35085778,PMC10225484,open_full_text_xml,,,
PMID:35096007,Clinical Utility of the Prenatal BACs-on-Beads™ Assay in Invasive Prenatal Diagnosis.,2021,35096007,PMC8795869,open_full_text_xml,,,
PMID:35119049,Clinical and genetic features of four patients with Pearson syndrome: An observational study.,2022,35119049,PMC8812667,open_full_text_xml,,,
PMID:35187127,Autosomal Recessive Hypercholesterolemia Caused by a Novel <i>LDLRAP1</i> Variant and Membranous Nephropathy in a Chinese Girl: A Case Report.,2022,35187127,PMC8855038,abstract_only,,,
PMID:35191981,Development and characterization of cell models harbouring mtDNA deletions for in vitro study of Pearson syndrome.,2022,35191981,PMC8906170,abstract_only,,,
PMID:35213686,Anemia in the pediatric patient.,2022,35213686,PMC9373018,abstract_only,,,
PMID:35222250,Combining Literature Review With a Ground Truth Approach for Diagnosing Huntington's Disease Phenocopy.,2022,35222250,PMC8866848,open_full_text_xml,,,
PMID:35237450,Dyslipidemia Diagnosis and Treatment: Risk Stratification in Children and Adolescents.,2022,35237450,PMC8885266,open_full_text_xml,,,
PMID:35329839,Fetal Nasal Bone Hypoplasia in the Second Trimester as a Marker of Multiple Genetic Syndromes.,2022,35329839,PMC8954562,open_full_text_xml,,,
PMID:35329854,Rare Disorders: Diagnosis and Therapeutic Planning for Patients Seeking Orthodontic Treatment.,2022,35329854,PMC8954363,open_full_text_xml,,,
PMID:35353604,A bridge from the endoplasmic reticulum to the plasma membrane comes into view.,2022,35353604,PMC9169776,open_full_text_xml,,,
PMID:35373836,European Heart Rhythm Association (EHRA)/Heart Rhythm Society (HRS)/Asia Pacific Heart Rhythm Society (APHRS)/Latin American Heart Rhythm Society (LAHRS) Expert Consensus Statement on the state of genetic testing for cardiac diseases.,2022,35373836,PMC9435643,open_full_text_xml,,,
PMID:35387851,Teaching Video NeuroImage: Peculiar Hobby Horse Gait in Huntington Disease-like 2.,2022,35387851,,metadata_only,,,
PMID:35468572,Age-related hallmarks of psychopathology in Cornelia de Lange and Rubinstein-Taybi syndromes.,2022,35468572,,abstract_only,,,
PMID:35478698,Cognitive Dysfunction in Repeat Expansion Diseases: A Review.,2022,35478698,PMC9036481,open_full_text_xml,,,
PMID:35482990,A prenatal case of Simpson-Golabi-Behmel syndrome type 1 with a 0.26-Mb deletion fragment at Xq26.2 inherited from mother: Case report.,2022,35482990,PMC9276221,open_full_text_xml,,,
PMID:35512351,Suleiman-El-Hattab syndrome: a histone modification disorder caused by TASP1 deficiency.,2022,35512351,PMC9476618,abstract_only,,,
PMID:35530134,"Remembering your A, B, C's: Alzheimer's disease and ABCA1.",2022,35530134,PMC9072248,abstract_only,,,
PMID:35530376,Isaac Syndrome with Intractable Neuropathic Pain Features: A Case Report.,2022,35530376,PMC9035955,open_full_text_xml,,,
PMID:35535852,Rescue of behavioral and electrophysiological phenotypes in a Pitt-Hopkins syndrome mouse model by genetic restoration of &lt;i&gt;Tcf4&lt;/i&gt; expression.,2022,35535852,PMC9090324,open_full_text_xml,,,
PMID:35587694,"Lack of ApoA-I in ApoEKO Mice Causes Skin Xanthomas, Worsening of Inflammation, and Increased Coronary Atherosclerosis in the Absence of Hyperlipidemia.",2022,35587694,PMC9205301,abstract_only,,,
PMID:35593442,DNA Methyl Transferase 3A (DNMT3A) Mutation Presenting as Isolated Pure Red Cell Aplasia.,2022,35593442,PMC9125062,open_full_text_xml,,,
PMID:35611167,A case report of profound atrioventricular block in an endurance athlete: how far do you go?,2022,35611167,PMC9122639,open_full_text_xml,,,
PMID:35620304,FDG-PET findings and alcohol-responsive myoclonus in a patient with Unverricht-Lundborg disease.,2022,35620304,PMC9126780,open_full_text_xml,,,
PMID:35625916,HDL as Bidirectional Lipid Vectors: Time for New Paradigms.,2022,35625916,PMC9138557,abstract_only,,,
PMID:35677556,Case Report: Clinical and Genetic Characteristics of Pearson Syndrome in a Chinese Boy and 139 Patients.,2022,35677556,PMC9168460,open_full_text_xml,,,
PMID:35733931,Acanthocytes Identified in Huntington's Disease.,2022,35733931,PMC9208653,open_full_text_xml,,,
PMID:35754477,Behavioral Phenotypes of Foxg1 Heterozygous Mice.,2022,35754477,PMC9214218,open_full_text_xml,,,
PMID:35796263,"Autoantibody Encephalitis: Presentation, Diagnosis, and Management.",2022,35796263,PMC9262450,open_full_text_xml,,,
PMID:35796281,Direct assessment of overnight parent-child proximity in children with behavioral insomnia: Extending models of operant and classical conditioning.,2023,35796281,,abstract_only,,,
PMID:35803701,Endocrine and behavioural features of Lowe syndrome and their potential molecular mechanisms.,2022,35803701,PMC10186212,abstract_only,,,
PMID:35838066,Newborn screening for neurodevelopmental diseases: Are we there yet?,2022,35838066,PMC9796120,open_full_text_xml,,,
PMID:35920287,Atrial cardiomyopathy: from cell to bedside.,2022,35920287,PMC9773734,open_full_text_xml,,,
PMID:35930004,Sleep disturbance is a common feature of Kabuki syndrome.,2022,35930004,PMC9474613,abstract_only,,,
PMID:35936045,European Heart Rhythm Association (EHRA)/Heart Rhythm Society (HRS)/Asia Pacific Heart Rhythm Society (APHRS)/Latin American Heart Rhythm Society (LAHRS) Expert Consensus Statement on the state of genetic testing for cardiac diseases.,2022,35936045,PMC9347209,open_full_text_xml,,,
PMID:36012404,An Association Study of DNA Methylation and Gene Expression in Angelman Syndrome: A Bioinformatics Approach.,2022,36012404,PMC9409443,open_full_text_xml,,,
PMID:36012925,"Obsessive Compulsive ""Paper Handling"": A Potential Distinctive Behavior in Children and Adolescents with KBG Syndrome.",2022,36012925,PMC9410117,open_full_text_xml,,,
PMID:36066198,The therapeutic potential of bone marrow-derived macrophages in neurological diseases.,2022,36066198,PMC9627381,open_full_text_xml,,,
PMID:36156879,GENE TARGET: A framework for evaluating Mendelian neurodevelopmental disorders for gene therapy.,2022,36156879,PMC9478871,open_full_text_xml,,,
PMID:36169768,Clinical and neuroimaging review of triplet repeat diseases.,2023,36169768,PMC9889482,open_full_text_xml,,,
PMID:36177340,Cardiac Involvement and Arrhythmias Associated with Myotonic Dystrophy.,2022,36177340,PMC9518819,open_full_text_xml,,,
PMID:36192771,Lafora disease: a case report.,2022,36192771,PMC9528140,open_full_text_xml,,,
PMID:36212636,Case report: Coexistence of myotonia congenita and Brugada syndrome in one family.,2022,36212636,PMC9537820,open_full_text_xml,,,
PMID:36217831,Rates of rare copy number variants in different circumstances among patients with genetic developmental and epileptic encephalopathy.,2022,36217831,PMC10481157,open_full_text_xml,,,
PMID:36237940,A case of Huntington disease-like 2 in a patient of African ancestry: the everlasting support of clinical examination in the molecular era.,2022,36237940,PMC9536496,open_full_text_xml,,,
PMID:36253820,Pearson syndrome: a multisystem mitochondrial disease with bone marrow failure.,2022,36253820,PMC9575259,open_full_text_xml,,,
PMID:36291481,Wiedemann-Steiner Syndrome: Case Report and Review of Literature.,2022,36291481,PMC9600770,open_full_text_xml,,,
PMID:36310336,Prenatal ultrasound in fetuses with polycystic kidney appearance - expanding the diagnostic algorithm.,2023,36310336,PMC10435620,open_full_text_xml,,,
PMID:36316717,Copy number variant analysis for syndromic congenital heart disease in the Chinese population.,2022,36316717,PMC9623925,open_full_text_xml,,,
PMID:36325278,Melatonin Treatment for Pediatric Patients with Insomnia: Is There a Place for It?,2022,36325278,PMC9621019,open_full_text_xml,,,
PMID:36325625,Bruxism in awake dogs as a clinical sign of forebrain disease: 4 cases.,2022,36325625,PMC9708440,open_full_text_xml,,,
PMID:36333674,Application of chromosome microarray analysis and karyotyping in diagnostic assessment of abnormal Down syndrome screening results.,2022,36333674,PMC9635180,open_full_text_xml,,,
PMID:36334949,Sleep in Children With Neurodevelopmental Disabilities During COVID-19: An Integrative Review.,2023,36334949,PMC9550660,abstract_only,,,
PMID:36373844,Anxiety in Wiedemann-Steiner syndrome.,2023,36373844,PMC9907226,abstract_only,,,
PMID:36373849,The developmental trajectories of the behavioral phenotype and neuropsychiatric functioning in Cornelia de Lange and Rubinstein Taybi syndromes: A longitudinal study.,2023,36373849,PMC10099472,open_full_text_xml,,,
PMID:36408191,Acquired and hereditary bone marrow failure: A mitochondrial perspective.,2022,36408191,PMC9666693,open_full_text_xml,,,
PMID:36437529,Unique profile of academic learning difficulties in Wiedemann-Steiner syndrome.,2023,36437529,PMC9839653,abstract_only,,,
PMID:36537977,Myotonic Dystrophy.,2022,36537977,,abstract_only,,,
PMID:36562171,Fatal congenital copper transport defect caused by a homozygous likely pathogenic variant of SLC31A1.,2023,36562171,,abstract_only,,,
PMID:36579120,Surgical treatment of Pitt-Hopkins syndrome associated with strabismus and early-onset myopia: Two case reports.,2022,36579120,PMC9791505,open_full_text_xml,,,
PMID:36589659,2021 PACES Expert Consensus Statement on the Indications and Management of Cardiovascular Implantable Electronic Devices in Pediatric Patients: Executive Summary.,2022,36589659,PMC9802608,open_full_text_xml,,,
PMID:36639821,Profiles of autism characteristics in thirteen genetic syndromes: a machine learning approach.,2023,36639821,PMC9837969,open_full_text_xml,,,
PMID:36651718,Very low HDL levels: clinical assessment and management.,2023,36651718,PMC9983789,open_full_text_xml,,,
PMID:36675224,Lipidomics-Paving the Road towards Better Insight and Precision Medicine in Rare Metabolic Diseases.,2023,36675224,PMC9866746,open_full_text_xml,,,
PMID:36707971,History of familial adult myoclonus epilepsy/benign adult familial myoclonic epilepsy around the world.,2023,36707971,PMC10952646,open_full_text_xml,,,
PMID:36735458,Neurophysiology of Juvenile and Progressive Myoclonic Epilepsy.,2023,36735458,,abstract_only,,,
PMID:36754525,Approaches to Genetic Screening in Cardiomyopathies: Practical Guidance for Clinicians.,2023,36754525,PMC10191168,abstract_only,,,
PMID:36777701,22q11 Copy Number Variations in a Brazilian Cohort of Children with Congenital Heart Disorders.,2023,36777701,PMC9911999,abstract_only,,,
PMID:36817672,Extended application of BACs-on-Beads technique in prenatal diagnosis.,2023,36817672,PMC9897109,open_full_text_xml,,,
PMID:36824142,Hepatitis B virus-infection related cryoglobulinemic vasculitis. Clinical manifestations and the effect of antiviral therapy: A review of the literature.,2023,36824142,PMC9941626,open_full_text_xml,,,
PMID:36854483,Congenital ichthyosis: a multidisciplinary approach in a neonatal care unit.,2023,36854483,PMC9980165,abstract_only,,,
PMID:36870948,Comparison of evoked potentials across four related developmental encephalopathies.,2023,36870948,PMC9985257,open_full_text_xml,,,
PMID:36883071,Evaluation of Index of Cardiac Electrophysiological Balance in Patients With Myotonic Dystrophy Type 1.,2023,36883071,PMC9985921,open_full_text_xml,,,
PMID:36906860,[Hereditary renal tumor syndromes.],2023,36906860,,abstract_only,,,
PMID:36942618,The clinical and sleep manifestations in children with FOXG1 syndrome.,2023,36942618,,abstract_only,,,
PMID:36952035,Five years of experience in the Epigenetics and Chromatin Clinic: what have we learned and where do we go from here?,2024,36952035,PMC10034257,open_full_text_xml,,,
PMID:36961765,Molecular and Clinical Spectrum of Primary Hyperparathyroidism.,2023,36961765,PMC10502601,abstract_only,,,
PMID:36975511,"Advances in Ion Channel, Non-Desmosomal Variants and Autophagic Mechanisms Implicated in Arrhythmogenic Cardiomyopathy.",2023,36975511,PMC10047275,open_full_text_xml,,,
PMID:37048678,Association of a Novel Homozygous Variant in <i>ABCA1</i> Gene with Tangier Disease.,2023,37048678,PMC10094818,open_full_text_xml,,,
PMID:37090188,A Novel Variant in <i>VPS13B</i> Underlying Cohen Syndrome.,2023,37090188,PMC10115529,open_full_text_xml,,,
PMID:37111604,BlockmiR AONs as Site-Specific Therapeutic MBNL Modulation in Myotonic Dystrophy 2D and 3D Muscle Cells and HSA<sup>LR</sup> Mice.,2023,37111604,PMC10141141,abstract_only,,,
PMID:37193200,Heterogeneity of Autism Characteristics in Genetic Syndromes: Key Considerations for Assessment and Support.,2023,37193200,PMC10169182,open_full_text_xml,,,
PMID:37229057,Collodion baby with ectropion in a Syrian newborn: a case report study.,2023,37229057,PMC10205355,open_full_text_xml,,,
PMID:37245029,Epigenetics of cognition and behavior: insights from Mendelian disorders of epigenetic machinery.,2023,37245029,PMC10224589,open_full_text_xml,,,
PMID:37282453,An overview on CV2/CRMP5 antibody-associated paraneoplastic neurological syndromes.,2023,37282453,PMC10360094,open_full_text_xml,,,
PMID:37285621,Behavioural and physiological indicators of anxiety reflect shared and distinct profiles across individuals with neurogenetic syndromes.,2023,37285621,,abstract_only,,,
PMID:37308910,Expanding genotype-phenotype correlations in FOXG1 syndrome: results from a patient registry.,2023,37308910,PMC10262363,open_full_text_xml,,,
PMID:37315172,Donor bone marrow-derived macrophage engraftment into the central nervous system of patients following allogeneic transplantation.,2023,37315172,PMC10558597,abstract_only,,,
PMID:37323590,Pure Red Cell Aplasia Encountered in a Tertiary Care Hematology Laboratory: A Series of Nine Distinctive Cases.,2023,37323590,PMC10264118,open_full_text_xml,,,
PMID:37340842,Functional Annotation and Gene Set Analysis of Gastric Cancer Risk Loci in a Korean Population.,2024,37340842,PMC10789951,open_full_text_xml,,,
PMID:37345279,"Use, misuse, and pitfalls of the drug challenge test in the diagnosis of the Brugada syndrome.",2023,37345279,PMC10702857,open_full_text_xml,,,
PMID:37372241,A Gene-Based Algorithm for Identifying Factors That May Affect a Speaker's Voice.,2023,37372241,PMC10297681,open_full_text_xml,,,
PMID:37426375,Autoinflammatory diseases: what is behind them and what is new?,2023,37426375,PMC10327674,open_full_text_xml,,,
PMID:37432518,Comprehensive pathological and genetic investigation of three young adult myotonic dystrophy type 1 patients with sudden unexpected death.,2023,37432518,,abstract_only,,,
PMID:37471493,The collective burden of childhood dementia: a scoping review.,2023,37471493,PMC10629766,open_full_text_xml,,,
PMID:37504561,The Roles of Histone Lysine Methyltransferases in Heart Development and Disease.,2023,37504561,PMC10380575,open_full_text_xml,,,
PMID:37518868,Short histological kaleidoscope - recent findings in histology. Part III.,2023,37518868,PMC10520383,abstract_only,,,
PMID:37529775,Editorial: Rare dyslipidemias.,2023,37529775,PMC10390060,open_full_text_xml,,,
PMID:37534280,A novel therapeutic vaccine targeting the soluble TNFα receptor II to limit the progression of cardiovascular disease: AtheroVax™.,2023,37534280,PMC10392828,open_full_text_xml,,,
PMID:37541097,Progressive myoclonic epilepsy type 1 (EPM1) patients present with abnormal <sup>1</sup>H MRS brain metabolic profiles associated with cognitive function.,2023,37541097,PMC10412857,open_full_text_xml,,,
PMID:37545679,ABCA1 Deficiency: A Rare Cause of Premature Coronary Artery Disease.,2023,37545679,PMC10401051,open_full_text_xml,,,
PMID:37554594,"Rett Syndrome: A Tale of Altered Genetics, Synaptic Plasticity, and Neurodevelopmental Dynamics.",2023,37554594,PMC10405636,open_full_text_xml,,,
PMID:37565480,"Associations Between Executive Functioning, Behavioral Functioning, and Adaptive Functioning Difficulties in Wiedemann-Steiner Syndrome.",2024,37565480,PMC10879922,abstract_only,,,
PMID:37616028,ILAE Genetics Literacy series: Progressive myoclonus epilepsies.,2023,37616028,PMC10947580,open_full_text_xml,,,
PMID:37644229,Ocular manifestations of renal ciliopathies.,2024,37644229,PMC10942941,open_full_text_xml,,,
PMID:37675393,"What the pediatric endocrinologist needs to know about skeletal dysplasia, a primer.",2023,37675393,PMC10477785,open_full_text_xml,,,
PMID:37711990,Current and Future Perspective in Hematopoietic Stem Progenitor Cell-gene Therapy for Inborn Errors of Metabolism.,2023,37711990,PMC10499111,metadata_only,,,
PMID:37732815,Successful cord blood transplantation for del7q myelodysplastic syndrome in Pearson marrow pancreas syndrome.,2023,37732815,PMC10841150,metadata_only,,,
PMID:37743136,Periodontal Treatment of Norwegian Patients With Rare Diseases: A Commentary.,2024,37743136,PMC10829336,open_full_text_xml,,,
PMID:37780946,Kleefstra Syndrome-Dental Manifestations and Needs: A Case Report with a Literature Review.,2023,37780946,PMC10541297,open_full_text_xml,,,
PMID:37791807,"Overgrowth syndromes, diagnosis and management.",2023,37791807,PMC10872759,abstract_only,,,
PMID:37798038,Eye in ataxia telangiectasia.,2023,37798038,PMC10565231,metadata_only,,,
PMID:37832715,The multifaceted role of mitochondria in HSC fate decisions: energy and beyond.,2023,37832715,PMC11487575,abstract_only,,,
PMID:37833681,Top caregiver concerns in Rett syndrome and related disorders: data from the US natural history study.,2023,37833681,PMC10571464,open_full_text_xml,,,
PMID:37850852,Vocal Characteristics of Infants at Risk for Speech Motor Involvement: A Scoping Review.,2023,37850852,PMC10715844,abstract_only,,,
PMID:37861103,Genetic modifiers of repeat expansion disorders.,2023,37861103,PMC10754329,open_full_text_xml,,,
PMID:37894644,Peptides as Therapeutic Agents: Challenges and Opportunities in the Green Transition Era.,2023,37894644,PMC10609221,abstract_only,,,
PMID:37908502,"High residual cardiovascular risk after lipid-lowering: prime time for Predictive, Preventive, Personalized, Participatory, and Psycho-cognitive medicine.",2023,37908502,PMC10613690,open_full_text_xml,,,
PMID:37921399,Attention challenges in Kabuki syndrome.,2024,37921399,PMC12582340,abstract_only,,,
PMID:37927073,Diagnostic and New Therapeutic Approaches to Two Challenging Pediatric Metabolic Bone Disorders: Hypophosphatasia and X-linked Hypophosphatemic Rickets.,2024,37927073,,abstract_only,,,
PMID:37928900,Stem cell models of Angelman syndrome.,2023,37928900,PMC10620611,open_full_text_xml,,,
PMID:37957950,Immune Checkpoint Inhibitor-Induced Pure Red Cell Aplasia: A Review of 2 Cases in Metastatic Melanoma.,2023,37957950,PMC10658056,open_full_text_xml,,,
PMID:37958665,The Dysfunction of Ca<sup>2+</sup> Channels in Hereditary and Chronic Human Heart Diseases and Experimental Animal Models.,2023,37958665,PMC10650855,open_full_text_xml,,,
PMID:37971636,"High-Density Lipoprotein Cholesterol in Atherosclerotic Cardiovascular Disease Risk Assessment: Exploring and Explaining the ""U""-Shaped Curve.",2023,37971636,PMC10898346,abstract_only,,,
PMID:37977837,Occult bowel cancer presenting as Morvan syndrome.,2023,37977837,PMC10661011,abstract_only,,,
PMID:38001870,Melatonin in Neurodevelopmental Disorders: A Critical Literature Review.,2023,38001870,PMC10669594,open_full_text_xml,,,
PMID:38031879,"Genetic mutations in pyoderma gangrenosum, hidradenitis suppurativa, and associated autoinflammatory syndromes: Insights into pathogenic mechanisms and shared pathways.",2024,38031879,PMC11484153,open_full_text_xml,,,
PMID:38044457,The use of eye-tracking technology as a tool to evaluate social cognition in people with an intellectual disability: a systematic review and meta-analysis.,2023,38044457,PMC10694880,open_full_text_xml,,,
PMID:38049194,The metabolic basis of inherited neutropenias.,2024,38049194,PMC12236450,abstract_only,,,
PMID:38052254,Functional characterization of missense variants affecting the extracellular domains of ABCA1 using a fluorescence-based assay.,2024,38052254,PMC10792246,open_full_text_xml,,,
PMID:38056433,Expanding the Clinical and Molecular Spectrum of FOXG1- and ZBTB18-Associated Neurodevelopmental Disorders.,2023,38056433,,abstract_only,,,
PMID:38057990,Rett and Rett-related disorders: Common mechanisms for shared symptoms?,2023,38057990,PMC10800134,abstract_only,,,
PMID:38061711,Novel Compound Heterozygous Mutations of <i>TGM1</i> Gene Identified in a Turkish Collodion Baby Diagnosed with Non-Bullous Congenital Ichthyosiform Erythroderma.,2023,38061711,PMC10727856,open_full_text_xml,,,
PMID:38065634,Current Considerations in the Diagnosis and Treatment of Circadian Rhythm Sleep-Wake Disorders in Children.,2023,38065634,PMC10710539,abstract_only,,,
PMID:38076278,Early onset developmental and epileptic encephalopathy and Rett-like phenotype in a 15-year-old girl affected by Cornelia de Lange syndrome type 2 due to a <i>SMC1A</i> gene mutation.,2023,38076278,PMC10709160,open_full_text_xml,,,
PMID:38112345,Nanomaterials as Microglia Modulators in the Treatment of Central Nervous System Disorders.,2024,38112345,,abstract_only,,,
PMID:38114648,Huntington disease-like 2: insight into neurodegeneration from an African disease.,2024,38114648,,abstract_only,,,
PMID:38115264,Cutaneous polyarteritis nodosa and pulmonary arterial hypertension: An unexpected liaison. A case report.,2023,38115264,PMC10727645,open_full_text_xml,,,
PMID:38116293,Editorial: Characterizing the neurobehavioral phenotype of mendelian disorders of epigenetic machinery.,2023,38116293,PMC10728862,open_full_text_xml,,,
PMID:38125279,A decreased level of high-density lipoprotein is a possible risk factor for type 2 diabetes mellitus: A review.,2023,38125279,PMC10731824,open_full_text_xml,,,
PMID:38132285,The Diagnostic Landscape of Adult Neurogenetic Disorders.,2023,38132285,PMC10740572,open_full_text_xml,,,
PMID:38161545,DIS3L2 Gene Mutation Causes the Perlman Syndrome of Overgrowth and Wilms Tumor Susceptibility.,2023,38161545,PMC10757746,open_full_text_xml,,,
PMID:38179548,Histiocytosis Presenting as Bilateral Adrenal Masses: A Case Report.,2024,38179548,PMC10766400,open_full_text_xml,,,
PMID:38183056,"The 4<sup>th</sup> NextGen therapies of SJIA and MAS, part 4: it is time for IL-18 based trials in systemic juvenile idiopathic arthritis?",2024,38183056,PMC10768079,open_full_text_xml,,,
PMID:38185097,Basal Ganglia Syndrome in a Male With an XK Gene Variant but Without XK Disease (McLeod Syndrome).,2024,38185097,PMC11082608,open_full_text_xml,,,
PMID:38192248,Preface to Journal of Dermatology special issue: Neutrophilic dermatoses and autoinflammation.,2024,38192248,PMC11483282,open_full_text_xml,,,
PMID:38195543,Neutrophil extracellular traps and neutrophilic dermatosis: an update review.,2024,38195543,PMC10776565,open_full_text_xml,,,
PMID:38195641,Characterizing the pathogenicity of genetic variants: the consequences of context.,2024,38195641,PMC10776585,open_full_text_xml,,,
PMID:38211570,Invited Mini Review Metabolic Bone Disease of Prematurity: Overview and Practice Recommendations.,2025,38211570,PMC11854976,open_full_text_xml,,,
PMID:38222997,Uncovering the Challenges of Rare Diseases: Insights From a Retrospective Cross-Sectional Study in Albania (2005-2022).,2024,38222997,PMC10784772,open_full_text_xml,,,
PMID:38228391,Whole-exome sequencing reveals causative genetic variants for several overgrowth syndromes in molecularly negative Beckwith-Wiedemann spectrum.,2024,38228391,,abstract_only,,,
PMID:38233004,"Harlequin ichthyosis, prenatal diagnosis: the ultrasound recognition.",2024,38233004,PMC10806978,abstract_only,,,
PMID:38239660,Intraoperative parathyroid hormone monitoring in parathyroidectomy for hyperparathyroidism: a protocol for a network meta-analysis of diagnostic test accuracy.,2023,38239660,PMC10794403,open_full_text_xml,,,
PMID:38247861,The Roles of Cystatin B in the Brain and Pathophysiological Mechanisms of Progressive Myoclonic Epilepsy Type 1.,2024,38247861,PMC10814315,open_full_text_xml,,,
PMID:38248841,Disorders of Copper Metabolism in Children-A Problem too Rarely Recognized.,2024,38248841,PMC10818781,open_full_text_xml,,,
PMID:38283708,Rare Causes of Musculoskeletal Pain: Thinking beyond Common Rheumatologic Diseases.,2024,38283708,PMC10810688,open_full_text_xml,,,
PMID:38331897,Clinical and genetic characterization of 47 Chinese pediatric patients with Pitt-Hopkins syndrome: a retrospective study.,2024,38331897,PMC10851572,open_full_text_xml,,,
PMID:38335127,"The Diagnostic Odyssey in Children and Adolescents With X-linked Hypophosphatemia: Population-Based, Case-Control Study.",2024,38335127,PMC11244174,open_full_text_xml,,,
PMID:38339173,The Pathogenic RET Val804Met Variant in Acromegaly: A New Clinical Phenotype?,2024,38339173,PMC10856706,open_full_text_xml,,,
PMID:38355898,A cohort study of neurodevelopmental disorders and/or congenital anomalies using high resolution chromosomal microarrays in southern Brazil highlighting the significance of ASD.,2024,38355898,PMC10867078,open_full_text_xml,,,
PMID:38368425,Assessing the efficacy of target adaptive sampling long-read sequencing through hereditary cancer patient genomes.,2024,38368425,PMC10874402,open_full_text_xml,,,
PMID:38370361,Growth disorders caused by variants in epigenetic regulators: progress and prospects.,2024,38370361,PMC10870149,open_full_text_xml,,,
PMID:38378692,The spectrum of neurological presentation in individuals affected by TBL1XR1 gene defects.,2024,38378692,PMC10880200,open_full_text_xml,,,
PMID:38390530,Chronic Inflammatory Demyelinating Polyradiculoneuropathy as a Presentation of Plasmacytoma.,2023,38390530,PMC10880843,open_full_text_xml,,,
PMID:38391695,Rett Syndrome and the Role of MECP2: Signaling to Clinical Trials.,2024,38391695,PMC10886956,open_full_text_xml,,,
PMID:38392277,Comprehensive Cardiovascular Management of Myotonic Dystrophy Type 1 Patients: A Report from the Italian Neuro-Cardiology Network.,2024,38392277,PMC10889677,abstract_only,,,
PMID:38397161,"Progressive Myoclonus Epilepsy: A Scoping Review of Diagnostic, Phenotypic and Therapeutic Advances.",2024,38397161,PMC10888128,open_full_text_xml,,,
PMID:38397201,Variants in <i>KMT2A</i> in Three Individuals with Previous Suspicion of 22q11.2 Deletion Syndrome.,2024,38397201,PMC10888166,open_full_text_xml,,,
PMID:38408341,Compressive myelopathy from diffuse spinal dural calcifications in a patient with end-stage renal disease: illustrative case.,2024,38408341,PMC10901115,open_full_text_xml,,,
PMID:38408849,Interrupting an IFN-γ-dependent feedback loop in the syndrome of pyogenic arthritis with pyoderma gangrenosum and acne.,2024,38408849,PMC11103328,open_full_text_xml,,,
PMID:38442972,Simpson-Golabi-Behmel syndrome type 1 with normal birth parameters.,2024,38442972,PMC11107076,abstract_only,,,
PMID:38455615,A fatal case of Harlequin ichthyosis: Experience from low-resource setting.,2023,38455615,PMC10919709,open_full_text_xml,,,
PMID:38502139,Expression of ATP-Binding Cassette Transporter A1 (ABCA1) in Eyelid Tissues and Meibomian Gland Epithelial Cells.,2024,38502139,PMC10959198,abstract_only,,,
PMID:38502976,Visual attention patterns during a gaze following task in neurogenetic syndromes associated with unique profiles of autistic traits: Fragile X and Cornelia de Lange syndromes.,2024,38502976,,abstract_only,,,
PMID:38529605,Role of &lt;i&gt;ABCA1&lt;/i&gt; in Atherosclerosis: Novel Mutations and Potential Plant-derived Therapies.,2025,38529605,,abstract_only,,,
PMID:38532453,Current prospects of hereditary adrenal tumors: towards better clinical management.,2024,38532453,PMC10964668,open_full_text_xml,,,
PMID:38534400,MuSK Myasthenia Gravis-Potential Pathomechanisms and Treatment Directed against Specific Targets.,2024,38534400,PMC10968960,open_full_text_xml,,,
PMID:38538336,Transitional Medicine of Intractable Primary Dyslipidemias in Japan.,2024,38538336,PMC11079492,open_full_text_xml,,,
PMID:38538338,Genetic and Functional Analyses of Patients with Marked Hypo-High-Density Lipoprotein Cholesterolemia.,2024,38538338,PMC11374561,abstract_only,,,
PMID:38540347,Erythrokeratodermia Variabilis-like Phenotype in Patients Carrying <i>ABCA12</i> Mutations.,2024,38540347,PMC10970099,open_full_text_xml,,,
PMID:38565508,[Progressive myoclonic epilepsy: a retrospective study of newly-diagnosed adult patients from a single center].,2024,38565508,,abstract_only,,,
PMID:38576105,Updated mutational spectrum and genotype-phenotype correlations in ichthyosis patients with ABCA12 pathogenic variants.,2024,38576105,,abstract_only,,,
PMID:38592278,Hepatomegaly and Splenomegaly: An Approach to the Diagnosis of Lysosomal Storage Diseases.,2024,38592278,PMC10932313,open_full_text_xml,,,
PMID:38637764,Exploring an objective measure of overactivity in children with rare genetic syndromes.,2024,38637764,PMC11025271,open_full_text_xml,,,
PMID:38667717,New Guidelines of Pediatric Cardiac Implantable Electronic Devices: What Is Changing in Clinical Practice?,2024,38667717,PMC11050217,open_full_text_xml,,,
PMID:38671997,Behavioral and Psychiatric Disorders in Syndromic Autism.,2024,38671997,PMC11048128,open_full_text_xml,,,
PMID:38673696,Advancing the Clinical and Molecular Understanding of Cornelia de Lange Syndrome: A Multidisciplinary Pediatric Case Series and Review of the Literature.,2024,38673696,PMC11050916,open_full_text_xml,,,
PMID:38673747,Neuroinflammation and Epilepsy: From Pathophysiology to Therapies Based on Repurposing Drugs.,2024,38673747,PMC11049926,open_full_text_xml,,,
PMID:38674362,Genetic Alterations in a Large Population of Italian Patients Affected by Neurodevelopmental Disorders.,2024,38674362,PMC11050211,open_full_text_xml,,,
PMID:38684403,Twin Study: The Factors Affecting the Serum LDL-C and HDL-C Levels and an RNA-Seq Analysis in Mononuclear Cells in Monozygotic Twins.,2024,38684403,PMC11537789,abstract_only,,,
PMID:38697731,"Diagnosis, treatment, and surveillance of Diamond-Blackfan anaemia syndrome: international consensus statement.",2024,38697731,PMC12424227,abstract_only,,,
PMID:38701358,Cost-effectiveness of Genetic Testing of Endocrine Tumor Patients Using a Comprehensive Hereditary Cancer Gene Panel.,2024,38701358,PMC11570362,open_full_text_xml,,,
PMID:38702946,Compound heterozygous ABCA12 variants identified in a Chinese patient with congenital ichthyosiform erythroderma: Advancing genotype-phenotype correlations and literature review.,2024,38702946,PMC11069050,open_full_text_xml,,,
PMID:38706107,Human genetic defects of sphingolipid synthesis.,2025,38706107,PMC11730260,abstract_only,,,
PMID:38706696,"Diagnosis, treatment, and management of rickets: a position statement from the Bone and Mineral Metabolism Group of the Italian Society of Pediatric Endocrinology and Diabetology.",2024,38706696,PMC11066174,abstract_only,,,
PMID:38708489,The Role of Soluble Urokinase Plasminogen Activator Receptor (suPAR) as an Early Indicator of Mortality in Pediatric Septic Shock.,2024,38708489,PMC11137844,abstract_only,,,
PMID:38725192,Atypical Presentations of Huntington Disease-like 2 in South African Individuals.,2024,38725192,PMC11233840,abstract_only,,,
PMID:38731134,From Genotype to Phenotype of Polish Patients with Pitt-Hopkins Syndrome concerning the Quality of Life and Family Functioning.,2024,38731134,PMC11084255,abstract_only,,,
PMID:38731973,"Wilson Disease: Copper-Mediated Cuproptosis, Iron-Related Ferroptosis, and Clinical Highlights, with Comprehensive and Critical Analysis Update.",2024,38731973,PMC11084815,abstract_only,,,
PMID:38735914,"FEBS-IUBMB-ENABLE 2<sup>nd</sup> International Molecular Biosciences PhD and Postdoc Conference, The emerging challenge, Environmental impacts on human health, 23-25 November 2023, University of Cologne, Germany.",2024,38735914,PMC11089011,metadata_only,,,
PMID:38767543,Systemic vasculitis involving the kidney: the nephropathologist's point of view.,2024,38767543,PMC11138762,abstract_only,,,
PMID:38773596,Natural L-type calcium channels antagonists from Chinese medicine.,2024,38773596,PMC11107034,abstract_only,,,
PMID:38778377,Expanding the phenotype in Pitt-Hopkins syndrome; description of new oral finding and dental management considerations.,2024,38778377,PMC11112874,abstract_only,,,
PMID:38779241,Anesthetic Management of Patients With Morvan Syndrome: A Case Report and Literature Review.,2024,38779241,PMC11111158,abstract_only,,,
PMID:38783283,Computer-based facial recognition as an assisting diagnostic tool to identify children with Noonan syndrome.,2024,38783283,PMC11118109,abstract_only,,,
PMID:38790223,Normalized Clinical Severity Scores Reveal a Correlation between X Chromosome Inactivation and Disease Severity in Rett Syndrome.,2024,38790223,PMC11120815,abstract_only,,,
PMID:38793127,Automatic Classification and Visualization of Text Data on Rare Diseases.,2024,38793127,PMC11121901,abstract_only,,,
PMID:38810986,Comprehensive evaluation of the child with global developmental delays or intellectual disability.,2024,38810986,PMC11374451,abstract_only,,,
PMID:38827532,A 28-year-old patient with tuberous sclerosis associated with renal angiomyolipoma:A rare case report and literature review.,2024,38827532,PMC11143435,abstract_only,,,
PMID:38837855,"Epilepsy, EEG and chromosomal rearrangements.",2024,38837855,PMC11296106,abstract_only,,,
PMID:38849857,POEMS syndrome with undetectable M-protein: a case report and literature review.,2024,38849857,PMC11157949,abstract_only,,,
PMID:38854642,The role of epigenetics in rare diseases.,2024,38854642,PMC11154187,abstract_only,,,
PMID:38892889,Understanding Rare Anemias: Emerging Frontiers for Diagnosis and Treatment.,2024,38892889,PMC11172750,abstract_only,,,
PMID:38893676,New Insights on Molecular Autopsy in Sudden Death: A Systematic Review.,2024,38893676,PMC11171636,abstract_only,,,
PMID:38894719,Molecular mechanisms of human overgrowth and use of &lt;i&gt;omics&lt;/i&gt; in its diagnostics: chances and challenges.,2024,38894719,PMC11183334,abstract_only,,,
PMID:38916623,Differential diagnosis of Huntington's disease- neurological aspects of NKX2-1-related disorders.,2024,38916623,PMC11365827,abstract_only,,,
PMID:38944637,Unlock the potential: Auditory-evoked event-related potential (ERP) as a treatment-responsive biomarker for Rett syndrome.,2024,38944637,PMC11284539,metadata_only,,,
PMID:38963810,Morvan Fibrillary Chorea Associated with Monoclonal B Cell Lymphocytosis.,2024,38963810,PMC11322787,abstract_only,,,
PMID:38974753,The history of Wilson disease.,2024,38974753,PMC11227348,metadata_only,,,
PMID:38979496,Autism spectrum disorder and a possible role of anti-inflammatory treatments: experience in the pediatric allergy/immunology clinic.,2024,38979496,PMC11228311,abstract_only,,,
PMID:39000257,Dietary Supplementation with n-3 Polyunsaturated Fatty Acids Delays the Phenotypic Manifestation of Krabbe Disease and Partially Restores Lipid Mediator Production in the Brain-Study in a Mouse Model of the Disease.,2024,39000257,PMC11241235,abstract_only,,,
PMID:39009979,"ATM, BLM, and CDH1 gene co-mutations in a high-grade endometrial stromal sarcoma patient with multiple abdominal cavity metastases: a case report and literature review.",2024,39009979,PMC11247777,abstract_only,,,
PMID:39026379,Skeletal muscle vulnerability in a child with Pitt-Hopkins syndrome.,2024,39026379,PMC11256580,abstract_only,,,
PMID:39061081,Evaluation of the landscape of pharmacodynamic biomarkers in Niemann-Pick Disease Type C (NPC).,2024,39061081,PMC11282650,abstract_only,,,
PMID:39062202,Macrodactyly.,2024,39062202,PMC11274991,abstract_only,,,
PMID:39068415,Development and psychometric properties of the Clinical Anxiety Scale for People with Intellectual Disabilities (ClASP-ID).,2024,39068415,PMC11283710,abstract_only,,,
PMID:39096933,A novel splicing variant in ABCA1 in the first reported Hong Kong Chinese patient with high-density lipoprotein deficiency.,2024,39096933,PMC11301564,abstract_only,,,
PMID:39103591,"""In God We Trust"": An Exploratory Study of the Associations Between Religiosity and the Caregiving Experiences of Parents of Children with Rare Diseases in Poland.",2024,39103591,PMC11576783,abstract_only,,,
PMID:39103847,Exome sequencing reveals neurodevelopmental genes in simplex consanguineous Iranian families with syndromic autism.,2024,39103847,PMC11302097,abstract_only,,,
PMID:39108836,Epigenetics in rare neurological diseases.,2024,39108836,PMC11300358,abstract_only,,,
PMID:39112824,Highlights of Gene and Cell Therapy for Epidermolysis Bullosa and Ichthyosis.,2024,39112824,PMC11393223,abstract_only,,,
PMID:39113367,Genetic Analysis of De Novo Variants in KMT2A mixed-lineage leukemia Identified in a Family of Wiedermann-Steiner Syndromes.,2024,39113367,PMC11418774,metadata_only,,,
PMID:39119028,Contributions of France to the field of clinical cardiac electrophysiology and pacing.,2024,39119028,PMC11305881,metadata_only,,,
PMID:39119544,Co-occurrence of <i>CAPN3</i> homozygous mutation and CCTG expansion in the <i>CNBP</i> gene in a patient with muscular dystrophy.,2024,39119544,PMC11304224,abstract_only,,,
PMID:39121016,Advances in gene and cellular therapeutic approaches for Huntington's disease.,2025,39121016,PMC12120246,abstract_only,,,
PMID:39126013,Case Report: A Case of a Patient with Smith-Magenis Syndrome and Early-Onset Parkinson's Disease.,2024,39126013,PMC11313365,abstract_only,,,
PMID:39126705,Rescue of Scn5a mis-splicing does not improve the structural and functional heart defects of a DM1 heart mouse model.,2024,39126705,PMC11458005,abstract_only,,,
PMID:39127957,Inherited phosphate and pyrophosphate disorders: New insights and novel therapies changing the oral health landscape.,2024,39127957,PMC11540754,abstract_only,,,
PMID:39135718,Drug repurposing in Rett and Rett-like syndromes: a promising yet underrated opportunity?,2024,39135718,PMC11317438,abstract_only,,,
PMID:39141588,Parent-reported outcome measures evaluating communication in individuals with rare neurodevelopmental disorders: A systematic review.,2024,39141588,PMC11649302,abstract_only,,,
PMID:39158128,Phenotypic spectrum and tumor risk in Simpson-Golabi-Behmel syndrome: Case series and comprehensive literature review.,2024,39158128,PMC11540722,abstract_only,,,
PMID:39167997,Emerging X-linked genes associated with neurodevelopmental disorders in females.,2024,39167997,PMC11392613,abstract_only,,,
PMID:39183754,Novel strategies in Parkinson's disease treatment: a review.,2024,39183754,PMC11341544,abstract_only,,,
PMID:39185098,A General Neurologist's Practical Diagnostic Algorithm for Atypical Parkinsonian Disorders: A Consensus Statement.,2024,39185098,PMC11341009,abstract_only,,,
PMID:39189679,Genetic testing and new variants in diagnosis of congenital ichthyoses.,2024,39189679,PMC11348405,abstract_only,,,
PMID:39191071,Neurosurgical gene therapy for central nervous system diseases.,2024,39191071,PMC11445594,abstract_only,,,
PMID:39194755,Unlocking the Genetic Secrets of Acromegaly: Exploring the Role of Genetics in a Rare Disorder.,2024,39194755,PMC11352740,abstract_only,,,
PMID:39201746,Advances in Molecular Mechanisms of Kidney Disease: Integrating Renal Tumorigenesis of Hereditary Cancer Syndrome.,2024,39201746,PMC11355026,abstract_only,,,
PMID:39201799,Molecular Aspects in the Development of Type 2 Diabetes and Possible Preventive and Complementary Therapies.,2024,39201799,PMC11354764,abstract_only,,,
PMID:39201946,Prospective Genetic Screening in Multiple Endocrine Neoplasia Syndromes.,2024,39201946,PMC11352621,abstract_only,,,
PMID:39202466,Clinical Features and Disease Progression in Older Individuals with Rett Syndrome.,2024,39202466,PMC11353339,abstract_only,,,
PMID:39206163,Epileptic seizures revealing tuberous sclerosis in a tropical environment: A study of 12 case series.,2024,39206163,PMC11357778,abstract_only,,,
PMID:39212267,Spinocerebellar ataxia type 10 and Huntington disease-like 2 in Venezuela: Further evidence of two different ancestral founder effects.,2024,39212267,,abstract_only,,,
PMID:39212455,Rare diseases: a challenge in paediatric dentistry.,2024,39212455,,abstract_only,,,
PMID:39264246,Update on Recommendations for Cancer Screening and Surveillance in Children with Genomic Instability Disorders.,2024,39264246,PMC11705613,abstract_only,,,
PMID:39272694,"Genetics, Pathophysiology, and Current Challenges in Von Hippel-Lindau Disease Therapeutics.",2024,39272694,PMC11393980,abstract_only,,,
PMID:39276676,Gene therapy for the leukodystrophies: From preclinical animal studies to clinical trials.,2024,39276676,PMC11418141,abstract_only,,,
PMID:39276677,Hematopoietic stem cell gene therapy to halt neurodegeneration.,2024,39276677,PMC11417237,abstract_only,,,
PMID:39303915,Histone methyltransferase KMT2A: Developmental regulation to oncogenic transformation.,2024,39303915,PMC11736124,abstract_only,,,
PMID:39320341,Update on Surveillance for Wilms Tumor and Hepatoblastoma in Beckwith-Wiedemann Syndrome and Other Predisposition Syndromes.,2024,39320341,PMC11611621,abstract_only,,,
PMID:39323316,Neuroimaging Applications for the Delivery and Monitoring of Gene Therapy for Central Nervous System Diseases.,2024,39323316,PMC13175210,abstract_only,,,
PMID:39334823,The Biological Mechanisms and Clinical Roles of RNA-Binding Proteins in Cardiovascular Diseases.,2024,39334823,PMC11430443,abstract_only,,,
PMID:39336746,Uncovering a Genetic Diagnosis in a Pediatric Patient by Whole Exome Sequencing: A Modeling Investigation in Wiedemann-Steiner Syndrome.,2024,39336746,PMC11431573,abstract_only,,,
PMID:39337023,Renal Manifestations of Chronic Hepatitis C: A Review.,2024,39337023,PMC11433393,abstract_only,,,
PMID:39339713,"Diet and Nutrients in Rare Neurological Disorders: Biological, Biochemical, and Pathophysiological Evidence.",2024,39339713,PMC11435074,abstract_only,,,
PMID:39343698,A rare case of LGI1 antibody-positive Morvan syndrome with myasthenia gravis.,2024,39343698,,metadata_only,,,
PMID:39347913,Beyond the Guidelines: Perspectives on Management of Pediatric Patients with Hypertriglyceridemia.,2024,39347913,PMC11519174,abstract_only,,,
PMID:39349043,Repeat expansion disorders.,2025,39349043,PMC12128761,abstract_only,,,
PMID:39350900,Genetic predisposition to childhood cancer.,2024,39350900,PMC11438921,abstract_only,,,
PMID:39354197,Increased frequency of repeat expansion mutations across different populations.,2024,39354197,PMC11564083,abstract_only,,,
PMID:39359284,Clinicopathological Profile of Pyoderma Gangrenosum: A 10-Year Retrospective Study from a Tertiary Care Center in South India.,2024,39359284,PMC11444439,abstract_only,,,
PMID:39359769,"A complex case of PASH syndrome: pyoderma gangrenosum, acne, suppurative hidradenitis, and Crohn's disease in a 36-year-old smoker.",2024,39359769,PMC11444578,abstract_only,,,
PMID:39360173,All Neuroendocrine Tumors Seem to Look Alike but Some Look Alike More Than Others.,2024,39360173,PMC11444703,metadata_only,,,
PMID:39364042,Glucose metabolism impairment as a hallmark of progressive myoclonus epilepsies: a focus on neuronal ceroid lipofuscinoses.,2024,39364042,PMC11447523,abstract_only,,,
PMID:39370254,Critical Limb Threatening Ischemia Due to Severe Polyarteritis Nodosa.,2025,39370254,PMC12120210,abstract_only,,,
PMID:39371711,Harlequin Ichthyosis Nanobubble Hydrotherapy: A Breakthrough in Treatment.,2024,39371711,PMC11449885,abstract_only,,,
PMID:39385815,Genetic profile of progressive myoclonic epilepsy in Mali reveals novel findings.,2024,39385815,PMC11461190,abstract_only,,,
PMID:39391147,Bridging the Gaps: Multidisciplinary and Dental Strategies for Beckwith-Wiedemann Syndrome Management.,2024,39391147,PMC11463809,abstract_only,,,
PMID:39391424,Emerging Biomarkers for the Early Detection of Autoimmune Encephalitis: A Narrative Review.,2024,39391424,PMC11464805,abstract_only,,,
PMID:39397288,Long-term hematopoietic dysfunction in patients with large-scale mitochondrial DNA deletion syndromes.,2025,39397288,,abstract_only,,,
PMID:39404425,Oncological Aspects of Lysosomal Storage Diseases.,2024,39404425,PMC11475748,abstract_only,,,
PMID:39409184,PLP1-Targeting Antisense Oligonucleotides Improve FOXG1 Syndrome Mice.,2024,39409184,PMC11477415,abstract_only,,,
PMID:39410589,Array Comparative Genomic Hybridization (aCGH) Results among Patients Referred to Invasive Prenatal Testing after First-Trimester Screening: A Comprehensive Cohort Study.,2024,39410589,PMC11475562,abstract_only,,,
PMID:39414258,RettDb: the Rett syndrome omics database to navigate the Rett syndrome genomic landscape.,2024,39414258,PMC11482253,abstract_only,,,
PMID:39416542,Infantile Cholestatic Jaundice: A Variant of Niemann-Pick Disease Type C2.,2024,39416542,PMC11480928,abstract_only,,,
PMID:39419069,Top 10 Clinical Pearls in Paraproteinemic Neuropathies.,2025,39419069,,abstract_only,,,
PMID:39453535,The NIPBL-gene mutation of a Cornelia de Lange Syndrome patient causes deficits in the hepatocyte differentiation of induced Pluripotent Stem Cells via altered chromatin-accessibility.,2024,39453535,PMC11511806,abstract_only,,,
PMID:39487141,Human iPSC-derived neural stem cells displaying radial glia signature exhibit long-term safety in mice.,2024,39487141,PMC11530573,abstract_only,,,
PMID:39502854,<i>CDKN1C</i> -Related Beckwith-Wiedemann Syndrome: First Patient from India.,2024,39502854,PMC11534432,abstract_only,,,
PMID:39507854,How to diagnose acid sphingomyelinase deficiency (ASMD) and Niemann-Pick disease type C from bone marrow and peripheral blood smears.,2024,39507854,PMC11538321,metadata_only,,,
PMID:39512978,A Case of Cushing's Disease and a RET Pathogenic Variant: Exploring Possible Rare Associations.,2024,39512978,PMC11541242,abstract_only,,,
PMID:39519345,Decoding Nucleotide Repeat Expansion Diseases: Novel Insights from <i>Drosophila melanogaster</i> Studies.,2024,39519345,PMC11546515,abstract_only,,,
PMID:39525762,Neurological manifestations of lysosomal storage diseases.,2024,39525762,PMC11543150,abstract_only,,,
PMID:39555481,Autoantibodies in neuromuscular disorders: a review of their utility in clinical practice.,2024,39555481,PMC11565704,abstract_only,,,
PMID:39559557,Advances in AAV-mediated gene replacement therapy for pediatric monogenic neurological disorders.,2024,39559557,PMC11570947,abstract_only,,,
PMID:39575071,Metabolic Bone Disease: An Overview.,2024,39575071,PMC11578561,abstract_only,,,
PMID:39575748,Myelin Lipid Alterations in Neurodegenerative Diseases: Landscape and Pathogenic Implications.,2024,39575748,PMC11971557,abstract_only,,,
PMID:39582269,Epidemiology and economic burden of Wilson disease in France: A nationwide population-based study.,2025,39582269,PMC11670285,abstract_only,,,
PMID:39587513,Genetic analysis of 280 children with unexplained developmental delay or intellectual disability using whole exome sequencing.,2024,39587513,PMC11587547,abstract_only,,,
PMID:39594970,Broadening the <i>PHIP</i>-Associated Neurodevelopmental Phenotype.,2024,39594970,PMC11593145,abstract_only,,,
PMID:39604722,Update on the diagnosis and treatment of CNO in children: a clinician's perspective.,2024,39604722,PMC11602790,abstract_only,,,
PMID:39618694,The riddle of recurrent fever: a clinical approach to pediatric autoinflammatory diseases.,2024,39618694,PMC11605516,abstract_only,,,
PMID:39620212,Non-infectious mixed cryoglobulinemia as a new clinical presentation of mutation in the gene encoding coatomer subunit alpha: a case report of two adult sisters.,2024,39620212,PMC11604590,abstract_only,,,
PMID:39637096,Antisense Oligonucleotide Therapy for Progressive Myoclonus Epilepsies,2024,39637096,,abstract_only,,,
PMID:39641826,Non-malignant features of cancer predisposition syndromes manifesting in childhood and adolescence: a guide for the general pediatrician.,2025,39641826,PMC11885337,abstract_only,,,
PMID:39674419,Kidney cancer: From tumor biology to innovative therapeutics.,2025,39674419,,abstract_only,,,
PMID:39679849,Identification of ZNF850 as a novel CTG repeat expansion-related gene in myotonic dystrophy type 1 patient-derived iPSCs.,2025,39679849,,abstract_only,,,
PMID:39682723,"Oligodendrocytes, the Forgotten Target of Gene Therapy.",2024,39682723,PMC11640421,abstract_only,,,
PMID:39683410,The Effect of Nutrients on Neurological Disorders.,2024,39683410,PMC11643372,abstract_only,,,
PMID:39691090,Diagnostic Utility of Clinical Neurophysiology in Jerky Movement Disorders: A Review from the MDS Clinical Neurophysiology Study Group.,2025,39691090,PMC11952955,abstract_only,,,
PMID:39691320,Primary Hypoalphalipoproteinemia With Significant Premature Atherosclerosis.,2024,39691320,PMC11646917,abstract_only,,,
PMID:39694946,Genetic syndromes associated with pancreatic neuroendocrine neoplasms and imaging diagnostic strategies.,2025,39694946,,abstract_only,,,
PMID:39697864,"Zebrafish navigating the metabolic maze: insights into human disease - assets, challenges and future implications.",2025,39697864,PMC11649609,abstract_only,,,
PMID:39705634,Anti-IgLON5 Disease 10 Years Later: What We Know and What We Do Not Know.,2025,39705634,PMC11666276,abstract_only,,,
PMID:39709989,Challenges in Using Parent-Reported Bed and Wake Times for Actigraphy Scoring in Rett-Related Syndromes.,2025,39709989,PMC12096462,abstract_only,,,
PMID:39722673,"Transcription factor TCF4: structure, function, and associated diseases.",2024,39722673,PMC11667571,abstract_only,,,
PMID:39748812,A novel variant c.7104 + 6T > A of <i>ABCA12</i> linked to autosomal recessive congenital ichthyosis verified by minigene splicing assay.,2024,39748812,PMC11693441,abstract_only,,,
PMID:39749396,Novel ABCA12 Missense Variant in a Patient with Congenital Ichthyosis and Palmoplantar Keratoderma.,2025,39749396,PMC11697137,metadata_only,,,
PMID:39757386,Autoinflammatory Bone Diseases.,2025,39757386,PMC11725671,abstract_only,,,
PMID:39766900,Expanding the Genotypic and Phenotypic Spectrum of &lt;i&gt;OFD1&lt;/i&gt;-Related Conditions: Three More Cases.,2024,39766900,PMC11675874,abstract_only,,,
PMID:39767955,Enhancing Communication and Swallowing Skills in Children with Cri Du Chat Syndrome: A Comprehensive Speech Therapy Guide.,2024,39767955,PMC11727555,abstract_only,,,
PMID:39776617,Special Collection on Rare Musculoskeletal Diseases 2024.,2025,39776617,PMC11701658,metadata_only,,,
PMID:39792348,Copper homeostasis and pregnancy complications: a comprehensive review.,2025,39792348,PMC11950587,abstract_only,,,
PMID:39803068,"Unraveling Polyneuropathy, Organomegaly, Endocrinopathy, Monoclonal Gammopathy, and Skin Changes Syndrome: Diagnostic Challenges and Therapeutic Strategies at a National Tertiary Care Center.",2024,39803068,PMC11725331,abstract_only,,,
PMID:39817629,The clinical presentation and genetic diagnosis of Tangier disease in the pediatric age group.,2025,39817629,,abstract_only,,,
PMID:39820999,Efgartigimod treatment for therapy-refractory autoimmune encephalitis with coexistent NMDAR and LGI1 antibodies: a case report and literature review.,2025,39820999,PMC12003572,abstract_only,,,
PMID:39826229,Proceedings of the 2024 Santa Fe Bone Symposium: Update on the Management of Osteoporosis and Rare Bone Diseases.,2025,39826229,,abstract_only,,,
PMID:39844889,Defying the Odds: A Case of Successfully Treated Harlequin Ichthyosis in Lebanon.,2025,39844889,PMC11752141,abstract_only,,,
PMID:39847050,Pediatric cancer predisposition syndromes involving non-central nervous system solid pediatric tumors: a review on their manifestations with a focus on histopathology.,2025,39847050,PMC11782299,abstract_only,,,
PMID:39857892,A Case of Hypophosphatasia Started Enzyme Replacement Therapy Since Babyhood Stage.,2025,39857892,PMC11764115,abstract_only,,,
PMID:39858651,The Epigenetic Machinery and Energy Expenditure: A Network to Be Revealed.,2025,39858651,PMC11764581,abstract_only,,,
PMID:39860369,Long-Term Survivor with Paraneoplastic Cerebellar Ataxia and Small-Cell Lung Cancer.,2025,39860369,PMC11765761,abstract_only,,,
PMID:39863479,A novel variant in the ABCA1 gene for Tangier Disease with diffuse histiocytosis of bone marrow.,2025,39863479,,abstract_only,,,
PMID:39867904,Case report: Kikuchi-Fujimoto disease presenting with persistent fever and widespread lymphadenopathy in a young adult.,2024,39867904,PMC11757135,abstract_only,,,
PMID:39880477,Simpson-Golabi-Behmel syndrome type 1 in a neonate with central hepatoblastoma.,2025,39880477,PMC11780580,abstract_only,,,
PMID:39882215,Developmental regression of novel space preference in an autism spectrum disorder model is unlinked to GABAergic and social circuitry.,2024,39882215,PMC11775510,abstract_only,,,
PMID:39882557,Clinical Diagnosis and Management Challenges of Harlequin Ichthyosis in a Preterm Neonate: A Case Report From Uganda.,2025,39882557,PMC11774574,abstract_only,,,
PMID:39888848,Wearable sensors in paediatric neurology.,2025,39888848,PMC12134426,abstract_only,,,
PMID:39891741,Serum chitotriosidase-1 (CHIT1) as candidate biomarker for mitochondriopathies.,2025,39891741,PMC11787199,abstract_only,,,
PMID:39895593,Leveraging genotypes and phenotypes to implement precision medicine in hidradenitis suppurativa management.,2025,39895593,PMC11788593,abstract_only,,,
PMID:39897200,Chronic Inflammatory Demyelinating Polyneuropathy: A Narrative Review of a Systematic Diagnostic Approach to Avoid Misdiagnosis.,2025,39897200,PMC11785518,abstract_only,,,
PMID:39905279,Dental Management of Genetic Dental Disorders: A Critical Review.,2025,39905279,PMC11909777,abstract_only,,,
PMID:39931469,A meta-analytic evaluation of the efficacy and safety of levetiracetam for treating myoclonic seizures.,2025,39931469,PMC11808687,abstract_only,,,
PMID:39932794,MBNL overexpression rescues cardiac phenotypes in a myotonic dystrophy type 1 heart mouse model.,2025,39932794,PMC11957708,abstract_only,,,
PMID:39941684,Paraneoplastic Dermatoses: A Clue for Underlying Malignancies.,2025,39941684,PMC11818922,abstract_only,,,
PMID:39945898,Investigating Chromosomal Radiosensitivity in Inborn Errors of Immunity: Insights from DNA Repair Disorders and Beyond.,2025,39945898,PMC11825639,abstract_only,,,
PMID:39946193,Genotype-phenotype correlation in multiple endocrine neoplasia type 1.,2025,39946193,PMC11949022,abstract_only,,,
PMID:39948021,Characterizing circulating biomarkers for childhood dementia disorders: A scoping review of clinical trials.,2025,39948021,PMC12014410,abstract_only,,,
PMID:39948700,Strabismus in Genetic Syndromes: A Review.,2025,39948700,PMC12684813,abstract_only,,,
PMID:39958159,Molecular genetic analysis of Rubinstein-Taybi syndrome in Russian patients.,2025,39958159,PMC11825781,abstract_only,,,
PMID:39965128,"Behavioral Abnormalities, Cognitive Impairments, Synaptic Deficits, and Gene Replacement Therapy in a CRISPR Engineered Rat Model of 5p15.2 Deletion Associated With Cri du Chat Syndrome.",2025,39965128,PMC11984882,abstract_only,,,
PMID:39969791,Healthcare delay in neurogenetic disorders of adult onset and the role of predictive genetic testing.,2025,39969791,PMC11978556,abstract_only,,,
PMID:39988938,A Hypothesis: Metabolic Contributions to 16p11.2 Deletion Syndrome.,2025,39988938,PMC11848116,abstract_only,,,
PMID:40000412,Myotonic Dystrophy and Stress Induced Cardiomyopathy: A Case Series.,2025,40000412,,abstract_only,,,
PMID:40004498,"Analysis of Short Tandem Repeat Expansions in a Cohort of 12,496 Exomes from Patients with Neurological Diseases Reveals Variable Genotyping Rate Dependent on Exome Capture Kits.",2025,40004498,PMC11855749,abstract_only,,,
PMID:40004896,What Is New and What Is Next for SAPHO Syndrome Management: A Narrative Review.,2025,40004896,PMC11856149,abstract_only,,,
PMID:40004987,A Comprehensive Review of the Genetics of Dyslipidemias and Risk of Atherosclerotic Cardiovascular Disease.,2025,40004987,PMC11858766,abstract_only,,,
PMID:40006958,Viruses and the Brain-A Relationship Prone to Trouble.,2025,40006958,PMC11860391,abstract_only,,,
PMID:40021930,Feasibility and efficacy of the forced oscillation technique in patients with lysosomal storage diseases.,2025,40021930,PMC11871331,abstract_only,,,
PMID:40025610,Diagnosis of hereditary transthyretin amyloidosis in patients with suspected chronic inflammatory demyelinating polyneuropathy unresponsive to intravenous immunoglobulins: results of a retrospective study.,2025,40025610,PMC11871584,abstract_only,,,
PMID:40026258,Exploration of Neurodegenerative Diseases Using Long-Read Sequencing and Optical Genome Mapping Technologies.,2025,40026258,PMC12160994,abstract_only,,,
PMID:40034857,Gasdermin D-dependent neutrophil extracellular traps exacerbate cytokine storm contributing to pyoderma gangrenosum pathogenesis.,2025,40034857,PMC11872606,abstract_only,,,
PMID:40037526,Lipid Dysregulation in Tangier Disease: A Case Series and Metabolic Characterization.,2025,40037526,PMC12187588,abstract_only,,,
PMID:40044822,ARID2-related disorder: further delineation of the clinical phenotype of 27 novel individuals and description of an epigenetic signature.,2025,40044822,PMC12583565,abstract_only,,,
PMID:40057424,Heritable hyperparathyroidism: Genetic insights and clinical implications.,2025,40057424,PMC11951071,abstract_only,,,
PMID:40067214,Epileptic spasms and RNA analysis in a new case of Kabuki syndrome type 2.,2025,40067214,PMC12097463,metadata_only,,,
PMID:40076564,"Molecular Pathways, Neural Circuits and Emerging Therapies for Self-Injurious Behaviour.",2025,40076564,PMC11900092,abstract_only,,,
PMID:40082233,Research Progress in Copper Homeostasis and Diseases.,2025,40082233,,abstract_only,,,
PMID:40091961,Kikuchi Disease in a Young Woman With Sickle Cell Disease: A Case Report.,2025,40091961,PMC11910184,abstract_only,,,
PMID:40092662,Influence of CTG repeats from the human DM1 locus on murine gut microbiota.,2025,40092662,PMC11908463,abstract_only,,,
PMID:40099313,Diagnosis and Genetic Counseling Before and After the Birth of Children With Joubert Syndrome and Beckwith-Wiedemann Syndrome.,2025,40099313,PMC11911710,abstract_only,,,
PMID:40103705,HDL-replacement therapy: From traditional to emerging clinical applications.,2025,40103705,PMC11914826,abstract_only,,,
PMID:40111179,Current Practices in Monitoring Children and Adults With X-linked Hypophosphatemia: A Global Survey of Expert Experience.,2025,40111179,PMC12190797,abstract_only,,,
PMID:40123863,Genetic insights into progressive myoclonic epilepsies: A case study of &lt;i&gt;KCTD7&lt;/i&gt; mutation in an Iranian-Azeri-Turkish family.,2025,40123863,PMC11925558,abstract_only,,,
PMID:40125015,A rare paediatric case with overlapping clinical features of epidermodysplasia verruciformis and pyoderma gangrenosum with hepatosplenomegaly.,2025,40125015,PMC11924357,abstract_only,,,
PMID:40136593,Pyoderma Gangrenosum in a Patient with Crohn's Disease Treated with Adalimumab: A Case-Based Review and Systematic Review of the Current Literature.,2025,40136593,PMC11941296,abstract_only,,,
PMID:40141393,Mosaic Form of von Hippel-Lindau Syndrome: Case Report and Literature Review.,2025,40141393,PMC11943062,abstract_only,,,
PMID:40141713,Tuberous Sclerosis Complex: New Insights into Pathogenesis and Therapeutic Breakthroughs.,2025,40141713,PMC11944049,abstract_only,,,
PMID:40162081,Recurrence of Histiocytic Necrotizing Lymphadenitis in Children: A 10-year Multicenter Retrospective Study.,2025,40162081,PMC11951921,abstract_only,,,
PMID:40176083,Behavioral profiles and social relationships in Wiedemann-Steiner syndrome: parent reports on 25 cases.,2025,40176083,PMC11963677,abstract_only,,,
PMID:40176839,Classification of Brain Magnetic Resonance Imaging Abnormalities and Spectrum of Neurological Findings in a Cohort with Copy Number Variation-Related Disorders.,2025,40176839,PMC11961094,abstract_only,,,
PMID:40179842,P(A)SH Syndrome: Case Presentation and Short Update of Related Disorders.,2024,40179842,,abstract_only,,,
PMID:40182220,Atypical Presentation of Kikuchi-Fujimoto Disease: Diagnostic Challenges in a Case of Persistent Cervical Lymphadenopathy with Acute Onset Quadriplegia.,2025,40182220,PMC11967360,abstract_only,,,
PMID:40187026,West-Central African Ancestry of the Repeat-Expansion Founder Mutation on the JPH3 Gene in Mexican Patients With Huntington's Disease-Like 2.,2025,40187026,,abstract_only,,,
PMID:40197188,Chinese Multidisciplinary Expert Consensus on Orphan/Anticopper Drugs and Other Non-drug Management of Hepatolenticular Degeneration.,2025,40197188,PMC12645139,abstract_only,,,
PMID:40198044,Glomeruloid Hemangioma,2025,40198044,,abstract_only,,,
PMID:40202819,Genetic epilepsies with myoclonic seizures: Mechanisms and syndromes.,2025,40202819,PMC13394563,abstract_only,,,
PMID:40213389,Roles and regulation of δ-catenin in tumorigenesis and neuronal diseases.,2025,40213389,PMC11983503,abstract_only,,,
PMID:40217338,Identification of a pathogenic NHLRC1 variant in a consanguineous Pakistani family affected with severe and rapidly progressive Lafora disease.,2025,40217338,PMC11960279,abstract_only,,,
PMID:40218154,From Genes to Treatment: Literature Review and Perspectives on Acid Sphingomyelinase Deficiency in Children.,2025,40218154,PMC11988438,abstract_only,,,
PMID:40227219,Natural Antioxidants Reduce Oxidative Stress and the Toxic Effects of RNA-CUG&lt;sub&gt;(exp)&lt;/sub&gt; in an Inducible Glial Myotonic Dystrophy Type 1 Cell Model.,2025,40227219,PMC11939792,abstract_only,,,
PMID:40240537,"Grading Pseudofractures-The ""Breach-Beak-Bump-Bridge"" Approach.",2025,40240537,PMC12003480,abstract_only,,,
PMID:40240914,Hypothalamic Gliosis Is Associated With Multiple Cardiovascular Disease Risk Factors in the Framingham Heart Study.,2025,40240914,PMC12184564,abstract_only,,,
PMID:40241304,"Mitochondrial DNA variant detection in over 6,500 rare disease families by the systematic analysis of exome and genome sequencing data resolves undiagnosed cases.",2025,40241304,PMC12278631,abstract_only,,,
PMID:40271327,"Unmasking POEMS (Polyneuropathy, Organomegaly, Endocrinopathy, Monoclonal Gammopathy, and Skin Changes) Syndrome in a Heart Failure Patient: A Diagnostic Challenge.",2025,40271327,PMC12017233,abstract_only,,,
PMID:40274643,Neurodegeneration and the immune system: lessons from autoimmune encephalitis.,2025,40274643,PMC12021719,abstract_only,,,
PMID:40277809,An Analysis of Primary Hyperparathyroidism in Individuals Diagnosed with Multiple Endocrine Neoplasia Type 2.,2025,40277809,PMC12025385,abstract_only,,,
PMID:40283452,"Epigenetic Modifications as Novel Biomarkers for Diagnosis, Prognosis, and Therapeutic Targeting in Thyroid, Pancreas, and Lung Neuroendocrine Tumors.",2025,40283452,PMC12027509,abstract_only,,,
PMID:40286593,Identification of circulating metabolites associated with chronic rhinosinusitis using Mendelian randomization analysis.,2025,40286593,PMC12056403,abstract_only,,,
PMID:40289026,Expert Perspective: Hematologic Malignancies and Vasculitis.,2025,40289026,PMC12479187,metadata_only,,,
PMID:40300555,Painless postauricular mass: An atypical presentation of Kikuchi-Fujimoto disease.,2025,40300555,PMC12134501,abstract_only,,,
PMID:40301961,Molecular and clinical aspects of histone-related disorders.,2025,40301961,PMC12042324,abstract_only,,,
PMID:40309874,A Brief Review of Inherited Neuropathies: A Perspective from Saudi Arabia.,2025,40309874,PMC12025664,abstract_only,,,
PMID:40330358,Quantitative Sensory Testing in a Girl With Tangier Disease: A Case Report.,2025,40330358,PMC12050346,abstract_only,,,
PMID:40350644,[Progressive Myoclonus Epilepsy: Diversity of Disorders and Key Points in Clinical Practice].,2025,40350644,,abstract_only,,,
PMID:40353642,"Overgrowth-intellectual disability disorders: progress in biology, patient advocacy and innovative therapies.",2025,40353642,PMC12091874,abstract_only,,,
PMID:40360373,Is Tangier disease a rare cause of premature ovarian insufficiency?: A case report.,2025,40360373,,abstract_only,,,
PMID:40362441,Further Evidence of Early-Onset Osteoporosis and Bone Fractures as a New &lt;i&gt;FGFR2&lt;/i&gt;-Related Phenotype.,2025,40362441,PMC12071962,abstract_only,,,
PMID:40365712,Unraveling the Interplay Between Metabolism and Neurodevelopment in Health and Disease.,2025,40365712,PMC12076066,abstract_only,,,
PMID:40376361,Updates in the Management of Hereditary Periodic Fever Syndromes in Children.,2025,40376361,PMC12079618,abstract_only,,,
PMID:40381056,Monogenic Epilepsies in Adult Epilepsy Clinics and Gene-Driven Approaches to Treatment.,2025,40381056,PMC12085364,abstract_only,,,
PMID:40382647,Endocrine manifestations and long-term outcomes of patients with mitochondrial diseases.,2025,40382647,PMC12085821,abstract_only,,,
PMID:40387880,Inadequate pediatric reference ranges impede the diagnosis of X-linked hypophosphatemia and hypophosphatasia in Austria.,2025,40387880,PMC12712075,abstract_only,,,
PMID:40404610,The patient-specific mouse model with Foxg1 frameshift mutation provides insights into the pathophysiology of FOXG1 syndrome.,2025,40404610,PMC12099012,abstract_only,,,
PMID:40404742,Hepatoblastoma.,2025,40404742,,abstract_only,,,
PMID:40406061,Clinical features and genetic analysis of a family with t(5;9) (p15;p24) balanced translocation leading to Cri-du-chat syndrome in offspring.,2025,40406061,PMC12094932,abstract_only,,,
PMID:40420845,Clinical and Morphological Bone Marrow Characteristics of Pearson Syndrome: About Three Consecutive Cases and Review of the Literature.,2025,40420845,PMC12103953,abstract_only,,,
PMID:40426828,"The Pharmacokinetics, Dosage, Preparation Forms, and Efficacy of Orally Administered Melatonin for Non-Organic Sleep Disorders in Autism Spectrum Disorder During Childhood and Adolescence: A Systematic Review.",2025,40426828,PMC12110111,abstract_only,,,
PMID:40426858,"Neuroendocrine Neoplasms of the Lungs, Thyroid, and Thymus.",2025,40426858,PMC12109128,abstract_only,,,
PMID:40433275,"Rare genetic skeletal disorders: Evolving terminology, therapies, education and advocacy.",2024,40433275,PMC12088167,abstract_only,,,
PMID:40437610,Bridging systemic metabolic dysfunction and Alzheimer's disease: the liver interface.,2025,40437610,PMC12121119,abstract_only,,,
PMID:40437981,Retinoic Acid-Induced 1 Gene and Neuropsychiatric Diseases: A Systematic Review.,2025,40437981,PMC12133160,abstract_only,,,
PMID:40442642,Case report of Lafora disease: a rare genetic disorder manifesting as progressive myoclonic epilepsy.,2025,40442642,PMC12121156,abstract_only,,,
PMID:40451956,"Diagnostic networks for IEM in Brazil: report on 10 years of activity of the LSD Brazil Network, helping Brazil and Latin America to identify patients with lysosomal storage diseases.",2025,40451956,PMC12321701,abstract_only,,,
PMID:40452023,An attempt to explain what intrinsically disordered TCF4 does in its spare time when PTHS-related mutations prevent it from doing its job.,2025,40452023,PMC12128249,abstract_only,,,
PMID:40453157,Kikuchi-Fujimoto Disease: A Rare Condition Mimicking Sepsis.,2025,40453157,PMC12126200,abstract_only,,,
PMID:40469903,Chromatin modifiers in neurodevelopment.,2025,40469903,PMC12133960,abstract_only,,,
PMID:40476723,Double mutation for multiple endocrine neoplasia associated with congenital adrenal hyperplasia.,2025,40476723,PMC12150387,abstract_only,,,
PMID:40490926,Alternative Splicing and CaV-Associated Channelopathies.,2025,40490926,PMC12149502,abstract_only,,,
PMID:40491519,Inflammatory retiform purpura and wrist drop.,2025,40491519,PMC12146488,metadata_only,,,
PMID:40494991,"Expanding the spectrum of AFF2 carcinoma: clinical, morphological, immunohistochemical, and molecular characteristics of five cases harboring alternate fusions.",2026,40494991,PMC12916527,abstract_only,,,
PMID:40498270,Allogeneic hematopoietic cell transplantation for autoinflammatory disorders.,2025,40498270,PMC12304007,abstract_only,,,
PMID:40506782,Evidence of inequities experienced by the rare disease community with respect to receipt of a diagnosis and access to services: a scoping review of UK and international evidence.,2025,40506782,PMC12164139,abstract_only,,,
PMID:40508121,Moderate-Low Risk Breast Cancer Gene Expression in a Romanian Population.,2025,40508121,PMC12154272,abstract_only,,,
PMID:40508159,Multisystem Symptoms in Myotonic Dystrophy Type 1: A Management and Therapeutic Perspective.,2025,40508159,PMC12155408,abstract_only,,,
PMID:40515685,Diagnostic yield in families to sudden cardiac death victims: a 10-year follow-up study.,2025,40515685,PMC12264593,abstract_only,,,
PMID:40524015,Functional defects in FOXG1 variants predict the severity of brain anomalies in FOXG1 syndrome.,2025,40524015,PMC12436187,abstract_only,,,
PMID:40543057,Exploring Telitacicept for Neurological Autoimmune Disorders: A Case Study on Morvan Syndrome.,2025,40543057,PMC12188942,abstract_only,,,
PMID:40548942,The lincRNA Pantr1 is a FOXG1 target gene conferring site-specific chromatin binding of FOXG1.,2025,40548942,PMC12205996,abstract_only,,,
PMID:40550065,Anti-CASPR2 meningoencephalitis with thickened dura mater induced by various infections: A case report and literature review.,2025,40550065,PMC12187310,abstract_only,,,
PMID:40552096,Considerations and procedures for acquiring EEG as part of multi-site studies for Rett syndrome and other genetic neurodevelopmental disorders.,2025,40552096,PMC12183233,abstract_only,,,
PMID:40557411,Presumed Solitary Circumscribed Retinal Astrocytic Proliferation: A Case Report.,2024,40557411,PMC12184867,abstract_only,,,
PMID:40558831,"Epigenetic Insights into Tuberous Sclerosis Complex, Von Hippel-Lindau Syndrome, and Ataxia-Telangiectasia.",2025,40558831,PMC12191455,abstract_only,,,
PMID:40559385,The Hidden Burden: Gastrointestinal Involvement in Lysosomal Storage Disorders.,2025,40559385,PMC12195498,abstract_only,,,
PMID:40561419,Serum Autoantibody Titers and Neurofilament Light Chain Levels in CASPR2/LGI1 Encephalitis: A Longitudinal Study.,2025,40561419,PMC12202019,abstract_only,,,
PMID:40562378,A diagnostic approach to neurocutaneous syndromes.,2025,40562378,PMC12196566,abstract_only,,,
PMID:40565032,Molecular Diplomacy of Lipids in the War of Immunity: Bridging Rare and Common Disease Mechanisms.,2025,40565032,PMC12193406,abstract_only,,,
PMID:40566113,Renal Involvement in Mixed Cryoglobulinemic Vasculitis: Current Perspectives.,2025,40566113,PMC12194315,abstract_only,,,
PMID:40566997,The Impact of Splicing Dysregulation on Neuromuscular Disorders and Current Neuromuscular Genetic Therapies.,2025,40566997,,abstract_only,,,
PMID:40568331,"Paediatric renal tumors: An insight into molecular characteristics, histomorphology and syndromic association.",2025,40568331,PMC12001214,abstract_only,,,
PMID:40572688,Factors Affecting Sleep and Wakefulness in People with Epilepsy: A Narrative Review.,2025,40572688,PMC12195085,abstract_only,,,
PMID:40577679,Metachromatic Leukodystrophy: New Therapy Advancements and Emerging Research Directions.,2025,40577679,PMC12205745,abstract_only,,,
PMID:40590246,Renal cell carcinoma with fibromyomatous stroma (RCC FMS) and with hemangioblastoma-like areas is part of the RCC FMS spectrum in patients with tuberous sclerosis complex.,2025,40590246,PMC12522018,abstract_only,,,
PMID:40595391,"Rare disease, common struggles: quality of life, caregiver burden and financial wellbeing of family caregivers in Poland.",2025,40595391,PMC12217616,abstract_only,,,
PMID:40597173,"Essential thrombocythemia as an initial presentation of polyneuropathy, organomegaly, endocrinopathy, M-protein, skin changes syndrome with complete response to the bortezomib, cyclophosphamide, dexamethasone regimen: a case report.",2025,40597173,PMC12220048,abstract_only,,,
PMID:40598568,The genetic spectrum features of 2261 Chinese children with epilepsy and intellectual disability.,2025,40598568,PMC12219049,abstract_only,,,
PMID:40604511,Diagnosis and recombinant human growth hormone treatment of Wiedemann-Steiner syndrome: discovery of novel KMT2A variants and review of existing literature.,2025,40604511,PMC12224386,abstract_only,,,
PMID:40607219,Case Report: Suboptimal response to standard-dose asfotase alfa in perinatal hypophosphatasia indicates a need for individualized dosing.,2025,40607219,PMC12213355,abstract_only,,,
PMID:40610610,The role of untranslated region variants in Mendelian disease: a review.,2025,40610610,PMC7617937,abstract_only,,,
PMID:40612847,A Case of Refractory Hidradenitis Suppurativa Successfully Treated With Upadacitinib.,2025,40612847,PMC12222041,abstract_only,,,
PMID:40616444,Delineating the Cognitive Profile of ODLURO Syndrome: Emergent Clues on the Endophenotype Across KMT2 Disorders.,2025,40616444,,abstract_only,,,
PMID:40617357,Functional characterization of genetic variants affecting the intracellular domains of ATP-binding cassette transporter A1 (ABCA1).,2025,40617357,PMC12341595,abstract_only,,,
PMID:40620457,Chronic hepatitis B triggering antineutrophil cytoplasmic antibody-associated vasculitis complicated by glomerulonephritis: A case report.,2025,40620457,PMC11926475,abstract_only,,,
PMID:40623331,Total corpus callosotomy for an adult patient with progressive myoclonic epilepsy associated with dentatorubral-pallidoluysian atrophy: illustrative case.,2025,40623331,PMC12232446,abstract_only,,,
PMID:40631423,"Osteogenesis imperfecta, diffuse idiopathic skeletal hyperostosis, and hypophosphatasia: one year in review 2025.",2025,40631423,,abstract_only,,,
PMID:40631640,Unmasking Anti-CASPR2 Syndrome in a Patient Treated for Myasthenia Gravis in the Era of New Treatments.,2025,40631640,PMC12239034,abstract_only,,,
PMID:40633567,Gene Dosage Sensitivity and Human Genetic Diseases.,2025,40633567,PMC12240611,abstract_only,,,
PMID:40640916,Restoring brain barriers: an innovative approach for treating neurological disorders.,2025,40640916,PMC12243347,abstract_only,,,
PMID:40649801,Rare Movement Disorders-An Approach for Clinicians.,2025,40649801,PMC12249825,abstract_only,,,
PMID:40661833,Functional Screen of Wilson Disease ATP7B Variants Reveals Residual Transport Activities.,2025,40661833,PMC12259332,abstract_only,,,
PMID:40667495,Harlequin Ichthyosis: A Case Report.,2025,40667495,PMC12259491,abstract_only,,,
PMID:40678571,Mitochondrial cardiomyopathies: navigating through different clinical and management pictures between adult and paediatric forms.,2025,40678571,PMC12267293,abstract_only,,,
PMID:40682836,Research advances in current drugs targeting hyperlipidemia (Review).,2025,40682836,PMC12308852,abstract_only,,,
PMID:40688378,Autosomal dominant Kufs disease in a Georgian adult woman: A case report.,2025,40688378,PMC12274933,abstract_only,,,
PMID:40700102,Anemia Due to Unexpected Zinc-Induced Copper Deficiency.,2025,40700102,PMC12286130,abstract_only,,,
PMID:40703391,Overview of endocrine tumor syndromes manifesting as adrenal tumors.,2024,40703391,PMC12093609,abstract_only,,,
PMID:40708003,The burden of illness in Prader-Willi syndrome: a systematic literature review.,2025,40708003,PMC12291511,abstract_only,,,
PMID:40708570,Experimental and clinical tests of FDA-approved kinase inhibitors for the treatment of neurological disorders (update 2024).,2025,40708570,PMC12288644,abstract_only,,,
PMID:40709761,The Clinical Spectrum of Rare Inherited Ichthyosis in China: A Review of Thirty-five Cases.,2025,40709761,PMC12308539,abstract_only,,,
PMID:40716747,DHX9 phosphorylation at S321 by ATM regulates DHX9 retention at DNA double-strand break sites and interaction with BRCA1.,2025,40716747,PMC12446777,abstract_only,,,
PMID:40718168,A Case of Isaacs Syndrome Developed After Thymectomy for Myasthenia Gravis.,2025,40718168,PMC12290496,abstract_only,,,
PMID:40720971,"Brazilian Academy of Neurology recommendations for diagnosis, management, and treatment of chronic inflammatory demyelinating polyradiculoneuropathy (CIDP).",2025,40720971,PMC12303622,abstract_only,,,
PMID:40724914,Retinoic Acid Induced 1 and Smith-Magenis Syndrome: From Genetics to Biology and Possible Therapeutic Strategies.,2025,40724914,PMC12296005,abstract_only,,,
PMID:40726293,Nucleolar Organization in Response to Transcriptional Stress.,2025,40726293,PMC12485889,abstract_only,,,
PMID:40730689,Clinical utility of DNA-methylation signatures in routine diagnostics for neurodevelopmental disorders.,2025,40730689,PMC12480637,abstract_only,,,
PMID:40741248,Integration of molecular diagnostics and karyotyping for enhanced detection of chromosomal abnormalities in fetuses.,2025,40741248,PMC12305761,metadata_only,,,
PMID:40747611,Familial adult myoclonus epilepsy: A comprehensive diagnostic strategy for clinical practice.,2025,40747611,PMC12661276,abstract_only,,,
PMID:40750893,Bridging psychiatry and rare genetic diseases: a scoping review of therapeutic strategies and diagnostic delay paired with healthcare economic burden analysis.,2025,40750893,PMC12315305,abstract_only,,,
PMID:40751878,"Assessing the Safety and Efficacy of Lamotrigine as Anti-myotonic Agent in Myotonic Dystrophy Type 1 (DM1): A Longitudinal, Open-Label, Pilot Study.",2025,40751878,PMC12450168,abstract_only,,,
PMID:40762104,"Academic Learning Profiles Across Disorders of KMT2 Gene Family: Superimposed and Distinct Features Across Kabuki, Wiedemann-Steiner and ODLURO Syndromes.",2025,40762104,,abstract_only,,,
PMID:40765656,&lt;i&gt;KCNC1&lt;/i&gt;-Related Progressive Myoclonus Epilepsy: A Case Report.,2025,40765656,PMC12321598,abstract_only,,,
PMID:40772640,Small fiber neuropathy: expanding diagnosis with unsettled etiology.,2025,40772640,PMC12419023,abstract_only,,,
PMID:40794016,"Seizures and electroencephalographic findings in inborn errors of metabolism: Clues to differential diagnosis in the neonatal period, infancy, childhood and adolescence, and review of the literature.",2025,40794016,PMC12998520,abstract_only,,,
PMID:40796357,The impact of surgery on patients with Von Hippel-Lindau-associated tumors: an international patient survey.,2025,40796357,PMC12445666,abstract_only,,,
PMID:40808961,Case Report: Treatment of delayed tremor episodes in a patient with DPPX antibody encephalitis.,2025,40808961,PMC12343675,abstract_only,,,
PMID:40814945,Biomarker Validation in NPC1: Foundations for Clinical Trials and Regulatory Alignment.,2025,40814945,PMC12402918,abstract_only,,,
PMID:40821177,Bisphosphonate-Induced Atypical Femoral Fractures in Pediatric Patients With Lipoprotein Receptor-Related Protein 5 (LRP5) Gene Mutation: A Case Report of Twin Patients.,2025,40821177,PMC12352369,abstract_only,,,
PMID:40821612,The role of the skin microbiome in inherited ichthyoses: A systematic review.,2025,40821612,PMC12356338,abstract_only,,,
PMID:40824094,Rare in the rare: Kikuchi-Fujimoto disease associated with connective tissue disorders. A report of our experience.,2025,40824094,,abstract_only,,,
PMID:40824161,PAPASH Syndrome with a Pathogenic PSTPIP1 p.(Ala230Thr) Variant: A Case Report of Therapeutic Complexity.,2025,40824161,PMC12376380,metadata_only,,,
PMID:40831432,Generalized Lymphadenopathy in a Young Boy: A Rare Presentation of Kikuchi-Fujimoto Disease.,2026,40831432,PMC13249384,abstract_only,,,
PMID:40836959,Stem cell and gene therapies for leukodystrophies.,2025,40836959,PMC12361609,abstract_only,,,
PMID:40841971,Clinical course and management challenges in Lafora disease: a narrative analysis in an Apulian cohort.,2025,40841971,PMC12369230,abstract_only,,,
PMID:40842759,Systemic Lupus Erythematosus Developing in a Young African Female Patient With Kikuchi-Fujimoto Disease.,2025,40842759,PMC12364608,abstract_only,,,
PMID:40843865,Reclassification of Seronegative Rheumatoid Arthritis as Anti-PL-12 Antisynthetase Syndrome with Interstitial Lung Disease and Joint Involvement-Case Report.,2025,40843865,PMC12372094,abstract_only,,,
PMID:40843893,Oral Health Status and Parental Awareness in Children with X-Linked Hypophosphatemic Rickets: A Case-Control Study.,2025,40843893,PMC12371944,abstract_only,,,
PMID:40847255,Acne Conglobata: Understanding This Rare Form of Acne and Management Strategies.,2025,40847255,PMC12549482,abstract_only,,,
PMID:40847564,Beyond Neuroprostanes: Total Synthesis and Epilipidomic Studies of a Novel Cyclopentenone Metabolite of Docosahexaenoic Acid.,2025,40847564,PMC12520055,abstract_only,,,
PMID:40851976,Bathing suit ichthyosis: a case report of a 13-year-old boy with unique clinical features and genetic insights from Syria.,2025,40851976,PMC12369715,abstract_only,,,
PMID:40862204,A systematic literature review of the impact and measurement of mobility impairment in rare bone diseases.,2025,40862204,PMC12374048,abstract_only,,,
PMID:40866130,Is mitochondrial function at the heart of ribosome-related diseases?,2025,40866130,PMC12903882,abstract_only,,,
PMID:40867184,"The Interplay of Oxidative Stress, Mitochondrial Dysfunction, and Neuroinflammation in Autism Spectrum Disorder: Behavioral Implications and Therapeutic Strategies.",2025,40867184,PMC12384317,abstract_only,,,
PMID:40868568,Impact of Direct-Acting Antivirals on Extrahepatic Manifestations in Chronic Hepatitis C: A Narrative Review with a Hermeneutic Approach.,2025,40868568,PMC12385189,abstract_only,,,
PMID:40869578,Beyond Seizures: A Comprehensive Review of Giant Somatosensory Evoked Potentials.,2025,40869578,PMC12386863,abstract_only,,,
PMID:40869914,The Role of MLPA in Detecting Syndromic Submicroscopic Copy Number Variations in Normal QF-PCR Miscarriage Specimens.,2025,40869914,PMC12386050,abstract_only,,,
PMID:40869958,Clinical and Genetic Management of a Patient with Rubinstein-Taybi Syndrome Type 1: A Case Report.,2025,40869958,PMC12385857,abstract_only,,,
PMID:40878447,Contrasting Relationships Between Anxiety and Intolerance of Uncertainty in Cornelia de Lange and Fragile X Syndromes.,2025,40878447,PMC12580480,abstract_only,,,
PMID:40882535,Natural history of epilepsy in FOXG1 Syndrome.,2025,40882535,PMC12481521,abstract_only,,,
PMID:40890826,Exploring the uncharted role of cell senescence in rare diseases.,2025,40890826,PMC12403278,abstract_only,,,
PMID:40893023,Genetic or familiar forms of primary hyperparathyroidism: description of a case series with familial isolated hyperparathyroidism and review of the literature.,2025,40893023,PMC12483168,abstract_only,,,
PMID:40900646,A novel pathogenic variant in PSTPIP1 highlights the diversity of PSTPIP1-associated disorders.,2026,40900646,PMC12862384,metadata_only,,,
PMID:40904616,Understanding the genetics and neurology: an overview of adult neurogenetics.,2025,40904616,PMC12404658,abstract_only,,,
PMID:40904906,Systematic review and evidence gap mapping of Alzheimer's disease biomarker studies in those with intellectual and developmental disability.,2025,40904906,PMC12402404,abstract_only,,,
PMID:40910237,Diagnosis and Potential Therapy of Brain Diseases Using &lt;sup&gt;64&lt;/sup&gt;Cu: A Scoping Review.,2026,40910237,,abstract_only,,,
PMID:40914005,Huntington's disease-like 2 patients' profile in a Brazilian cohort.,2025,40914005,,abstract_only,,,
PMID:40914927,Clinical Characteristics and Management of Rare Metabolic Bone Diseases: An Audit of the Rare Metabolic Bone Disease Registry of India.,2025,40914927,,abstract_only,,,
PMID:40925926,Insights into germline predisposition to pediatric lymphoid malignancies.,2025,40925926,PMC12589141,abstract_only,,,
PMID:40927231,Pancreatic Hemangioblastoma in a Patient with von Hippel-Lindau Disease: A Case Report.,2025,40927231,PMC12415619,abstract_only,,,
PMID:40933942,Mucocutaneous manifestation mimicking vasculitis in chronic hepatitis B: A case report.,2025,40933942,PMC12418015,abstract_only,,,
PMID:40934004,Dual diagnosis at the neuro-immune interface: a case report of neuronal intranuclear inclusion disease with acute anti-CASPR2 encephalitis.,2025,40934004,PMC12417165,abstract_only,,,
PMID:40937272,POEMS Syndrome Masquerading as Metastatic Prostate Cancer Based on PSMA Avid Lesions.,2025,40937272,PMC12422860,abstract_only,,,
PMID:40937635,IgA Vasculitis Across the Ages: Is It Time for a Precision Medicine Approach?,2025,40937635,PMC12426765,abstract_only,,,
PMID:40938889,"Validation of the FVB/N-Tg(HSA* LR)20bCath mice of myotonic dystrophy using swallowing function assessment, histology, and immunofluorescence analysis.",2025,40938889,PMC12431123,abstract_only,,,
PMID:40941730,"Diagnostics, Efficacy, and Safety of Immunomodulatory and Anti-Fibrotic Treatment for Interstitial Lung Disease Associated with Systemic Scleroderma (SSc-ILD).",2025,40941730,PMC12427668,abstract_only,,,
PMID:40944054,Inborn Errors of Immunity in Pediatric Hematology and Oncology: Diagnostic Principles for Clinical Practice.,2025,40944054,PMC12429287,abstract_only,,,
PMID:40951005,An Unusual Presentation of Henoch-Schönlein Purpura With Penile Involvement in a 10-Year-Old Boy From Mexico.,2025,40951005,PMC12433238,abstract_only,,,
PMID:40956618,In utero rescue of neurological dysfunction in a mouse model of Wiedemann-Steiner syndrome.,2025,40956618,PMC12581663,abstract_only,,,
PMID:40958115,Proceedings of the 32nd European Paediatric Rheumatology Congress.,2025,40958115,PMC12439377,metadata_only,,,
PMID:40959375,Isolated Hemihyperplasia in Adolescence: A Case Report.,2025,40959375,PMC12433750,abstract_only,,,
PMID:40961422,Atypical presentation of immunoglobulin A vasculitis mimicking acute appendicitis in a pediatric patient: a case report.,2025,40961422,PMC12452480,abstract_only,,,
PMID:40970033,Renal Sinus Angiomyolipoma: An Unusual Cause of a Pelvicalyceal Mass.,2025,40970033,PMC12440833,abstract_only,,,
PMID:40977493,"Long-term remission with ustekinumab in a patient with pyogenic arthritis, pyoderma gangrenosum and acne (PAPA) syndrome suggests the importance of interleukin-12/interleukin-23 cytokines in PSTPIP1-associated inflammatory diseases.",2026,40977493,,metadata_only,,,
PMID:40980824,Concordant X-linked hypophosphatemic rickets in monozygotic twins: diagnostic challenges and a novel genetic insight.,2025,40980824,PMC12455284,abstract_only,,,
PMID:40981140,Kikuchi-Fujimoto Disease: A Rare Etiology Behind Pediatric Cervical and Supraclavicular Lymphadenopathy: A Case Report.,2025,40981140,PMC12452315,abstract_only,,,
PMID:40988335,Chimeric enzymes enhance treatment potential for globoid cell leukodystrophy through hematopoietic stem cell gene therapy.,2025,40988335,PMC12703158,abstract_only,,,
PMID:40997504,"PSTPIP1 and pyrin, two key regulators of macrophage differentiation.",2025,40997504,,abstract_only,,,
PMID:41001377,"Biomarker research for Henoch-Schönlein purpura nephritis based on ""omics"" techniques.",2025,41001377,PMC12457392,abstract_only,,,
PMID:41003650,The challenge of ultra-rarity: Dual diagnosis of Lafora disease and developmental encephalopathies linked to TRIO and SHANK3 pathogenic variants.,2025,41003650,PMC12716291,abstract_only,,,
PMID:41008569,Neuromyotonia and CASPR2 Antibodies: Electrophysiological Clues to Disease Pathophysiology.,2025,41008569,PMC12467067,abstract_only,,,
PMID:41009734,"Copper, Cuproptosis, and Neurodegenerative Diseases.",2025,41009734,PMC12470802,abstract_only,,,
PMID:41009745,DNA Methylation at a Single Locus of Human Genome Accurately Recapitulates Episignature of CREBBP-Related Rubinstein-Taybi Syndrome.,2025,41009745,PMC12470928,abstract_only,,,
PMID:41010006,&lt;i&gt;PTEN&lt;/i&gt; Gene and Autism: Genetic Underpinnings and Neurodevelopmental Impacts.,2025,41010006,PMC12470099,abstract_only,,,
PMID:41018191,"Navigating the diagnostic challenges of myoclonus in neurodegenerative disorders: video-EEG/polygraphy, clinical vignettes, and narrative analysis.",2025,41018191,PMC12463611,abstract_only,,,
PMID:41018683,POEMS Syndrome Without a Detectable Monoclonal Peak: The Critical Role of VEGF and Bone Marrow Biopsy in Diagnosis.,2025,41018683,PMC12463516,abstract_only,,,
PMID:41020840,"A Review of Syndromic Forms of Obesity: Genetic Etiology, Clinical Features, and Molecular Diagnosis.",2025,41020840,PMC12468879,abstract_only,,,
PMID:41022933,Clinical application of CNV-seq for diagnosing abnormal brain development in children.,2025,41022933,PMC12480442,abstract_only,,,
PMID:41023671,Patient reported outcomes that matter to individuals with (genetic) intellectual disabilities: a qualitative study.,2025,41023671,PMC12481802,abstract_only,,,
PMID:41024403,Epidemiology of progressive intellectual and neurological deterioration in UK children.,2026,41024403,PMC12875178,abstract_only,,,
PMID:41030885,Case Report: When multiple system atrophy masquerades as CASPR2 autoimmune encephalopathy: a diagnostic pitfall.,2025,41030885,PMC12477253,abstract_only,,,
PMID:41036104,Comparative analysis of cell-specific promoters in AAV9-mediated gene therapy targeting the central nervous system.,2025,41036104,PMC12481918,abstract_only,,,
PMID:41036743,"Mechanisms, Mediators, and Pharmacological Approaches Targeting Brain Cholesterol Transport in Alzheimer's Disease.",2026,41036743,PMC13555777,abstract_only,,,
PMID:41037177,Myotonic Dystrophy.,2025,41037177,,abstract_only,,,
PMID:41042579,Exploring the role of apolipoprotein ε4 in progressive myoclonic epilepsy type 1.,2026,41042579,PMC12964178,abstract_only,,,
PMID:41047464,Revisiting the Genetics of Hypophosphatasia.,2025,41047464,PMC12497681,abstract_only,,,
PMID:41049314,"Patterns and causes of supranuclear vertical gaze palsy: A retrospective, single-institutional study in 113 patients.",2025,41049314,PMC12489910,abstract_only,,,
PMID:41050494,The Vasospastic Thyroid: Bilateral Leg Pain as a Vascular Manifestation of Hypothyroidism.,2025,41050494,PMC12493754,abstract_only,,,
PMID:41053724,Wiedemann-Steiner syndrome: description of genetic profiles and clinical phenotypes of 10 Korean pediatric patients.,2025,41053724,PMC12502264,abstract_only,,,
PMID:41053800,New avenues in childhood vasculitis.,2025,41053800,PMC12502369,abstract_only,,,
PMID:41054930,DNA Damage and Repair in Thyroid Physiology and Disease.,2026,41054930,PMC12795707,abstract_only,,,
PMID:41057662,Diagnosis and grading of adrenal cortical carcinoma.,2026,41057662,PMC12876101,abstract_only,,,
PMID:41059921,Targeted Alkaline Phosphatase Therapy Enhances Alveolar Bone Healing in X-Linked Hypophosphatemia in Mice.,2026,41059921,PMC13097076,abstract_only,,,
PMID:41062103,A novel mutation in the transglutaminase-1 gene identified in a collodion baby: A case report.,2025,41062103,PMC12511678,abstract_only,,,
PMID:41076620,A clinician's guide to the diagnosis and management of kidney cysts.,2025,41076620,PMC12515459,abstract_only,,,
PMID:41080375,The Successful Anesthetic Management of an Adult With Cri-du-Chat Syndrome by Using Personalized Behavioral Strategies: A Case Report.,2025,41080375,PMC12512440,abstract_only,,,
PMID:41081803,Bridging the knowledge gap in rare bone disorders: insights from the APCO Asia-Pacific Rare Bone Disorders Engagement (ASPIRE) survey.,2025,41081803,PMC12628460,abstract_only,,,
PMID:41085805,Bibliometric analysis reveals global thymoma research trends collaborations and emerging frontiers from 2010 to 2024.,2025,41085805,PMC12521727,abstract_only,,,
PMID:41089165,"A Rare Case Report of Morvan Syndrome: A Constellation of Autonomic, Central and Peripheral Nervous System Involvement.",2025,41089165,PMC12517461,abstract_only,,,
PMID:41094176,Updated penetrance estimates for recurrent copy number variants - an improved definition and formula.,2026,41094176,PMC12816643,abstract_only,,,
PMID:41096536,Rheumatoid Arthritis and Osteoporosis as Prototypes of Immunosenescence in Osteoimmunology: Molecular Pathways of Inflammaging and Targeted Therapies.,2025,41096536,PMC12525435,abstract_only,,,
PMID:41096807,Autoimmune Encephalitis with Neuronal Surface Autoantibodies and Other Suspected Cases of Autoimmune Etiology: A Single-Center Experience in Poland.,2025,41096807,PMC12524382,abstract_only,,,
PMID:41104576,Update on Genetic Chorea.,2025,41104576,PMC12531716,abstract_only,,,
PMID:41108352,Concurrency of systemic sclerosis and sarcoidosis: a case-based review.,2025,41108352,,abstract_only,,,
PMID:41110343,"Proceedings of the 2025 Santa Fe Bone Symposium: Current concepts in the care of patients with osteoporosis, parathyroid disorders, and rare bone diseases.",2025,41110343,,abstract_only,,,
PMID:41112289,Efgartigimod for patients with thymoma associated generalized myasthenia gravis during the perioperative period: a four-case report.,2025,41112289,PMC12528172,abstract_only,,,
PMID:41113302,Early Neonatal Death in Harlequin Ichthyosis: A Case Report and Literature Review.,2025,41113302,PMC12528539,abstract_only,,,
PMID:41114372,Next-generation sequencing-based genomic profiling of advanced soft tissue and bone sarcomas.,2025,41114372,PMC12531057,abstract_only,,,
PMID:41126215,"Beckwith-Wiedemann spectrum (BWSp): an update on diagnosis, management, and follow-up from the scientific committee of the Italian BWSp association.",2025,41126215,PMC12542140,abstract_only,,,
PMID:41128863,Pyoderma gangrenosum: pathogenetic mechanisms and their implications for treatment.,2025,41128863,PMC12549756,abstract_only,,,
PMID:41135865,Identification of rare genetic variants in familial forms and unrelated cases of bisphosphonates-associated atypical femur fracture.,2026,41135865,,abstract_only,,,
PMID:41136907,"Longitudinal characterization of clinical, developmental, and behavioral phenotypes in 101 children and adults with FOXG1 syndrome.",2025,41136907,PMC12551263,abstract_only,,,
PMID:41137515,Towards Characterizing the Developmental and Behavioral Profiles of ODLURO Syndrome: Shared Features With Wiedemann-Steiner Syndrome and Kabuki Syndrome.,2026,41137515,,abstract_only,,,
PMID:41149778,Is Vitamin B6 a Precision Therapy for Neonatal Seizures?,2025,41149778,PMC12567020,abstract_only,,,
PMID:41152125,A novel ABCA1 mutation in Tangier disease associated with severe premature and rapidly progressive neurodegenerative disorder.,2025,41152125,,abstract_only,,,
PMID:41152894,Glycoprotein non-metastatic melanoma protein B is a biomarker of inflammation in individuals with Gaucher disease: relationship to clinico-pathological subtypes.,2025,41152894,PMC12570663,abstract_only,,,
PMID:41153413,"Linking Genotype to Clinical Features in &lt;i&gt;SMC1A&lt;/i&gt;-Related Phenotypes: From Cornelia de Lange Syndrome to Developmental and Epileptic Encephalopathy, a Comprehensive Review.",2025,41153413,PMC12562814,abstract_only,,,
PMID:41155398,Beyond Hematologic Malignancies: Colorectal Cancer as a Solid Tumor Manifestation of Inherited Bone Marrow Failure Syndromes.,2025,41155398,PMC12562399,abstract_only,,,
PMID:41158015,Pregnancy complications in women with an inborn error of immunity: a systematic review.,2025,41158015,PMC12573678,abstract_only,,,
PMID:41159265,Advanced Paternal Age Impacts Common Loci in the Sperm and Placenta DNA Methylomes.,2026,41159265,PMC12842882,abstract_only,,,
PMID:41161721,Analysis of muscle and blood RNA samples from patients with myotonic dystrophy type 1 reveals the presence of new mis-splicing biomarkers of disease severity.,2026,41161721,,abstract_only,,,
PMID:41161998,Inherited Peripheral Neuropathies.,2025,41161998,PMC13502994,abstract_only,,,
PMID:41163898,Thymectomy for Morvan Syndrome Associated With Thymoma.,2025,41163898,PMC12559609,abstract_only,,,
PMID:41164774,A Rare Familial Case of Harlequin Ichthyosis in an Infant of a Diabetic Mother: A Diagnostic and Management Challenge in Low and Middle Income Settings.,2025,41164774,PMC12558815,abstract_only,,,
PMID:41165034,Dermatologic Features of Endocrine Tumor Syndromes-Systematic Review and Meta-Analysis.,2026,41165034,PMC12892174,abstract_only,,,
PMID:41172738,"A systematic review of GWAS on CMR imaging traits: genetic insights into cardiovascular structure, function, and diseases.",2025,41172738,PMC12616015,abstract_only,,,
PMID:41177913,Portrait of a Spectrum: Clinical and Genetic Characterization of a Large Cohort of Chromatinopathies-30 Years' Experience From a Third Level Center.,2026,41177913,PMC12958007,abstract_only,,,
PMID:41178187,Ultra-Conserved Poison Exons Enable Rapid and Safe Splicing Factor Gene Expression Switches: A Hypothesis.,2025,41178187,PMC12632421,abstract_only,,,
PMID:41181647,Cardiomyopathies of endocrine origin: A state-of-the-art review.,2025,41181647,PMC12576551,abstract_only,,,
PMID:41189322,Concurrent Hidradenitis Suppurativa and Pyoderma Gangrenosum in a Pediatric Cohort: A Retrospective Case Series.,2026,41189322,PMC13076974,abstract_only,,,
PMID:41189890,The role of copper dysregulation in Wilson disease: an expert opinion.,2025,41189890,PMC12580196,abstract_only,,,
PMID:41202839,The Relationship Between Insulin Resistance and Cancer in Humans.,2025,41202839,,abstract_only,,,
PMID:41209397,Neonatal Multiple Bone Fractures: A Case Report of Hypophosphatasia.,2025,41209397,PMC12591811,abstract_only,,,
PMID:41210224,Towards a WHO classification of genetic tumour syndromes.,2025,41210224,PMC12594522,abstract_only,,,
PMID:41212113,Aberrant Splicing of &lt;i&gt;DNM1L&lt;/i&gt; Impairs Cardiac Bioenergetics and Mitochondrial Dynamics in Myotonic Dystrophy Type I (DM1).,2026,41212113,PMC12820943,abstract_only,,,
PMID:41212481,Miglustat as a Treatment for Adults with Tangier Disease Neuropathy: The MUSTANG N-of-1 Trial with 21 months Clinical Observation.,2026,41212481,PMC12804572,abstract_only,,,
PMID:41213165,Copper in Human Health and Disease: Insights from Inherited Disorders.,2026,41213165,PMC7618482,abstract_only,,,
PMID:41217559,Serum uric acid to high‑density lipoprotein cholesterol ratio as a novel predictor of diabetic nephropathy: a cross‑sectional analysis of NHANES 2011-2018.,2025,41217559,PMC12605415,abstract_only,,,
PMID:41221004,Proof-of-principle for enhanced dentoalveolar mineralization using exogenous tissue-nonspecific alkaline phosphatase in the &lt;i&gt;Hyp&lt;/i&gt; mouse model of X-linked hypophosphatemia.,2025,41221004,PMC12599311,abstract_only,,,
PMID:41226098,The Usefulness of Basic Laboratory Analyses in Diagnostics of Inherited Metabolic Diseases in Children.,2025,41226098,PMC12610540,abstract_only,,,
PMID:41226524,Dissecting the Genetic Contribution of Tooth Agenesis.,2025,41226524,PMC12609137,abstract_only,,,
PMID:41226544,Positive and Negative Symptoms of Schizophrenia and Polymorphic Variants of the &lt;i&gt;TCF4&lt;/i&gt; Gene: Pilot Associative Study.,2025,41226544,PMC12609942,abstract_only,,,
PMID:41241935,"A 12-Week Strength Training Improves Mitochondrial Respiration, H&lt;sub&gt;2&lt;/sub&gt;O&lt;sub&gt;2&lt;/sub&gt; Emission and Skeletal Muscle Integrity in Women With Myotonic Dystrophy Type 1.",2025,41241935,PMC12619986,abstract_only,,,
PMID:41247002,DNA Methylation Episignature as a Novel Diagnostic Tool for Diamond-Blackfan Anemia Syndrome.,2026,41247002,PMC12766366,abstract_only,,,
PMID:41251004,Automated patch clamp data improve variant classification and penetrance stratification for SCN5A-Brugada syndrome.,2026,41251004,PMC12678899,abstract_only,,,
PMID:41255330,[POEMS syndrome: A complex diagnostic case under the guise of chronic polyneuropathy].,2025,41255330,,abstract_only,,,
PMID:41255587,"Pyoderma Gangrenosum and Inflammatory Bowel Disease: Recent Insights into Epidemiology, Pathogenesis, and Therapeutic Approaches.",2025,41255587,PMC12620507,abstract_only,,,
PMID:41255682,Parallel paths: A narrative review exploring autism and its co-occurring conditions.,2025,41255682,PMC12620806,abstract_only,,,
PMID:41255692,Monogenic defects in Russian children with autism spectrum disorders.,2025,41255692,PMC12620798,abstract_only,,,
PMID:41257311,Irradiation-Free Reduced Intensity Conditioning Stem Cell Transplantation for Young Patients With Diamond-Blackfan Anemia Syndrome Is Well-Tolerated and Effective.,2026,41257311,,abstract_only,,,
PMID:41257684,"Role of red cell distribution width, tumor necrosis factor-alpha, and interleukin-6 in immunoglobulin a vasculitis nephritis among Tibetan children in high-altitude areas.",2025,41257684,PMC12628561,abstract_only,,,
PMID:41261143,Identification of novel vertebral development factors through UK Biobank candidate gene search and body imaging analysis.,2025,41261143,PMC12630705,abstract_only,,,
PMID:41262921,Case Report: Beckwith-Wiedemann syndrome with reduced &lt;i&gt;H19&lt;/i&gt; expression.,2025,41262921,PMC12623305,abstract_only,,,
PMID:41266135,Advancing genotype-phenotype analysis through 3D facial morphometry: insights from Cri-du-Chat syndrome.,2026,41266135,PMC13198709,abstract_only,,,
PMID:41270249,Movement Disorders in Antibody-Associated Neurologic Diseases: A Nationwide Study.,2026,41270249,PMC12643523,abstract_only,,,
PMID:41272673,Clinical use of whole-genome sequencing in children with developmental delay or intellectual disability.,2025,41272673,PMC12639712,abstract_only,,,
PMID:41272719,Analysis of genes involved in immune response in children with HLH - case series.,2025,41272719,PMC12639710,abstract_only,,,
PMID:41272749,Performance testing for the sensitivity and resolution of low-pass WGS for small CNV detection.,2025,41272749,PMC12752068,abstract_only,,,
PMID:41274961,Precision diagnostic and therapeutic interventions in rare genetic neurodevelopmental disorders.,2025,41274961,PMC12875870,abstract_only,,,
PMID:41278553,Generalized tonic-clonic seizures as the initial symptom of late-onset Krabbe disease: a Case Report.,2025,41278553,PMC12631614,abstract_only,,,
PMID:41280159,Genetic Testing and Counselling for Hereditary Renal Carcinoma: What Do Clinicians Need to Know?,2025,41280159,PMC12630327,abstract_only,,,
PMID:41286962,The Global Hypophosphatasia Registry: lessons learned from a decade of real-world data.,2025,41286962,PMC12751868,abstract_only,,,
PMID:41293938,"Development and Validation of a Disease-Specific, Patient-Reported Outcome Measure: The Myotonic Dystrophy Type 2 Health Index.",2026,41293938,,abstract_only,,,
PMID:41294695,Von Hippel-Lindau Disease-Associated Endolymphatic Sac Tumours: Seven Cases and Genotype-Phenotype Features.,2025,41294695,PMC12651300,abstract_only,,,
PMID:41296658,EndoCompass Project: Research Roadmap for Endocrine Causes and Consequences of Cancers.,2025,41296658,PMC12698130,abstract_only,,,
PMID:41298332,"Cryoglobulinemia: An update on classification, pathophysiology, clinical presentation, and management.",2026,41298332,PMC12789282,abstract_only,,,
PMID:41300558,Non-Classic Cornelia de Lange Syndrome Due to &lt;i&gt;BRD4&lt;/i&gt; Gene Alterations: A Literature Review.,2025,41300558,PMC12650802,abstract_only,,,
PMID:41300846,Maximizing Diagnostic Yield in Intellectual Disability Through Exome Sequencing: Genotype-Phenotype Insights in a Vietnamese Cohort.,2025,41300846,PMC12651281,abstract_only,,,
PMID:41300908,The Role of Exhaled Breath Analyses in Interstitial Lung Disease.,2025,41300908,PMC12651493,abstract_only,,,
PMID:41302074,"Familial Von Hippel-Lindau Disease: A Case Series of Cerebral Hemangioblastomas with MRI, Histopathological, and Genetic Correlations.",2025,41302074,PMC12653590,abstract_only,,,
PMID:41303475,"Cardiac Involvement in Myotonic Dystrophy Type 1: Mechanisms, Clinical Perspectives, and Emerging Therapeutic Strategies.",2025,41303475,PMC12652575,abstract_only,,,
PMID:41305004,Topical Treatments for Rare Genetic Dermatological Diseases: A Narrative Review.,2025,41305004,PMC12655290,abstract_only,,,
PMID:41305774,Expanding the clinical spectrum: A case report of the first Jordanian presentation of KID syndrome with neurological and skeletal anomalies beyond the classical triad.,2025,41305774,PMC12643764,abstract_only,,,
PMID:41306917,Epigenetic landscape in lysosomal storage disorders: mechanisms and modulation.,2025,41306917,PMC12645099,abstract_only,,,
PMID:41311376,Unraveling complexity: A rare case of pulmonary sarcoidosis coinciding with systemic scleroderma.,2025,41311376,PMC12648700,abstract_only,,,
PMID:41313243,Evidence-based classification of genes implicated in skeletal disorders using the ClinGen curation framework.,2026,41313243,PMC13192282,abstract_only,,,
PMID:41316694,Mixed Cryoglobulinemia in the Setting of Monoclonal B-Cell Lymphocytosis and Monoclonal Gammopathy of Unknown Significance: A Case Report.,2025,41316694,PMC12729220,abstract_only,,,
PMID:41320952,Revisiting Wiedemann-Steiner Syndrome: Novel &lt;i&gt;KMT2A&lt;/i&gt; Variants and Broadened Clinical Spectrum.,2026,41320952,PMC12862164,abstract_only,,,
PMID:41323015,Monogenic diabetes: the role of mitochondrial dysfunction and endoplasmic reticulum stress.,2025,41323015,PMC12661931,abstract_only,,,
PMID:41325415,EndoCompass Project: Research Roadmap for Growth Disorders.,2025,41325415,PMC12698128,abstract_only,,,
PMID:41326286,"New therapeutic strategies for Lafora disease: Evaluation of the safety, efficacy, pharmacokinetics and metabolomic profile of intravenous VAL-1221 treatment.",2026,41326286,PMC12976475,abstract_only,,,
PMID:41340519,Reliability of Actigraphy for the Assessment of Sleep and Circadian Rhythms in Rett and Related Syndromes.,2026,41340519,PMC12872378,abstract_only,,,
PMID:41341600,Case Report: Secondary myelodysplastic syndrome following autologous stem cell transplantation in a patient with POEMS syndrome.,2025,41341600,PMC12669161,abstract_only,,,
PMID:41341904,Serum Onconeural Antibodies in Dogs and Cats for Early Diagnosis of Cancer.,2025,41341904,PMC12671446,abstract_only,,,
PMID:41346588,Beyond the skin: immunological profiles and infectious complications in ALOX12B-associated autosomal recessive congenital ichthyosis.,2025,41346588,PMC12672872,abstract_only,,,
PMID:41348001,"Monoclonal-related neuropathies: diagnosis, prognosis, and outcomes.",2025,41348001,PMC12891631,abstract_only,,,
PMID:41350270,Infantile hypophosphatasia in a Chinese patient: identification and characterization of novel compound heterozygous ALPL mutations.,2025,41350270,PMC12689622,abstract_only,,,
PMID:41354323,Spatial and temporal brain biodistribution of neuropathogenic sphingolipids of Krabbe disease.,2026,41354323,PMC12819350,abstract_only,,,
PMID:41357000,Neonatal Erythroderma: Diagnostic Challenges and the Limitations of Genetic Testing.,2025,41357000,PMC12679809,abstract_only,,,
PMID:41367479,A Rare Case of Coexisting 22q11.2 Deletion Syndrome and Cornelia De Lange Syndrome: A Case Report and Review of the Literature.,2025,41367479,PMC12684294,abstract_only,,,
PMID:41367618,Application of trio-based whole-exome sequencing in fetal ultrasound anomalies: a single-center retrospective study of 454 cases.,2025,41367618,PMC12682908,abstract_only,,,
PMID:41373990,Lipid Metabolism-Signaling Crosstalk in Metabolic Disease and Aging: Mechanisms and Therapeutic Targets.,2025,41373990,PMC12693963,abstract_only,,,
PMID:41376622,Immunological control of skin development: from homeostasis to developmental pathologies.,2025,41376622,PMC12685724,abstract_only,,,
PMID:41395671,ABCA12 Frameshift Deletion in Domestic Cats With Ichthyosis Fetalis.,2026,41395671,PMC13167644,abstract_only,,,
PMID:41396113,Exploring sarcoidosis via nailfold capillaroscopy: A window into the disease's microvascular landscape.,2025,41396113,PMC12815287,abstract_only,,,
PMID:41396117,The association between sarcoidosis and lymphoma: a retrospective and multicentre study of 46 patients.,2025,41396117,PMC12815286,abstract_only,,,
PMID:41404425,Rapid whole genome sequencing in newborn screening for metabolic diseases.,2025,41404425,PMC12702857,abstract_only,,,
PMID:41404470,IDEDNIK syndrome: a newly recognized rare genetic disorder caused by &lt;i&gt;AP1S1&lt;/i&gt; and &lt;i&gt;AP1B1&lt;/i&gt; mutations.,2025,41404470,PMC12702699,abstract_only,,,
PMID:41408967,Neurological Peculiarities of POEMS Syndrome: Experience From a Brazilian University Center.,2026,41408967,PMC12888833,abstract_only,,,
PMID:41417632,Nocardia farcinica as a Potential Pathogen Associated With a Clinical Subtype of Kikuchi-Fujimoto Disease.,2026,41417632,,abstract_only,,,
PMID:41425849,"The intersection of TREX1, cGAS, STING and the DNA damage theory of aging.",2025,41425849,PMC12711825,abstract_only,,,
PMID:41428589,A Lipid Road to Neuroimmunology: Fatty Acids Linking Immune and Nervous Systems.,2026,41428589,PMC12991812,abstract_only,,,
PMID:41429203,New multiplex LC-MS/MS method for lipid biomarker analysis of inherited neurodegenerative metabolic diseases.,2026,41429203,PMC12856316,abstract_only,,,
PMID:41431798,Infantile-Onset Unverricht-Lundborg Disease: A Unique Case With Severe Neurological Impairment and Positive Family History.,2025,41431798,PMC12739086,abstract_only,,,
PMID:41436848,Promising Results With NAD Supplementation in Rare Diseases With Premature Aging and DNA Damage.,2026,41436848,PMC12727671,abstract_only,,,
PMID:41437945,Multi-omics in cardiac arrest: a systematic review.,2026,41437945,PMC12719694,abstract_only,,,
PMID:41438919,Autism Spectrum Disorder: Nature vs. Nurture.,2025,41438919,PMC12721837,abstract_only,,,
PMID:41445554,Hearing impairment in X-linked hypophosphatemia: a review.,2025,41445554,PMC12723660,abstract_only,,,
PMID:41445556,A case and review of fibroblast growth factor-23-mediated hypophosphatemic osteomalacia in the absence of pathogenic &lt;i&gt;PHEX&lt;/i&gt; variants.,2025,41445556,PMC12723807,abstract_only,,,
PMID:41445557,Six cases of &lt;i&gt;ENPP1&lt;/i&gt; pathogenic variants causing autosomal recessive hypophosphatemic rickets type 2 and generalized arterial calcification of infancy.,2025,41445557,PMC12723806,abstract_only,,,
PMID:41450342,Microscopic polyangiitis complicated with pulmonary hepatitis B virus infection: A case report and literature review.,2025,41450342,PMC12731262,abstract_only,,,
PMID:41456881,[Chinese expert consensus for the diagnosis and treatment of von Hippel-Lindau syndrome (2025 edition)].,2025,41456881,,abstract_only,,,
PMID:41457435,Frequency and face validity of reported family history of cancer in first-degree relatives and genetic syndromes among children with cancer in Project:EveryChild: A report from the Children's Oncology Group.,2026,41457435,PMC13242624,abstract_only,,,
PMID:41458703,Harlequin Ichthyosis in a Preterm Neonate: A Case Report.,2025,41458703,PMC12743277,abstract_only,,,
PMID:41458990,Current perspectives on risk prediction and genetic basis of Brugada syndrome.,2025,41458990,PMC12740877,abstract_only,,,
PMID:41462762,A Systematic Review of Cutaneous Hypopigmentation Disorder Associated with Neurologic Involvement.,2025,41462762,PMC12731714,abstract_only,,,
PMID:41463054,Analysis Methods for Diagnosing Rare Neurodevelopmental Diseases with Episignatures: A Systematic Review of the Literature.,2025,41463054,PMC12730964,abstract_only,,,
PMID:41463072,"Hypertrophic Cardiomyopathy Phenocopies: Classification, Key Features, and Differential Diagnosis.",2025,41463072,PMC12730691,abstract_only,,,
PMID:41465139,Chromosomal Instability and Telomere Attrition in Systemic Sclerosis: A Historical Perspective.,2025,41465139,PMC12732419,abstract_only,,,
PMID:41465148,Hypophosphatasia: 90 Years from a Canadian Discovery-A Comprehensive Review of the &lt;i&gt;ALPL&lt;/i&gt; Gene Underlying Rathbun's Syndrome.,2025,41465148,PMC12732684,abstract_only,,,
PMID:41465188,"Fifteen Years of Myotonic Dystrophy Type 1 in Mexico: Clinical, Molecular, and Socioeconomic Insights from a National Reference Cohort.",2025,41465188,PMC12732758,abstract_only,,,
PMID:41465275,Genetic Determinants of Progressive Pulmonary Fibrosis: A Comprehensive Review.,2025,41465275,PMC12732592,abstract_only,,,
PMID:41465426,Neurodegenerative Biomarkers in Populations with Intellectual Disabilities: Diagnostic and Therapeutic Capacities.,2025,41465426,PMC12733272,abstract_only,,,
PMID:41465450,Mitochondrial tRNA-Derived Diseases.,2025,41465450,PMC12732353,abstract_only,,,
PMID:41466293,Assessing rare disease understanding: a novel disease readiness level framework.,2025,41466293,PMC12751994,abstract_only,,,
PMID:41473987,Molecular dynamics insights into novel and nano-rare &lt;i&gt;de novo&lt;/i&gt; mutations in the ribosomal proteins S19 and L26 causing Diamond-Blackfan anemia in Iranian patients.,2026,41473987,,abstract_only,,,
PMID:41477646,Dysfunctional high-density lipoprotein: an updated review.,2025,41477646,PMC12748247,abstract_only,,,
PMID:41479472,Defying the Odds: Survival in Severe Prenatal Caffey's Disease.,2025,41479472,PMC12754813,abstract_only,,,
PMID:41484495,A Review of Adenosine Deaminase 2 (ADA2) as a Biomarker of Monocyte/Macrophage Activation.,2026,41484495,PMC12764692,abstract_only,,,
PMID:41485912,A 15-year Follow-up of Persistent Pulmonary Lesions after Silicone Removal in a Patient with Silicon-induced Autoimmune/Inflammatory Syndrome.,2026,41485912,PMC13521642,abstract_only,,,
PMID:41496990,CRISPR-targeted microbiome modulation in rare Henoch-Schonlein purpura IgA nephropathy-gastritis: insights into the gut-kidney axis.,2026,41496990,PMC12767960,metadata_only,,,
PMID:41497952,Localized Immune-Complex Small-Vessel Vasculitis Presenting as Unilateral Myositis After Hepatitis A.,2025,41497952,PMC12767913,abstract_only,,,
PMID:41498210,Radiological Surveillance for Pituitary Adenomas in Multiple Endocrine Neoplasia Type 1: A Longitudinal Cohort Study.,2026,41498210,PMC13183421,abstract_only,,,
PMID:41498485,Hematologic Landscape of Adult Patients With Diamond-Blackfan Anemia Syndrome.,2026,41498485,,abstract_only,,,
PMID:41498511,Long-term calcitonin after thyroidectomy for medullary thyroid cancer in MEN2A.,2026,41498511,PMC12910569,abstract_only,,,
PMID:41503045,Atypical Fracture From Bisphosphonate Use in Hypophosphatasia With Improved Bone Response to Teriparatide Therapy.,2026,41503045,PMC12770901,abstract_only,,,
PMID:41510137,Quantification of Interactions between Small Molecules and RNA Probes Representative of Myotonic Dystrophy Type 1 Using Affinity Capillary Electrophoresis and UPLC-UV.,2025,41510137,PMC12777318,abstract_only,,,
PMID:41511290,Genetic Modeling of Lysosomal Storage Disorders (LSDs) in the Brain-Midgut Axis of &lt;i&gt;Drosophila melanogaster&lt;/i&gt; During Aging.,2025,41511290,PMC12786133,abstract_only,,,
PMID:41514124,TKI-mediated inhibition of NLRP1 inflammasome restores erythropoiesis in DBA syndrome.,2026,41514124,PMC12905221,abstract_only,,,
PMID:41514582,Epigenetics and the Tumor Microenvironment in Neuroendocrine Tumors.,2025,41514582,PMC12785117,abstract_only,,,
PMID:41517358,Feeding-Triggered Seizures in a Newborn with &lt;i&gt;AP1S1&lt;/i&gt;-Related MEDNIK Syndrome: Expanding the Phenotype of a Hyper-Rare Disease.,2025,41517358,PMC12786643,abstract_only,,,
PMID:41517394,The Clinical Burden of Inherited Neurometabolic Disorders in Adults-A Territorial Care Approach.,2025,41517394,PMC12787141,abstract_only,,,
PMID:41517538,Establishing Diagnostic and Differential Diagnostic Criteria for Amyotrophic Lateral Sclerosis.,2025,41517538,PMC12787248,abstract_only,,,
PMID:41517740,A case report of integrating Chinese and Western medicine: A new era in the treatment of late-onset Krabbe disease.,2026,41517740,PMC13446970,abstract_only,,,
PMID:41527333,Pharmacotherapy Risks in Rare Genetic Diseases: Cross-Referencing ACMG Secondary Findings v3.2 List With Clinical Databases.,2026,41527333,PMC12796505,abstract_only,,,
PMID:41527340,Natural-History Mapping of Lysosomal Storage Disorders (LSDs): Gaucher Disease as a Model for Precision Care.,2026,41527340,PMC12796781,abstract_only,,,
PMID:41529425,"Characterization of liver disease in a cohort of individuals with Niemann-Pick Disease, Type C1.",2026,41529425,PMC12818573,abstract_only,,,
PMID:41529448,Generation of iPSC and isogenic gene-corrected lines from a patient with RPS7 (c.277_279delGTC)-mutated Diamond-Blackfan anemia syndrome.,2026,41529448,,abstract_only,,,
PMID:41536457,Adult-Onset Still's Disease Presenting with Atypical Kikuchi-Fujimoto Disease-Like Histiocytic Necrotizing Lymphadenitis: A Diagnostic Pitfall.,2025,41536457,PMC12799066,abstract_only,,,
PMID:41538483,Computed tomography imaging features of major pulmonary and extrapulmonary complications of fibrotic lung diseases.,2026,41538483,PMC12711229,abstract_only,,,
PMID:41541169,Clinical diagnosis and challenges in management of Osteogenesis Imperfecta in a resource-limited setting - A case report and review of literature.,2025,41541169,PMC12596983,abstract_only,,,
PMID:41551200,Lecithin-Cholesterol Acyltransferase Deficiency as a Rare Cause of Bilateral Corneal Opacities: A Case Report of a Novel Frameshift Mutation.,2026,41551200,PMC12807498,abstract_only,,,
PMID:41554697,Expert consensus on the diagnosis and management of tooth developmental anomalies.,2026,41554697,PMC12816143,abstract_only,,,
PMID:41557222,2025 Egyptian guidelines for the management of dyslipidemia.,2026,41557222,PMC12819915,abstract_only,,,
PMID:41558554,Modeling rare genetic skeletal disorders with bone organoids: a narrative review.,2026,41558554,,abstract_only,,,
PMID:41558912,Heritable metabolic bone disorders: a guide to current genetic testing and clinical management for adult endocrinologists.,2026,41558912,,abstract_only,,,
PMID:41562781,Paraneoplastic Neurological Syndromes: Advances and Future Perspectives in Immunopathogenesis and Management.,2026,41562781,PMC12821609,abstract_only,,,
PMID:41562803,An 8-Year-Old Female with Giardiasis-Associated Henoch-Schönlein Purpura: A Case Report and Literature Review.,2025,41562803,PMC12821667,abstract_only,,,
PMID:41564273,"Current knowledge of Huntington's disease-like 2 genetic testing, clinical presentation, and patient experiences: A systematic review.",2026,41564273,PMC13396421,abstract_only,,,
PMID:41569496,High copper levels induce oxidative stress and inflammatory processes in a cell culture model of Wilson's disease.,2026,41569496,PMC12995951,abstract_only,,,
PMID:41573575,Clinical characteristics and prognosis of paraneoplastic syndromes: a single-center cohort study in Northern China.,2025,41573575,PMC12819185,abstract_only,,,
PMID:41576344,Lipid metabolism transcriptomic signature of defective erythropoiesis in Diamond Blackfan anemia syndrome.,2026,41576344,PMC13059010,abstract_only,,,
PMID:41582100,Neuroimaging in inborn errors of immunity: More than infections.,2026,41582100,PMC13021865,abstract_only,,,
PMID:41588953,Kikuchi-Fujimoto Disease as the Initial Presentation of Dermatomyositis.,2026,41588953,,abstract_only,,,
PMID:41590224,Genetics of Sudden Cardiac Death.,2025,41590224,PMC12839991,abstract_only,,,
PMID:41593770,Development of national biobank for lysosomal storage disorders in India- a step towards advancing research and precision medicine.,2026,41593770,PMC12918591,abstract_only,,,
PMID:41595160,Moving Beyond Somatic Alterations: Uncovering the Germline Basis of Myeloid Malignancies.,2026,41595160,PMC12839250,abstract_only,,,
PMID:41595702,State of the Art on Thyroid Cancer Biology and Oncology.,2026,41595702,PMC12838939,abstract_only,,,
PMID:41596290,Molecular Mechanisms Underlying Atherosclerosis and Current Advances in Targeted Therapeutics.,2026,41596290,PMC12840960,abstract_only,,,
PMID:41596381,Biomarkers in Primary Systemic Vasculitides: Narrative Review.,2026,41596381,PMC12840933,abstract_only,,,
PMID:41596528,"Hereditary Ataxias: From Pathogenesis and Clinical Features to Neuroimaging, Fluid, and Digital Biomarkers-A Scoping Review.",2026,41596528,PMC12841259,abstract_only,,,
PMID:41597024,Early Dental Manifestations and Multidisciplinary Management of X-Linked Hypophosphatemic Rickets in a Pediatric Patient: A Case Report.,2025,41597024,PMC12839818,abstract_only,,,
PMID:41598651,Clinical and Genetic Characteristics of Pheochromocytoma and Paraganglioma: A Single-Center Experience Including a Rare VHL Variant.,2026,41598651,PMC12842531,abstract_only,,,
PMID:41602963,A structured list of laboratory tests for screening the possible causes of small fiber neuropathy in clinical practice.,2025,41602963,PMC12832352,abstract_only,,,
PMID:41603520,What Matters Most? Developing a Core Patient Reported Outcome Set for Individuals With Genetic Intellectual Disabilities: An International Delphi Study.,2026,41603520,PMC12950628,abstract_only,,,
PMID:41604001,Long-term neurological outcome after hematopoietic stem cell transplant in juvenile Krabbe disease.,2026,41604001,,abstract_only,,,
PMID:41606743,"Isobutyryl-coenzyme a dehydrogenase deficiency: disease, or non-disease?",2026,41606743,PMC12857112,abstract_only,,,
PMID:41610137,Aberrant skeletal muscle morphogenesis and myofiber differentiation characterize equine myotonic dystrophy.,2026,41610137,PMC12854428,abstract_only,,,
PMID:41612618,Non-Huntington's disease chorea: an expanding universe with acquired causes.,2026,41612618,,abstract_only,,,
PMID:41614773,Mapping Lysosomal Storage Disorders with Neurological Features by Cellular Pathways: Towards Precision Medicine.,2025,41614773,PMC12731386,abstract_only,,,
PMID:41614934,The Genetic Landscape and Precision Medicine in Neonatal Diabetes Mellitus: From Molecular Mechanisms to Clinical Management.,2026,41614934,PMC12840165,abstract_only,,,
PMID:41617534,POEMS syndrome: a neuromuscular perspective.,2026,41617534,,abstract_only,,,
PMID:41621618,Profiling metabotropic glutamate receptor 7 expression in Rett syndrome: consequences for pharmacotherapy.,2026,41621618,PMC13327099,abstract_only,,,
PMID:41621934,Prognostic and Functional Trajectories in Idiopathic Pulmonary Fibrosis and Systemic Autoimmune Rheumatic Disease-Associated Interstitial Lung Disease: Insights From an Italian Multicenter Cohort.,2026,41621934,,abstract_only,,,
PMID:41624895,Late progression of pediatric Kikuchi-Fujimoto disease to systemic lupus erythematosus: a case report and review of literature.,2025,41624895,PMC12855063,abstract_only,,,
PMID:41627328,"Deciphering Copper Homeostasis and Cuproptosis: Biological Mechanisms, Disease Connections, and Cutting-Edge Copper-Based Nanomedicine.",2026,41627328,,abstract_only,,,
PMID:41627775,FOXG1 Hierarchically Shapes Synaptic Functions in Striatal iSPNs and Contributes to ASD Etiology.,2026,41627775,PMC13158314,abstract_only,,,
PMID:41635805,A Novel Missense Mutation in a Compound Heterozygous Patient with Fish-Eye Disease: A Case Report.,2026,41635805,PMC12863738,abstract_only,,,
PMID:41641391,Kikuchi-Fujimoto Disease and Hemophagocytic Lymphohistiocytosis: A Rare Combination of Two Rare Diseases.,2026,41641391,PMC12867015,metadata_only,,,
PMID:41642264,"Surgical and Oncologic Outcomes After Pancreatectomy for Pancreatic Neuroendocrine Tumor in Multiple Endocrine Neoplasia Type 1 and von Hippel-Lindau Syndrome: A Large, Multi-Institutional, Cohort Study.",2026,41642264,,abstract_only,,,
PMID:41645108,CASPR2 antibody-related neurological syndromes in children: three cases report and literature review.,2026,41645108,PMC12990615,abstract_only,,,
PMID:41651296,δ-catenin haploinsufficiency is sufficient to alter behaviors and glutamatergic synapses in mice.,2026,41651296,PMC13425278,abstract_only,,,
PMID:41652616,Unraveling syndrome-driven osteosarcoma: genetic insights and therapeutic frontiers.,2026,41652616,PMC12977553,abstract_only,,,
PMID:41655234,Determinants of hyperinsulinism severity in children with Beckwith-Wiedemann syndrome.,2026,41655234,PMC13271782,abstract_only,,,
PMID:41659945,Identification of Novel Mutation in the &lt;i&gt;ABCA12&lt;/i&gt; Gene Causing Harlequin Ichthyosis.,2026,41659945,PMC12881217,abstract_only,,,
PMID:41661399,Precision imaging and evolving therapies in paragangliomas and pheochromocytomas: from molecular diagnostics to imaging-guided management.,2026,41661399,PMC12886687,abstract_only,,,
PMID:41664979,Snapshot Look at Castleman Disease.,2026,41664979,PMC12887673,abstract_only,,,
PMID:41670591,Novel Clinical and Histological Insights into Cutaneous Kikuchi-Fujimoto Disease and Kikuchi Disease-Like Inflammatory Pattern (KLIP).,2026,41670591,PMC13340982,metadata_only,,,
PMID:41675236,Case Report: Progressive myoclonus epilepsy as an early manifestation of neuronopathic Gaucher disease.,2026,41675236,PMC12886469,abstract_only,,,
PMID:41675425,Pembrolizumab-Associated Aortitis in a Patient With Triple-Negative Breast Cancer: A Case Report.,2026,41675425,PMC12890054,abstract_only,,,
PMID:41675750,"Short-chain fatty acids (SCFAs) and the ""Regulatory"" B-cell: why fiber diet may reduce relapse in IgA vasculitis.",2026,41675750,PMC12889267,metadata_only,,,
PMID:41682944,"Peripheral Ulcerative Keratitis: Pathogenesis, Diagnosis, and Multimodal Management.",2026,41682944,PMC12898829,abstract_only,,,
PMID:41682956,Exploring Sex and Clinical Factors Associated with Long-Term Survival After Implantable Cardioverter-Defibrillator Implantation: A 10-Year Cohort Study.,2026,41682956,PMC12898460,abstract_only,,,
PMID:41683379,&lt;i&gt;N&lt;/i&gt;-Alkyl Derivatives of Deoxynojirimycin (DNJ) as Antiviral Agents: Overview and Update.,2026,41683379,PMC12898100,abstract_only,,,
PMID:41683579,"The Importance of Biochemical Screenings in the Diagnosis of Hypophosphatasia: Applications, Methodologies, and Challenges.",2026,41683579,PMC12897805,abstract_only,,,
PMID:41683698,"Clinical Presentation, Genetics, and Laboratory Testing with Integrated Genetic Analysis of Molecular Mechanisms in Prader-Willi and Angelman Syndromes: A Review.",2026,41683698,PMC12898306,abstract_only,,,
PMID:41683946,From Risks to Roots: The Multifactorial Etiopathogenesis of Childhood Obesity.,2026,41683946,PMC12898697,abstract_only,,,
PMID:41685316,Exploring microbial signatures in sarcoidosis: etiological and therapeutic implications of host-microbiota interactions.,2026,41685316,PMC12891068,abstract_only,,,
PMID:41686260,Very late-onset Krabbe disease with concomitant dementia: case description and a critical review of the literature.,2026,41686260,PMC12904878,abstract_only,,,
PMID:41689768,"International Multidisciplinary Consensus Report on Definitions, Diagnostic Criteria, and Management of Fatty Pancreas: A Joint Statement Endorsed by EPC, APA, EASD, EASL, ESGAR, ESGE, ESP, ESPCG, ESPEN, ESPGHAN, IAP, JPS, KPBA, LAPSG, and UEG.",2026,41689768,PMC12906299,abstract_only,,,
PMID:41691440,"Silicosis, Sarcoidosis, and Silicosarcoidosis Are Overlapping Diagnoses and Difficult to Differentiate.",2026,41691440,PMC13070281,abstract_only,,,
PMID:41693191,Dysmorphic syndromes with overgrowth - systematic review.  Part 1 - monogenic syndromes.,2025,41693191,PMC12928135,abstract_only,,,
PMID:41694127,Addressing the challenges of intellectual disability identification for health policy and research in Australia.,2025,41694127,PMC12893999,abstract_only,,,
PMID:41694311,POEMS syndrome with cardiovascular lesions as the initial manifestation: a case report and literature review.,2026,41694311,PMC12901498,abstract_only,,,
PMID:41702693,End of a diagnostic odyssey: the added value of multi-tissue analysis in the identification of mosaicism in tumour predisposition syndromes.,2026,41702693,PMC13217016,abstract_only,,,
PMID:41705238,Clinical and genetic spectrum of inborn errors of immunity: a retrospective study on outcomes at a single center.,2026,41705238,PMC12907321,abstract_only,,,
PMID:41708839,TMC6/8-associated epidermodysplasia verruciformis: germline variants and a complex structural alteration in a skin cancer predisposition syndrome.,2026,41708839,PMC12963407,abstract_only,,,
PMID:41711038,Transition of Care in X-Linked Hypophosphatemic Rickets: From Pediatric to Adult Practice- A Narrative Review.,2026,41711038,,abstract_only,,,
PMID:41717638,A radiological case series of three siblings with osteogenesis imperfecta and shared paternal inheritance.,2026,41717638,PMC12914527,retracted_or_removed,,,
PMID:41718288,Neuronal Heterotopy in a Patient with Wiedemann-Steiner Syndrome Caused by a Truncating &lt;i&gt;KMT2A&lt;/i&gt; Variant: Clinical and Genetic Correlations.,2026,41718288,PMC12921999,abstract_only,,,
PMID:41718408,"Genetic-Epigenetic Interplay in Epilepsy: Pathways, Biomarkers, and Epigenome-Targeted Therapies.",2026,41718408,PMC12921879,abstract_only,,,
PMID:41718944,Patient Burden in the Treatment of Wilson Disease in the United States: An Analysis of Real-World Health Insurance Claims Data from the Komodo database.,2026,41718944,,abstract_only,,,
PMID:41720436,Modeling myotonic dystrophy type 1 with hiPSCs-derived cardiac organoids reveals key disease mechanisms.,2026,41720436,,abstract_only,,,
PMID:41728366,A beginner's guide to the clinical approach and key concepts of glomerular disease: a mini review.,2025,41728366,PMC12919384,abstract_only,,,
PMID:41733445,Unmasking Brugada ECG Pattern in Myotonic Dystrophy Type 2 With an ANK2 Variant.,2026,41733445,PMC13456453,abstract_only,,,
PMID:41737102,Systemic Necrotizing Medium-Vessel Vasculitis Clinically Consistent With Polyarteritis Nodosa: A Detailed Case Report.,2026,41737102,PMC12925990,abstract_only,,,
PMID:41738263,Identification of a conserved sequence of disease progression in idiopathic pulmonary fibrosis.,2026,41738263,PMC13112461,abstract_only,,,
PMID:41738296,Altered cholesterol immunometabolism activates the macrophage NLRP3-inflammasome in lung fibrosis.,2026,41738296,PMC13424602,abstract_only,,,
PMID:41741706,Myelin dysfunction in autism spectrum disorder: insights into core symptoms and mechanisms of brain development.,2026,41741706,PMC13269134,abstract_only,,,
PMID:41745337,"Atherogenic Dyslipidemia in Children and Adolescents: Current Evidence, Clinical Challenges, and Future Perspectives.",2026,41745337,PMC12942339,abstract_only,,,
PMID:41745581,"Myoclonus in Pediatric Metabolic Diseases: Clinical Spectrum, Mechanisms, and Treatable Causes-A Systematic Review.",2026,41745581,PMC12942292,abstract_only,,,
PMID:41746958,Revisiting Minamata disease through computational phenotypic similarity analysis.,2026,41746958,PMC12944806,abstract_only,,,
PMID:41749535,"A Clinical Practice Example of Smith-Magenis Syndrome in the Neuropediatric Clinic: Etiology, Clinical Presentation, Diagnostics and Therapeutic Approaches-A Case Report.",2026,41749535,PMC12938995,abstract_only,,,
PMID:41750400,ABCA1: A Therapeutic Target for Improving Cholesterol Homeostasis in Peripheral Neuropathies.,2026,41750400,PMC12937928,abstract_only,,,
PMID:41751517,Molecular Profiling of Polish Pediatric Patients with Epilepsy: A Single-Center Diagnostic Experience Using Next-Generation Sequencing.,2026,41751517,PMC12940239,abstract_only,,,
PMID:41751561,"A Complex Case of Langer-Giedion Syndrome, Cornelia de Lange Syndrome Type 4, and Hereditary Multiple Osteochondromas with Mosaic 8q23.1-q24.12 Deletion.",2026,41751561,PMC12940567,abstract_only,,,
PMID:41751598,Review Article: Overview of Clinical Genetics of Diabetes Mellitus.,2026,41751598,PMC12941287,abstract_only,,,
PMID:41752121,Mesenchymal Stromal Cells and Extracellular Vesicles: A Novel Therapeutic Paradigm for Mitochondrial Dysfunctions.,2026,41752121,PMC12940933,abstract_only,,,
PMID:41753656,Unlocking the Diagnostic Challenge of Tuberculosis and Sarcoidosis Intrathoracic Lymphadenopathy: Potential Role of HMGB1 and miRNA-221 as Diagnostic Tools.,2026,41753656,PMC12942768,abstract_only,,,
PMID:41755925,Drug-Resistant Early-Onset Progressive Myoclonic Epilepsy Revealing Lafora Disease: A Case Report.,2026,41755925,PMC12935469,abstract_only,,,
PMID:41756294,A rare presentation of CASPR2-associated Morvan syndrome overlapping with GM1-positive AMSAN: a case report.,2026,41756294,PMC12932481,abstract_only,,,
PMID:41757722,"Challenging behaviors across COVID-19 in young children with rare neurogenetic conditions: A seven-year, cross-syndrome analysis.",2026,41757722,PMC13237749,abstract_only,,,
PMID:41767072,Behavioral Phenotype and Neuropsychological Profile of an Adult With Smith-Magenis Syndrome due to a Previously Unreported &lt;i&gt;RAI1&lt;/i&gt; Mutation: A Case Report.,2026,41767072,PMC12945710,abstract_only,,,
PMID:41767199,Gluteal hemangioma mimicking a neuroendocrine tumor: pitfalls in neuroendocrine tumor diagnostic testing.,2026,41767199,PMC12946966,abstract_only,,,
PMID:41770211,Mutation type-specific transcriptomic signatures and readthrough therapy rescue in SMC1A-related developmental and epileptic encephalopathy.,2026,41770211,PMC13285250,abstract_only,,,
PMID:41777944,Rapidly Progressive Overlap of Immune Checkpoint Inhibitor-Induced Myositis and Myasthenia Gravis: Diagnostic and Therapeutic Challenges.,2026,41777944,PMC12951008,abstract_only,,,
PMID:41782446,Transcriptomic and proteomic insights into progressive myoclonus epilepsy type 1.,2026,41782446,PMC13225231,abstract_only,,,
PMID:41783506,An abnormal immune response masquerading as infectious conditions.,2026,41783506,PMC12954025,abstract_only,,,
PMID:41783572,Copper Homeostasis and Cuproptosis in Neurological Disorders.,2026,41783572,PMC12955603,abstract_only,,,
PMID:41788301,Precision Diagnosis of Wilson Disease Using a MultiGene Panel: Insights From a Prospective Cohort Study.,2026,41788301,PMC12959726,abstract_only,,,
PMID:41789483,Values of Individuals With Rare Genetic Neurodevelopmental Disorders and Their Family/Caregivers in Healthcare: A Scoping Review to Inform Guideline Development.,2026,41789483,PMC13143496,abstract_only,,,
PMID:41790634,A retrospective analysis of clinical characteristics of systemic sclerosis-associated interstitial lung disease.,2026,41790634,PMC12975168,abstract_only,,,
PMID:41797662,Targeting Expanded CUG and CTG Repeats as a Therapeutic Approach for Myotonic Dystrophy Type 1 (DM1).,2026,41797662,PMC12969270,abstract_only,,,
PMID:41798117,Neurogenetic tumor syndromes: The current landscape of workup and treatment.,2026,41798117,PMC12965640,abstract_only,,,
PMID:41798486,Clinical Value of Bronchiectasis and Airspace Enlargement Depicted on Iodine Map in Patients With Interstitial Lung Disease: A Pilot Study.,2026,41798486,PMC12963935,abstract_only,,,
PMID:41798958,"Cryoglobulinemia, monoclonal and mixed cryoglobulinemia syndromes, cryoglobulinemic vasculitis: &lt;i&gt;a proposal for comprehensive nomenclature and definition&lt;/i&gt;.",2026,41798958,PMC12964370,abstract_only,,,
PMID:41799499,Prognostic Significance of DNA Repair Gene mRNA Expression in Early-Stage Breast Cancer: Insights into Clinical Relevance.,2026,41799499,PMC12963681,abstract_only,,,
PMID:41800136,Analysis of copy number variations and candidate genes in recurrent pregnancy loss.,2026,41800136,PMC12965170,abstract_only,,,
PMID:41800271,Morvan Syndrome Masquerading as Anxiety Disorder: A Case Report Highlighting the Importance of Recognizing Organic Signs in Psychiatric Settings.,2026,41800271,PMC12967037,abstract_only,,,
PMID:41804301,Motor neuron disease can present as a paraneoplastic neurologic syndrome with various phenotypes.,2026,41804301,PMC12967333,abstract_only,,,
PMID:41806280,"The Treatment of Antibody-Mediated Encephalitis: Current, Future Therapies, Unmet Need and Patient Management.",2026,41806280,PMC13156142,abstract_only,,,
PMID:41809780,Bilateral pheochromocytoma: case series and review of treatment strategies based on genetic mutations.,2026,41809780,PMC12968879,abstract_only,,,
PMID:41809871,Beyond inflammation: alarmins as critical drivers of pulmonary fibrosis.,2026,41809871,PMC12969694,abstract_only,,,
PMID:41810186,Genetic background of infantile hypophosphatemia: a narrative review.,2026,41810186,PMC12969232,abstract_only,,,
PMID:41811514,Alternative diagnoses of suspected paraneoplastic neurological syndromes: a population-based study.,2026,41811514,PMC12979337,abstract_only,,,
PMID:41817056,Progressive Myoclonic Epilepsies - A Pragmatic Review.,2026,41817056,,abstract_only,,,
PMID:41819536,Pulmonary hypertension associated with interstitial lung disease: a state-of-the-art review.,2026,41819536,PMC13347717,abstract_only,,,
PMID:41820836,"Trajectory of skill acquisition, loss, and regain in females with classic Rett syndrome.",2026,41820836,PMC13094048,abstract_only,,,
PMID:41821014,"Immune imbalance between T helper 1, T helper 17 and regulatory T cells fuels amyotrophic lateral sclerosis pathogenesis: disease trajectory, diagnosis and therapeutic implications.",2026,41821014,PMC13093998,abstract_only,,,
PMID:41821312,Delpacibart etedesiran improves the molecular pathology of myotonic dystrophy type 1 in the phase 1/2 MARINA study.,2026,41821312,PMC13330057,abstract_only,,,
PMID:41822009,"Lymphoproliferation in Inborn Errors of Immunity: Mechanisms, Manifestations and Clinical Management, with a Focus on ALPID.",2026,41822009,PMC12978001,abstract_only,,,
PMID:41824299,An Australian standard of care for Niemann-Pick disease type C.,2026,41824299,PMC13193484,abstract_only,,,
PMID:41827246,Phenotypes of Preterm Birth: A Retrospective Cohort Study from a Tertiary Romanian Centre as a Framework for Future Genomic and Proteomic Research.,2026,41827246,PMC12986319,abstract_only,,,
PMID:41827462,"IgA Nephropathy: Epidemiology, Outcomes, and Insights for Primary Glomerulonephritides.",2026,41827462,PMC12986173,abstract_only,,,
PMID:41827683,When Central Tolerance Fails: Thymic Malignancies at the Intersection of Cancer Immunity and Autoimmunity.,2026,41827683,PMC12985230,abstract_only,,,
PMID:41827822,γδ T Cells in Autoinflammatory Diseases.,2026,41827822,PMC12984120,abstract_only,,,
PMID:41828725,A Diagnostic Dilemma: Concurrent Diagnosis of Cystic Fibrosis and Definitive Kabuki Syndrome Type 1.,2026,41828725,PMC12985789,abstract_only,,,
PMID:41830076,"Expanding repeats, expanding impact: Somatic instability in myotonic dystrophy type 1.",2026,41830076,PMC13438899,abstract_only,,,
PMID:41837191,Chronic nonbacterial osteomyelitis: a typical case and review.,2026,41837191,PMC12982182,abstract_only,,,
PMID:41844570,Heterozygous frameshift KMT2A variant in a patient with Wiedemann-Steiner syndrome.,2026,41844570,PMC13000237,abstract_only,,,
PMID:41846647,Three Yemeni Siblings With Johanson-Blizzard Syndrome: A Case Report and Literature Review.,2026,41846647,PMC12990019,abstract_only,,,
PMID:41847124,Epigenetic regulation of gene expression in rare inherited retinal disorders.,2026,41847124,PMC12989294,abstract_only,,,
PMID:41853275,Case Report: Transient severe T cell lymphopenia in a patient with Cornelia de Lange Syndrome captured by TREC screening.,2026,41853275,PMC12992328,abstract_only,,,
PMID:41856557,Comparison of clinical characteristics between patients with single mutation and co-mutation in hereditary renal cancer: a retrospective analysis of 115 patients with von Hippel-Lindau syndrome.,2026,41856557,PMC13217048,abstract_only,,,
PMID:41856686,Morvan syndrome in a patient with progressing metastatic thymoma and myasthenia gravis.,2026,41856686,PMC13034025,abstract_only,,,
PMID:41859097,Established and emerging non-cellular therapies in inherited bone marrow failure syndromes.,2026,41859097,PMC12996185,abstract_only,,,
PMID:41865104,TCF4 trinucleotide repeat expansion drives distinct proteomic signatures in Fuchs endothelial corneal dystrophy.,2026,41865104,PMC13149823,abstract_only,,,
PMID:41869182,"When Foot Drop Tells a Bigger Story: POEMS (Polyneuropathy, Organomegaly, Endocrinopathy, Monoclonal Plasma Cell Disorder, and Skin Changes) Syndrome Revealed by Femoral Plasmacytoma.",2026,41869182,PMC13000646,abstract_only,,,
PMID:41874754,The emerging role of gene therapy in autism spectrum disorder.,2026,41874754,PMC13135024,abstract_only,,,
PMID:41878152,Resolution of Hepatitis Delta Virus-Related Cryoglobulinemic Vasculitis With the Use of Bulevirtide.,2026,41878152,PMC13008135,abstract_only,,,
PMID:41878794,Eating Disorder Screening in Adults With Williams Syndrome: A Preliminary Report.,2026,41878794,PMC13020642,abstract_only,,,
PMID:41882446,"Outdated Frameworks, Missed Opportunities: A Call for Establishing Classification Criteria for Patients with Sarcoidosis.",2026,41882446,PMC13198596,abstract_only,,,
PMID:41884075,Clinical utility of human leukocyte antigen genotyping and immunoglobulin G4 autoantibody testing in autoimmune neurological diseases: A focused minireview.,2026,41884075,PMC13010642,abstract_only,,,
PMID:41887634,&lt;i&gt;German Million Children Cohort&lt;/i&gt;: a historical birth cohort based on claims data to investigate the impact of immunisation and other early life factors on the risk of cancer and other diseases in childhood - cohort profile.,2026,41887634,PMC13034273,abstract_only,,,
PMID:41888894,A novel maternally inherited CDKN1C variant in a familial beckwith-wiedemann syndrome case: expanding the genotype-phenotype spectrum.,2026,41888894,PMC13141551,abstract_only,,,
PMID:41890508,Kikuchi Disease With Marfanoid Features in a Background of Fever of Unknown Origin.,2026,41890508,PMC13014021,abstract_only,,,
PMID:41891405,Combination antifibrotic and immunosuppressive therapy in progressive fibrosing ILD.,2026,41891405,PMC13101010,abstract_only,,,
PMID:41892076,Defining Histological Patterns in Inherited Ichthyoses: Toward a Diagnostic Algorithm Based on 66 Confirmed Cases.,2026,41892076,PMC13024824,abstract_only,,,
PMID:41892335,Multifaceted Role of Copper Homeostasis in Gut Health: From Molecular Mechanisms to Therapeutic Interventions.,2026,41892335,PMC13024964,abstract_only,,,
PMID:41893930,"Exploratory associations of candidate modifier variants with disease severity, age at onset, and drug response in three Wilson disease patients sharing the same ATP7B mutation.",2026,41893930,,abstract_only,,,
PMID:41897025,The Impact of Fetal Growth Restriction on Myocardial Development from Fetal Life to Early Childhood: A Narrative Review.,2026,41897025,PMC13025146,abstract_only,,,
PMID:41897610,Pediatric Cholestasis: A Practical Approach to Histological Diagnosis.,2026,41897610,PMC13025804,abstract_only,,,
PMID:41897632,Myasthenia Gravis in Pregnancy: Prenatal and Postnatal Diagnostic Challenges-A Narrative Review.,2026,41897632,PMC13024954,abstract_only,,,
PMID:41898647,The Impact of Genetic Factors in Ménière's Disease.,2026,41898647,PMC13026257,abstract_only,,,
PMID:41898670,B-Cell Depletion as Evidence for Shared Neuroimmune Pathways in Combined Central and Peripheral Demyelination: A Case Report and Literature Review.,2026,41898670,PMC13027128,abstract_only,,,
PMID:41898809,Genetics and Genomics of Pediatric Neurological Disorders: An Overview of Current Insights and Future Directions.,2026,41898809,PMC13026210,abstract_only,,,
PMID:41898855,SINEUP-Mediated Overexpression of Endogenous α-Amylase as a Therapeutic Approach in Lafora Disease.,2026,41898855,PMC13026089,abstract_only,,,
PMID:41898889,"Genetic Mutations Underlying Growth Impairment and Cardiomyopathies in Children: Molecular Mechanisms, Clinical Implications and Targeted Therapies.",2026,41898889,PMC13026801,abstract_only,,,
PMID:41901662,Cutaneous Manifestations of Inborn Errors of Immunity: Clinical Clues to Immune Disorders.,2026,41901662,PMC13027750,abstract_only,,,
PMID:41904182,Lithium ameliorates neural differentiation restoring cell death balance in Cornelia de Lange syndrome 2D and 3D models.,2026,41904182,PMC13150035,abstract_only,,,
PMID:41904946,"Autoimmune Encephalitis in Acute Care-Pathology, Diagnosis, and Management.",2026,41904946,PMC13326022,abstract_only,,,
PMID:41911946,Real-world impact of treatment on growth in children with X-linked hypophosphatemia.,2026,41911946,PMC13466958,abstract_only,,,
PMID:41912165,Epidemiology and Clinical Characteristics of Harlequin Ichthyosis: A Systematic Review and Meta-Analysis of Case Reports.,2026,41912165,PMC12952865,abstract_only,,,
PMID:41912906,"Heterogeneity of monogenic epilepsy in loci, phenotypes, and treatment approaches.",2026,41912906,PMC13035579,abstract_only,,,
PMID:41917810,The invisible emergencies: metabolic and neuro-critical disorders often missed in the pediatric ED - a narrative review.,2026,41917810,PMC13037257,abstract_only,,,
PMID:41918765,Comparative Clinical and Electrophysiological Profiles of Chronic Inflammatory Demyelinating Polyneuropathy in Patients with and without Diabetes Mellitus: An Observational Study.,2026,41918765,PMC13034873,abstract_only,,,
PMID:41919168,Peristomal pyoderma gangrenosum: a review of nursing research progress.,2026,41919168,PMC13033744,abstract_only,,,
PMID:41920440,Chaperonin in health and disease.,2026,41920440,PMC13043943,abstract_only,,,
PMID:41922951,Transient visual evoked potential abnormalities in ADNP syndrome.,2026,41922951,PMC13169746,abstract_only,,,
PMID:41923504,[Kikuchi-Fujimoto disease : a differential diagnosis of febrile lymphadenopathy].,2026,41923504,,abstract_only,,,
PMID:41928886,Case Report: A case of x-linked hypophosphatemic rickets complicated with polyostotic fibrous dysplasia caused by PHEX gene mutation and literature review.,2026,41928886,PMC13038556,abstract_only,,,
PMID:41929654,Sleep disorders in children/adolescents with neurodevelopmental and neurological disorders: what evidences do we have with the use of non-pharmacological interventions?,2026,41929654,PMC13041714,abstract_only,,,
PMID:41930492,Mechanism of and research progress on alterations in the RET gene in thyroid cancer (Review).,2026,41930492,PMC13088080,abstract_only,,,
PMID:41934227,DMPK 3' untranslated repeat expansions in unexplained sudden cardiac death in the young.,2026,41934227,PMC13533558,metadata_only,,,
PMID:41936809,Epm2b&lt;sup&gt;P71A&lt;/sup&gt; and Epm2b&lt;sup&gt;D148N&lt;/sup&gt; knock-in mouse models of Lafora disease exhibit distinct and pronounced neurological alterations.,2026,41936809,,abstract_only,,,
PMID:41937799,Systemic sclerosis associated with silicosis in an agricultural worker: A case of Erasmus syndrome.,2026,41937799,PMC13049407,abstract_only,,,
PMID:41938678,Delayed Diagnosis of Suspected Osteogenesis Imperfecta in a Young Adult with Recurrent Low-Energy Fractures: A Case Report.,2026,41938678,PMC13050301,abstract_only,,,
PMID:41939557,Gastrointestinal Involvement in Adult IgA Vasculitis: A Comprehensive Review.,2026,41939557,PMC13050269,abstract_only,,,
PMID:41940243,Lamellar Ichthyosis in a Resource-Limited Setting: A Somaliland Case Report.,2026,41940243,PMC13048060,abstract_only,,,
PMID:41940304,"Comprehensive, multidisciplinary care for fragile X-associated tremor/ataxia syndrome.",2026,41940304,PMC13043407,abstract_only,,,
PMID:41944172,Developing endpoints for the cardiac burden in myotonic dystrophy type 1: A workshop report.,2026,41944172,PMC13442697,abstract_only,,,
PMID:41947644,The role of brain MRI in autoimmune encephalitis.,2026,41947644,PMC13152077,abstract_only,,,
PMID:41948007,Unifying the Communities of Early-Onset Glycogen Storage Disease Type IV and Adult Polyglucosan Body Disease Through a Genetic Prevalence Study of &lt;i&gt;GBE1&lt;/i&gt;-Related Disease.,2026,41948007,PMC13053116,abstract_only,,,
PMID:41948715,Gastric Neuroendocrine Tumor Presenting Atypically in von Hippel-Lindau Disease: A Case Report.,2026,41948715,PMC13051509,abstract_only,,,
PMID:41951340,Does osteogenesis imperfecta predispose infants to metaphyseal fractures? A systematic review.,2026,41951340,PMC13064194,abstract_only,,,
PMID:41951733,Population-scale repeat expansions elucidate disease risk and brain atrophy.,2026,41951733,PMC13190288,abstract_only,,,
PMID:41957010,Unraveling the genetic architecture of non-Huntington chorea: a biobank-scale study of rare variants and repeat expansions.,2026,41957010,PMC13243629,abstract_only,,,
PMID:41957293,[&lt;sup&gt;18&lt;/sup&gt;F]FDG PET/CT value in the diagnostic evaluation of patients with polyarteritis nodosa.,2026,41957293,PMC13197267,abstract_only,,,
PMID:41957673,"Chromatinopathies: clinically overlapping disorders, revealing novel variants and their DNA methylation signatures.",2026,41957673,PMC13088768,abstract_only,,,
PMID:41961121,Non-invasive biomarkers for diagnosis and monitoring of primary mitochondrial diseases.,2026,41961121,PMC13068759,abstract_only,,,
PMID:41965552,"Hyperprolactinemia, hyperandrogenemia, pituitary adenoma, and metabolic disorders in Wiedemann-Steiner syndrome: a case report.",2026,41965552,PMC13182004,abstract_only,,,
PMID:41970232,The Histone-Lysine N-Methyltransferase (KMT2) Family in Health and Disease.,2026,41970232,PMC13066730,abstract_only,,,
PMID:41972176,Clinical immunology in chromatinopathies: a scoping review.,2026,41972176,PMC13062231,abstract_only,,,
PMID:41975004,Rare genetic diseases associated with G-quadruplex-induced replication stress.,2026,41975004,PMC13076700,abstract_only,,,
PMID:41975520,Approaches used to model patient and carer health-related quality of life in economic models of rare disease treatments in NICE appraisals.,2026,41975520,PMC13185199,abstract_only,,,
PMID:41975704,Challenges in Diagnosis and Management of Coffin-Lowry Syndrome-Single-Center Experience.,2026,41975704,PMC13073513,abstract_only,,,
PMID:41976801,The Pitfalls of Calcitonin as a Tumor Marker: Real-Life Data of Patients with Elevated Basal Calcitonin Levels but Without Evidence of Medullary Thyroid Carcinoma.,2026,41976801,PMC13073425,abstract_only,,,
PMID:41977156,Unmasking Cardiac Sarcoidosis: Integrating Multimodal Imaging with Histochemical and Ultrastructural Analysis.,2026,41977156,PMC13072853,abstract_only,,,
PMID:41977163,"Human Transglutaminases: Updated Insights into Activation Mechanisms, Allosteric Regulation and Disease.",2026,41977163,PMC13073648,abstract_only,,,
PMID:41978233,"Multidisciplinary Approach to Complex Lower Extremity Limb Salvage in Pyogenic Arthritis, Pyoderma Gangrenosum, and Acne (PAPA) Syndrome: A Case Report.",2026,41978233,PMC13077015,abstract_only,,,
PMID:41978590,"PURA-Related Neurodevelopmental Disorder: A Comprehensive Clinical Review of Genetics, Phenotype, and Emerging Therapeutic Strategies.",2026,41978590,PMC13070483,abstract_only,,,
PMID:41979003,Mechanisms of paraneoplastic neurological syndromes.,2026,41979003,PMC13152063,abstract_only,,,
PMID:41980769,A dual role for cGAS in shaping cellular and organismal responses to genomic instability.,2026,41980769,PMC13224860,abstract_only,,,
PMID:41981646,"Fibroblast activation protein inhibitor (FAPI) PET imaging in pulmonary fibrosis: pathophysiology, clinical utility, and emerging theranostic applications.",2026,41981646,PMC13262072,abstract_only,,,
PMID:41982232,Renal malignant perivascular epithelioid cell tumor: a case report and literature review.,2026,41982232,PMC13070750,abstract_only,,,
PMID:41984803,"Lung transplant outcomes in myositis, systemic sclerosis and idiopathic pulmonary fibrosis: a multicentre retrospective analysis.",2026,41984803,PMC13180644,abstract_only,,,
PMID:41987087,"The relationship between IL-10 levels, gene polymorphisms and histiocytic necrotizing lymphadenitis in children.",2026,41987087,PMC13202925,abstract_only,,,
PMID:41987278,DHCR24 in cholesterol metabolism and diseases of the nervous system.,2026,41987278,PMC13192087,abstract_only,,,
PMID:41993865,"Pathogenic role of mitochondrial DNA mutations in heart failure: clinical features, mechanisms, and therapeutic prospects.",2026,41993865,PMC13079039,abstract_only,,,
PMID:41997343,Integrating molecular studies and clinical disease models to provide mechanistic insight into neurodevelopment: guidance from FOXG1 syndrome.,2026,41997343,,abstract_only,,,
PMID:41998860,"Adult IgA Vasculitis: Clinical Characteristics, Management, and Outcomes in 37 Patients.",2026,41998860,PMC13569246,metadata_only,,,
PMID:42001172,Metabolic drivers of genome instability in cancer: mechanisms and therapeutic opportunities.,2026,42001172,PMC13097892,abstract_only,,,
PMID:42005145,Kikuchi-Fujimoto Disease: A Rare Cause of Fever and Generalized Lymphadenopathy.,2026,42005145,PMC13089664,abstract_only,,,
PMID:42006577,Kikuchi-Fujimoto disease initially presenting with severe digestive symptoms and progressing to systemic lupus erythematosus: a case report and literature review.,2026,42006577,PMC13083089,abstract_only,,,
PMID:42007264,Educational Case: Meningioma.,2026,42007264,PMC13089144,metadata_only,,,
PMID:42007463,Autoinflammatory disease and severe neutropenia due to &lt;i&gt;de novo&lt;/i&gt; variant of PSTPIP1 with increased binding to pyrin.,2026,42007463,PMC13088949,abstract_only,,,
PMID:42014559,"Integrative Perspectives on Pirfenidone: Mechanistic Insights, Pharmacodynamics, and Emerging Therapeutic Strategies for Fibrotic Disorders.",2026,42014559,,abstract_only,,,
PMID:42016334,Accidental Diagnosis of Type VII Osteogenesis Imperfecta in an Infant Presenting With Pneumonia and Rickets-Like Rib Fractures: A Case Report.,2026,42016334,PMC13092496,abstract_only,,,
PMID:42019868,Molecular evolution of mosaic chromosome 18 copy-number alterations from gametes to hepatoblastoma.,2026,42019868,PMC13355473,abstract_only,,,
PMID:42027663,The complexity of uncertainty: lessons from chimerism in in vitro fertilization.,2026,42027663,PMC13100871,metadata_only,,,
PMID:42028509,An Atypical Presentation of Pediatric IgA Vasculitis: Early Hypertension and Severe Systemic Manifestations Despite Initially Normal Urinalysis.,2026,42028509,PMC13102122,abstract_only,,,
PMID:42032344,"Further delineation of KIDAR syndrome: Two new cases with novel variants, functional analysis of the variants and a comprehensive review.",2026,42032344,PMC13400296,abstract_only,,,
PMID:42036217,2025 Consensus Clinical Management Guidelines for Niemann-Pick Disease Type C.,2026,42036217,PMC13110917,abstract_only,,,
PMID:42038259,Detection of short tandem repeat expansions on a targeted neurological gene panel using STRipy improves the diagnostic rate for ataxias.,2026,42038259,PMC13107179,abstract_only,,,
PMID:42038817,Health-related quality of life in French adults with X-linked hypophosphatemia: real-world data from the International XLH Registry.,2026,42038817,PMC13108448,abstract_only,,,
PMID:42039153,Histone acetylation and methylation in rare diseases: from molecular mechanisms to clinical presentations.,2026,42039153,PMC13102643,abstract_only,,,
PMID:42039746,Disruption of intestinal barrier and immune homeostasis links gut microbiota dysbiosis to aggravated experimental autoimmune myasthenia gravis.,2026,42039746,PMC13106172,abstract_only,,,
PMID:42040243,Expert Recommendations for Rapid Response to Positive Newborn Screen for Infantile Krabbe Disease.,2026,42040243,PMC13105195,abstract_only,,,
PMID:42041547,Exosomes in Myasthenia Gravis-Review.,2026,42041547,PMC13114437,abstract_only,,,
PMID:42045927,SORBS2: A Molecular Nexus in Multisystem Diseases Through Scaffold-Mediated Regulation.,2026,42045927,PMC13121097,abstract_only,,,
PMID:42047649,Oral assessment of patients with X-linked hypophosphatemic rickets.,2026,42047649,,abstract_only,,,
PMID:42051538,Ofatumumab in chronic inflammatory demyelinating polyradiculoneuropathy associated with monoclonal gammopathy of undetermined significance: a case report.,2026,42051538,PMC13111226,abstract_only,,,
PMID:42051850,Systemic IgA Vasculitis With Leukocytoclastic Features in a Dialysis-Dependent Patient With Primary IgA Nephropathy.,2026,42051850,PMC13111773,abstract_only,,,
PMID:42051945,Clinical characteristics and molecular genetic analysis of 73 cases of tuberous sclerosis complex caused by &lt;i&gt;TSC1/2&lt;/i&gt; gene mutations in children.,2026,42051945,PMC13111221,abstract_only,,,
PMID:42051949,Could excessive zinc supplementation during pregnancy cause menkes disease? A hypothesis worth investigating.,2026,42051949,PMC13111262,abstract_only,,,
PMID:42052316,Video Demonstration of ABCA12-Related Harlequin Ichthyosis in a Low-Resource Setting: Case Report and Review of Early Management Challenges.,2026,42052316,PMC13112183,abstract_only,,,
PMID:42055499,Sleep disorders in children with Cri du Chat syndrome: A questionnaire-based study.,2026,42055499,,abstract_only,,,
PMID:42055800,Pathogenic mobile element insertion in the &lt;i&gt;MEN1&lt;/i&gt; gene mimicking a deletion in MLPA: characterisation by long-read sequencing.,2026,42055800,PMC13479647,abstract_only,,,
PMID:42056597,Pathologies at the gateway: exploring the link between nucleoporins and inherited diseases.,2026,42056597,PMC13137949,abstract_only,,,
PMID:42057292,"Chronic Inflammatory Demyelinating Polyneuropathy (CIDP): A Comprehensive Review of Types, Pathophysiology, and Treatment Approaches.",2026,42057292,PMC13128971,abstract_only,,,
PMID:42057800,The Genetics of Hidradenitis Suppurativa.,2026,42057800,PMC13123564,abstract_only,,,
PMID:42060031,Late recurrence of Kikuchi-Fujimoto disease nine years after initial diagnosis: a case-based review.,2026,42060031,PMC13341919,abstract_only,,,
PMID:42062794,Harlequin Ichthyosis in Resource Limited Environments: Practical Strategies to Improve Neonatal Survival.,2026,42062794,,abstract_only,,,
PMID:42065042,"Integrated Global Phosphoproteomic, Bioinformatic, and Machine Learning Analysis Reveals Regulatory Networks of TOP1, TOP2A, TOP2B, and C1orf35 in Hepatocellular Carcinoma (HCC).",2026,42065042,PMC13126569,abstract_only,,,
PMID:42065796,X-linked hypophosphatemia and spinal cord compression: a systematic review and illustrative case.,2026,42065796,PMC13284011,abstract_only,,,
PMID:42068099,Movement Disorders in Developmental and Epileptic Encephalopathies.,2026,42068099,PMC13339248,abstract_only,,,
PMID:42068967,"Real-world evidence on hospitalization, infection, and vascular outcomes among interstitial lung disease subtypes.",2026,42068967,PMC13271361,abstract_only,,,
PMID:42069659,A de novo start-loss variant in the NIPBL gene causing mild type 1 Cornelia de Lange syndrome in an Iranian family: A Case Report.,2026,42069659,PMC13285449,abstract_only,,,
PMID:42072710,"Chromatin Remodeling, DNA Double-Strand Break Repair, and Human Disease: How a Breakup Changes You.",2026,42072710,PMC13113357,abstract_only,,,
PMID:42072844,Parry-Romberg Syndrome: Radioclinical Dissociation in a Paucisymptomatic Form and a Proposed Diagnostic Framework.,2026,42072844,PMC13115147,abstract_only,,,
PMID:42073023,Diagnostic Yield and Genotype-Phenotype Overlap in Pediatric Autism Spectrum Disorder Patients Using Whole-Exome Sequencing and Phenotype-Driven Variant Interpretation: A Single-Center Cohort Study.,2026,42073023,PMC13114441,abstract_only,,,
PMID:42073492,"""Polyradiculoneuritis"" as an Atypical Clinical Presentation of Creutzfeldt-Jakob Disease: A Case Report and Review of Literature.",2026,42073492,PMC13117923,abstract_only,,,
PMID:42074013,Multiple Regulatory Mechanisms of Post-Translational Modifications and Therapeutic Potential of Mitotic Catastrophe.,2026,42074013,PMC13116615,abstract_only,,,
PMID:42074171,Management of Childhood Obesity.,2026,42074171,PMC13116761,abstract_only,,,
PMID:42074341,"Pompe Disease: Pathogenesis, Molecular Mechanisms, Neurological Aspects, Diagnostics and Modern Therapeutic Approaches.",2026,42074341,PMC13116368,abstract_only,,,
PMID:42074542,Identification of Three Novel &lt;i&gt;MAGED2&lt;/i&gt; Variants Causing Antenatal Bartter Syndrome in Three Chinese Families.,2026,42074542,PMC13116143,abstract_only,,,
PMID:42074571,The Audiological Aspect of Beckwith-Wiedemann Syndrome: A Systematic Review.,2026,42074571,PMC13116165,abstract_only,,,
PMID:42074595,"The Epigenetic Landscape and Exposome of Non-Melanoma Skin Cancer: Mechanisms, Biomarkers, and Therapeutic Perspectives.",2026,42074595,PMC13115764,abstract_only,,,
PMID:42074613,"Thrombosis in Neuromuscular Medicine: Current Evidence, Unmet Needs, and Future Directions.",2026,42074613,PMC13116929,abstract_only,,,
PMID:42074644,Vestibular Involvement in Systemic Autoimmune and Rheumatologic Diseases: A Systematic Review and GRADE-Based Assessment.,2026,42074644,PMC13116144,abstract_only,,,
PMID:42074692,Pleuroparenchymal Fibroelastosis in Connective Tissue Disease-Related Interstitial Lung Disease.,2026,42074692,PMC13115895,abstract_only,,,
PMID:42075487,Mimicry in Cutaneous Malignancy-Rare Forms of Mycosis Fungoides as Diagnostic Pitfalls: A Narrative Review.,2026,42075487,PMC13118240,abstract_only,,,
PMID:42077567,POEMS Syndrome with Peripheral Neuropathy as the First Presentation: A Case Report.,2026,42077567,PMC13134559,abstract_only,,,
PMID:42078607,Post-COVID-19 chronic inflammatory demyelinating polyneuropathy: a case report of diagnosis and management.,2026,42078607,PMC13132312,abstract_only,,,
PMID:42078623,Copper-histidine therapy: a targeted metabolic intervention for Menkes disease.,2026,42078623,PMC13132295,abstract_only,,,
PMID:42079405,Pathophysiological significance of cholesterol in ciliopathies.,2026,42079405,PMC13129716,abstract_only,,,
PMID:42079708,Paraneoplastic Motor Neuropathy in Nodular Sclerosis Hodgkin's Lymphoma: Case Report.,2026,42079708,PMC13130846,abstract_only,,,
PMID:42083699,A Case of Henoch-Schönlein Purpura in a Returning Traveler.,2026,42083699,PMC13135845,abstract_only,,,
PMID:42083712,Thanatophoric Dysplasia Type I Confirmed by Fibroblast Growth Factor Receptor 3 (FGFR3) Mutation: Clinical Course and Ethical Considerations.,2026,42083712,PMC13135708,abstract_only,,,
PMID:42093645,Lipid transport mechanisms in human ABCA family transporters: a structural perspective.,2026,42093645,PMC13161189,abstract_only,,,
PMID:42100065,Immunoglobulin-G4 Related Disease: A Rare Entity with Many Clinical Faces - Literature Review and Case Illustration.,2026,42100065,PMC13145280,abstract_only,,,
PMID:42100273,POEMS syndrome misdiagnosed as liver cirrhosis: a case report.,2026,42100273,PMC13143589,abstract_only,,,
PMID:42104472,Navigating primary and secondary immunodeficiency intersections: how to find IEI hidden within SID.,2026,42104472,PMC13182072,abstract_only,,,
PMID:42104732,Germline TP53 Mutations Causing Diamond-Blackfan Anemia: A French Report.,2026,42104732,,abstract_only,,,
PMID:42105432,Clinical and biochemical footprints of inherited metabolic disorders: XIX. Hypoglycemia.,2026,42105432,PMC13353028,abstract_only,,,
PMID:42108919,Management of Iron Overload in Infants and Toddlers With Diamond-Blackfan Anemia Syndrome: A French-Italian Study.,2026,42108919,PMC13331634,abstract_only,,,
PMID:42110458,Correlation analysis between quantitative lung ultrasound parameters and pulmonary function in idiopathic pulmonary fibrosis: an observational study.,2026,42110458,PMC13149454,abstract_only,,,
PMID:42110583,CNTNAP2: isoform- and context-specific functions in neurological disorders and cancer.,2026,42110583,PMC13152795,abstract_only,,,
PMID:42110694,The Rash That Didn't Blanch: A Case Report of Adult-Onset IgA Vasculitis with Underlying Cirrhosis and IgA Nephropathy.,2026,42110694,PMC13152361,abstract_only,,,
PMID:42111414,Renal angiomyolipoma with inferior vena cava tumor thrombus in a pregnant woman.,2026,42111414,PMC13156575,abstract_only,,,
PMID:42113881,Convergent IGF2 overexpression in pheochromocytoma/paraganglioma: insights from Beckwith-Wiedemann syndrome.,2026,42113881,PMC13192690,abstract_only,,,
PMID:42116529,Medullary thyroid carcinoma and RET molecular testing: A virtual tumor board on clinical decision-making.,2026,42116529,PMC13161516,metadata_only,,,
PMID:42118603,Use of Wearable Sensors in Angelman Syndrome: A Systematic Review.,2026,42118603,PMC13553319,abstract_only,,,
PMID:42119458,A stepwise diagnostic framework for recurrent unexplained fever in adults: an evidence-based review with focus on Latin America.,2026,42119458,PMC13195347,abstract_only,,,
PMID:42122051,"Disorders Mimicking Wilson's Disease: Clinical, Biochemical, and Molecular Perspectives for Accurate Differential Diagnosis.",2026,42122051,PMC13163969,abstract_only,,,
PMID:42122346,Electronic Nose-Based Exhaled Volatile Organic Compound Pattern Recognition and Multivariate Signal Analysis for Discriminating Idiopathic Pulmonary Fibrosis from Autoimmune Usual Interstitial Pneumonia.,2026,42122346,PMC13166017,abstract_only,,,
PMID:42122994,Radiomics Applied to the Diagnosis of Peripheral Nerve Disorders: A Systematic Review and Meta-Analysis of the Existing Literature.,2026,42122994,PMC13163437,abstract_only,,,
PMID:42123433,Monoclonal Gammopathy of Neurological Significance: Toward an Integrated Hematologic-Neurologic Perspective-A Single-Center Retrospective Study.,2026,42123433,PMC13164349,abstract_only,,,
PMID:42123522,Molecular Basis of Rare Inherited Tubulopathies of the Kidney: A Primer for Clinicians.,2026,42123522,PMC13163728,abstract_only,,,
PMID:42123644,Genetic and Epigenetic Drivers of Wilms Tumor Predisposition in Russian Pediatric Patients: A Multicenter Study.,2026,42123644,PMC13164404,abstract_only,,,
PMID:42123674,Neurodegenerative Diseases in Children: A Comprehensive Review.,2026,42123674,PMC13163766,abstract_only,,,
PMID:42128620,Evaluation of metformin for epilepsy prevention or seizure control in people without evidence of diabetes: retrospective cohort study.,2026,42128620,PMC13479215,abstract_only,,,
PMID:42131118,Progressive Conductive Hearing Loss in Osteogenesis Imperfecta (Lobstein Disease): A Case Report.,2026,42131118,PMC13162037,abstract_only,,,
PMID:42131344,"Inborn errors of immunity with DNA repair disorders: at the interface of immune deficiency, immune dysregulation, and malignancy.",2026,42131344,PMC13160762,abstract_only,,,
PMID:42134074,Progress and challenges in intrathecal gene therapy for neurological disorders.,2026,42134074,PMC13196305,abstract_only,,,
PMID:42136401,Prevalence and Prognostic Impact of Progressive Pulmonary Fibrosis.,2026,42136401,PMC13334117,abstract_only,,,
PMID:42136649,Research progress on biomarkers of immunoglobulin a vasculitis nephritis: from classical molecules to multi-omics system analysis.,2026,42136649,PMC13167961,abstract_only,,,
PMID:42137243,"X chromosome inactivation, X-linked disorders, and cancer.",2026,42137243,PMC13171066,abstract_only,,,
PMID:42138629,Hypophosphatemic rickets: diagnosis and treatment.,2026,42138629,PMC13178452,abstract_only,,,
PMID:42140622,CRISPR screening identifies TRIM27 as a destabilizer of the Smith-Magenis syndrome protein RAI1.,2026,42140622,PMC13334099,abstract_only,,,
PMID:42143978,"Beyond ""low tone"". What do the General Movements Assessment and Motor Optimality Score tell us about infants with developmental central hypotonia? A scoping review.",2026,42143978,,abstract_only,,,
PMID:42145731,Neuroinflammation: a critical bridge linking peripheral pathology and age-related degeneration in myasthenia gravis.,2026,42145731,PMC13175833,abstract_only,,,
PMID:42147214,POEMS syndrome with multiple ganglioside/paraneoplastic antibodies misdiagnosed as CIDP: a case report.,2026,42147214,PMC13171384,abstract_only,,,
PMID:42147651,Kikuchi-Fujimoto Disease Associated With Systemic Lupus Erythematosus Presenting With Prominent Cutaneous Manifestations: A Case Report.,2026,42147651,PMC13178711,abstract_only,,,
PMID:42148353,Pyoderma Gangrenosum Masquerading as Chronic Infective Ulcers: Two Case Reports Across Age Extremes.,2026,42148353,PMC13176091,abstract_only,,,
PMID:42151931,Baseline neutrophil-to-lymphocyte ratio predicts survival time after the initiation of nintedanib in patients with interstitial lung disease.,2026,42151931,PMC13352842,abstract_only,,,
PMID:42153509,"Oxidative Stress Drives Cell Cycle Stalling, Apoptosis and Metabolic Suppression in Cystatin B Deficient EPM1 Patient iPSCs.",2026,42153509,PMC13325810,abstract_only,,,
PMID:42155846,Novel methods for neural IgG characterization and validation in autoimmune neurologic disorders.,2026,42155846,PMC13333153,abstract_only,,,
PMID:42158367,Merging evans syndrome with mucopolysaccharidosis type II: a case report.,2026,42158367,PMC13180863,abstract_only,,,
PMID:42158694,Recent advances in neonatal Beckwith-Wiedemann syndrome: from molecular diagnosis to multidisciplinary management-a narrative review.,2026,42158694,PMC13181694,abstract_only,,,
PMID:42158819,Biomarkers on Fibrotic Lung Diseases Associated with Usual Interstitial Pneumonia.,2026,42158819,PMC13181377,abstract_only,,,
PMID:42159762,Gaucher disease: the hematologist's perspective of a multisystemic disorder.,2026,42159762,PMC13369777,abstract_only,,,
PMID:42162269,Systematic mapping of rare genetic disease studies using UK primary care electronic health records.,2026,42162269,PMC13341784,abstract_only,,,
PMID:42162348,"Beckwith-Wiedemann syndrome multiomic analysis of hepatoblastoma uncovers unique tumour heterogeneity and cellular landscapes, including transition cells leading to tumour formation.",2026,42162348,PMC13190687,abstract_only,,,
PMID:42163370,A comprehensive approach to users from a Brazilian clinical genetics service: an observational study.,2026,42163370,PMC13390225,abstract_only,,,
PMID:42163949,"Genotype-Phenotype Discordance in Cardiomyopathies: Pathophysiology, Clinical Expression, and Therapeutic Considerations.",2026,42163949,PMC13183774,abstract_only,,,
PMID:42164192,New Horizons in IgA Nephropathy: Approach to Current and Emerging Therapies.,2026,42164192,PMC13186295,abstract_only,,,
PMID:42164658,Exploring and Targeting the Connection of Iron and Copper Homeostasis to Neurodegenerative Diseases.,2026,42164658,PMC13183828,abstract_only,,,
PMID:42166427,Artificial intelligence in drug research and development: a review of methods and applications in drug repurposing.,2026,42166427,PMC13192357,abstract_only,,,
PMID:42166529,Progressive myoclonus epilepsy in Down syndrome with Alzheimer's disease: An 11-year longitudinal study and proposed diagnostic red flags.,2026,42166529,PMC13394984,abstract_only,,,
PMID:42167577,"Ganaxolone, an approved therapy for CDKL5-deficiency disorder, is an inhibitor of PTP1B.",2026,42167577,PMC13311170,abstract_only,,,
PMID:42167859,Pancreatic cystic lesions in hereditary syndromes: Diagnostic role of endoscopic ultrasound.,2026,42167859,,abstract_only,,,
PMID:42168807,Cutaneous Manifestations of Vasculitis: A Cross-Sectional Analysis From an International Cohort.,2026,42168807,PMC13436236,metadata_only,,,
PMID:42169139,Mitochondria transfer in neurological disorders: the key role of neuroglia.,2026,42169139,PMC13371259,abstract_only,,,
PMID:42170448,Infantile hypophosphatasia caused by compound heterozygous variants in the &lt;i&gt;ALPL&lt;/i&gt; gene: a case report.,2026,42170448,PMC13186736,abstract_only,,,
PMID:42170892,Approach to the patient: genetics and management of congenital hypothyroidism.,2026,42170892,PMC13466945,abstract_only,,,
PMID:42171768,Polyunsaturated fatty acid metabolism in the retinal pigment epithelium and its association with outer retinal disease.,2026,42171768,PMC13197343,abstract_only,,,
PMID:42172657,Using Electroconvulsive Therapy to Treat Psychosis Associated With Huntington Disease-Like 2.,2026,42172657,,metadata_only,,,
PMID:42174593,Recent advances in pulmonary fibrosis: from lung surfactant to the immune connection.,2026,42174593,PMC13595669,abstract_only,,,
PMID:42176186,Transition Care for Young People with Rare Bone and Mineral Conditions: A Scoping Review.,2026,42176186,PMC13415497,abstract_only,,,
PMID:42179327,Paraneoplastic Immunoglobulin A Vasculitis With Rapidly Progressive Glomerulonephritis in a Patient With Metastatic Meningioma: Case Report and Literature Review.,2026,42179327,,abstract_only,,,
PMID:42179717,Paraneoplastic Vasculitis in a Patient With Breast Cancer at an Unusual Age: A Case Report.,2026,42179717,PMC13195797,abstract_only,,,
PMID:42181201,Intrafamilial phenotypic variability in hypophosphatasia: evidence from two families and the literature.,2026,42181201,PMC13193963,abstract_only,,,
PMID:42186472,Topiramate-Responsive Myoclonic Status Epilepticus in a Child with Progressive Myoclonus Epilepsy Due to Neuronal Ceroid Lipofuscinosis Type 8: A Case Report.,2026,42186472,PMC13198968,abstract_only,,,
PMID:42188050,The Impact of Maternal Obesity and Diabetes on the Development of Congenital Heart Defects (CHDs) in Offspring: A Narrative Review.,2026,42188050,PMC13209137,abstract_only,,,
PMID:42190229,Dermatological Indicators of Systemic Autoimmune Disease: Clinical Links to Ocular Involvement.,2026,42190229,PMC13211922,abstract_only,,,
PMID:42193407,Diagnosis and Management of Sarcoidosis-like Reaction in Adjuvant Immunotherapy: A Comprehensive Review and Clinical Implications.,2026,42193407,PMC13204708,abstract_only,,,
PMID:42193878,A Paradigm Shift: Arrhythmogenic Cardiomyopathy Is an Inflammatory Disease.,2026,42193878,PMC13204042,abstract_only,,,
PMID:42193970,Molecular Characterization of Syndromic Hearing Loss in North African Moroccan Families.,2026,42193970,PMC13204930,abstract_only,,,
PMID:42195149,Current and Future Biomarkers in the Diagnosis of Autoimmune Encephalitis: A Review of Biomarker Detection Techniques and Their Performance.,2026,42195149,PMC13208235,abstract_only,,,
PMID:42195197,"Ear, Nose, and Throat Manifestations in Inflammatory Bowel Diseases: A Systematic Review of the Clinical Spectrum.",2026,42195197,PMC13208139,abstract_only,,,
PMID:42195329,Transcription Factors in the Pathogenesis of Schizophrenia.,2026,42195329,PMC13209135,abstract_only,,,
PMID:42196149,Wiedemann-Steiner Syndrome (WSS): A Neonatal Case Report Expanding the Phenotypic Spectrum of a Previously Reported Missense Variant.,2026,42196149,PMC13206532,abstract_only,,,
PMID:42196589,PANDAS Syndrome: A Narrative Review of the Diagnostic Conundrum in Children with Acute Neuropsychiatric Symptoms.,2026,42196589,PMC13208071,abstract_only,,,
PMID:42196615,"Identification of Pathogenic Variants in &lt;i&gt;CYP4F22&lt;/i&gt;, &lt;i&gt;FLG&lt;/i&gt;, &lt;i&gt;ALOX12B&lt;/i&gt;, and &lt;i&gt;NIPAL4&lt;/i&gt; in a Case Series of Inherited Ichthyosis.",2026,42196615,PMC13207361,abstract_only,,,
PMID:42196792,Inconsistencies in the Assessment of Endodontic Outcomes in Patients with Special Health Care Needs: A Novel Proposal.,2026,42196792,PMC13206158,abstract_only,,,
PMID:42203447,Current and Future Perspectives of LDL-C Lowering Therapies 2026.,2026,42203447,PMC13547140,abstract_only,,,
PMID:42205005,Magnetic Resonance Imaging of Nerve Roots in the Diagnosis of Chronic Inflammatory Demyelinating Polyneuropathy (CIDP) - A Systematic Review and Meta-Analysis.,2026,42205005,PMC13240206,abstract_only,,,
PMID:42205123,2026 Expert Consensus Recommendations on Hypertrophic Cardiomyopathy: A Report of the Task Force of the Taiwan Society of Cardiology.,2026,42205123,PMC13202352,abstract_only,,,
PMID:42205255,A familial case report of 17q12 recurrent deletion syndrome: clinical and molecular characterization.,2026,42205255,PMC13201108,abstract_only,,,
PMID:42205472,Variability in the circulation of cerebrospinal fluid: causes and clinical implications for intraventricular drug delivery.,2026,42205472,PMC13201979,abstract_only,,,
PMID:42210093,Early developmental trajectories associated with different styles and intensities of ESDM-based community intervention.,2026,42210093,PMC13412173,abstract_only,,,
PMID:42210310,Multi-omic profiles of neuroendocrine neoplasms of the pancreas: an integrated landscape.,2026,42210310,PMC13425959,abstract_only,,,
PMID:42210502,Tfh Cells in Henoch-Schönlein Purpura (IgA Vasculitis): Current Concept.,2026,42210502,PMC13239279,abstract_only,,,
PMID:42210665,Genetic Analysis of Pitt-Hopkins Syndrome Caused by a Novel Splicing Variant (c.1146+3A&gt;T) in the TCF4 Gene.,2026,42210665,PMC13240270,abstract_only,,,
PMID:42211151,Molecular and Genetic Aspects of Lipid Metabolism Disorders and Potential Targets for Gene Therapy.,2026,42211151,PMC13213238,abstract_only,,,
PMID:42215470,Monoclonal gammopathy of clinical significance: a multisystem review.,2026,42215470,PMC13424114,abstract_only,,,
PMID:42216004,Clinicopathological and molecular determinants of pancreatic neuroendocrine tumors: toward precision risk stratification.,2026,42216004,PMC13430775,abstract_only,,,
PMID:42216051,Monoclonal antibody passive experimental autoimmune myasthenia gravis: current progress and future directions.,2026,42216051,PMC13425964,abstract_only,,,
PMID:42216130,Clinicopathological characteristics and renal outcomes of IgA nephropathy in systemic lupus erythematosus: a case report and systematic literature review.,2026,42216130,PMC13430846,abstract_only,,,
PMID:42216371,Reevaluating the nature of thymic lipofibroadenoma: A case report with hamartomatous features and a literature review.,2026,42216371,PMC13225540,abstract_only,,,
PMID:42216709,Australian clinical practice guideline: diagnosis and treatment of idiopathic multicentric Castleman disease.,2026,42216709,PMC13409200,abstract_only,,,
PMID:42220602,Adult presentation of Simpson-Golabi-Behmel syndrome due to a hemizygous &lt;i&gt;GPC3&lt;/i&gt; stopgain variant mimicking acromegaly.,2026,42220602,PMC13217258,abstract_only,,,
PMID:42220822,Osteogenesis Imperfecta Type 4 With COL1A2 c.1135G&gt;A (p.Gly379Arg) Variant: Unmodified by Concurrent ALPL c.1559delT (p.Leu520ArgfsTer86) Carrier Status: A Case Report.,2026,42220822,PMC13222090,abstract_only,,,
PMID:42220938,Prolonged survival in Menkes disease with a novel &lt;i&gt;ATP7A&lt;/i&gt; variant: A case report.,2026,42220938,PMC13217188,abstract_only,,,
PMID:42221042,A neurologist's guide to VEXAS syndrome: Differentiating somatic autoinflammation from autoimmune mimics.,2026,42221042,PMC13220135,abstract_only,,,
PMID:42223210,Expert Perspectives: Defining and Managing Progressive Pulmonary Fibrosis in Systemic Sclerosis.,2026,42223210,,abstract_only,,,
PMID:42226112,The prevalence of neurodevelopmental disorders in Smith-Magenis Syndrome: a PRISMA compliant systematic review.,2026,42226112,PMC13435750,abstract_only,,,
PMID:42229424,Emerging therapeutic strategies for mitochondrial DNA-related diseases.,2026,42229424,PMC13293957,abstract_only,,,
PMID:42232755,Osteogenesis imperfecta: a registry-based study of the clinical symptoms of disease in a large cohort of Italian patients.,2026,42232755,PMC13223775,abstract_only,,,
PMID:42232967,Emergency in pediatric rheumatology: a narrative review.,2026,42232967,PMC13222824,abstract_only,,,
PMID:42233448,Pirfenidone and nintedanib in fibrosing interstitial lung disease: A retrospective study based on a regional university hospital data registry and literature review.,2026,42233448,,abstract_only,,,
PMID:42234240,From suspected lymphoma to self-limiting lymphadenitis: Kikuchi-Fujimoto disease in focus.,2026,42234240,PMC13234052,abstract_only,,,
PMID:42234828,Diagnostic challenges in isolated cardiac sarcoidosis.,2026,42234828,PMC13282900,abstract_only,,,
PMID:42236689,Non-coding structural variants disrupt FOXG1 transcriptional regulation in early neurodevelopment.,2026,42236689,PMC13396769,abstract_only,,,
PMID:42238571,"Comparative efficacy of ripertamab, rituximab, and efgartigimod in chronic inflammatory demyelinating polyneuropathy: an exploratory real-world multicenter cohort study.",2026,42238571,PMC13226162,abstract_only,,,
PMID:42238820,Episignature-based modelled first-tier diagnostic approach in the Dutch Caribbean: advancing equal care through epigenetic classification.,2026,42238820,PMC13229482,abstract_only,,,
PMID:42243441,Calpain inhibition by calpeptin modulates adipocyte lipid metabolism and secretome-mediated inflammatory crosstalk with hepatocytes.,2026,42243441,PMC13236743,abstract_only,,,
PMID:42245471,Tirzepatide for weight and behavior management in a patient with Smith-Magenis syndrome.,2026,42245471,PMC13231163,abstract_only,,,
PMID:42245473,Functioning gonadotroph macroadenoma associated with multiple endocrine neoplasia type 1.,2026,42245473,PMC13233140,abstract_only,,,
PMID:42245643,Autoimmune nodopathy associated with Sjögren's disease and nephrotic syndrome: a case report and literature review.,2026,42245643,PMC13230017,abstract_only,,,
PMID:42249343,The interactions between sleep difficulties and clinical features in children with rare genetic syndromes: a structural equation modelling approach.,2026,42249343,PMC13471272,abstract_only,,,
PMID:42249814,Prenatal diagnosis of cardiac rhabdomyoma: implications for predicting tuberous sclerosis complex and guiding perinatal management.,2026,42249814,PMC13325691,abstract_only,,,
PMID:42253452,Rare variants in cholesterol transporter genes in patients with lipid metabolism disorders.,2026,42253452,PMC13234746,abstract_only,,,
PMID:42253602,Pulmonary fibrosis: evolving therapeutic pipeline.,2026,42253602,PMC13239528,abstract_only,,,
PMID:42254000,The rise and fall of glucocorticoids and immunosuppressants in idiopathic pulmonary fibrosis: a historical paradigm shift driven by mechanistic understanding.,2026,42254000,PMC13237570,abstract_only,,,
PMID:42254223,"""A new era in Menkes disease management: the disease-modifying impact of Zycubo (copper histidinate)"".",2026,42254223,PMC13236351,metadata_only,,,
PMID:42254309,Concurrent Von Hippel-Lindau disease and enhanced S-cone syndrome leading to a distinct retinal phenotype.,2026,42254309,PMC13233784,abstract_only,,,
PMID:42254954,Osteosarcoma in the Setting of Genetically Confirmed &lt;i&gt;IFITM5-&lt;/i&gt;Related Osteogenesis Imperfecta.,2026,42254954,PMC13239498,abstract_only,,,
PMID:42255726,Anti-Ku Antibodies in a Patient With a Polymyositis-Systemic Sclerosis Overlap Syndrome in Association With Autoimmune Hepatitis.,2026,42255726,PMC13242160,abstract_only,,,
PMID:42256631,Scleroderma Clinical Trials Consortium (SCTC) outcome instruments for evaluation of systemic sclerosis.,2026,42256631,PMC13231724,abstract_only,,,
PMID:42256941,"Pediatric Wilson Disease in Sudan: A Rare Case, Sudan Conflict and Diagnostic Challenges.",2026,42256941,PMC13238712,abstract_only,,,
PMID:42258479,The natural history and evolution of dermatophytosis: Host immunity in acute and chronic infection.,2026,42258479,PMC13245743,metadata_only,,,
PMID:42260016,Neuroendocrine neoplasms of the oral cavity: a narrative review of clinicopathological features and management.,2026,42260016,PMC13473038,abstract_only,,,
PMID:42260845,Efficacy and safety of traditional Chinese medicine in treating pediatric IgA vasculitis nephritis: A systematic review and meta-analysis of randomized controlled trials.,2026,42260845,PMC13246118,abstract_only,,,
PMID:42261605,Optical mapping reveals a higher level of large-scale structural variants in a family with paternally transmitted myotonic dystrophy and independent Parkinson's disease.,2026,42261605,PMC13431841,abstract_only,,,
PMID:42262597,PARP1 as a novel therapeutic and diagnostic tool in autoimmune rheumatic diseases: a systematic literature review.,2026,42262597,PMC13249679,abstract_only,,,
PMID:42264885,"Toll interacting protein (TOLLIP) serum concentration in patients with systemic sclerosis (SSc), with and without interstitial lung disease (ILD).",2026,42264885,PMC13264915,abstract_only,,,
PMID:42265232,"High mobility group motif proteins' role in fibrosis, inflammation, and vascular injury in systemic sclerosis.",2026,42265232,PMC13249760,abstract_only,,,
PMID:42265483,Association between Proteinuria and Risk of Chronic Inflammatory Demyelinating Polyneuropathy/Multifocal Motor Neuropathy: A Nationwide Population-based Cohort Study.,2026,42265483,PMC13478050,abstract_only,,,
PMID:42266012,"Association Between Type I Interferonopathies and the Development of Cutaneous Sarcoidosis, Morphea, Lichen Planus and Granuloma Annulare: A Retrospective Cohort Study.",2026,42266012,,abstract_only,,,
PMID:42266321,Autoimmune/Inflammatory Syndrome Induced by Adjuvants (ASIA) in a Patient With Silicone Breast Implants and Scleroderma-Like Manifestations: A Case Report.,2026,42266321,PMC13245538,abstract_only,,,
PMID:42269271,Altered translation efficiency of specific mRNAs in a zebrafish model of Diamond-Blackfan anemia syndrome.,2026,42269271,,abstract_only,,,
PMID:42271315,Video-based gait analysis for clinical monitoring of genotype-specific functional patterns in osteogenesis imperfecta.,2026,42271315,PMC13491806,abstract_only,,,
PMID:42271546,Validating a Human Cell Model of Null Galactosylceramidase (GALC) Enzyme Activity That Recapitulates Krabbe Disease.,2026,42271546,PMC13370254,abstract_only,,,
PMID:42272165,Gynecological and Obstetrical Issues Experienced by Women Diagnosed with Myotonic Dystrophy Type 1: A Scoping Review.,2026,42272165,,abstract_only,,,
PMID:42273204,CHOPS Syndrome: A Rare Malformation Syndrome with de novo AFF4 Gene Variant.,2026,42273204,PMC13249432,abstract_only,,,
PMID:42274161,"From Molecules to Machines: An Integrative Framework Linking Molecular Pathogenesis, Multi-Factorial Risk, Risk Stratification, Clinical Management, and Artificial Intelligence in QT Prolongation and Sudden Cardiac Death.",2026,42274161,PMC13255155,abstract_only,,,
PMID:42274298,FROM DISCOVERY SCIENCE TO THE CLINIC - HERITABLE ENDOCRINE CANCERS AND RELATED DISORDERS: Functional imaging in hereditary endocrine neoplasms: evolving modalities and clinical implications.,2026,42274298,PMC13392971,abstract_only,,,
PMID:42274578,Autism Spectrum Disorder: Integrating Genetic and Environmental Risk.,2026,42274578,PMC13256891,abstract_only,,,
PMID:42277826,Multi-omics analysis of genetic drivers linking aortic stenosis and left ventricular diastolic dysfunction in heart failure.,2026,42277826,PMC13430796,abstract_only,,,
PMID:42278275,Molecular Mimicry by the Tick-Borne Encephalitis Virus E Protein: A Hidden Link to Autoimmunity.,2026,42278275,PMC13256658,abstract_only,,,
PMID:42278317,From Lysosomal Storage to Neurodegeneration: Sphingolipid Signaling as a Driver of CNS Pathology and Biomarker Strategy in Neuronopathic Gaucher Disease.,2026,42278317,PMC13256440,abstract_only,,,
PMID:42278401,Prognostic and Predictive Significance of Selected Gene Mutations in Pancreatic and Intestinal Neuroendocrine Tumors.,2026,42278401,PMC13256981,abstract_only,,,
PMID:42278452,"Neurodegenerative Disease: From Molecular Basis to Therapy, 3rd Edition.",2026,42278452,PMC13256413,abstract_only,,,
PMID:42278593,Contradictory Effects on Hepatocytes in ASMD.,2026,42278593,PMC13257442,abstract_only,,,
PMID:42279355,MAGa: Monoclonal Autoimmune Gammopathies.,2026,42279355,PMC13255662,abstract_only,,,
PMID:42279601,Diagnosis and Treatment Pathway for Eosinophilic Granulomatosis with Polyangiitis in the Allergy Department.,2026,42279601,PMC13256155,abstract_only,,,
PMID:42282922,Neonatal-onset of multiple minute digitate hyperkeratosis with photosensitivity and linear epidermal nevus: A case report.,2026,42282922,PMC13251471,metadata_only,,,
PMID:42285613,Chinese expert consensus on the diagnostic definition of cerebral palsy.,2026,42285613,PMC13289319,abstract_only,,,
PMID:42286635,HLA-DR&lt;sup&gt;+&lt;/sup&gt;CD38&lt;sup&gt;+&lt;/sup&gt; activated Th17.1 cells reflect disease activity and corticosteroid responsiveness in pulmonary sarcoidosis.,2026,42286635,PMC13505099,abstract_only,,,
PMID:42286901,Genetic causes of the lissencephaly spectrum: insights from chromosomal microarray and clinical/whole-exome sequencing.,2026,42286901,PMC13247733,abstract_only,,,
PMID:42287278,Detection of repeat expansion variants using next generation sequencing: A points to consider statement of the American College of Medical Genetics and Genomics (ACMG).,2026,42287278,PMC13271160,metadata_only,,,
PMID:42289013,Current biomarker development in myotonic dystrophies.,2026,42289013,PMC13265606,abstract_only,,,
PMID:42291732,Sphingolipid metabolism and hematologic disorders: current understanding and future directions.,2026,42291732,PMC13259770,abstract_only,,,
PMID:42292609,Secukinumab for lamellar ichthyosis in an adolescent: a case report.,2026,42292609,PMC13263478,abstract_only,,,
PMID:42292618,First reported case of Turner syndrome with Krabbe disease in a child: a case report.,2026,42292618,PMC13263435,abstract_only,,,
PMID:42293066,XLH Matters 2024 GCC Edition: Insights and Recommendations to Improve Outcomes for People Living With XLH in the Gulf Region.,2026,42293066,PMC13260792,abstract_only,,,
PMID:42293364,Hereditary kidney tumor syndromes: structured evaluation of a questionnaire-based approach.,2026,42293364,PMC13254475,abstract_only,,,
PMID:42293492,Neonatal osteogenesis imperfecta revealed by antenatal fractures: A case report.,2026,42293492,PMC13262140,abstract_only,,,
PMID:42297634,Data-Driven Insights into Hyperkinetic Disorders in Neurodevelopmental Syndromes and Epileptic Encephalopathies.,2026,42297634,PMC13339114,abstract_only,,,
PMID:42297973,Pyoderma gangrenosum caused by the molecular uncoupling of OTULIN catalytic activity and LUBAC binding.,2026,42297973,PMC13414579,abstract_only,,,
PMID:42298645,Psychiatric manifestations in Neuronal ceroid lipofuscinoses.,2026,42298645,PMC13528172,abstract_only,,,
PMID:42301686,Efficacy of Sodium Phenylbutyrate-Taurursodiol in Amyotrophic Lateral Sclerosis: A Systematic Review and Meta-Analysis.,2026,42301686,PMC13349287,abstract_only,,,
PMID:42304385,HMGB1-mediated endoplasmic reticulum stress in monocyte-derived dendritic cells regulates CD4+ T cell immune responses in myasthenia gravis.,2026,42304385,PMC13508458,abstract_only,,,
PMID:42304730,The WHO Classification of Genetic Tumour Syndromes: Considerations for Genetics.,2026,42304730,PMC13431718,abstract_only,,,
PMID:42305953,Editorial: Deciphering the microbiome's role in the progression of interstitial lung diseases.,2026,42305953,PMC13265498,metadata_only,,,
PMID:42306378,Severe Neonatal Presentation of Cornelia de Lange Syndrome With Fatal Outcome: A Case Report.,2026,42306378,PMC13268213,abstract_only,,,
PMID:42308457,High-Affinity Human Germline and Mutated Autoantibodies Commonly Cross-React to Self-Antigens in 5 Subgroups of Autoimmune Encephalitis.,2026,42308457,PMC13276698,abstract_only,,,
PMID:42308971,Generation and characterization of human iPSC line SANi013-A from a Diamond-Blackfan anemia syndrome (DBAS) patient carrying a heterozygous RPS26 c.95-98 duplication variant.,2026,42308971,,abstract_only,,,
PMID:42310657,The use of JAK inhibitors and tocilizumab in the management of TRAPS: a sibling case study.,2026,42310657,PMC13551676,abstract_only,,,
PMID:42311751,IgA Vasculitis Presenting As Isolated Monoarthritis Mimicking Transient Synovitis: A Diagnostic Challenge With Delayed Purpura.,2026,42311751,PMC13270902,abstract_only,,,
PMID:42313272,Correction: Transition Care for Young People with Rare Bone and Mineral Conditions: A Scoping Review.,2026,42313272,PMC13499816,metadata_only,,,
PMID:42314069,Approach to the patient: precision medicine-guided evaluation and treatment of acromegaly.,2026,42314069,PMC13577737,abstract_only,,,
PMID:42316168,Real-world persistence with antifibrotic treatments: a nationwide study on claims data in France (The REPEAT study).,2026,42316168,PMC13531937,abstract_only,,,
PMID:42316178,Global landscape for pulmonary fibrosis treatment: a data-driven perspective from clinical trials.,2026,42316178,PMC13523513,abstract_only,,,
PMID:42316213,Familial lymphoma and genetic predisposition: an updated review.,2026,42316213,PMC13543435,abstract_only,,,
PMID:42317771,Mechanobiology of hypertrophic chondrocyte mineralization: Biomechanical regulation and therapeutic implications in skeletal disorders.,2026,42317771,PMC13273651,abstract_only,,,
PMID:42318641,From Pharmacodynamic Biomarker to Evaluating Treatment Response: Biomarkers in Primary Mitochondrial Diseases.,2026,42318641,PMC13280563,abstract_only,,,
PMID:42318777,KMT2A and KMT2B episignatures address diagnostic challenges associated with rare neurodevelopmental disorders.,2026,42318777,,abstract_only,,,
PMID:42322024,Myasthenia Gravis and Thymoma.,2026,42322024,PMC13549168,abstract_only,,,
PMID:42324739,Suspected Adult-Onset Congenital Myasthenic Syndrome Associated With a Heterozygous CHRND Variant in a Patient With Seropositive Rheumatoid Arthritis: A Case Report.,2026,42324739,PMC13307884,abstract_only,,,
PMID:42325211,Exploration of precision coregulator TR-FRET identifies diverse signatures for LXR ligands relevant to discovery of nonlipogenic ABCA1 inducers.,2026,42325211,PMC13286573,abstract_only,,,
PMID:42327800,Sudden death across brain and heart: cardio-cerebral ion channel dysfunction as a potential risk-modifying mechanism linking epilepsy and long QT syndrome.,2026,42327800,PMC13278990,abstract_only,,,
PMID:42328355,Effects of Osteopathic Manipulative Treatment in a 3-Year-Old With Pitt-Hopkins Syndrome.,2026,42328355,PMC13276280,abstract_only,,,
PMID:42328549,Case Report: Individualized management of tuberous sclerosis complex-associated lymphangioleiomyomatosis.,2026,42328549,PMC13275657,abstract_only,,,
PMID:42332522,Causal effect between chronic periodontitis and IgA nephropathy: Insights from a 2-sample bidirectional Mendelian randomization study.,2026,42332522,PMC13286464,abstract_only,,,
PMID:42336610,Novel biomarker of fibrosis in SSc-ILD.,2026,42336610,PMC13295752,metadata_only,,,
PMID:42337953,HDL-mimetic peptide treatment reverses APOE4-induced transcriptomic and lipidomic alterations in the brain of humanized APOE mice.,2026,42337953,PMC13290654,abstract_only,,,
PMID:42338821,"Co-occurrence of Kikuchi-Fujimoto Disease, Systemic Lupus Erythematosus, and Macrophage Activation Syndrome Presenting With Acute Pancreatitis and Myositis in an Adolescent Male Patient.",2026,42338821,PMC13286305,abstract_only,,,
PMID:42339138,Late-Onset Diagnosis of Tuberous Sclerosis Complex Revealed by Renal Angiomyolipoma: A Case Report.,2026,42339138,PMC13283897,abstract_only,,,
PMID:42339349,Purplish Terminal Ileum: Adult IgA Vasculitis Mimicking Crohn's Disease.,2026,42339349,PMC13286425,abstract_only,,,
PMID:42345098,"Sleep, Neural Circulatory Control, and Cardiovascular Disease: A Mechanistic Review.",2026,42345098,PMC13464502,abstract_only,,,
PMID:42346198,Pycnodysostosis: Report of Two Novel CTSK Variants in a Child.,2026,42346198,PMC13298592,abstract_only,,,
PMID:42346270,Mechanisms of Progression and Challenges for Intervention in the Natural History of Early Prostate Cancer: A Narrative Review.,2026,42346270,PMC13298305,abstract_only,,,
PMID:42346581,Unraveling CARD9 Mutations in Deep Dermatophytosis: A Genetic Gateway to Fungal Invasion and Immune Dysfunction.,2026,42346581,PMC13301113,abstract_only,,,
PMID:42346872,"Renal Involvement in Pediatric Small-Vessel Vasculitis: A Comprehensive Review of Clinical Impact, Diagnosis, and Management.",2026,42346872,PMC13303847,abstract_only,,,
PMID:42347107,Clinical Decision-Making and Multidisciplinary Management of Peristomal Pyoderma Gangrenosum in Stage IVB Rectal Cancer: A Case Report-Corticosteroid Response but Fatal Cancer Progression.,2026,42347107,PMC13307533,abstract_only,,,
PMID:42347111,Phenotypic Diversity in Pediatric Congenital Myasthenic Syndrome: Insights from CHRNE and DPAGT1 Variants.,2026,42347111,PMC13304958,abstract_only,,,
PMID:42350711,"Intersection Between Systemic Autoimmune Diseases, Primary Immunodeficiency and Cancer: a Field in its Infancy.",2026,42350711,PMC13562287,abstract_only,,,
PMID:42351530,The Convergence of Fibrosis and Granulomatous Inflammation: A Case Series on the Diagnostic and Therapeutic Challenges of Systemic Sclerosis and Sarcoidosis Overlap Syndrome.,2026,42351530,PMC13298438,abstract_only,,,
PMID:42352351,Glycogen and Glycosylation: Friends or Foes?,2026,42352351,PMC13297497,abstract_only,,,
PMID:42352970,Precision Cardiogenomics in Athletes.,2026,42352970,PMC13299431,abstract_only,,,
PMID:42353055,New Therapies for Sarcoidosis: Molecular and Pathophysiological Basis.,2026,42353055,PMC13299352,abstract_only,,,
PMID:42353250,Microglial Dysfunction Induced by C9ORF72 Dipeptide Repeat Proteins: Biomarker and Therapeutic Perspectives.,2026,42353250,PMC13299275,abstract_only,,,
PMID:42353327,Building Disease Models for Endometriosis: iPSCs as Game-Changers.,2026,42353327,PMC13300226,abstract_only,,,
PMID:42355692,Ataxia-Telangiectasia and Associated Bronchiectasis: Case Report and Literature Review.,2026,42355692,PMC13301666,abstract_only,,,
PMID:42356190,Prevalence of Autoimmune Diseases in Individuals Living with HIV in Korea: A Nationwide Population-Based Study.,2026,42356190,PMC13303241,abstract_only,,,
PMID:42356199,Real-World Experience with Nintedanib in a Progressive Pulmonary Fibrosis Cohort.,2026,42356199,PMC13303150,abstract_only,,,
PMID:42358432,A &lt;i&gt;de novo&lt;/i&gt; heterozygous &lt;i&gt;PSTPIP1&lt;/i&gt; variant associated with PAPA syndrome: a Chinese case report and literature review.,2026,42358432,PMC13293579,abstract_only,,,
PMID:42359178,X-linked Hypophosphatemic Rickets Revealed by Exome Sequencing: A Pediatric Case Report of a PHEX Pathogenic Variant.,2026,42359178,PMC13291881,abstract_only,,,
PMID:42359226,"Polyneuropathy, Organomegaly, Endocrinopathy, Monoclonal Protein, and Skin Changes (POEMS) Syndrome Presenting With Superior Mesenteric and Portal Vein Thrombosis: A Case Report.",2026,42359226,PMC13291993,abstract_only,,,
PMID:42359916,Catecholamine metabolism revisited: from neurochemistry to integrative physiology and pathophysiology.,2026,42359916,PMC13401249,abstract_only,,,
PMID:42365319,"Clinical, biochemical and molecular spectrum of acute neuronopathic type 2 Gaucher disease from India.",2026,42365319,PMC13587318,abstract_only,,,
PMID:42366021,ePoster.,2026,42366021,PMC13310587,metadata_only,,,
PMID:42367726,Deucravacitinib in dermatology: current indication and existing off-label data.,2026,42367726,PMC13299356,abstract_only,,,
PMID:42368239,Recent Advances in the Management of IgA Nephropathy: From Supportive Care to Targeted Therapies.,2026,42368239,PMC13301135,abstract_only,,,
PMID:42368294,Current Topics of Progressive Cardiac Conduction Disease.,2026,42368294,PMC13295145,abstract_only,,,
PMID:42370145,Research progress on the etiology and pathogenesis of pancreatic cancer: a narrative review.,2026,42370145,PMC13293839,abstract_only,,,
PMID:42371450,The Genetics of Atrial Fibrillation: From Molecular Mechanisms to Precision Medicine.,2026,42371450,PMC13310427,abstract_only,,,
PMID:42371607,Roles of histone lysine methylation in neurodevelopment and related disorders.,2026,42371607,,abstract_only,,,
PMID:42372204,Metabolic Modulation in Cancer Care: The Potential Role of Glucagon-Like Peptide-1 Receptor Agonists.,2026,42372204,PMC13475729,abstract_only,,,
PMID:42373582,Unravelling the Significance of Cystatin C and Bunina Bodies in Amyotrophic Lateral Sclerosis Pathogenesis.,2026,42373582,PMC13315518,abstract_only,,,
PMID:42373875,What should the urologist know on the management of kidney cancer in patients with Von Hippel-Lindau syndrome? Recommendations of the European Association of Urology (EAU) Young Academic Urologists (YAU) Renal Cancer Working Group.,2026,42373875,,abstract_only,,,
PMID:42375835,Bloom Syndrome Presenting With Early-Onset Myelodysplastic Syndrome and Triple Overlapping Vascular Neurocutaneous Phenotypes: A Case Report.,2026,42375835,PMC13310797,abstract_only,,,
PMID:42375837,A Case Report of Juvenile Myasthenia Gravis; Misdiagnosis and Considerations.,2026,42375837,PMC13310796,abstract_only,,,
PMID:42376638,Arimoclomol in infants with Niemann-Pick disease type C: Results from the phase 2/3 open-label pediatric substudy.,2026,42376638,PMC13310637,abstract_only,,,
PMID:42377683,Polyarteritis nodosa and antiphospholipid syndrome: a systematic review of a rare and challenging overlap between vasculitis and thrombotic vasculopathy.,2026,42377683,PMC13486007,abstract_only,,,
PMID:42378185,Infective Endocarditis-Associated Glomerulonephritis Caused by &lt;i&gt;Streptococcus cristatus&lt;/i&gt;: A Case Report.,2026,42378185,PMC13450983,abstract_only,,,
PMID:42381821,The coincidental association between isotretinoin therapy and onset of pachydermodactyly: A case report.,2026,42381821,PMC13316686,metadata_only,,,
PMID:42382882,From the Hip to the Kidney: Suspected Infection-Associated Immunoglobulin A Vasculitis in the Setting of Chronic Methicillin-Sensitive Staphylococcus aureus Prosthetic Joint Infection.,2026,42382882,PMC13317503,abstract_only,,,
PMID:42387640,Pearson syndrome: expanding the clinical spectrum of a mitochondrial cytopathy-a case report.,2026,42387640,PMC13355350,abstract_only,,,
PMID:42387811,Clinical Characteristics and Treatment Management of Seronegative Myasthenia Gravis: A Systematic Review of the Literature.,2026,42387811,PMC13599449,abstract_only,,,
PMID:42387837,Pharmacological Treatment of Cerebellar Ataxia in Pediatric Ataxia-Telangiectasia: A Systematic Review.,2026,42387837,PMC13323561,abstract_only,,,
PMID:42388931,Clinicopathological Characteristics of Kikuchi-Fujimoto Disease: A Retrospective Case Series from Pakistan.,2026,42388931,PMC13322459,abstract_only,,,
PMID:42389067,"Epilepsy: Epidemiology, Molecular Pathogenesis, and Clinical Management.",2026,42389067,PMC13319420,abstract_only,,,
PMID:42389522,The gut-liver-kidney-brain axis in Wilson disease: copper speciation-flux and barrier-mediated organ crosstalk.,2026,42389522,PMC13318724,abstract_only,,,
PMID:42390399,Dental manifestations of rare skeletal disorders: Diagnosis and treatment for the oral health care provider.,2026,42390399,,abstract_only,,,
PMID:42392895,From chromatin dynamics to brain disease: Polycomb-Trithorax mechanisms in neurodevelopment.,2026,42392895,PMC13336298,abstract_only,,,
PMID:42393587,Aseptic meningitis as an uncommon presentation of polyarteritis nodosa: a case report with focused literature synthesis.,2026,42393587,PMC13599088,abstract_only,,,
PMID:42394935,A convergence of global epidemics: diabetes as a modulator of neurodegenerative and neuro-inflammatory disorders.,2026,42394935,PMC13322903,abstract_only,,,
PMID:42395659,Post vaccination acute kidney injury and other renal complications after COVID-19 and influenza vaccination.,2026,42395659,PMC13324677,abstract_only,,,
PMID:42396140,"Beyond clinical criteria: emerging biomarkers and advanced imaging in the diagnosis, monitoring and treatment of vasculitides.",2026,42396140,PMC13322883,abstract_only,,,
PMID:42396610,From Behavioral and Sleep Disturbances to Genetic Diagnosis: Smith-Magenis Syndrome and the Importance of the Diagnostic Pathway.,2026,42396610,PMC13329744,abstract_only,,,
PMID:42399081,Rare variants in genes related to inborn errors of immunity in patients with rheumatoid arthritis and secondary immunodeficiency.,2026,42399081,PMC13343069,abstract_only,,,
PMID:42403525,Kikuchi-Fujimoto Disease Presenting With Complex Neurological Manifestations: A Case Report.,2026,42403525,PMC13329759,abstract_only,,,
PMID:42403653,Unusual cystic presentation of pheochromocytoma in a case of suspected von Hippel-Lindau disease.,2026,42403653,PMC13330606,abstract_only,,,
PMID:42403660,POEMS syndrome: A case report.,2026,42403660,PMC13331777,abstract_only,,,
PMID:42403865,Beyond Vocal Nodules: Bilateral Internal Jugular Phlebectasia Presenting With Progressive Dysphonia in an Adult Woman.,2026,42403865,PMC13332801,abstract_only,,,
PMID:42404098,Clinical Outcomes and Treatment-Related Complications in Triple-Negative Breast Cancer: A Review of 24 Case Reports from 2020 to 2025.,2026,42404098,PMC13332762,abstract_only,,,
PMID:42404126,Epigenetic equilibrium in chromatinopathies: network instability in neurodevelopment.,2026,42404126,PMC13328258,abstract_only,,,
PMID:42404317,Data mining revealed no other trinucleotide repeat expansion associated with the Huntington's disease biomarker (CAG).,2026,42404317,PMC13330689,abstract_only,,,
PMID:42404449,Synchronous glioblastoma and pituitary adenoma: Coincidence or shared genetic predisposition? A case report and comprehensive literature review.,2026,42404449,PMC13331222,abstract_only,,,
PMID:42405014,"Cholesterol in amyotrophic lateral sclerosis: a bystander, a biomarker, or a target?",2026,42405014,PMC13331966,abstract_only,,,
PMID:42410203,"Hidradenitis suppurativa: epidemiology, diagnosis, molecular pathogenesis and therapy.",2026,42410203,PMC13337992,abstract_only,,,
PMID:42410891,Type I and II Interferon Signalling Characterizes the Transcriptional Landscape of Sweet Syndrome.,2026,42410891,PMC13338580,abstract_only,,,
PMID:42411740,"POEMS Syndrome: 2026 Update on Diagnosis, Risk-Stratification, and Management.",2026,42411740,PMC13540325,abstract_only,,,
PMID:42415789,Advances in diagnosis of lung fibrosis: focus on present and future approaches.,2026,42415789,PMC13337891,abstract_only,,,
PMID:42416264,Ectopic ACTH Production in Medullary Thyroid Carcinoma-A Study of Two Cases.,2026,42416264,PMC13339059,abstract_only,,,
PMID:42418840,A functional framework in patient fibroblasts informs ATP7A variant pathogenicity and identifies p.Q990P as a novel cause of distal motor neuropathy.,2026,42418840,PMC13345369,abstract_only,,,
PMID:42420207,Does renal haemangioblastoma exist? Evidence for inclusion within the MTOR-associated renal cell carcinoma with fibromyomatous stroma spectrum.,2026,42420207,PMC13551149,metadata_only,,,
PMID:42420675,The NeuroWES project: lessons learned from comprehensive phenotyping and genetic analysis of neurodevelopmental disorders over a decade.,2026,42420675,PMC13346230,abstract_only,,,
PMID:42421938,Inborn errors of immunity in Low German Mennonite communities in Mexico: a case series and narrative literature review.,2026,42421938,PMC13341509,abstract_only,,,
PMID:42422604,Uremic Tumoral Calcinosis of the Cervical Spine With Symptomatic Myelopathy: An Illustrative Case.,2026,42422604,PMC13343457,abstract_only,,,
PMID:42422765,"Neuron-specific WWOX gene therapy produces dose-dependent, durable rescue in a model of WWOX-related epileptic encephalopathy.",2026,42422765,PMC13343157,abstract_only,,,
PMID:42423682,Associations between long-term hair cortisol levels and executive functioning in Wiedemann-Steiner Syndrome.,2026,42423682,,abstract_only,,,
PMID:42426556,Convergent Microenvironment Linking Idiopathic Pulmonary Fibrosis and Lung Cancer.,2026,42426556,PMC13472222,abstract_only,,,
PMID:42427290,Homologous recombination is essential for DNA damage-induced regeneration of Drosophila testis germline stem cells.,2026,42427290,PMC13535101,abstract_only,,,
PMID:42427812,"Genetically Confirmed Osteogenesis Imperfecta (COL1A1) With Unexplained Ambiguous Genitalia in a 46,XY Child: An Index Case Report.",2026,42427812,PMC13346346,abstract_only,,,
PMID:42427955,Genetic insights into autism spectrum disorder with intellectual disability: a regional population-based study from Northwest China.,2026,42427955,PMC13345918,abstract_only,,,
PMID:42428288,Kabuki Syndrome: Dental and Craniofacial Findings.,2026,42428288,PMC13349048,abstract_only,,,
PMID:42429952,Insight into Natural History and Phenotype in Untreated Adults with X-Linked Hypophosphatemia.,2026,42429952,PMC13354646,abstract_only,,,
PMID:42431623,Kikuchi-Fujimoto disease associated with systemic lupus erythematosus in an adolescent patient: case report and diagnostic challenges.,2026,42431623,,abstract_only,,,
PMID:42432856,Mycophenolate and azathioprine in fibrotic interstitial lung disease.,2026,42432856,PMC13631846,abstract_only,,,
PMID:42432889,Long-term misdiagnosis of Niemann-Pick disease type C as Wilson disease: A case report.,2026,42432889,PMC13362932,abstract_only,,,
PMID:42433272,The role of the microbiota in hematological malignancies: A narrative review of mechanisms and therapeutic potential.,2026,42433272,PMC13351395,abstract_only,,,
PMID:42433589,Prenatal diagnosis of a fetus with cri-du-chat syndrome accompanied by 18q duplication: a case description.,2026,42433589,PMC13350017,metadata_only,,,
PMID:42433821,Diffuse alveolar hemorrhage in a pediatric patient with cri du chat syndrome: a case report.,2026,42433821,PMC13354465,abstract_only,,,
PMID:42434625,Nasal Manifestations of Immunoglobulin A (IgA) Vasculitis in an Adolescent Patient: A Case Report.,2026,42434625,PMC13353074,abstract_only,,,
PMID:42438645,From Neonatal Cholestasis to Progressive Neurological Impairment: A Case of Niemann-Pick Disease Type C.,2026,42438645,PMC13356885,abstract_only,,,
PMID:42438647,Thymoma Type B2 Associated with Myasthenia Gravis Presenting as Progressive Respiratory Distress: A Case Report.,2026,42438647,PMC13356926,abstract_only,,,
PMID:42438777,Expanding the spectrum of the giant panda sign: a bright-eye variant in Wilson disease.,2026,42438777,PMC13356614,abstract_only,,,
PMID:42438903,"Autoimmune diseases in the era of COVID-19: emerging mechanisms, clinical implications, vaccine considerations, and future directions.",2026,42438903,PMC13358747,abstract_only,,,
PMID:42438904,From Sjögren syndrome to Sjögren disease: rethinking classification and diagnostic complexity.,2026,42438904,PMC13358750,abstract_only,,,
PMID:42440185,"Genetic determinants of obesity: mechanisms, clinical implications, and targeted therapies.",2026,42440185,PMC13364813,abstract_only,,,
PMID:42440768,ERS Congress 2025: highlights from the Interstitial Lung Diseases Assembly.,2026,42440768,PMC13334353,abstract_only,,,
PMID:42444233,Pitt-Hopkins syndrome (PTHS)- a case report from Pakistan.,2026,42444233,,abstract_only,,,
PMID:42447235,Acute exacerbation in fibrotic interstitial lung disease: an international working group report.,2026,42447235,PMC13624799,abstract_only,,,
PMID:42449676,"Prognostic, Predictive, and Clinical Relevance of DNA Damage Repair Alterations in Biliary Tract Cancers.",2026,42449676,PMC13359882,abstract_only,,,
PMID:42449779,"Phenotypic Variability and Diagnostic Characteristics of Pediatric Osteogenesis Imperfecta: A 10-Year Multicenter Cohort Study from Three Tertiary Pediatric Hospitals in Bucharest, Romania.",2026,42449779,PMC13359819,abstract_only,,,
PMID:42450630,Atypical Phenotype of Myotonic Dystrophy Type 1 with Variant Repeats at the Age of Diagnosis.,2026,42450630,PMC13359955,abstract_only,,,
PMID:42452413,The Genetic Landscape of Fibrotic Interstitial Lung Diseases: Clinical Implications and Diagnostic Challenges in Familial Pulmonary Fibrosis.,2026,42452413,PMC13361634,abstract_only,,,
PMID:42452436,Neurodevelopmental and Behavioral Profiles in Children with Tuberous Sclerosis Complex: Exploratory Associations with Epilepsy Onset and Cortical Tuber Burden.,2026,42452436,PMC13362418,abstract_only,,,
PMID:42453761,Expanding the phenotypic and genotypic spectrum of &lt;i&gt;KCNT1&lt;/i&gt;-related epilepsies.,2026,42453761,PMC13367327,abstract_only,,,
PMID:42453989,Recent advances in epigenetic therapeutics for Rett syndrome: from mechanisms to clinical trials.,2026,42453989,PMC13364895,abstract_only,,,
PMID:42457913,Integrated Genetic and Biochemical Approach to Patients with Bone Disorders Exhibiting Low Alkaline Phosphatase.,2026,42457913,PMC13372997,abstract_only,,,
PMID:42462243,Clinical approach to neurological paraneoplastic syndromes.,2026,42462243,PMC13458246,abstract_only,,,
PMID:42466217,Fulminant Evans Syndrome and Splenic Infarction As Initial Manifestations of Poems Syndrome with Monoclonal Kappa Light Chain Restriction: A Diagnostic and Therapeutic Challenge.,2026,42466217,PMC13374827,abstract_only,,,
PMID:42466325,"Genetic Bone Diseases: A Scoping Review of Pathology, Symptoms, Diagnosis, Treatment, and New Horizons.",2026,42466325,PMC13374821,abstract_only,,,
PMID:42467089,Neurofilament light chain (NfL) as a surrogate outcome measure for GM2 gangliosidoses.,2026,42467089,PMC13379409,abstract_only,,,
PMID:42468900,Impaired Activity-Regulated Proteostasis: A Shared Mechanism in Neurodevelopmental Disorders.,2026,42468900,PMC13599997,abstract_only,,,
PMID:42471049,Beyond the brain: Polyglutamine disease pathology outside the nervous system.,2026,42471049,PMC13559710,abstract_only,,,
PMID:42478739,The Case for Master Protocols for Rare Neurological Diseases.,2026,42478739,PMC13495805,abstract_only,,,
PMID:42481467,Analysis of 14q12 microdeletions reveals novel regulatory loci for the neurodevelopmental disorder-related gene FOXG1.,2026,42481467,PMC13392037,abstract_only,,,
PMID:42481875,The centrosome-cilium-centriolar satellite axis in neurodegenerative diseases.,2026,42481875,PMC13503701,abstract_only,,,
PMID:42482856,"Fundamentals of Dermatology Article Series: When Is Cutaneous Vasculitis ""More Than Just a Rash""?",2026,42482856,PMC13387643,abstract_only,,,
PMID:42483286,Clinical Observation of Prenatal Diagnosis of Simpson-Golabi-Behmel Syndrome via Chorionic Villus Sampling Following Increased Nuchal Translucency.,2026,42483286,PMC13387776,metadata_only,,,
PMID:42483444,Pediatric parkinsonism: clinical review and a proposed clinical algorithm.,2026,42483444,PMC13387017,abstract_only,,,
PMID:42483540,IgA nephropathy management: what does the future hold?,2026,42483540,PMC13387148,abstract_only,,,
PMID:42485271,Diagnostic Challenges and Scientific Management of Suspected Recurrent Kikuchi-Fujimoto Disease: A Case Report.,2026,42485271,PMC13403704,abstract_only,,,
PMID:42487658,Seronegative Morvan Syndrome Presenting With Agrypnia Excitata and Peripheral Nerve Hyperexcitability: A Phenotype-Supported Diagnostic and Therapeutic Approach in a Resource-Limited Setting.,2026,42487658,PMC13389897,abstract_only,,,
PMID:42488110,Prenatal magnetic resonance imaging findings of tuberous sclerosis complex in fetuses.,2026,42488110,PMC13389842,abstract_only,,,
PMID:42488351,Epigenetic regulators are preferentially coordinated with protocadherin gene expression across the human brain: a genome-wide co-expression analysis.,2026,42488351,PMC13391046,abstract_only,,,
PMID:42488643,Case report: Sequential complement inhibition and BAFF/APRIL blockade in progressive IgA nephropathy and IgA vasculitis nephritis: a report of two cases.,2026,42488643,PMC13388821,abstract_only,,,
PMID:42488644,Convergent innate immune and regulated cell-death pathways in selected myopathies.,2026,42488644,PMC13388199,abstract_only,,,
PMID:42489915,Patterns of kidney involvement after corticosteroid treatment for extrarenal symptoms in pediatric IgA vasculitis (Henoch-Schönlein Purpura): phenotypes and outcomes.,2026,42489915,,abstract_only,,,
PMID:42491403,Ophthalmic screening in phakomatoses.,2026,42491403,PMC13376734,abstract_only,,,
PMID:42491422,Dental Management of a 9-Year-Old Child With Suspected CHARGE Syndrome: A Case Report and Brief Literature Review.,2026,42491422,PMC13376345,abstract_only,,,
PMID:42494864,Parathyroid autotransplantation: a phase-based framework for surgical decision-making.,2026,42494864,PMC13391414,abstract_only,,,
PMID:42494992,Outcome strategies for clinical trials in Neuropaediatric rare diseases.,2026,42494992,PMC13393641,abstract_only,,,
PMID:42495084,Diagnostic yield and variant spectrum of whole-exome sequencing in Iranian probands with congenital and early-onset ocular disorders.,2026,42495084,PMC13393353,abstract_only,,,
PMID:42495253,Case Report: Induction of labor and postpartum management for fetal cardiac rhabdomyoma: a genetic etiology-based analysis of three cases.,2026,42495253,PMC13391950,abstract_only,,,
PMID:42495511,Severe Hypophosphatemia and Renal Phosphate Wasting Presenting as Atraumatic Bilateral Hip Pain: Suspected Hypophosphatemic Osteomalacia.,2026,42495511,PMC13392624,abstract_only,,,
PMID:42495626,"Integrative analysis of FAERS, network toxicology, and Mendelian randomization identifies potential targets in paclitaxel-associated systemic sclerosis.",2026,42495626,PMC13391563,abstract_only,,,
PMID:42496367,"Autoimmune Diseases and the Vestibular and Oculomotor System: Clinical Presentation, Diagnosis, and Treatment.",2026,42496367,PMC13398329,abstract_only,,,
PMID:42496504,Polyclonal Hyperviscosity Crisis and Severe Depletion Coagulopathy Induced by Therapeutic Plasma Exchange in Sjögren's Syndrome: A Case Report and Therapeutic Dilemma.,2026,42496504,PMC13397814,abstract_only,,,
PMID:42497485,Functional Autoantibodies in Myocardial Diseases.,2026,42497485,PMC13448906,abstract_only,,,
PMID:42498721,The wider implications of dactylitis beyond psoriatic arthritis.,2026,42498721,PMC13400733,abstract_only,,,
PMID:42499770,"Monogenic and syndromic obesity in children: Clinical recognition, genetics, and precision management.",2026,42499770,PMC13398469,abstract_only,,,
PMID:42501323,Photosensitivity in Lafora and Unverricht-Lundborg progressive myoclonic epilepsies.,2026,42501323,,abstract_only,,,
PMID:42502513,Early-Onset Colorectal and Gastric Adenocarcinomas in a Patient With a Heterozygous BLM p.E1317K Variant of Uncertain Significance.,2026,42502513,PMC13401060,abstract_only,,,
PMID:42502545,Early Psychiatric Manifestations of Lafora Disease: A Case Report.,2026,42502545,PMC13401332,abstract_only,,,
PMID:42502680,Preimplantation Genetic Testing for Cornelia de Lange Syndrome with Low-Level Maternal Gonadal Mosaicism for a Sub-Megabase Deletion in China.,2026,42502680,PMC13401368,abstract_only,,,
PMID:42505348,Copper Homeostasis and Cuproptosis in Neurodegenerative Diseases.,2026,42505348,PMC13407032,abstract_only,,,
PMID:42505411,Distal Myopathies and Beyond: An Updated Overview of the Welander Distal Myopathy.,2026,42505411,PMC13406338,abstract_only,,,
PMID:42505913,Coronary Artery Ectasia and Aneurysm: Benign Variant or High-Risk Substrate in Need of Tailored Treatment?,2026,42505913,PMC13410126,abstract_only,,,
PMID:42506432,Metabolomic Insights into Lysosomal Storage Diseases: An Untargeted View.,2026,42506432,PMC13414020,abstract_only,,,
PMID:42508058,Multisuture craniosynostosis and acquired Chiari malformation secondary to vitamin D deficiency rickets: illustrative case.,2026,42508058,PMC13403598,abstract_only,,,
PMID:42508965,Dupilumab Provides Meaningful Clinical Responses in Harlequin Ichthyosis (ABCA12-nEDD): A Report of Two Cases.,2026,42508965,,abstract_only,,,
PMID:42508975,Pyoderma gangrenosum in a 26-year-old woman.,2026,42508975,PMC13427087,metadata_only,,,
PMID:42509795,Evaluation of Topical Reconstituted HDL as a Treatment for Diabetic Wounds in Murine and Porcine Models.,2026,42509795,PMC13407075,abstract_only,,,
PMID:42509849,DADA2 as a Model of Monogenic Immune Vasculopathy: From Immunopathogenesis to Precision Therapeutics.,2026,42509849,PMC13407256,abstract_only,,,
PMID:42509937,"Epilepsy, Cognitive, and Behavioral Outcomes in Neurocutaneous Syndromes: A Comparative Review of NF1, TSC, and Sturge-Weber Syndrome.",2026,42509937,PMC13407127,abstract_only,,,
PMID:42510034,"Decoding Lupus Diagnosis, Pathogenesis and Therapy: From Systemic Autoimmunity to Renal Damage.",2026,42510034,PMC13409482,abstract_only,,,
PMID:42510871,Genetic and Epigenetic Mechanisms Underlying Phenotypic Discordance in Monochorionic Monozygotic Twins: A Systematic Review.,2026,42510871,PMC13411809,abstract_only,,,
PMID:42510961,Next-Generation Sequencing in Pulmonary Fibrosis: Translational Promise and Current Clinical Limitations.,2026,42510961,PMC13408445,abstract_only,,,
PMID:42511474,"Mitochondrial Genetic Diseases and Ophthalmic Manifestations: Molecular Pathophysiology, Genetics, and Clinical Management.",2026,42511474,PMC13410010,abstract_only,,,
PMID:42511584,Intrafamilial Variability in &lt;i&gt;NRXN1&lt;/i&gt;-Associated Neurodevelopmental Disorders: Clinical and Genetic Insights from a Family Case Study with Literature Review.,2026,42511584,PMC13409882,abstract_only,,,
PMID:42511666,Cantú Syndrome: A Poorly Understood Multi-Organ Disorder.,2026,42511666,PMC13411887,abstract_only,,,
PMID:42511746,"Hereditary Pancreatic Cancer: Genetic Risk, Surveillance Strategies, and Therapeutic Implications.",2026,42511746,PMC13410001,abstract_only,,,
PMID:42512408,"Vitamin D Status and Gastroenteropancreatic Neuroendocrine Neoplasms: Biological Rationale, Clinical Associations and Limitations of Current Evidence.",2026,42512408,PMC13406803,abstract_only,,,
PMID:42512450,Molecular Mechanisms of Neurodegenerative Diseases: Emerging Biomarkers and Therapeutic Targets.,2026,42512450,PMC13406280,abstract_only,,,
PMID:42512878,Successful Transition in Rare Metabolic Bone Diseases: One-Year Outcomes of a Multidisciplinary Pediatric-Adult Program.,2026,42512878,PMC13413719,abstract_only,,,
PMID:42512917,Prenatal Diagnosis and Perinatal Outcomes of Posterior Fossa Anomalies in a Tertiary Referral Center: A Five-Year Experience.,2026,42512917,PMC13414285,abstract_only,,,
PMID:42513102,Cholesterol at the Center of Alzheimer's Disease: A Unifying Hypothesis on the Pathogenic Mechanism.,2026,42513102,PMC13413930,abstract_only,,,
PMID:42513246,Exposome Versus Genome in HS: How Do We Currently Explain Where Disease Arises from?,2026,42513246,PMC13409858,abstract_only,,,
PMID:42513470,Novel Compound Heterozygous Variants in &lt;i&gt;TGM1&lt;/i&gt; and &lt;i&gt;CYP4F22&lt;/i&gt; in Two Newborns with Non-Syndromic Epidermal Differentiation Disorders (&lt;i&gt;TGM1&lt;/i&gt;-nEDD and &lt;i&gt;CYP4F22&lt;/i&gt;-nEDD).,2026,42513470,PMC13413125,abstract_only,,,
PMID:42515197,"Copper Compounds: A Narrative and Regulatory Review of Agricultural Uses, Risks, and Environmental Assessment.",2026,42515197,PMC13416924,abstract_only,,,
PMID:42516484,Postoperative Pyoderma Gangrenosum Mimicking Early Periprosthetic Joint Infection After Total Hip Arthroplasty in a Patient With Hairy Cell Leukemia: A Diagnostic Challenge.,2026,42516484,PMC13403944,abstract_only,,,
PMID:42517967,"Diffuse hemispheric glioma, H3 G34-mutant, in Simpson-Golabi-Behmel syndrome: the first reported case.",2026,42517967,,abstract_only,,,
PMID:42519322,Lipid metabolism drives podocyte injury in diabetic kidney disease.,2026,42519322,PMC13381303,abstract_only,,,
PMID:42519342,Lambda restricted light chain as pathogenic cause of POEMS syndrome: a review of the hypothesis.,2026,42519342,PMC13381824,abstract_only,,,
PMID:42521674,Mitochondrial quality control in health and disease: mechanisms and therapeutic targets.,2026,42521674,PMC13415885,abstract_only,,,
PMID:42523816,Moving in Tandem: Epilepsy-Dyskinesia Syndromes.,2026,42523816,PMC13407666,metadata_only,,,
PMID:42525903,"Natural History of Adult-Onset Myotonic Dystrophy Type 1: Longitudinal Changes in Radiologic, Clinical, and Patient-Reported Outcomes.",2026,42525903,PMC13445494,abstract_only,,,
PMID:42526946,Treatable traits approach for personalised management of sarcoidosis.,2026,42526946,PMC13423189,abstract_only,,,
PMID:42532628,Telomere dysfunction and mucociliary impairment drive idiopathic pulmonary fibrosis susceptibility: insights from a Sardinian whole-exome study.,2026,42532628,PMC13423060,abstract_only,,,
PMID:42534682,Adenosine triphosphate-binding cassette transporters: key players in maintaining fetal health during pregnancy.,2026,42534682,PMC13422154,abstract_only,,,
PMID:42535737,Shared genetics of IgA nephropathy and cardiometabolic diseases revealed by integrative genomic analysis.,2026,42535737,PMC13431020,abstract_only,,,
PMID:42535932,PhenoSS: phenotype semantic similarity-based approach for rare disease prediction and patient clustering.,2026,42535932,PMC13630301,abstract_only,,,
PMID:42538319,Immune Dysregulation and Lymphoma Risk in Deficiency of Adenosine Deaminase 2.,2026,42538319,PMC13427637,metadata_only,,,
PMID:42538554,"Cellular senescence: the ""hidden driver"" in chronic inflammatory skin disorders.",2026,42538554,PMC13425925,abstract_only,,,
PMID:42540042,Systemic associations of pyoderma gangrenosum: a systematic review.,2026,42540042,PMC13425086,abstract_only,,,
PMID:42541364,Phenotype-guided etiologic workup in a prospective cohort of 144 adults with developmental and epileptic encephalopathy.,2026,42541364,PMC13428349,abstract_only,,,
PMID:42541759,Safety of glucagon-like peptide-1 receptor agonists in neuroendocrine neoplasms.,2026,42541759,,abstract_only,,,
PMID:42542782,Pyoderma gangrenosum as a rare manifestation of myelodysplastic syndrome in a pediatric patient: A case report.,2026,42542782,PMC13428157,abstract_only,,,
PMID:42544311,"Adverse Events Associated with Incretin-Based Therapies: A Narrative Review on Mechanisms, Clinical Management, and Risk Mitigation.",2026,42544311,PMC13429114,abstract_only,,,
PMID:42544902,Palindromic Rheumatism: Revisiting the Approach to an Enigmatic Condition.,2026,42544902,PMC13430669,metadata_only,,,
PMID:42547464,Skin Lipid Dysregulation in Atopic Dermatitis and Related Inflammatory Skin Diseases.,2026,42547464,PMC13441561,abstract_only,,,
PMID:42548578,"A multi-dimensional phenotyping framework reveals coordinated neuromuscular, immune, and imaging-derived phenotypes in experimental autoimmune myasthenia gravis.",2026,42548578,PMC13429450,abstract_only,,,
PMID:42548612,When barriers fail: the role of endothelial dysfunction in rare pediatric neuromuscular diseases.,2026,42548612,PMC13429647,abstract_only,,,
PMID:42550004,Parathyroid Carcinoma Revisited: Clinical and Pathological Insights From Two Decades of Experience.,2026,42550004,PMC13532155,abstract_only,,,
PMID:42552541,TGFβ-1 induces the release of BAG3 protein by human fibroblasts.,2026,42552541,PMC13436276,metadata_only,,,
PMID:42553529,Bloom Syndrome Presenting as Early-Onset Bilateral Breast Cancer and Multisystem Metabolic Disease: A Case Report.,2026,42553529,PMC13435223,abstract_only,,,
PMID:42553672,A Case of Sotos Syndrome With Right Shoulder Disarticulation Due to a High-Grade Malignant Peripheral Nerve Sheath Tumor in the Right Arm and Shoulder.,2026,42553672,PMC13435303,abstract_only,,,
PMID:42553834,Cryoglobulinemic Vasculitis: Clinical Analysis of a Case and Its Diagnostic Relevance.,2026,42553834,PMC13436841,abstract_only,,,
PMID:42554324,Globoid cell leukodystrophy (Krabbe disease).,2026,42554324,,abstract_only,,,
PMID:42557353,Plasma neuropilin-1 is associated with a favorable lipid profile and insulin sensitivity in a population-based sample of 50-year-old individuals.,2026,42557353,PMC13442846,abstract_only,,,
PMID:42557980,Clinical and Genetic Profile of One Molecularly Confirmed and One Clinically Suspected Case of LZTR1 -Related Noonan Syndrome.,2026,42557980,PMC13533866,abstract_only,,,
PMID:42558002,Astrocytes in Genetic Epilepsies: Supporting Actor or Key Player?,2026,42558002,PMC13444675,abstract_only,,,
PMID:42558257,"Profiles of sleep disturbances in Angelman, Prader-Willi, and Rett syndromes: analysis of standardized questionnaires.",2026,42558257,PMC13437362,abstract_only,,,
PMID:42558877,"Neuroimmunological overlap syndromes in optic neuritis, myelitis, and connective tissue diseases.",2026,42558877,PMC13438464,abstract_only,,,
PMID:42559421,Current and future advances in practice: polyarteritis nodosa and related vasculitides.,2026,42559421,PMC13441179,abstract_only,,,
PMID:42559525,A Case Study of PSTPIP1-Associated Myeloid-Related Proteinemia Inflammatory Syndrome Masquerading as Inflammatory Bowel Disease.,2026,42559525,PMC13441281,abstract_only,,,
PMID:42562187,Congenital ichthyosis is associated with increased risk of allergic disorders.,2026,42562187,,abstract_only,,,
PMID:42563867,Impaired Copper Metabolism in a Patient With Short Gut and IDEDNIK Syndrome.,2025,42563867,PMC13359267,metadata_only,,,
PMID:42564983,Case Report: Mercury exposure and anti-LGI1/Caspr2 autoimmune encephalitis: a case series and literature review on the paradoxical worsening after chelation therapy.,2026,42564983,PMC13446009,abstract_only,,,
PMID:42566402,Identification of senescence-related genes in diagnosing idiopathic pulmonary fibrosis via integrating bioinformatics analysis and machine learning.,2026,42566402,PMC13450802,abstract_only,,,
PMID:42567048,A systematic review of abatacept and belatacept in immune-mediated diseases.,2026,42567048,,abstract_only,,,
PMID:42569289,Interactions Between Epidermal Growth Factor-Containing Fibulin-Like Extracellular Matrix Protein 1 and Tissue Inhibitor of Metalloproteinases-3 and Relevance to Age-Related Macular Degeneration.,2026,42569289,PMC13449369,abstract_only,,,
PMID:42569418,Multidisciplinary Management of the Rare Coexistence of Multiple Endocrine Neoplasia Type 1 and Chronic Thromboembolic Pulmonary Hypertension: A Case Report.,2026,42569418,PMC13449901,abstract_only,,,
PMID:42569525,Systemic Idiopathic Polyarteritis Nodosa Mimicking Cryoglobulinemic Vasculitis: A Diagnostic Challenge.,2026,42569525,PMC13450197,abstract_only,,,
PMID:42570028,The Russian FSHD registry: a first look at the cohort.,2026,42570028,PMC13582244,abstract_only,,,
PMID:42570616,Rehmannia glutinosa extract inhibits Henoch-Schönlein Purpura (IgA Vasculitis) by restoring regulatory T cell and T helper 17 cell balance via the PI3K/Akt/mTOR signaling pathway.,2026,42570616,,abstract_only,,,
PMID:42572031,Clinical application of artificial intelligence technology in epilepsy.,2026,42572031,PMC13455378,abstract_only,,,
PMID:42573456,Acute Myocarditis: From Pathophysiology to Risk-Stratified Management-A Clinical Review.,2026,42573456,PMC13455772,abstract_only,,,
PMID:42573824,Clinical significance of SQSTM1 variants in ALS: report of p.Arg119Cys and literature review.,2026,42573824,PMC13457280,abstract_only,,,
PMID:42574201,"Status Dystonicus: An Updated Review on Diagnosis, Pathophysiology, and Management.",2026,42574201,PMC13544879,abstract_only,,,
PMID:42575679,Angioedema: a rare manifestation of Henoch-Schönlein purpura.,2026,42575679,PMC13474378,abstract_only,,,
PMID:42577114,Prevalence of clinical manifestations among patients with hypophosphatasia in Central and Eastern European countries.,2026,42577114,PMC13453749,abstract_only,,,
PMID:42577214,Characteristics of adult individuals with Rett syndrome treated or untreated with trofinetide in the United States.,2026,42577214,PMC13453723,abstract_only,,,
PMID:42577556,Recurrent Idiopathic Intracranial Hypertension in a Patient With Systemic Lupus Erythematosus: A Case Report.,2026,42577556,PMC13454553,abstract_only,,,
PMID:42577568,Development and validation of a cytokine-based diagnostic model for Kikuchi-Fujimoto disease.,2026,42577568,PMC13454530,abstract_only,,,
PMID:42577662,"Myocarditis in the Modern Era: Navigating Diagnosis, Innovative Treatments, the COVID-19 Challenge and the Role of Artificial Intelligence.",2026,42577662,PMC13454957,abstract_only,,,
PMID:42578060,Delayed Diagnosis of Tuberous Sclerosis Complex: A Case Report.,2026,42578060,PMC13456067,abstract_only,,,
PMID:42579009,Assessment of bone involvement by DXA and HR-pQCT in patients with X-linked hypophosphatemia.,2026,42579009,,abstract_only,,,
PMID:42579528,RETurn of the Gene. Post scriptum.,2026,42579528,PMC13545730,metadata_only,,,
PMID:42581113,Oxidative stress and inflammation in neurodegenerative disorders.,2026,42581113,PMC13593723,abstract_only,,,
PMID:42583025,Results from the first clinical trial of bitopertin for steroid-relapsed/refractory Diamond-Blackfan anemia.,2026,42583025,PMC13459865,abstract_only,,,
PMID:42583470,Association between serum anti-granulocyte-macrophage colony-stimulating factor autoantibodies and nintedanib-induced diarrhea in interstitial lung disease: a retrospective study.,2026,42583470,PMC13460136,abstract_only,,,
PMID:42583601,Idiopathic pulmonary fibrosis and interleukins: a bibliometric analysis [1999-2025].,2026,42583601,PMC13460226,abstract_only,,,
PMID:42586985,Population-based genomic detection of childhood cancer predisposition using newborn dried blood spots.,2026,42586985,PMC13470452,abstract_only,,,
PMID:42587748,Potential Mechanisms of Platelet Dysfunction and Bleeding in Acid Sphingomyelinase Deficiency.,2026,42587748,PMC13466096,abstract_only,,,
PMID:42587782,Plasma Proteomics in IgA Nephropathy: From Circulating Biomarkers to Molecular Endotypes.,2026,42587782,PMC13464405,abstract_only,,,
PMID:42588191,Phosphate: An Anion Controlling Metabolic Functions.,2026,42588191,PMC13467933,abstract_only,,,
PMID:42588691,Thyroid Cancer: From Potential Drivers to Real Modulators.,2026,42588691,PMC13464017,abstract_only,,,
PMID:42588717,The Role of Direct-Acting Antivirals (DAAs) in Hepatitis C Virus-Associated Lymphoproliferative Disorders.,2026,42588717,PMC13465498,abstract_only,,,
PMID:42589265,Anti-Inflammatory and Antioxidant Strategies in Epilepsy: From Molecular Mechanisms to Threshold Management.,2026,42589265,PMC13466846,abstract_only,,,
PMID:42589411,"PARP Inhibitor Sensitivity in Tumors Harboring Non-BRCA Homologous Recombination Gene Alterations: Current Evidence Across Ovarian, Breast, Prostate, and Pancreatic Cancers.",2026,42589411,PMC13466446,abstract_only,,,
PMID:42589518,When Neurodevelopment Meets Autoimmunity: Pemphigus Foliaceus in Rett Syndrome Expands the Clinical Spectrum-A Case Report.,2026,42589518,PMC13467044,abstract_only,,,
PMID:42589575,Evolving Therapeutic Paradigms in Pediatric Hypophosphatasia: From Survival-Driven Care to Integrated Precision Management.,2026,42589575,PMC13466816,abstract_only,,,
PMID:42589660,Hypophosphatasia: Results of a Country-Wide Selective Screening Program Using NGS Technology as a First-Tier Test.,2026,42589660,PMC13467040,abstract_only,,,
PMID:42589698,Osteoglycin and Sclerostin Imbalance in Hypophosphatasia: Bone-Derived Markers of Mineralization and Systemic Involvement.,2026,42589698,PMC13467457,abstract_only,,,
PMID:42591331,Case report and literature review: a case of rare papillary thyroid carcinoma combined with paraganglioma.,2026,42591331,PMC13461543,abstract_only,,,
PMID:42591763,Gut microbiota dysbiosis and immune responses: insights from IgA nephropathy and inflammatory bowel disease.,2026,42591763,PMC13462605,abstract_only,,,
PMID:42592062,Telomere-associated non-malignant pulmonary diseases: Pathogenic mechanisms and therapeutic strategies.,2026,42592062,PMC13464096,abstract_only,,,
PMID:42592637,Post-surgical Pyoderma Gangrenosum Following Elective Aesthetic Procedures: A Case Series of 10 Patients and a Multidisciplinary Treatment Approach.,2026,42592637,PMC13467275,abstract_only,,,
PMID:42593271,Kikuchi-Fujimoto Disease - A Case Report in a Middle-aged Adult.,2026,42593271,,abstract_only,,,
PMID:42593521,Recent advances in etiology and treatment of von Hippel-Lindau Disease (VHLD).,2026,42593521,PMC13473127,abstract_only,,,
PMID:42594875,Individualized antisense oligonucleotide treatment eligibility of patients living with neurodevelopmental diseases.,2026,42594875,PMC13589468,abstract_only,,,
PMID:42596563,"Clinical manifestations, diagnosis, and management of renal involvement in Fabry disease.",2026,42596563,PMC13479526,abstract_only,,,
PMID:42596956,Pathways to enhancing prenatal diagnosis of skeletal dysplasias.,2026,42596956,PMC13344297,abstract_only,,,
PMID:42597178,Supraventricular tachyarrhythmias in arrhythmogenic cardiomyopathy and Brugada syndrome: a systematic review.,2026,42597178,PMC13467924,abstract_only,,,
PMID:42597282,A rare coexistence of immunoglobulin light chain amyloidosis and POEMS syndrome manifesting as refractory heart failure: a case report and literature review.,2026,42597282,PMC13468894,abstract_only,,,
PMID:42597562,Chronic Recurrent Multifocal Osteomyelitis in a Pediatric Patient: An Uncommon Case With Diagnostic Challenge.,2026,42597562,PMC13468900,abstract_only,,,
PMID:42597690,Adaptive immune dysregulation drives new-onset refractory status epilepticus.,2026,42597690,PMC13470194,abstract_only,,,
PMID:42597897,Liver-kidney crosstalk in primary biliary cholangitis: insights into the mechanisms of renal involvement.,2026,42597897,PMC13469685,abstract_only,,,
PMID:42598264,Early Pubertal Progression and Increased 11-Oxygenated Androgens in a Girl with Wiedemann-Steiner Syndrome and a &lt;i&gt;KMT2A&lt;/i&gt; Variant: A Case Report.,2026,42598264,,abstract_only,,,
PMID:42601817,Tofacitinib for Calcinosis Cutis Associated With Juvenile Dermatomyositis: An Open-Label Single-Arm Study.,2026,42601817,PMC13476698,abstract_only,,,
PMID:42601930,Recent advances in research on high-frequency mutations in the ATP7B gene associated with Wilson disease in the Chinese population: from genetic evolution to precision medicine.,2026,42601930,PMC13472911,abstract_only,,,
PMID:42602030,Efficacy and safety of various immunosuppressive agents for pediatric Henoch-Schönlein purpura nephritis (IgA vasculitis nephritis) in Chinese children: a systematic review and network meta-analysis.,2026,42602030,PMC13473287,abstract_only,,,
PMID:42602593,"What Resources Are Available for Parents Online? A Readability, Quality, and Source Evaluation of Website and AI-Generated Content on Inherited Pediatric Orthopaedic Conditions.",2026,42602593,PMC13475222,abstract_only,,,
PMID:42603042,Simultaneous Appearance of Immunoglobulin A Nephropathy and Tubulointerstitial Nephritis and Uveitis Syndrome: A Case Report.,2026,42603042,PMC13476060,abstract_only,,,
PMID:42604018,A rare case of morphea following zilucoplan treatment for generalized myasthenia gravis.,2026,42604018,PMC13476548,metadata_only,,,
PMID:42604981,Written in the Stars: Astrocyte Biology From Evolution to Disease.,2026,42604981,PMC13478360,abstract_only,,,
PMID:42605151,Translational Paradox of Triplet Repeat Expansion Disorders: Synthesizing Clinical Trial Failures to Guide Future Therapeutics.,2026,42605151,PMC13478643,abstract_only,,,
PMID:42606162,Practical considerations for the use of incretin mimetics in patients with neuroendocrine neoplasms: An expert consensus statement.,2026,42606162,PMC13479761,abstract_only,,,
PMID:42609681,Diabetic ketoacidosis associated with pancreatic involvement in a patient with von Hippel-Lindau syndrome: a case report.,2026,42609681,PMC13478855,abstract_only,,,
PMID:42609706,Acute Pancreatitis Unmasking an Ectopic Parathyroid Adenoma in MEN1 Syndrome and Cushing's Syndrome: A Rare Clinical Convergence.,2026,42609706,PMC13479657,abstract_only,,,
PMID:42610670,When Powerhouses Fail and Rust Takes Over: Primary Mitochondrial and Lipid Metabolism Failure with Secondary Iron Accumulation and Lipid Peroxidation in Neurodegeneration with Brain Iron Accumulation.,2026,42610670,PMC13488471,abstract_only,,,
PMID:42610708,Clinical outcomes of HIF-2α inhibition in Von Hippel-Lindau disease: a multicenter real-world study.,2026,42610708,PMC13570587,abstract_only,,,
PMID:42611186,"Polyneuropathy, Organomegaly, Endocrinopathy, M-Protein, and Skin Changes (POEMS) Syndrome With Characteristic Muscle Biopsy Findings and Without M-Protein.",2026,42611186,,abstract_only,,,
PMID:42612462,"Infant, maternal and pregnancy associated risk factors for offspring fractures during infancy - A population-based study.",2026,42612462,PMC13543866,abstract_only,,,
PMID:42613557,Establishment of a stable three-dimensional fibrotic cell culture model for reproducible baseline and experimental applications.,2026,42613557,,abstract_only,,,
PMID:42614519,Harlequin Ichthyosis in a Preterm Neonate: A Rare Case Report.,2026,42614519,PMC13481702,abstract_only,,,
PMID:42615765,SOD1 Variants in Patients With Amyotrophic Lateral Sclerosis in Central Eastern Europe: From Genetic Testing to SOD1 Targeted Therapy.,2026,42615765,PMC13488459,abstract_only,,,
PMID:42617006,Sudden Unexpected Death in Epilepsy (SUDEP) and Cardiovascular Dysfunction - Unraveling the Link: A Narrative Review.,2026,42617006,PMC13544893,abstract_only,,,
PMID:42619255,Mitochondria-Targeted Nanotherapies in Aging Neurodegenerative Disorders: Emerging Prospects and Clinical Potential.,2026,42619255,PMC13612936,abstract_only,,,
PMID:42620505,Cladribine treatment in chronic inflammatory demyelinating polyradiculoneuropathy and multifocal motor neuropathy: two case reports.,2026,42620505,PMC13485543,abstract_only,,,
PMID:42621206,"Genetic profile of motor neuron disease in a multiregional Brazilian cohort: an 18-year real-world experience in 1,911 patients.",2026,42621206,PMC13487208,abstract_only,,,
PMID:42621635,Laboratory diagnostics in personalised medicine - 36th Symposium of the Croatian society of medical biochemistry and laboratory medicine.,2026,42621635,PMC13489494,abstract_only,,,
PMID:42622762,"Pathological depositions in human disease: converging mechanisms in atherosclerosis, Alzheimer's disease, and related disorders.",2026,42622762,PMC13493760,abstract_only,,,
PMID:42625355,An Optimized Diagnostic Approach for Adults With Suspected Inherited Metabolic Disorders.,2026,42625355,PMC13494450,abstract_only,,,
PMID:42625797,Clinically Suspected Myotonic Dystrophy in Sub-Saharan Africa: A Rare Case Report Highlighting Rehabilitation Challenges.,2026,42625797,PMC13490718,abstract_only,,,
PMID:42625911,From genes to environment: A life-course approach to prevent pediatric autoimmune diseases.,2026,42625911,PMC13491055,abstract_only,,,
PMID:42625995,Interface between inborn errors of immunity and rheumatological disorders in children: A pediatrician's conundrum.,2026,42625995,PMC13491132,abstract_only,,,
PMID:42626340,"Pediatric occipital lobe epilepsy: A modern review of etiological classification, management, and outcomes.",2026,42626340,PMC13491183,abstract_only,,,
PMID:42626592,Solid Pseudopapillary Neoplasm of the Pancreas: Diagnostic Concordance and Clinicopathologic Correlation of Fine-Needle Aspiration and Long-Term Outcomes.,2026,42626592,PMC13492448,abstract_only,,,
PMID:42628220,Inflammatory Hot Phases in Arrhythmogenic Cardiomyopathy: A Dynamic Electrophysiologic Substrate Beyond Scar.,2026,42628220,PMC13524599,abstract_only,,,
PMID:42629270,"Rare genetic endocrine tumor syndromes: VHL, NF1, TSC, and Carney complex.",2026,42629270,,abstract_only,,,
PMID:42629715,Identifying predictors of systemic sclerosis-associated interstitial lung disease: A two-decade analysis of clinical and radiologic characteristics.,2026,42629715,PMC13502750,abstract_only,,,
PMID:42630079,"Myotonic dystrophy type 1 - updates on mechanisms of multisystemic manifestations, genetically targeted therapeutics, and preparing for a postapproval world.",2026,42630079,,abstract_only,,,
PMID:42630417,Identification of key genes related to arginine metabolism in immunoglobulin A nephropathy through the combination of scRNA-seq and bulk RNA-seq data.,2026,42630417,PMC13493611,abstract_only,,,
PMID:42630442,"Pediatric dilated cardiomyopathy and the progression to heart failure: mechanisms and interventions focusing on the ""gene-inflammation-metabolism"" axis.",2026,42630442,PMC13494467,abstract_only,,,
PMID:42630486,Human biomarker navigator.,2026,42630486,PMC13494139,abstract_only,,,
PMID:42630679,Neonatal Diamond-Blackfan anemia with persistent neutropenia caused by an &lt;i&gt;RPS15A&lt;/i&gt; variant.,2026,42630679,PMC13495045,metadata_only,,,
PMID:42631035,Adult-onset IgA Vasculitis Initially Attributed to a Cutaneous Drug Reaction and Diverticulitis.,2026,42631035,PMC13496474,abstract_only,,,
PMID:42633065,Type III Osteogenesis Imperfecta and &lt;i&gt;COL1A1&lt;/i&gt; Pathological Variants Are Associated With Higher Incidence and Progression of Hearing Loss.,2026,42633065,PMC13498850,abstract_only,,,
PMID:42633326,Advances in FGF/FGFR Signaling: Implications for Disease and Therapy.,2026,42633326,PMC13499369,abstract_only,,,
PMID:42633405,Bone marrow failure syndromes across the age spectrum: diagnostic and therapeutic principles.,2026,42633405,PMC13499452,abstract_only,,,
PMID:42634355,Clinical pearls and pitfalls in inborn errors of immunity: An expert-derived framework for diagnostic pattern recognition.,2026,42634355,PMC13501058,abstract_only,,,
PMID:42634715,Recurrent Lower-Extremity Purpura Mistaken for Cellulitis: Hepatitis C Virus-Associated Type III Mixed Cryoglobulinemic Vasculitis.,2026,42634715,PMC13500091,abstract_only,,,
PMID:42638715,"MicroRNA regulation in pulmonary fibrosis: a bibliometric analysis of global research trends, collaborative networks, and emerging frontiers.",2026,42638715,PMC13500576,abstract_only,,,
PMID:42638834,Glucose Transporter Deficiency Syndrome Type 1 (Glut1-DS): New Insights From a Brazilian Cohort of Patients.,2026,42638834,PMC13500214,abstract_only,,,
PMID:42639305,Copper homeostasis and organelle-dependent mechanisms in bone metabolism: implications for osteoporosis therapy.,2026,42639305,PMC13501225,abstract_only,,,
PMID:42642022,A Contemporary Pathomechanistic Nosology of Inherited Lysosomal Disorders.,2026,42642022,PMC13506238,abstract_only,,,
PMID:42642677,The quiet flame: whole-body MRI and the underestimated burden of pediatric chronic non-bacterial osteomyelitis (CNO).,2026,42642677,PMC13506620,abstract_only,,,
PMID:42643679,Japanese intractable and rare dermatologic diseases: From the official skin-centered nanbyo core to an illustrative mechanism-based framework.,2026,42643679,PMC13504547,abstract_only,,,
PMID:42643840,A biomarker-guided framework for corticosteroid treatment stratification in acute exacerbation of idiopathic pulmonary fibrosis.,2026,42643840,PMC13504195,abstract_only,,,
PMID:42644016,Traditional Chinese medicine research on rare diseases: Publication trends and future perspectives.,2026,42644016,PMC13504681,abstract_only,,,
PMID:42644872,Interstitial Lung Disease in the United States: CDC Mortality Trends (1999-2024).,2026,42644872,PMC13509682,abstract_only,,,
PMID:42645373,Completion Nephrectomy Outcomes Following Prior Partial Nephrectomy in Hereditary Kidney Cancer Syndromes.,2026,42645373,PMC13510471,abstract_only,,,
PMID:42645430,Real-World Effectiveness of Secukinumab in Congenital Ichthyoses: A Retrospective Monocentric Case Series.,2026,42645430,PMC13509879,abstract_only,,,
PMID:42645719,Possible involvement of viral infection in the pathogenesis of myasthenia gravis.,2026,42645719,PMC13518376,abstract_only,,,
PMID:42645834,Clinical Significance of Echocardiographic Parameters in Patients with Pulmonary Hypertension Associated with Interstitial Lung Disease.,2026,42645834,PMC13513817,abstract_only,,,
PMID:42647236,"The Microbiota-Gut-Brain Axis and Nutritional Interventions in Amyotrophic Lateral Sclerosis: Pathophysiological Mechanisms, Neuroinflammation, and Non-Motor Manifestations-Scoping Review.",2026,42647236,PMC13511448,abstract_only,,,
PMID:42647246,Homozygosity for a Clinically Significant &lt;i&gt;GALC&lt;/i&gt; Haplotype Associated with Late-Infantile Krabbe Disease Detected on Newborn Screening: Implications for Clinical Management and Genetic Counseling.,2026,42647246,PMC13510908,abstract_only,,,
PMID:42647384,Cutaneous Pediatric Vasculitis: A Clinico-Histopathological Overview of Common and Novel Entities.,2026,42647384,PMC13510461,abstract_only,,,
PMID:42647902,Immunoglobulin A Vasculitis-Associated Ileoileal Intussusception in an Adult Male: Case Report.,2026,42647902,PMC13518024,abstract_only,,,
PMID:42649076,[Clinical practice and research of chronic inflammatory demyelinating polyneuropathy: current status and future].,2026,42649076,,abstract_only,,,
PMID:42649954,Pancreatoblastoma: A Descriptive and Comparative Analysis with Pancreatic Ductal Adenocarcinoma Using SEER Data.,2026,42649954,PMC13510784,abstract_only,,,
PMID:42650043,"Advances in Primary Mitochondrial Diseases: Diagnosis, Natural History Studies and Clinical Trials.",2026,42650043,PMC13512127,abstract_only,,,
PMID:42650056,Discovery of Causative Genetic Variants in Patients with Congenital and/or Developmental Anomalies by Exome Sequencing.,2026,42650056,PMC13512218,abstract_only,,,
PMID:42650065,Advances in Research on &lt;i&gt;AARS1&lt;/i&gt;/&lt;i&gt;AARS2&lt;/i&gt;-Related Disorders: A Focus on Leukodystrophies.,2026,42650065,PMC13512900,abstract_only,,,
PMID:42650158,Genetic Architecture of Synaptic Failure in Dementia with Lewy Bodies: From α-Synuclein Proteoforms to GBA1-Mediated Plasticity Deficits.,2026,42650158,PMC13512021,abstract_only,,,
PMID:42650168,Chronic Urticaria-Associated Syndromes: Is Andersen-Tawil Syndrome One of Them?,2026,42650168,PMC13512175,abstract_only,,,
PMID:42650327,Potential Contributions of Sleep and Circadian Rhythms to Behavioral Difficulties in Children with Smith-Magenis Syndrome in Real Life: An Actigraphy-Based Study.,2026,42650327,PMC13511206,abstract_only,,,
PMID:42650794,ALS: An Organism-Wide Bioenergetic Failure Due to Mitochondrial Dysfunctions?,2026,42650794,PMC13511325,abstract_only,,,
PMID:42651034,Early-Onset TRNT1-Related SIFD Syndrome with an Additional Monoallelic C7 Variant: A Pediatric Case Report.,2026,42651034,PMC13511835,abstract_only,,,
PMID:42651201,"Early Manifestations, Diagnostic Pathways, and Epilepsy in Juvenile-Onset Huntington Disease: A Three-Patient Case Series and Systematic Review.",2026,42651201,PMC13510472,abstract_only,,,
PMID:42651828,"Antiseizure Medications in Development: Novel Mechanisms, Precision Therapy, and the Move Towards Disease Modification.",2026,42651828,PMC13510719,abstract_only,,,
PMID:42652648,Beyond Chronic Inflammatory Demyelinating Polyradiculoneuropathy: Anti-Contactin-1 Autoimmune Nodopathy Unmasked by Proteinuria.,2026,42652648,PMC13513083,abstract_only,,,
PMID:42652676,"Fetal Hepatosplenomegaly: Stepwise Diagnostic Framework, Diagnostic Approach to Fetal Hepatosplenomegaly.",2026,42652676,PMC13513750,abstract_only,,,
PMID:42653169,Theranostic Innovative Strategies for Brain Diseases: New Insights on Neurovascular Unit-Associated Pathological Changes in Neurodegenerative Disorders and Aging.,2026,42653169,PMC13513566,abstract_only,,,
PMID:42653459,"Special Issue: ""Potential Prevention and Treatment of Neurodegenerative Disorders"".",2026,42653459,PMC13513903,abstract_only,,,
PMID:42653465,Genomics and Multi-Omics to Guide Clinical Management in Thyroid Cancer.,2026,42653465,PMC13513663,abstract_only,,,
PMID:42655823,qEEG and Functional Connectivity as a Translational Bridge Between Humans and Dogs in Epilepsy and Associated Disorders: From Spontaneous Model to Automatic Classification-An Integrative Review.,2026,42655823,PMC13517202,abstract_only,,,
PMID:42656039,Neurological Adverse Events Associated With Immune Checkpoint Inhibitors Identified Through Disproportionality Analysis of the FDA Adverse Event Reporting System.,2026,42656039,PMC13519520,abstract_only,,,
PMID:42656744,Targeting macrophage polarization: mechanisms and potential of mesenchymal stromal/stem cells therapy in acne treatment- a narrative review.,2026,42656744,PMC13507781,abstract_only,,,
PMID:42657116,"Same tumor, different lungs: How chronic obstructive pulmonary disease and interstitial lung disease reshape lung cancer risk and treatment.",2026,42657116,PMC13509148,metadata_only,,,
PMID:42659546,[Metabolic diseases caused by alterations in transporters].,2026,42659546,,abstract_only,,,
PMID:42661216,Interventions targeting challenges experienced by individuals with Pitt Hopkins syndrome: a scoping review.,2026,42661216,PMC13523344,abstract_only,,,
PMID:42664215,"Electronic health record evidence suggests undercoding, underrecognition, and low antifibrotic use in progressive pulmonary fibrosis.",2026,42664215,PMC13524242,abstract_only,,,
PMID:42665405,Dissociated FoxP3 Up-regulation With Functional Surface Marker Loss Defines a Convergent Treg Paradox Across Immunological Archetypes of IgA Nephropathy and IgA Vasculitis.,2026,42665405,PMC13531163,abstract_only,,,
PMID:42666480,Metabolic dysfunction-associated steatotic liver disease as a systemic disorder: extrahepatic manifestations and the need for data-driven phenotyping.,2026,42666480,PMC13522819,abstract_only,,,
PMID:42666682,"Hepatitis C virus-associated B-cell non-Hodgkin lymphomas: immune evasion, multistep lymphomagenesis, and candidate biomarkers for risk stratification and disease monitoring.",2026,42666682,PMC13522910,abstract_only,,,
PMID:42667098,Fetal cardiac rhabdomyoma: Two prenatally diagnosed cases with contrasting outcomes.,2026,42667098,PMC13524463,abstract_only,,,
PMID:42668699,Diagnostic challenges and mimicking disorders of Wilson's Disease: A comprehensive review.,2026,42668699,PMC13525243,abstract_only,,,
PMID:42668896,Calpeptin Reduces Extracellular Vesicle Secretion and Induces Anti-Inflammatory Effects but Upregulates HO-1 and Alters Adiponectin Levels in Human Adipocytes.,2026,42668896,PMC13525864,abstract_only,,,
PMID:42669047,"Diagnosis and management of very rare primary arrhythmia syndromes in children and adults: a Clinical Consensus Statement of the European Heart Rhythm Association of the ESC and the Association of Cardiovascular Nursing &amp; Allied Professions of the ESC, endorsed by the Association for European Paediatric and Congenital Cardiology.",2026,42669047,PMC13522997,abstract_only,,,
PMID:42669932,A Scoping Review of Pentalogy of Cantrell: Insights From a Case With IC2 Hypomethylation on Chromosome 11p15 (Beckwith-Wiedemann Syndrome Locus).,2026,42669932,,abstract_only,,,
PMID:42670392,"HDAC9 in Insulin Resistance: An Update on Epigenetic Mechanisms, Inflammatory Crosstalk, and Therapeutic Potential.",2026,42670392,PMC13526333,abstract_only,,,
PMID:42670708,What Explains the Pattern of Fibrosis in Chronic Graft-Versus-Host Disease?,2026,42670708,PMC13527652,abstract_only,,,
PMID:42671629,Hereditary neurodegenerative disorders with spastic-ataxic manifestations: genetic and clinical insights into previously reported variants.,2026,42671629,PMC13529854,abstract_only,,,
PMID:42674550,Nintedanib-Associated Glomerular Endothelial Injury With Secondary Collapsing Focal Segmental Glomerulosclerosis: Potential Role of Sodium-Glucose Cotransporter 2 Inhibition.,2026,42674550,PMC13529372,abstract_only,,,
PMID:42675240,Artificial Intelligence in Neuromuscular Diseases: Opportunities for a Data-Scarce Field.,2026,42675240,PMC13615195,abstract_only,,,
PMID:42675502,Phase separation in neurodegenerative disorders: a metabolic perspective on protein aggregation and therapeutic targeting.,2026,42675502,PMC13528016,abstract_only,,,
PMID:42675949,The WNT/β-catenin Pathway and Matrix Metalloproteinase-9 in hypermobile Ehlers-Danlos Syndrome and Autism Spectrum Disorder: A Possible Connection.,2026,42675949,PMC13539730,abstract_only,,,
PMID:42675998,Leukotrichia: A comprehensive review of follicular depigmentation.,2026,42675998,PMC13535012,abstract_only,,,
PMID:42676347,"Clinical features of MEN1 in children, adolescents, and young adults: a single-center study.",2026,42676347,PMC13526606,abstract_only,,,
PMID:42676626,Prenatal genetic findings and pregnancy outcomes in fetuses with congenital heart disease: a decade-long retrospective analysis at a tertiary hospital.,2026,42676626,PMC13526937,metadata_only,,,
PMID:42676888,Extra-articular rheumatoid arthritis: example of RA-associated interstitial lung disease.,2026,42676888,PMC13527484,abstract_only,,,
PMID:42677058,Anifrolumab for rituximab-induced SCLE and cryoglobulinemic vasculitis in primary Sjögren's disease: a case report.,2026,42677058,PMC13527571,abstract_only,,,
PMID:42677125,"Predicting disease progression in progressive cerebellar ataxias: integrating clinical, imaging, fluid, genetic, and digital biomarkers.",2026,42677125,PMC13527938,abstract_only,,,
PMID:42677144,Prominent Self-Injurious Behavior Masking the Diagnosis of Rett Syndrome: A Case Report from a Resource-Limited Setting.,2026,42677144,PMC13527807,abstract_only,,,
PMID:42677154,Survival benefit and immune-related toxicities after hematopoietic stem cell transplantation in Krabbe disease: a systematic review and meta-analysis.,2026,42677154,PMC13527937,abstract_only,,,
PMID:42678590,Whole-exome sequencing reveals a novel frameshift and a recurrent nonsense SPG11 variant causing rare familial amyotrophic lateral sclerosis type 5 in two consanguineous Pakistani families.,2026,42678590,PMC13534196,abstract_only,,,
PMID:42681593,Chronic Inflammatory Demyelinating Polyneuropathy: Update on Diagnosis and Treatment.,2026,42681593,,abstract_only,,,
PMID:42682491,"Vasculitic neuropathy: clinical features, diagnostic approach, and neurological outcomes in a single-center cohort.",2026,42682491,PMC13529571,abstract_only,,,
PMID:42682559,Research on a rapid detection method for systemic lupus erythematosus based on Raman spectroscopy.,2026,42682559,PMC13529956,abstract_only,,,
PMID:42682796,A protracted diagnostic journey of pediatric PAPA syndrome and subsequent response to tofacitinib therapy: a case report and literature review.,2026,42682796,PMC13529982,abstract_only,,,
PMID:42682901,Pancreatic neuroendocrine tumors in patients with tuberous sclerosis: a multicenter study and systematic review.,2026,42682901,PMC13530301,abstract_only,,,
PMID:42682963,Possible Paraneoplastic Amyotrophic Lateral Sclerosis Presenting as Respiratory Failure in a Breast Cancer Patient: A Case Report.,2026,42682963,PMC13530849,abstract_only,,,
PMID:42685196,Defective EV-mediated transport of SHH alters neural fate specification in EPM1 epilepsy.,2026,42685196,PMC13537273,abstract_only,,,
PMID:42685337,Phenotypic features of paroxysmal dyskinesia in Dachshund dogs: 62 cases (2017-2025).,2026,42685337,PMC13537510,abstract_only,,,
PMID:42685339,A SINE-like insertion in intron 13 of the ATP7A gene is associated with a mild form of Menkes-like disease in a Cavalier King Charles Spaniel.,2026,42685339,PMC13537520,abstract_only,,,
PMID:42687168,Neonatal Aicardi-Goutières syndrome presenting with macrophage activation syndrome-like hyperinflammation and severe congenital glaucoma: a case report.,2026,42687168,PMC13539890,abstract_only,,,
PMID:42688186,Aseptic meningitis and meningoencephalitis associated with pediatric histiocytic necrotizing lymphadenitis: a 26-case series.,2026,42688186,PMC13534017,abstract_only,,,
PMID:42688363,A compact five-gene immuno-fibrotic profile distinguishing systemic sclerosis subtypes with PXDN validated as a fibrosis-associated target.,2026,42688363,PMC13534019,abstract_only,,,
PMID:42688510,Cutaneous Clue to Clonal Evolution: Sweet's Syndrome Heralding Hematologic Progression in Essential Thrombocythemia.,2026,42688510,PMC13535846,abstract_only,,,
PMID:42688951,Shared Metabolic-Proteinopathy Axis in Alzheimer's Disease and Parkinson's Disease: Evidence for a Convergent but Not Identical Disease Spectrum.,2026,42688951,PMC13535938,abstract_only,,,
PMID:42691741,Biologic-biologic and biologic-JAK inhibitor combination therapy in refractory systemic autoinflammatory diseases.,2026,42691741,PMC13614094,abstract_only,,,
PMID:42693224,"Copper, cuproptosis, and cancer: biology concepts of a novel cell death.",2026,42693224,PMC13541888,abstract_only,,,
PMID:42693440,Aspiration and silent aspiration in Niemann-Pick disease type C1: longitudinal findings from the NIH natural history study.,2026,42693440,PMC13539892,abstract_only,,,
PMID:42694270,Skin symptoms and their impact on quality-of-life in adults with osteogenesis imperfecta.,2026,42694270,PMC13538963,abstract_only,,,
PMID:42694375,"Autoimmunity: Molecular Mechanisms, Biomarkers, and Therapeutic Opportunities.",2026,42694375,PMC13539207,abstract_only,,,
PMID:42694599,The immune microenvironment and population heterogeneity in myasthenia gravis: implications for precision therapeutics.,2026,42694599,PMC13539138,abstract_only,,,
PMID:42694707,Parathyroid carcinoma: epidemiology and genetics.,2026,42694707,PMC13539412,abstract_only,,,
PMID:42698007,Treatment updates in myotonic disorders.,2026,42698007,PMC13545122,abstract_only,,,
PMID:42698416,Current insights into PHF14: molecular features and functional roles.,2026,42698416,PMC13541444,abstract_only,,,
PMID:42699129,Delayed Diagnosis of Tuberous Sclerosis Complex Presenting as Abnormal Uterine Bleeding: A Case Report and Literature Review.,2026,42699129,PMC13542697,abstract_only,,,
PMID:42699991,Pragmatic Phenotype-Electrophysiology-Genomics Integration in Pediatric Congenital Myasthenic Syndromes: Insights From 36 Patients in a Single-Center Study in China.,2026,42699991,PMC13545678,abstract_only,,,
PMID:42701374,Isolated trigeminal neuropathy as an initial manifestation of chronic inflammatory demyelinating polyradiculoneuropathy: A case report.,2026,42701374,PMC13545308,abstract_only,,,
PMID:42701388,Sporadic Retinal Astrocytic Hamartoma Mimicking Retinoblastoma in a Child: A Case Report and Literature Review.,2026,42701388,PMC13545270,abstract_only,,,
PMID:42702178,Sleep disorders in adults with Cri du Chat syndrome: A questionnaire-based study.,2026,42702178,,abstract_only,,,
PMID:42703044,Analysis of Genetic Factors in a Family With Short Stature.,2026,42703044,PMC13547969,abstract_only,,,
PMID:42703459,Pedigree Case Report of adult-onset phenotypically heterogeneous Krabbe disease.,2026,42703459,PMC13546745,abstract_only,,,
PMID:42706537,Clinical and genetic landscape of neuronopathic gaucher disease in Ukraine: hepatosplenomegaly and diagnostic delay.,2026,42706537,PMC13548541,abstract_only,,,
PMID:42706826,"Paediatric Genetic Diseases: Models, Mechanisms and Therapies.",2026,42706826,PMC13602364,metadata_only,,,
PMID:42707090,Mitochondrial resilience: a convergent framework for pathogenesis and neuroprotection in Parkinson's disease.,2026,42707090,PMC13547043,abstract_only,,,
PMID:42707485,Gene therapy for genodermatoses at the crossroads of innovation and clinical translation.,2026,42707485,PMC13547483,abstract_only,,,
PMID:42707522,Identification of the Genomic Etiology of Unexplained Congenital Problems in Pediatric Patients: First Reported Case With Coffin-Siris Syndrome and Sialuria From India.,2026,42707522,PMC13547574,abstract_only,,,
PMID:42707564,From immune dysregulation to renal injury: mechanistic insights and translational opportunities in immune-mediated nephropathies.,2026,42707564,PMC13547680,abstract_only,,,
PMID:42711127,[Clues for identifying Diamond-Blackfan anemia among infants with early severe anemia: Clinical and genetic analysis of 11 cases].,2026,42711127,,abstract_only,,,
PMID:42712449,Acute and Chronic Pancreatitis in Mitochondrial Disease: A Systematic Review.,2026,42712449,PMC13549923,abstract_only,,,
PMID:42713026,Primary Mitochondrial-Disorders-Associated Nephropathy in Adulthood.,2026,42713026,PMC13551912,abstract_only,,,
PMID:42715378,The social behavioral phenotype of Kabuki syndrome.,2026,42715378,,abstract_only,,,
PMID:42717511,"X-linked myotubular myopathy, liver disease, and gene therapy.",2026,42717511,PMC13562448,abstract_only,,,
PMID:42717824,Appendicular Skeletal Muscle Mass and Sarcopenia as Prognostic Markers in Amyotrophic Lateral Sclerosis.,2026,42717824,PMC13559467,abstract_only,,,
PMID:42718600,Coexistence of sarcoidosis and systemic sclerosis with nailfold videocapillaroscopy documentation.,2026,42718600,PMC13553510,abstract_only,,,
PMID:42718764,Malignancies in patients with inborn errors of immunity: insights from 20-years of clinical experience in Qatar.,2026,42718764,PMC13553413,abstract_only,,,
PMID:42719089,First Cornelia de Lange Syndrome Type 4 Caused by the Gonadal Mosaicism of &lt;i&gt;RAD21&lt;/i&gt; Deletion.,2026,42719089,PMC13555280,abstract_only,,,
PMID:42719379,Thyroid Cancer in the Modern Era: From Molecular Landscape and Multimodal Diagnostics to Integrative Traditional Chinese Medicine-A Comprehensive Review.,2026,42719379,PMC13557154,abstract_only,,,
PMID:42720401,"Oral and Periodontal Manifestations in Systemic Sclerosis: A Comprehensive Review of Pathophysiology, Clinical Features, and Management Strategies.",2026,42720401,PMC13575845,abstract_only,,,
PMID:42720436,Survival After Hematopoietic Stem Cell Transplantation in Diamond-Blackfan Anemia Syndrome: The Role of Iron Overload-A Systematic Review.,2026,42720436,,abstract_only,,,
PMID:42721115,Delayed Diagnosis of Type 1 Gaucher Disease at Age 15 After Years of Mild Cytopenias and Splenomegaly: A Case Report and Long-Term Follow-Up.,2026,42721115,PMC13580171,abstract_only,,,
PMID:42722676,Insulin-like growth factor receptor signaling in physiology and disease.,2026,42722676,PMC13562598,abstract_only,,,
PMID:42723812,POEMS syndrome presenting as presumed chronic glomerulonephritis with a 1-year delay in diagnosis: a case report.,2026,42723812,PMC13558013,abstract_only,,,
PMID:42724099,Dysregulated cholesterol metabolism in genodermatoses: implications for systemic disease and therapeutic strategies.,2026,42724099,PMC13558851,abstract_only,,,
PMID:42724134,The metastatic spectrum in functional and non-functional NENs: mechanistic insights from multi-omics.,2026,42724134,PMC13559159,abstract_only,,,
PMID:42724811,Exploring Genetic Clues in Kikuchi-Fujimoto Disease: A Three-Generation Study.,2026,42724811,PMC13560947,abstract_only,,,
PMID:42724877,"X-linked ichthyosis with seizures, ADHD, and autism spectrum disorder: a case report with an uncommon clinical presentation.",2026,42724877,PMC13561269,abstract_only,,,
PMID:42725023,P2X7 Receptor in Rare Diseases: Shared Molecular Mechanisms and Therapeutic Implications.,2026,42725023,PMC13559883,abstract_only,,,
PMID:42725096,Beyond IPF: Pulmonary Function Test Predictors of Echocardiographic Pulmonary Hypertension Across the Spectrum of ILD.,2026,42725096,PMC13560502,abstract_only,,,
PMID:42725186,Lupus enteritis and peritonitis presenting as initial manifestations of systemic lupus erythematosus: diagnostic challenge in tuberculosis-endemic regions - case report.,2026,42725186,PMC13561226,abstract_only,,,
PMID:42729137,A case report of ADMIO type 1 caused by a &lt;i&gt;de novo STAT3&lt;/i&gt; gain-of-function mutation.,2026,42729137,PMC13561766,abstract_only,,,
PMID:42729333,Multi-omics approaches in idiopathic pulmonary fibrosis: from molecular mechanisms to therapeutic targets and precision medicine.,2026,42729333,PMC13561894,abstract_only,,,
PMID:42729458,"MicroRNAs in systemic lupus erythematosus: Molecular networks, pathway dysregulation, and therapeutic targeting strategies.",2026,42729458,PMC13562414,abstract_only,,,
PMID:42729617,"Multiple endocrine neoplasia type 1 with concurrent Cushing's disease, prolactinoma, and multifocal pancreatic neuroendocrine tumors including insulinoma: a case report.",2026,42729617,PMC13563435,abstract_only,,,
PMID:42729944,Developmental brain programmes and biomarker activation in Alzheimer's disease.,2026,42729944,PMC13563286,abstract_only,,,
PMID:42730038,Biochemical Clues in unravelling the Puzzle of Anti- synthetase Syndrome.,2026,42730038,PMC13563542,abstract_only,,,
PMID:42730249,Pyoderma gangrenosum following pelvic and femoral osteotomy in an 8-Year-Old Girl with Cri-du-chat syndrome: A case report.,2026,42730249,PMC13564055,abstract_only,,,
PMID:42730452,CYP4F22-Related Autosomal Recessive Congenital Ichthyosis Associated With Hirschsprung Disease and Bartter-Like Renal Manifestations.,2026,42730452,PMC13568765,abstract_only,,,
PMID:42732390,Marfan-Like Clinical Features in DLG4 (Discs Large MAGUK Scaffold Protein 4)-Related Synaptopathy: A Brazilian Case Report.,2026,42732390,PMC13570606,abstract_only,,,
PMID:42732898,Support for Disclosure of Hereditary Tumor Risk to Children and Adolescents: A Scoping Review.,2026,42732898,PMC13571896,abstract_only,,,
PMID:42736824,A case report on the co-presentation of pituitary abscess and POEMS-like syndrome.,2026,42736824,PMC13574375,abstract_only,,,
PMID:42737450,"Association of &lt;i&gt;PDGFRB&lt;/i&gt;, &lt;i&gt;VEGFR2&lt;/i&gt;, and &lt;i&gt;TGFB1&lt;/i&gt; Gene Polymorphisms with Nintedanib Efficacy and Adverse Effects in Patients with Progressive Pulmonary Fibrosis.",2026,42737450,PMC13565948,abstract_only,,,
PMID:42737622,RNA-Based Therapeutics in Genetic Neurodevelopmental Disorders: Bridging Molecular Genetics and Precision Medicine.,2026,42737622,PMC13566758,abstract_only,,,
PMID:42737854,Cognitive and Behavioural Profile of SOD1-ALS Across the ALS-FTD Spectrum: A Systematic Review.,2026,42737854,PMC13565861,abstract_only,,,
PMID:42738284,From Antigenic Drive to Clonal Autonomy: An Update on Molecular Mechanisms of HCV-Related B-Cell Lymphomagenesis.,2026,42738284,PMC13565320,abstract_only,,,
PMID:42738833,Application of Mesenchymal Stromal Cells and Their Exosomes in Neurodegenerative Diseases and Lysosomal Storage Diseases.,2026,42738833,PMC13564811,abstract_only,,,
PMID:42739051,"ABCA1 as a Gatekeeper of Pancreatic β-Cell Cholesterol Homeostasis: Links Between Lipoprotein Stress, Lipotoxicity, and Insulin Secretion.",2026,42739051,PMC13567051,abstract_only,,,
PMID:42739114,Utility of High-Throughput Genomic Analysis for Genetic Counseling in Large Family with Wilson Disease Carrying a Novel 28-bp &lt;i&gt;ATP7B&lt;/i&gt; Splice-Junction Deletion.,2026,42739114,PMC13564501,abstract_only,,,
PMID:42739165,Late Gadolinium Enhancement Entropy as a Novel Imaging Biomarker of Myocardial Tissue Heterogeneity-A Comprehensive Review.,2026,42739165,PMC13565341,abstract_only,,,
PMID:42739200,From Guidelines to Practice: Pilot Implementation and Analytical Boundaries of a Focused ADPKD-Spectrum Gene Panel.,2026,42739200,PMC13564536,abstract_only,,,
PMID:42739287,Presymptomatic Amyotrophic Lateral Sclerosis: From Early Biomarker Detection to Phenoconversion Prediction.,2026,42739287,PMC13564565,abstract_only,,,
PMID:42739509,"Hepatitis C in Chronic Kidney Disease After the DAA Revolution: Clinical Decisions, Transplantation, and Implementation Challenges.",2026,42739509,PMC13566153,abstract_only,,,
PMID:42739525,Indications for Autologous and Allogeneic Hematopoietic Stem-Cell Transplantation in Adults: State of the Art.,2026,42739525,PMC13566202,abstract_only,,,
PMID:42739652,The Three Faces of IgA Nephropathy: Clinicopathological Heterogeneity and Urinary Albumin-to-Protein Ratio in a Case Series.,2026,42739652,PMC13566425,abstract_only,,,
PMID:42739835,Association Between DLCO and Echocardiographic Right Ventricular-Pulmonary Arterial Coupling in Idiopathic Pulmonary Fibrosis.,2026,42739835,PMC13566526,abstract_only,,,
PMID:42739867,Artificial Intelligence and Machine Learning in Rheumatology and Systemic Inflammatory Diseases: From Pattern Recognition to Signal Analysis and Clinical Decision Support.,2026,42739867,PMC13566619,abstract_only,,,
PMID:42739903,Overview of Non-Cirrhotic Portal Hypertension in Pediatric Patients.,2026,42739903,PMC13566686,abstract_only,,,
PMID:42741560,"SAVI: molecular mechanisms, clinical spectrum and precision medicine approaches beyond type-I IFN.",2026,42741560,PMC13572920,abstract_only,,,
PMID:42741749,How to manage medullary thyroid carcinoma: current treatment strategies.,2026,42741749,PMC13574233,abstract_only,,,
PMID:42741760,Management of thyroid disorders: from autoimmunity to malignancy - novel insights from precision medicine: &lt;i&gt;How to manage thyroid diseases: from autoimmunity to malignancy&lt;/i&gt; Special Issue.,2026,42741760,PMC13574238,abstract_only,,,
PMID:42743100,Current Status of Cellular and Gene-Based Therapies for Congenital Metabolic Disorders: A Review.,2026,42743100,PMC13589440,abstract_only,,,
PMID:42744335,Psychotropic-associated sudden death: a multifactorial challenge.,2026,42744335,PMC13583787,metadata_only,,,
PMID:42745142,How Organ Manifestations Beyond the Bone May Guide Risk Stratification and Treatment Decisions in Chronic Nonbacterial Osteomyelitis.,2026,42745142,PMC13623998,abstract_only,,,
PMID:42745943,Autophagy-lysosomal pathway in neurodegeneration.,2026,42745943,PMC13574747,abstract_only,,,
PMID:42747330,Guidelines on the Use of Therapeutic Apheresis in Clinical Practice-Evidence-Based Approach From the Writing Committee of the American Society for Apheresis: The Tenth Special Issue.,2026,42747330,PMC13580465,abstract_only,,,
PMID:42749874,Infiltrative and inflammatory systemic disorders involving the pituitary gland.,2026,42749874,PMC13582242,abstract_only,,,
PMID:42750029,Proceedings of the 33rd European Paediatric Rheumatology Congress.,2026,42750029,PMC13584348,metadata_only,,,
PMID:42751026,Phenotype-driven cascade screening in a Syrian family with clinically consistent multiple endocrine neoplasia type 2A.,2026,42751026,PMC13579058,abstract_only,,,
PMID:42751348,Kikuchi-Fujimoto Disease Associated with Hashimoto's Thyroiditis: A Case Report.,2026,42751348,,abstract_only,,,
PMID:42751865,SPHINX31 acts as a SRPK1 inhibitor targeting the ATR/DNA-PKcs/CHK1 replicative checkpoint to inhibit cell growth in non-small cell lung cancer.,2026,42751865,PMC13583986,abstract_only,,,
PMID:42755424,"Connective tissue disorders and cardiac arrhythmias: genetic pathways, mechanistic bridges, and clinical implications.",2026,42755424,PMC13581506,abstract_only,,,
PMID:42755565,A case report of a composite pheochromocytoma that occurred 13 years after adrenalectomy for pheochromocytoma.,2026,42755565,PMC13581740,abstract_only,,,
PMID:42756361,Association of the Angiotensin-Converting Enzyme Insertion/Deletion Polymorphism with Increased Susceptibility to Vasculitis: A Systematic Review and Meta-Analysis.,2026,42756361,PMC13583204,abstract_only,,,
PMID:42756388,"Characterisation of Systemic Sclerosis in a Jordanian Cohort: Clinical Features, Diagnostic Patterns, and Health-Related Quality of Life.",2026,42756388,PMC13583209,abstract_only,,,
PMID:42756552,Metabolic alterations in the absence of a neuromuscular phenotype in humanized &lt;i&gt;SOD1&lt;sup&gt;A5V&lt;/sup&gt;&lt;/i&gt; mice.,2026,42756552,PMC13583902,abstract_only,,,
PMID:42757017,Giant Pancreatic Lipoma of the Uncinate Process: A Case Report.,2026,42757017,PMC13585205,abstract_only,,,
PMID:42757141,Early-onset parkinsonism as a presenting feature of suspected type 1 Gaucher disease with two pathogenic &lt;i&gt;GBA1&lt;/i&gt; variants: a case report.,2026,42757141,PMC13584301,abstract_only,,,
PMID:42757146,Severe Macrocytic Anemia Associated With a Novel &lt;i&gt;ALAS2&lt;/i&gt; Mutation: A Case Report and Literature Review.,2026,42757146,PMC13584324,abstract_only,,,
PMID:42758145,Effectiveness of oral anticoagulants in precapillary pulmonary hypertension associated with systemic sclerosis: a EUSTAR cohort study.,2026,42758145,,abstract_only,,,
PMID:42760140,Impact of time to diagnosis in patients with progressive fibrotic ILD: a systematic review.,2026,42760140,PMC13599957,abstract_only,,,
PMID:42760225,"Von Hippel-Lindau disease: Ocular manifestations, surveillance, systemic associations, and emerging molecular therapies.",2026,42760225,,abstract_only,,,
PMID:42760704,"Causal relationship between metabolites, cerebral volume, and amyotrophic lateral sclerosis: A 2-step Mendelian randomization analysis.",2026,42760704,PMC13593307,abstract_only,,,
PMID:42760861,Multivariate Survival Analysis of a Comprehensive Clinical Trial of Rapamycin in Amyotrophic Lateral Sclerosis Explores Prognostic Factors and Survival Patterns in C9orf72 Carriers.,2026,42760861,PMC13589253,abstract_only,,,
PMID:42761014,Case Report: Late-onset liver cirrhosis in an elderly patient with FBN1-related Geleophysic Dysplasia.,2026,42761014,PMC13585583,abstract_only,,,
PMID:42761059,TCF4 at the crest of development: a zebrafish model to explore craniofacial and gastrointestinal defects in Pitt-Hopkins syndrome.,2026,42761059,PMC13585727,abstract_only,,,
PMID:42761275,Role of Tertiary Lymphoid Structures in Autoimmune Diseases and Cancer.,2026,42761275,PMC13586785,abstract_only,,,
PMID:42762373,Tangier Disease.,2026,42762373,PMC13589717,abstract_only,,,
PMID:42762881,"Translational dysregulation as a mechanistic driver of cognitive, behavioral, and affective phenotypes in FXS and TSC.",2026,42762881,PMC13628170,abstract_only,,,
PMID:42763553,The Effect of Bisphosphonate Therapy on Hearing and Middle Ear Dysfunction in Pediatric Osteogenesis Imperfecta.,2026,42763553,PMC13589229,abstract_only,,,
PMID:42763725,"Noncanonical Splice Site Disruption: +4 Intronic Variant in Phosphate-Regulating Endopeptidase Homolog, X-linked (PHEX Gene) Supported by In Silico Analysis in X-linked Hypophosphatemic Rickets.",2026,42763725,PMC13589645,abstract_only,,,
PMID:42763768,The Role and Diagnostic Accuracy of Artificial Intelligence in Pulmonary Function Tests: A Systematic Review.,2026,42763768,PMC13589599,abstract_only,,,
PMID:42764371,Clinical and genetic spectrum of dual rare genetic diseases revealed by whole-exome sequencing in 14 pediatric patients.,2026,42764371,PMC13591918,abstract_only,,,
PMID:42764930,Occult Late-Onset Systemic Lupus Erythematosus Presenting as Critical Multisystem Disease in a Male: A Diagnostic Challenge in the Intensive Care Unit.,2026,42764930,PMC13589878,abstract_only,,,
PMID:42764945,Concurrent &lt;i&gt;RUNX1::MECOM&lt;/i&gt; and &lt;i&gt;RUNX1::PRDM16&lt;/i&gt; Fusions from a Novel Genomic Breakpoint: First Report of a Dual-Fusion Mechanism in Acute Myeloid Leukemia.,2026,42764945,PMC13589992,abstract_only,,,
PMID:42764968,Case Report: Presymptomatic risdiplam in preterm monozygotic twins with co-occurring spinal muscular atrophy and tuberous sclerosis complex.,2026,42764968,PMC13590151,abstract_only,,,
PMID:42765744,Association of Three HIF-1α Genotypes With Susceptibility and Severity of Chronic Kidney Disease.,2026,42765744,PMC13592220,abstract_only,,,
PMID:42768935,Autoimmune Comorbidities as Modifiers of Phenotypic Heterogeneity in Facioscapulohumeral Dystrophy.,2026,42768935,PMC13595050,abstract_only,,,
PMID:42769555,"Myelin Impairment and Regeneration in the Central Nervous System: Molecular Mechanisms, Diseases, and Prospective Therapeutic Targets.",2026,42769555,PMC13591018,abstract_only,,,
PMID:42769650,Copper homeostasis in macrophages: regulatory mechanisms and immunological implications.,2026,42769650,PMC13592039,abstract_only,,,
PMID:42770033,Genetic Sequencing in Saudi Patients with Systemic Lupus Erythematosus.,2026,42770033,PMC13592346,abstract_only,,,
PMID:42771210,The German S3-level guideline for the diagnosis and management of rare dental disorders.,2026,42771210,PMC13597538,abstract_only,,,
PMID:42772924,Fragile X-associated tremor/ataxia syndrome with autoimmune hepatitis requiring liver transplantation.,2026,42772924,PMC13599610,abstract_only,,,
PMID:42774058,Diagnostic limitations of routine low-coverage CNV-seq in detecting mosaic paternal uniparental disomy in Beckwith-Wiedemann syndrome: a case report.,2026,42774058,PMC13593417,abstract_only,,,
PMID:42774662,Clinical course and biomarkers in patients with type 1 Gaucher disease and Parkinson's disease: A retrospective cohort study.,2026,42774662,PMC13595151,abstract_only,,,
PMID:42774716,Lymphocyte signal transduction defects in cutaneous sarcoidosis and implications for treatment.,2026,42774716,PMC13594530,abstract_only,,,
PMID:42775063,Myogenic dysregulation underlies human tongue overgrowth in Beckwith-Wiedemann syndrome.,2026,42775063,PMC13595153,abstract_only,,,
PMID:42776710,Very Late-Onset Myasthenia Gravis in a Very Elderly Patient: Diagnostic Challenges and Importance of Early Recognition.,2026,42776710,PMC13599999,abstract_only,,,
PMID:42776983,Identification of rs28362336 as a risk SNP for generalized myasthenia gravis and its impact on HCG27 regulation.,2026,42776983,PMC13600526,abstract_only,,,
PMID:42777167,Antibody-Dependent Cellular Phagocytosis and Cytotoxicity in Patients With LGI1 and CASPR2 Encephalitis.,2026,42777167,PMC13609828,abstract_only,,,
PMID:42777187,Anti-Contactin-Associated Protein-Like-2 Antibody-Positive Morvan Syndrome With Myokymia in Thymoma-Associated Myasthenia Gravis.,2026,42777187,,metadata_only,,,
PMID:42778205,"Thymic neuroendocrine tumours: molecular landscape, immune microenvironment and therapeutic perspectives.",2026,42778205,PMC13598619,abstract_only,,,
PMID:42780316,Coumarins in musculoskeletal health: a systematic review.,2026,42780316,PMC13597780,abstract_only,,,
PMID:42780649,Epicardial Fragmentation Mapping in Brugada Syndrome: A Three-Patient Case Series with Literature Review.,2026,42780649,PMC13598599,abstract_only,,,
PMID:42781171,Bone-specific alkaline phosphatase as a marker of bone formation: Clinical and imaging correlates.,2026,42781171,PMC13598463,abstract_only,,,
PMID:42781540,Atypical Vasculitis Phenotype with Concomitant Medium- and Small-Vessel Involvement: A Case Report Highlighting Diagnostic and Pathological Challenges.,2026,42781540,PMC13599793,abstract_only,,,
PMID:42782432,Fluid and Imaging Biomarkers in Huntington's Disease.,2026,42782432,PMC13612603,abstract_only,,,
PMID:42782803,E3 Ubiquitin Ligases in Neurodevelopmental Disorders.,2026,42782803,PMC13605030,abstract_only,,,
PMID:42782842,Skin Basal Cell Carcinosarcoma in a Trichoblastic Guise-Molecular Characterization of a Novel Entity Mimicking a Pyoderma Gangrenosum.,2026,42782842,PMC13605686,abstract_only,,,
PMID:42782902,Breast-Ovarian Hereditary Cancer Syndrome: Beyond &lt;i&gt;BRCA1&lt;/i&gt; and &lt;i&gt;BRCA2&lt;/i&gt;.,2026,42782902,PMC13605284,abstract_only,,,
PMID:42783200,"Molecular Pathogenesis, Tumor Microenvironment and Health Disparities in Select Pediatric Solid Tumors: An Integrative Narrative Review.",2026,42783200,PMC13605055,abstract_only,,,
PMID:42783215,The Functional Side of Multiple Endocrine Neoplasia Type 1-Associated Adrenal Disease: Mild Autonomous Cortisol Secretion.,2026,42783215,PMC13605445,abstract_only,,,
PMID:42783221,Diagnostic Journey to Granulomatosis with Polyangiitis with Rare Hepatic and Suspected Splenic Involvement: A Case Report.,2026,42783221,PMC13605870,abstract_only,,,
PMID:42783491,Prenatal Diagnosis and Perinatal Management Considerations in Congenital Abdominal Wall Defects: A Case Series and Narrative Review.,2026,42783491,PMC13608570,abstract_only,,,
PMID:42783495,Metabolic Dysfunction-Associated Steatotic Liver Disease in Childhood: From Disease Heterogeneity to Personalized Care.,2026,42783495,PMC13608809,abstract_only,,,
PMID:42784238,Beyond Oncology: Exploring the Expanding Role of CAR T Cell Therapy in Autoimmune and Infectious Diseases-A Systematic Review.,2026,42784238,PMC13610205,abstract_only,,,
PMID:42789026,"ATM mutations in myelodysplastic neoplasms, acute myeloid leukemia, and myeloproliferative neoplasms: a systematic review.",2026,42789026,PMC13615130,abstract_only,,,
PMID:42792706,Hepatic and Pancreatobiliary Immune-Related Adverse Events in Patients Receiving Immune Checkpoint Inhibitors: A Multidisciplinary Approach.,2026,42792706,PMC13604434,abstract_only,,,
PMID:42792841,"Bridging Autoimmunity and Hyperinflammation: Shared Immunological Pathways Among Autoimmune/Inflammatory Syndrome Induced by Adjuvants, Systemic Lupus Erythematosus, and Macrophage Activation Syndrome.",2026,42792841,PMC13604061,abstract_only,,,
PMID:42793118,"Assessment of Aggregation- and Condensation-Prone Regions of Proteins Involved in Neurodegenerative, Neurological and Mental-State Diseases.",2026,42793118,PMC13604358,abstract_only,,,
PMID:42793307,Shared and Disease-Preferential Matrisome Programs in Fibrosing Interstitial Lung Disease: Evidence from Cross-Cohort and Within-Cohort Analysis.,2026,42793307,PMC13605140,abstract_only,,,
PMID:42793344,Cerebellar Contributions to Cerebral Connectivity in Severe Mental Illness: A Developmental Cascade and Predictive-Modeling Framework with Autistic Disorder as the Focal Case.,2026,42793344,PMC13604915,abstract_only,,,
PMID:42793680,Seroepidemiological Prevalence of Hepatitis B and C Virus Coinfection: A Large-Scale Retrospective Cohort Study in Istanbul.,2026,42793680,PMC13605637,abstract_only,,,
PMID:42794216,Genomic Strategies in Pediatric Care: Addressing Rare Diseases in Children.,2026,42794216,PMC13605287,abstract_only,,,
PMID:42794235,Minimally Invasive Fassier-Duval Telescopic Rodding of the Lower Limb in Pediatric Osteogenesis Imperfecta: Current Evidence and Implications for Type I (Non-Deforming) Disease.,2026,42794235,PMC13605614,abstract_only,,,
PMID:42794481,"Iron, Copper, and Zinc Dyshomeostasis in Cardiovascular and Cerebrovascular Diseases: Redox Mechanisms, Evidence Levels, and Translational Prospects.",2026,42794481,PMC13607739,abstract_only,,,
PMID:42794530,"Liver Disease in Transaldolase Deficiency: Molecular Basis, Genotype-Phenotype Relationships, and Transplantation Outcomes-A Systematic Review.",2026,42794530,PMC13606807,abstract_only,,,
PMID:42794580,Statins and Myasthenia Gravis: Clinical Implications and Pathogenesis.,2026,42794580,PMC13607078,abstract_only,,,
PMID:42794636,"Is the Loss of Previously Acquired Skills a Feature of PACS1-, PACS2- and WDR37-Related Syndromes? A Systematized Narrative Review.",2026,42794636,PMC13607528,abstract_only,,,
PMID:42794670,Molecular Dynamics Simulations Reveal Structural Changes Associated with the ABCA1 R230C Functional Variant.,2026,42794670,PMC13607428,abstract_only,,,
PMID:42794712,Artificial Intelligence in Pediatric Cardiovascular Genetics: From Multimodal Diagnosis to Risk Prediction and Precision Therapeutics.,2026,42794712,PMC13607330,abstract_only,,,
PMID:42794755,Advancing the Paradigm of Temporal Lobe Epilepsy as a Network Disease: The Promise of Biomarkers and Targeted Disease Modification.,2026,42794755,PMC13607392,abstract_only,,,
PMID:42794762,"Miglustat in Neuronopathic Lysosomal Storage Disorders: Biological Rationale, Clinical Evidence, and Limits of Repurposing.",2026,42794762,PMC13607493,abstract_only,,,
PMID:42794786,CRISPR Technologies in Type 2 Diabetes: From Mechanistic Insights to Therapeutic Discovery.,2026,42794786,PMC13607165,abstract_only,,,
PMID:42794902,Biomarkers and Emerging Approaches in Gastroenteropancreatic Neuroendocrine Neoplasms (GEP-NEN): Current Evidence and Future Directions.,2026,42794902,PMC13604534,abstract_only,,,
PMID:42794925,Cutaneous T Cell Lymphoma: Targeting the Survival Network in Mycosis Fungoides and Sézary Syndrome.,2026,42794925,PMC13606009,abstract_only,,,
PMID:42795285,Recent Advances in Biomarkers of Systemic Sclerosis-Associated Interstitial Lung Disease: Clinical Relevance and Therapeutic Perspectives.,2026,42795285,PMC13608112,abstract_only,,,
PMID:42795313,Primary Hepatic Perivascular Epithelioid Cell Tumors: From Diagnosis to Treatment.,2026,42795313,PMC13608405,abstract_only,,,
PMID:42795406,The Immunological Intersection of Psoriasis and Autoimmune Diseases: Shared Pathways and Clinical Implications.,2026,42795406,PMC13608806,abstract_only,,,
PMID:42795932,"Is There a Way to Break the Glass Ceiling in the Diagnosis and Treatment of Extraintestinal Manifestations (EIMs) in the Course of Inflammatory Bowel Diseases? A Comprehensive Review of Diagnosis, Pathophysiology, and Treatment of EIM.",2026,42795932,PMC13607143,abstract_only,,,
PMID:42795956,The Unfinished Story of Sickle Cell Nephropathy: A Narrative Review of Knowledge Gaps and Research Imperatives.,2026,42795956,PMC13607859,abstract_only,,,
PMID:42795988,Spectrum of Hereditary Ataxia in Omani Children.,2026,42795988,PMC13607818,abstract_only,,,
PMID:42796243,Clinical Outcomes of the Germline &lt;i&gt;RET&lt;/i&gt; M918T Pathogenic Variant in Hereditary Medullary Thyroid Carcinoma: A Systematic Review and Meta-Analysis.,2026,42796243,PMC13609479,abstract_only,,,
PMID:42796304,Association of Serum KL-6 with Functional Impairment in Patients with Immune-Mediated Interstitial Lung Disease.,2026,42796304,PMC13609549,abstract_only,,,
PMID:42796687,An Unexpected Limp: A Pediatric Case of Pott's Disease and a Literature Review.,2026,42796687,PMC13610089,abstract_only,,,
PMID:42797372,"Neurofilament Light Chain (NfL) in Neurodegenerative Diseases: Biological and Clinical Significance, Multi-Omics Integration, and AI-Driven Biomarker Modeling for Precision Therapy.",2026,42797372,PMC13610969,abstract_only,,,
PMID:42797879,Epstein-Barr Virus: More than Just an Infection.,2026,42797879,PMC13612055,abstract_only,,,
PMID:42798645,Genetic loci responsible for atrioventricular block in children.,2026,42798645,PMC13612497,abstract_only,,,
PMID:42798829,Immune ontogeny in childhood-onset systemic lupus erythematosus: effect of immune maturity on disease phenotype and therapeutic responses.,2026,42798829,PMC13613087,abstract_only,,,
PMID:42799210,Adult-Onset IgA Vasculitis With Concurrent Gastrointestinal and Possible Coronary Involvement.,2026,42799210,PMC13614159,abstract_only,,,
PMID:42799417,Efficacy of Fetal MSC Therapy for Osteogenesis Imperfecta: A Systematic Review and Meta-Analysis in Mice.,2026,42799417,PMC13614066,abstract_only,,,
PMID:42799772,"Infectious triggers in IgA vasculitis in children: current evidence, causal attribution and immunopathogenic mechanisms.",2026,42799772,PMC13615926,abstract_only,,,
PMID:42799825,"Disruption of FOXG1 Impairs the Development of Striatal dSPNs, Thereby Contributing to ASD-Like Phenotypes.",2026,42799825,,abstract_only,,,
PMID:42800999,Rare Case of Necrotizing Fasciitis With Polyarteritis Nodosa in a Multi-Comorbid Patient.,2026,42800999,PMC13615361,abstract_only,,,
PMID:42802208,Hereditary and Non-hereditary Cerebellar Ataxias in Latvia: Six Years of Experience at the National Reference Centre (ERN-RND Affiliated Partner).,2026,42802208,PMC13616843,abstract_only,,,
PMID:42802491,A Heterozygous Variant in the GABBR2 Gene in a Girl With Clinical Classic Rett Syndrome.,2026,42802491,PMC13617202,abstract_only,,,
PMID:42803093,FOXG1 syndrome: genetic background revealed by trio WES in case of a critically ill neonate.,2026,42803093,,abstract_only,,,
PMID:42806301,Phenotyping iPSC-derived neurons from Angelman patients and partial rescue via JNK pathway inactivation.,2026,42806301,PMC13617815,abstract_only,,,
PMID:42806397,Multi-omics insights into the mechanisms and prognosis of IPF.,2026,42806397,PMC13621748,abstract_only,,,
PMID:42807011,Case Report: The cystic masquerade in type 1 Von Hippel-Lindau disease: coexisting clear cell renal cell carcinoma and an imaging-suspected pancreatic neuroendocrine tumor.,2026,42807011,PMC13616685,abstract_only,,,
PMID:42807138,Current concepts review: Low-vs high-tone neuromuscular spinal deformities: An evolving distinction with clinical implications.,2026,42807138,PMC13617150,abstract_only,,,
PMID:42807185,Risk factors and preventive strategies for precocious puberty: a narrative review.,2026,42807185,PMC13617274,abstract_only,,,
PMID:42807570,Genotype and Phenotype of 198 Korean Patients With Nonlethal Osteogenesis Imperfecta: A Retrospective Cohort Study.,2026,42807570,PMC13617250,abstract_only,,,
PMID:42807679,Clinical and genomic characterization of corpus callosum abnormalities (CCA) in 107 Tunisian patients using a stepwise diagnostic approach.,2026,42807679,PMC13617407,abstract_only,,,
PMID:42807841,"Comparative efficacy, safety, and functional recovery of neonatal fc receptor inhibitors and conventional immunotherapies for chronic inflammatory demyelinating polyradiculoneuropathy: a systematic review and network meta-analysis.",2026,42807841,PMC13617617,abstract_only,,,
PMID:42808030,A multidimensional index with SpO&lt;sub&gt;2&lt;/sub&gt; at rest for predicting progressive pulmonary fibrosis.,2026,42808030,PMC13618716,abstract_only,,,
PMID:42808081,Chromodomain helicase DNA-binding proteins and orofacial cleft.,2026,42808081,PMC13619105,abstract_only,,,
PMID:42812240,Von Hippel-Lindau syndrome presenting as a lateral ventricular space-occupying lesion: a case report.,2026,42812240,PMC13619421,abstract_only,,,
PMID:42812648,Amiodarone-induced liver injury with bright liver sign: A case report.,2026,42812648,PMC13621296,abstract_only,,,
PMID:42812790,Current standards and novel concepts in thrombotic thrombocytopenic purpura.,2026,42812790,PMC13621958,abstract_only,,,
PMID:42813198,Racial and ethnic disparities in T helper 2-mediated inflammatory skin disorders.,2026,42813198,PMC13623444,abstract_only,,,
PMID:42814028,Antibody deficiency in myotonic dystrophy type 1: A differential diagnosis below the radar.,2026,42814028,PMC13625849,abstract_only,,,
PMID:42814173,Cardiac Sarcoidosis: A Practical Guide for Cardiologists.,2026,42814173,PMC13627202,abstract_only,,,
PMID:42814820,Restoring brain functions in the Mo-blo mouse model of Menkes disease with copper nanoclusters.,2026,42814820,PMC13626065,abstract_only,,,
PMID:42817183,Genetic Etiologies of Dystonia with Anarthria/Aphonia.,2026,42817183,PMC13627910,abstract_only,,,
PMID:42817623,Disruption of RNA metabolism and its impact on protein homeostasis.,2026,42817623,PMC13628047,abstract_only,,,
PMID:42817806,Evaluating potential sources of bias in linear growth rate analysis of renal tumors: case study in Von-Hippel Lindau disease.,2026,42817806,,abstract_only,,,
PMID:42818848,Kikuchi-Fujimoto Disease in Pregnancy: A Rare Case With Atypical Presentation and Potential Viral Trigger.,2026,42818848,PMC13624176,abstract_only,,,
PMID:42818968,Identification of a Novel homozygous Splice-Site Deletion in &lt;i&gt;KCTD7&lt;/i&gt; Gene Associated with Progressive Myoclonic Epilepsy.,2026,42818968,PMC13624457,abstract_only,,,
PMID:42819037,Mechanistic Differences in Adult-Onset and Juvenile-Onset Huntington's Disease and the Potential Role of Neurodevelopment.,2026,42819037,PMC13623509,abstract_only,,,
PMID:42819322,Addition of telitacicept to glucocorticoid reduces abdominal pain duration and relapse rate in children with severe abdominal Henoch-Schönlein purpura: a single-center retrospective matched cohort study.,2026,42819322,PMC13623866,abstract_only,,,
PMID:42819574,Histiocytic necrotizing lymphadenitis with central nervous system involvement in children: An analysis of clinical features.,2026,42819574,PMC13624434,abstract_only,,,
PMID:42819589,Unusual Hemodynamic Presentation of Pediatric Kikuchi-Fujimoto Disease: Persistent Sinus Bradycardia and Vasopressor-Dependent Hypotension.,2026,42819589,PMC13624375,abstract_only,,,
PMID:42819599,Anaesthetic challenges in central hepatectomy for hepatoblastoma in an infant with Simpson-Golabi-Behmel syndrome.,2026,42819599,PMC13626494,metadata_only,,,
PMID:42820064,The Immune Checkpoint Inhibitors Journey: From Early Promise to Lasting Impact.,2026,42820064,PMC13625931,abstract_only,,,
PMID:42824093,Natural history of hypophosphatasia in Chinese patients younger than 18 years: a single-center retrospective observational study.,2026,42824093,PMC13626994,abstract_only,,,
PMID:42824368,Heterozygous COL4A3/COL4A4 variants: diagnostic trends and clinical kidney outcomes.,2026,42824368,PMC13627838,abstract_only,,,
PMID:42824561,Integrating Gaucher disease (GD) into mainstream hematological curriculum training.,2026,42824561,PMC13628555,metadata_only,,,
PMID:42824710,Myocardial injury in systemic lupus erythematosus and lupus nephritis: a silent threat.,2026,42824710,PMC13627833,abstract_only,,,
