section_id,paper_id,split,role
19f5cb43c86b77782c466a8ff380,PMID:29321841,train,query
03fc480335c6b5b40ec7b4ac5e90,PMID:29321841,train,query
56937328df5cd0475b5bf6767d74,PMID:29321841,train,query
2fdfd0c5f4329d3abaffd499be6c,PMID:29321841,train,query
3cbdb75bf5fe97a6c67627c8ed93,PMID:29321841,train,query
0f4614935ea4174898497217ab34,PMID:29321841,train,query
eabb4d023fa460e4f51da6023f28,PMID:29321841,train,query
a5c0ca8cd0a425bcde73791ec159,PMID:29321841,train,query
5995fb385f32201ef4cb20a872af,PMID:29321841,train,query
0aaee8857677acfba302cb6e75f1,PMID:29321841,train,query
6373b2a9acfc063823796edb651f,PMID:29321841,train,query
dd8323ba2a1b9bb56aa6c541c990,PMID:29321841,train,query
544a4214571dd8d8780318ba2fc4,PMID:29321841,train,query
7b759aae4c88ca3ec6f04f3fa33d,PMID:29321841,train,query
c29ee609873f262ff1f86246b2ab,PMID:29321841,train,query
6d19393cedee79ddc87b7e4ea970,PMID:29321841,train,query
924423c756bf856b2a7e973c6e2a,PMID:29321841,train,query
b592408488f5997f2509050d11b5,PMID:29321841,train,query
7791f0c1fd3a537e8506e13185c2,PMID:29321841,train,query
d6e9a24e665409f60f4f43860edf,PMID:31208452,train,query
4be1352866fb5ba1d26eb101f220,PMID:31208452,train,query
95858a55f692ecd3796ff9b8646f,PMID:31208452,train,query
e328842333839f0590fb46143870,PMID:31208452,train,query
0b46397c5fca75210bf9152de700,PMID:31208452,train,query
8b761a1e7c8ae8e5afd5a4ca44fa,PMID:31208452,train,query
700211e58872f283a7dc32513254,PMID:31208452,train,query
df39176e4532b4d3fb6e5cd826fb,PMID:31208452,train,query
3f749776e40bfcdc66a8fa99f031,PMID:31208452,train,query
244d8d44c883f03f3b33767cb762,PMID:31533780,train,query
bdce3d9510adf3e54507f323cd09,PMID:31533780,train,query
74d72e6bcbb4b0a79e090f0c635c,PMID:31533780,train,query
deb83727eb2b384026e95599306a,PMID:31533780,train,query
3ca26767ab8c79cbdc6600aede50,PMID:31533780,train,query
720c5740bc2cb5b505814763662e,PMID:31533780,train,query
a9c34f0624a1223d92025d919e6b,PMID:31533780,train,query
8e46d08c223c77eebbf4a4b0810c,PMID:31533780,train,query
ddfe357ac2f05cddd7dd9782c4c5,PMID:31533780,train,query
0f3a1e1e7f4dd8f390c2f588d228,PMID:31533780,train,query
313f3877f19a518a3e049e58f64c,PMID:31533780,train,query
9d545b255811964c994497d094dd,PMID:31533780,train,query
7a26983ad1d34b75fe3fd750013e,PMID:31533780,train,query
a6fd5bb4f685c5f3f5c36f14b9dd,PMID:31533780,train,query
8943b6d92eb138949f7dc6a12455,PMID:31533780,train,query
3aa3eef075bef17ef10c7d9f0eb8,PMID:31533780,train,query
6161776547de888055c5297fc6f1,PMID:31533780,train,query
091b76c9632037cd1fc1b829670d,PMID:31533780,train,query
01b846f3e06b33554cbd75d024c6,PMID:31533780,train,query
c060797ebf0e2437b88ad272886b,PMID:31533780,train,query
fbb933eac9bccb2e92ce70519782,PMID:31533780,train,query
693926270cfafb776899d7de3a5d,PMID:31533780,train,query
0095412babe0dd40e6e426f5866c,PMID:31651874,train,query
86e7c4c355450bea3130b43cfc8a,PMID:31651874,train,query
406b1e0259235bc830692b0e3e8d,PMID:31651874,train,query
323749b7bd88ce1cce54d86f2507,PMID:31651874,train,query
78afc84fb456acb1c907aec92170,PMID:32158381,train,query
790c7f2023f411514c9524cb7956,PMID:32158381,train,query
9c3dfa3d653fc3bde47985ccc503,PMID:32158381,train,query
ee40c52cb5bb0fb655a5d92ec31a,PMID:32158381,train,query
ca5ebcb39c3ddd7b9bbf3a0f02f7,PMID:32158381,train,query
145028713e93b4b648685cd0cc00,PMID:32158381,train,query
71b5f9ae4ebfe0d78818ad04a64c,PMID:32158381,train,query
e2f407bbb84b7fdc4b7c3d72eb90,PMID:32158381,train,query
a72d3e0f014b8f843b92ba909ba0,PMID:32158381,train,query
a2d738b531c58b4e1d091fc65ddc,PMID:32158381,train,query
659ec5f48278c788391a12b6d479,PMID:32158381,train,query
7206133050715f468791e306762a,PMID:32158381,train,query
fd6f66133c0db638fd04ac547302,PMID:32158381,train,query
fbad88e2266bfec0a44247f83651,PMID:32158381,train,query
239a0ea1f78f6f5cd4e695fe8210,PMID:32158381,train,query
a66c6986b58daa0d18513bca28a2,PMID:32158381,train,query
cb8641bb6470a90486abdc77447e,PMID:32158381,train,query
eec47ab631508b0ef429dce6bb0f,PMID:32158381,train,query
8a557694ba226c7feac0897b31c9,PMID:32158381,train,query
d63c251325d9d45a1fd150fd81ba,PMID:32443735,train,query
8dd990a4ee4bf2c05bf684786a4f,PMID:32443735,train,query
9de19c3f32414fdb43692854d432,PMID:32443735,train,query
37f2632a40fc87734b86da10066f,PMID:32443735,train,query
39fde8679eaa1fe4dad92a3e8ccb,PMID:32443735,train,query
f9e649ed0855552dbf43d3cd52e8,PMID:32443735,train,query
e8fa1fec9ba36d35ad0175f26d48,PMID:32443735,train,query
c999303e3b87532ded81eedd748d,PMID:32443735,train,query
a9dc3ecb6735c84e0526973dac40,PMID:32443735,train,query
4bf2ca89863538419c0cd4427b8d,PMID:32443735,train,query
dc9f501c670576b0b03b34900534,PMID:32443735,train,query
abfb415d16f9999341b118b84121,PMID:32443735,train,query
f140176ae81f9f012edce40bb4d0,PMID:32443735,train,query
b1de56084f10d5555d08f4a85e38,PMID:32443735,train,query
eb77fb10970aa16c93c1f5aab751,PMID:32443735,train,query
38a76fda771ff785e9b71255611a,PMID:32443735,train,query
119e364145523483502210cb6d07,PMID:32443735,train,query
9dc9142e838829a85e22e23c5fa9,PMID:32443735,train,query
63a98b694da9cebb6727e9bd4b12,PMID:32443735,train,query
0bbf13b9690633e33f70dbecb104,PMID:32443735,train,query
f409f70b4e1551a957094b9534ec,PMID:32443735,train,query
ed06db532e5f9729d1dc622f1eac,PMID:32443735,train,query
959230878c6897269bbccad52e9b,PMID:32443735,train,query
2e845220b7b14b6c433e9a47ed64,PMID:32443735,train,query
06624a01adc9d2172bc632226b1e,PMID:32443735,train,query
a308ce97f102f83ae70f3aef6f6e,PMID:32443735,train,query
3e6cf99b4a3c938a74cbda97ba19,PMID:32443735,train,query
343b490896eb9dbcbbf8f6cbabda,PMID:32443735,train,query
c3dce93822d0dda67ad3e428f0c9,PMID:32443735,train,query
6d9bdd70a5e240b975f6d6c49af0,PMID:32443735,train,query
fa3f7d9c7789a8950e05dfba3c74,PMID:32443735,train,query
2afcdd46e5d281caf4f6d07f4f99,PMID:32443735,train,query
96f175b45129bc2ecdf2c7614c8a,PMID:32443735,train,query
504b069b12c51aeceb15226b3932,PMID:32443735,train,query
0951f51e48bf42eb0c0d9006f090,PMID:32443735,train,query
efe44cb0e3f29aa3fc257f8b07b0,PMID:32443735,train,query
b784f4b57bc8fb0a668662425770,PMID:32443735,train,query
6ba66fcb5e41f0a2d4e3ebaf7e59,PMID:32443735,train,query
eb4e7791026c66e7f14fc2fb67e5,PMID:32443735,train,query
6904e10f543bbbae3a58ee8daec2,PMID:32443735,train,query
7e5f37455ba646e5b5a917ad76aa,PMID:32443735,train,query
9a7d70871de11de99641ca511558,PMID:32443735,train,query
234795dddbfc6dbc78962b667d3b,PMID:32443735,train,query
0d14f21293168dbd902f29d69a22,PMID:32443735,train,query
42a0207d62544aab864b060dede0,PMID:32443735,train,query
31a02e9fac24f164913e0eb01d27,PMID:32443735,train,query
403d5a9438ab7e713c341f1f062e,PMID:32443735,train,query
413c9332b9612cb20a382a3dbaf2,PMID:32443735,train,query
41fd0b9ccedf5ae750919d7053a3,PMID:32443735,train,query
68bf897db554c46e84879a3b8b70,PMID:32443735,train,query
10797c27685601eaa0a67938dc30,PMID:32443735,train,query
85aedf839a15d324c52b5cc3cfcc,PMID:32443735,train,query
9dee54bd0df7f6b19d4b7c075460,PMID:32443735,train,query
41192a9956c1a97aeb21bd8f855e,PMID:32667743,train,query
f6652f10e70536abb63419c85ec7,PMID:32667743,train,query
a98f9fe548fe13e98b9a54b8a096,PMID:32667743,train,query
6d128ac8c8be665df29348326831,PMID:32667743,train,query
a8629aa289b692f337c542e26aae,PMID:32667743,train,query
20d84f798feb4b004ddea1b60dac,PMID:32667743,train,query
f2906440e70cd926f2823621a7b2,PMID:32667743,train,query
3df45d9a599442837a506250cf8d,PMID:32667743,train,query
b710d0128247fb363b300ea23158,PMID:32667743,train,query
95c709fd611673a962c34bc97041,PMID:32667743,train,query
72df51b8fb378e37237f2f4390fa,PMID:32832197,train,query
f849d5f5eaf60897346b9fe87285,PMID:32832197,train,query
c7b68c0a6b14e896443b416dc373,PMID:32832197,train,query
6cb46edea7855f304e2b225a7f51,PMID:32832197,train,query
a60d7c04eeb63ef2d50fe0cabb1b,PMID:32832197,train,query
193601140714bbc3cd2bd48f12ca,PMID:32832197,train,query
bccc6035d1df48b2de16f9217942,PMID:32832197,train,query
e1aba7ac950c05986e8e6640d2c1,PMID:32832197,train,query
4c49eac095a98a6995df565077e2,PMID:32832197,train,query
fab901870ae9836c10751ccc7623,PMID:32832197,train,query
12d9c912cc9863b11dd1934d6b8a,PMID:32832197,train,query
ab49dc18b4ca111b942b276b8955,PMID:32832197,train,query
f84f32bb6c367570a2c6aabf71c5,PMID:32832197,train,query
adae9f58443908546c25428af086,PMID:32832197,train,query
3c409fd9861f6a12a700d6691717,PMID:32832197,train,query
7f0db561ab8a549d86e3f41abeaf,PMID:32832197,train,query
7d303fe0bdba040b34fa5c2333e3,PMID:32832197,train,query
1fa7f5b196fe70314617d4a5d69b,PMID:32832197,train,query
d3ef4813b36c109c5ac990f8176d,PMID:32832197,train,query
741c8c8acaa760d0ec132b2141b8,PMID:32832197,train,query
26bc50de7b9c10d9045629231484,PMID:32832197,train,query
ec31f24a0a8567c26c5d441c6ea1,PMID:32832197,train,query
073d582e7609f7301da9dbfd4d7f,PMID:32832197,train,query
f6e2bf767bfb839f411bcc29de19,PMID:32832197,train,query
ce6da7ce6a1e4164176e72516084,PMID:32832197,train,query
4c191cfbff46c97fcda10973c825,PMID:32832197,train,query
57d5abd1aa0add71ba4c0a0647e5,PMID:32832197,train,query
d263a9cbceb25e1adddabbed05d7,PMID:32832197,train,query
1f7e41bce1af5427e03715ee0a19,PMID:32832197,train,query
3da63c2621191cd2c1becb7f8e17,PMID:32832197,train,query
7862e9466e04cc650eb5e463ca01,PMID:33263785,train,query
6e33172f956606d23a5974b4234e,PMID:33263785,train,query
802389c1add180c79ae2294efa7b,PMID:33263785,train,query
fa13f128df3ea4104d3f60a38a27,PMID:33263785,train,query
acdbac7f9943a673fc69b5ca4578,PMID:33263785,train,query
1d14029914605ff402a7bc96d556,PMID:33263785,train,query
161a86c03c1ea7cecb9fbbaf26fd,PMID:33263785,train,query
6485a30a3cd08249a346555fb935,PMID:33263785,train,query
d4c91a673efe8c67f0b3ede0675b,PMID:33263785,train,query
7e23e7f90e52b90fc70499c4224f,PMID:33263785,train,query
871494c64e15c30beff48d9b2359,PMID:33263785,train,query
9c6a630a0f10a2cc3c96d73752c9,PMID:33263785,train,query
1495dcc3e1f229df2ccd107b2790,PMID:33263785,train,query
87b508c7fec615f48338dd73dbff,PMID:33263785,train,query
d3c1996c25b15dab95d4a8bd37ab,PMID:33374753,train,query
d41179a07595be3fe7fccb39357e,PMID:33374753,train,query
fe47d9ca4d96384909f4e8ef7441,PMID:33374753,train,query
a1959b1369d94c88031128b12f5c,PMID:33374753,train,query
cca941b7d2cfc1c9246c86c3f7dd,PMID:33374753,train,query
e0617615d436c08d16dc3aea96e0,PMID:33374753,train,query
969a9c6f8ac62cea729e879f77f0,PMID:33374753,train,query
c7ffcd38e421db8e17e6975cc8f5,PMID:33374753,train,query
7afb9d3e1523911f6257a1726075,PMID:33374753,train,query
da679e436ce6100abc8f922e19e9,PMID:33374753,train,query
deb6e57be35a24c4f7cd9081e0c3,PMID:33374753,train,query
0120b156bf937deafacdf4f9cf62,PMID:33374753,train,query
a402d62a92b23a8feb8cd27cb02c,PMID:33374753,train,query
11026cb151deebba764521180a7d,PMID:33374753,train,query
f8cf4364311ca2fcf9ffba3803d0,PMID:33374753,train,query
3a6272253d52cb1a0b65eba601e9,PMID:33374753,train,query
09fa9d1b173db5181fe02a8c2dca,PMID:33374753,train,query
6e5789f384e5dcd4bb8a36a7e92c,PMID:33542497,train,query
e08857fbcb73158296b182db4084,PMID:33542497,train,query
c9c900d8becda181b8888384cb76,PMID:33542497,train,query
2ea4fff3579f627d69cf156c03ed,PMID:33542497,train,query
9af52354c1290ccb1ed83dffa8ad,PMID:33542497,train,query
079dee3832f177315e4ff66d2113,PMID:33542497,train,query
84860db2a7e80dff8f3fe54f0ec6,PMID:33542497,train,query
26e610eb32fdb396d7c57f88e6a5,PMID:33542497,train,query
b390cbaae64161f68be043e658d7,PMID:33542497,train,query
de5f9c2f19edeaa14fcc5acbd0a9,PMID:33542497,train,query
1fdebc263d05e6feb66a7254f66c,PMID:33542497,train,query
d6b14b4aa2e2f78c6ec45fd455af,PMID:33542497,train,query
e8706d9f20aaaddb1bd0adc8e887,PMID:33632309,train,query
b48e90f28add836887beb69a8698,PMID:33632309,train,query
630f3eee51c24e0af220a6add3be,PMID:33632309,train,query
2f52841475ffd7d867b7bf095873,PMID:33632309,train,query
69c27b62a53624c96ee421c0c980,PMID:33632309,train,query
5b7173430b9e4003d19797f0e4e8,PMID:33632309,train,query
30ae9c3111377188a3b7212a6bdd,PMID:33632309,train,query
fda6e555205013f32bdc765f7fd0,PMID:33632309,train,query
61ea9a2e984ec68312269de645ae,PMID:33632309,train,query
de57f74665bda1b1f5acbb442af0,PMID:33632309,train,query
f9775f14ec4ea8684a28a73c44a8,PMID:33632309,train,query
9350faa2b071ca4e07ae4295dd6e,PMID:33632309,train,query
14efd35a4969c97d743065271fdb,PMID:33632309,train,query
4783af6235f9aece15aa4a950fc5,PMID:33632309,train,query
85eebbab0f5eb3f63f3a29a7b7a3,PMID:33632309,train,query
156b5da3c67727620135a0f13683,PMID:33632309,train,query
185a1f1cb68e05b41d065c643f02,PMID:33632309,train,query
960daae9ec6cf30f8ae946163e2d,PMID:33632309,train,query
eb9918c76fadc852c665dc1c8e8a,PMID:33632309,train,query
7b73efed84f4cd9d3b75d2ef5ac6,PMID:33632309,train,query
cb1ac504d80de215235c75e34a3a,PMID:33632309,train,query
db3e46bb6c7d3b4a6d6ffcb707e3,PMID:33632309,train,query
e67d41d19aae52114ee0619f855a,PMID:33691803,train,query
5edd609edee9ef275545520f7333,PMID:33691803,train,query
a0ba04c7c29c2d68671945cb9559,PMID:33691803,train,query
ef7bd4c599dd331b9bfc84db36ef,PMID:33691803,train,query
c9b4e5b4d2ad93ddc50c7174b56c,PMID:33691803,train,query
e26578879adb54a6ffdfc9333bc1,PMID:33691803,train,query
0b543ef27a0238bc63da45ebec89,PMID:33691803,train,query
16d874eca52e3d1ee9a2bad7f9d4,PMID:33691803,train,query
c1c93977c3ece50cd503172f7eb1,PMID:33691803,train,query
1478e743215bc8a54ed14b7e57b0,PMID:33691803,train,query
73a952a5e22904a8f54a40251c41,PMID:33691803,train,query
3655e382722ad22d90e8a0c6eaae,PMID:33691803,train,query
11490545bcd37bce3eed89aa612b,PMID:33691803,train,query
b74ff968c9ef6dc38f32a19ac15b,PMID:33691803,train,query
c44a38741a0c1db3283fcd5440e5,PMID:33691803,train,query
7f7b6fb0b9e652a129cd87b48b25,PMID:33691803,train,query
b107f651e68100deb64dbeaed082,PMID:33691803,train,query
2b2da11d04e877beb3cdf6341ef1,PMID:33691803,train,query
22b924bee1a7fe0e6dc5a54e8e22,PMID:33691803,train,query
7ef85a0ca423f10f637635b65cfe,PMID:33691803,train,query
d841a83460d6f45a3e4cae9e4d53,PMID:33691803,train,query
8107230aa05f39059e824abaee24,PMID:33691803,train,query
b9c643195e6ebff3d93bf65d0953,PMID:33691803,train,query
a4dddcb4d84a1d7fb188bff6a3ad,PMID:33691803,train,query
dfafadea77614be3b6c84f68bd6a,PMID:33866895,train,query
ece6b566e59cefcbcbeb43fde221,PMID:33866895,train,query
cc2867771c9c6411a893a32958e1,PMID:33866895,train,query
2158d9375743941461928db953a5,PMID:33866895,train,query
93c6728e81238d5e6157e979bc02,PMID:33866895,train,query
352bb2403edaa7ee1d3a4ebf4ca8,PMID:33866895,train,query
7ec19d9cfdbf0662f80914d236f2,PMID:33866895,train,query
e20c5537ae2dc1d7db3af36b1871,PMID:33866895,train,query
4aa28d6cd5f133c370afb529bb91,PMID:33866895,train,query
9af97240af0e17fc84e94bafe75f,PMID:33866895,train,query
bd0a3e0bcd33edf2f5ad26726cdf,PMID:33866895,train,query
5cec129c4cca0723de52478efd4b,PMID:33866895,train,query
4472da54b2c020168e0e84e66b49,PMID:33866895,train,query
1f471db70b0619dfb3f254fccbad,PMID:33866895,train,query
0a0f4ac0c90f8810bb8e3da09909,PMID:33866895,train,query
7f2b0246ab925d478dce562b24e0,PMID:33866895,train,query
4ece12e525b515d56a57487f0f92,PMID:33866895,train,query
aa8721e4873d4c55ad85d26a2dff,PMID:33866895,train,query
f51bd3acf9a15a7bc176df0c1d09,PMID:33866895,train,query
38dec8a64e22ff314d8b698abd9a,PMID:33866895,train,query
34c176c2491f97e96af3ce1e9960,PMID:33866895,train,query
8935b3abdbbe73dac7c64e593600,PMID:33866895,train,query
084d823990606bd82fc19e157fc1,PMID:34064035,train,query
3e3f7e5b0c2b36ed30d035179935,PMID:34064035,train,query
424151cbf73d5d2b644f5fac5b8c,PMID:34064035,train,query
8fc9b8aa9a34c809a554d1bd5f5c,PMID:34064035,train,query
57bce5cbcf8a7cc6aa1581e6e645,PMID:34064035,train,query
9697364f67a76031c83a73efd213,PMID:34064035,train,query
88095bffc2253a633af50ca9c77b,PMID:34064035,train,query
c1f938261fa823e43907f2afb632,PMID:34064035,train,query
77ed193d289d96be9ae685829bed,PMID:34064035,train,query
0b5e48d4a988127f01c393b93127,PMID:34064035,train,query
5f835ad28877e6aff43f098f1c6d,PMID:34064035,train,query
24fa54ada952e0f72ef997f9031c,PMID:34064035,train,query
d8e26972d1005a152170fe495405,PMID:34064035,train,query
85e1228239a0ee2fc4eb95c9c9dc,PMID:34064035,train,query
de8b2988a05ce75c48d15ad53dfa,PMID:34064035,train,query
55b06ebeefb54e051d071255279c,PMID:34064035,train,query
7f503c0cbf42a0f8f5d3a3b6f3ee,PMID:34064035,train,query
4bc82a4542fb81f1fadc7f12e31b,PMID:34064035,train,query
72b5982eb27a241e6905be45d794,PMID:34064035,train,query
32997479547f38525a5672656eae,PMID:34064035,train,query
744168b79a7b0a0ae718490a1c8d,PMID:34203304,train,query
1cc594f963acc6f62c60ab7a554a,PMID:34203304,train,query
f884b6167ec86e8188e534745f40,PMID:34203304,train,query
c20ff3f5f16c677adca34507ee93,PMID:34203304,train,query
3836f6fc575e2015b947632b10da,PMID:34203304,train,query
ce69de8ef89809546b88be3d0811,PMID:34203304,train,query
49630889bd62dee0fef00e7f1524,PMID:34203304,train,query
c98d4eef4b100420d34307927096,PMID:34203304,train,query
0ec1d1f83930d3d6ad59ade302cd,PMID:34203304,train,query
6d2fa2b1aa567d23f0f34fec8771,PMID:34203304,train,query
57930af031213a6b5caef83d04b4,PMID:34203304,train,query
73445df2e7d6e69d6a9031515b12,PMID:34305787,train,query
c32aa44893b9248102cbd115282c,PMID:34305787,train,query
f214ec90ce08ef87932406aa6d29,PMID:34305787,train,query
0d2ad1419c3c12873ebc2a6d7a8f,PMID:34305787,train,query
0c46b99598319cb5618d9d1cc5b7,PMID:34305787,train,query
76c8c608b9deb1f78bc6341d7f04,PMID:34305787,train,query
fea24fe8082b039b9b1943423a30,PMID:34305787,train,query
1463cb3537c000e0795b9831dfc5,PMID:34305787,train,query
05047e24e7e964c6c9febc754a7d,PMID:34305787,train,query
f006ab0a23179720a7c4b566eeb7,PMID:34305787,train,query
4c54cec4983101bbcab1e5fe5396,PMID:34305787,train,query
b4c388ba23ce50703e136539cc7d,PMID:34305787,train,query
95cdeeae998a42017aa63301884d,PMID:34305787,train,query
66ece81472575ce43239143385a6,PMID:34305787,train,query
e72ed62c003bdc4a93730b551a6f,PMID:34305787,train,query
aa3a2d393408c9b9711f91cffea9,PMID:34305787,train,query
d57d475339d0921bcf41d6d5dddd,PMID:34305787,train,query
ba9a7d7402f2d18634b481d42d76,PMID:34305787,train,query
52d6a81cfc87194afd8af5e88e0d,PMID:34305787,train,query
0ac9a87182fd9c50281dfce17d04,PMID:34305787,train,query
1bd093d06845f4bfcf88a2760263,PMID:34305787,train,query
f37dab2073f3bbc3ee981009ad88,PMID:34305787,train,query
283679effdef4585df6b5ff26794,PMID:34305787,train,query
9cdc1b294e0e541ad22ceaf27b61,PMID:34305787,train,query
68af471a26cc557f6d175ff2bbe7,PMID:34305787,train,query
adf03f0d91a7bbcdf059ed3c8279,PMID:34305787,train,query
f31a33e1d38cd60111e50392e186,PMID:34305787,train,query
359f42771a042dea4515a58c0b9e,PMID:34305787,train,query
1bed7ebef89d61658824d2a2c547,PMID:34305787,train,query
67d8bc77dd0a8d1aec87f76505c0,PMID:34440332,train,query
4a4771452340dc1e44bee86618d9,PMID:34440332,train,query
69f92c5a6c94f3f6fff0532daa4d,PMID:34440332,train,query
36ad3a5f18622d7b3cd799dd88b6,PMID:34440332,train,query
8156c5839a339ab7fc137ebe6b9b,PMID:34440332,train,query
1bbbb1f9a6aa69904895bc32ac4e,PMID:34440332,train,query
ba2c78b149478ef83cefc5f7a362,PMID:34440332,train,query
95b2cb444a04304c7082fd4d311b,PMID:34440332,train,query
8c560564dab56829f4f9f5d00ffa,PMID:34440332,train,query
0b88816e7ddc0fbd69e1a77f640f,PMID:34440332,train,query
5672d27a4f1357b767251ccc3495,PMID:34440332,train,query
1ba52a2afa26c8b5c72248120c0b,PMID:34440332,train,query
115e27baec3bab0df02889c49071,PMID:34440332,train,query
62eb8a0ba1233cf434bf83d5d3e2,PMID:34440332,train,query
0f2be15acaa97a661e73265c880c,PMID:34440332,train,query
2ba99672f699f8bb854c79ce21b9,PMID:34440332,train,query
0d0b7a5e3cf75a313b0ee3c1b05a,PMID:34440332,train,query
d8b9ea5e38aaef9c16b546c60b71,PMID:34440332,train,query
6abc967f648c6bfe03591edf6efe,PMID:34440332,train,query
ba2f43ed852da0b0cfd6478f3907,PMID:34440332,train,query
d8279f121e92f545427498783514,PMID:34440332,train,query
5ec7e8321f734668243e676be85d,PMID:34440332,train,query
ef0058cfe8ef26dc91cb1c083a02,PMID:34440332,train,query
5efb76ea6dc221bb1864816b6bd8,PMID:34440332,train,query
ab7f59176f1c62d15c3d09903027,PMID:34440332,train,query
da8c0ddee351fcf86cb38970ae60,PMID:34440332,train,query
65156c75a8f77cf5b55827e178ec,PMID:34440332,train,query
a337021921a4fa0bbcfd6bfe2a0a,PMID:34440332,train,query
bac7dacb9c0050022d53771b6030,PMID:34440332,train,query
a3ca90f5c8164f641e75568eab30,PMID:34440332,train,query
9c81db8d5e9e90f8e55c2e145149,PMID:34571966,train,query
c5d024b39feab6d01024898769b1,PMID:34571966,train,query
b49815d5e6a152018d3243e81192,PMID:34571966,train,query
ca4018f70cd81ded192a2c5b325d,PMID:34571966,train,query
281e91a238de63e28d7419c5d835,PMID:34571966,train,query
6c90903aa80495342ae88a8340c7,PMID:34571966,train,query
a5676da2481325a7777d46a3ca35,PMID:34571966,train,query
e2735f702e855ec19be73dae672d,PMID:34571966,train,query
73bdcadbb6d8b4e6dc0e3dce6c08,PMID:34571966,train,query
9d4dd136bf9101a5879dd63a994c,PMID:34571966,train,query
5c8a6dca4d10deb0ea4426a09460,PMID:34571966,train,query
a2ef7c00d0ed31d5e1a4490139ea,PMID:34571966,train,query
66059354df2a6572676b7443ab12,PMID:34576033,train,query
cc0b18f77bf63fc390ee5902df70,PMID:34576033,train,query
57533a4529ed9d0f76cefb2a67f4,PMID:34576033,train,query
2b99c4c02dec980eb4373ddca981,PMID:34576033,train,query
976edf4968ad85cd27544f220401,PMID:34576033,train,query
5215634cf78944ad0519566c0dbe,PMID:34576033,train,query
8a8f8b01c295a36cd1081a0cdffd,PMID:34576033,train,query
b9487e778d88d8a752a8ac5746a5,PMID:34576033,train,query
306d8d3f02a10c7fd5c9f550dfe6,PMID:34576033,train,query
6487fb02021b1e327ca6f8b33fb2,PMID:34576033,train,query
822b940b2b3c30e272f02a8b03dc,PMID:34576033,train,query
a3875f014a2b8c1f22a772aeb481,PMID:34576033,train,query
322ce06239a6790467a1c514b8d0,PMID:34576033,train,query
cf7c0d714e778f44a60721cfdf56,PMID:34576033,train,query
811a83d46dcbafee7148bfac054b,PMID:34576033,train,query
e6db80e5faa21d399a2f81f202b3,PMID:34576033,train,query
b1c731dbdf62e36527ba02e5f79e,PMID:34576033,train,query
58d5e6e25fabaa9df66b80020fce,PMID:34576033,train,query
7b23f2c04079718f899b7926aa7b,PMID:34576033,train,query
78dc8fca5425ca43f158c5f1f26c,PMID:34576033,train,query
279ba06b0fe672172464fc6eea7d,PMID:34576033,train,query
d6d1c70c02658ce6de692ee6b21a,PMID:34576033,train,query
15a9bc963e97d8175d7433e57c8e,PMID:34576033,train,query
5af1e170eb5adf22aedd2465e2e1,PMID:34576033,train,query
73a640ce8444dac6a7df79c54a59,PMID:34653234,train,query
97582d0b63d9b4adfcb94211114f,PMID:34653234,train,query
14d8ffe60f9ec6e922c61343c96f,PMID:34653234,train,query
4571698939fbaf49b00ee05cbd90,PMID:34653234,train,query
83e5a32818bed53c8ae91432ee84,PMID:34653234,train,query
97881ca34e266d935910e6d69ab9,PMID:34653234,train,query
b13619339da35679da59ff2b0237,PMID:34653234,train,query
4503bbbe9a9f9bde049ea6dd4483,PMID:34653234,train,query
45ccd3f30ef9895e5f141bd34188,PMID:34653234,train,query
4fa217922a4486441bd20b36a337,PMID:34653234,train,query
224e54382e22cd399567f5e7a0fd,PMID:34653234,train,query
476f47a43ce09cc2b8984c96f7dd,PMID:34653234,train,query
c1b523b5c6cb10802039a7b74352,PMID:34830739,train,query
f4271ecaac184953dda24dcc5128,PMID:34830739,train,query
4a39cd5d11c6c6af5d5c734ac910,PMID:34830739,train,query
bc18d0ac385991d4266f8ad2a9b8,PMID:34830739,train,query
4d779cf7416cfe9a3f72f4f7b38a,PMID:34830739,train,query
f8577d2ec0651bc595d64ba3d9b3,PMID:34830739,train,query
ec492569fbdf1ccd9f6fe92a473a,PMID:34830739,train,query
802899bf20562c718ed7792cece6,PMID:34830739,train,query
170ef4e69d06b3d7a12a2b1c6a90,PMID:34830739,train,query
8c152e38c4e3a135da062f7512c6,PMID:34830739,train,query
247606dc1b247bddc409339d6a79,PMID:34830739,train,query
be719711ec9fa660889b9e878b04,PMID:34830739,train,query
1b746b23ec2a1bd7124c2368254d,PMID:34830739,train,query
cbf3ed8879e3b4335e7a0671e0fd,PMID:34830739,train,query
6cd98a55e7975b108e36fd2ce5aa,PMID:34830739,train,query
062041107be9ae3a69ff2d24506d,PMID:34830739,train,query
899709ead36e25650d8f3e1aa630,PMID:34882261,train,query
0d7be99ec57dd47a80c820448661,PMID:34882261,train,query
de04948e9829ca880b3e7f134cd1,PMID:34882261,train,query
d8701b5712a82f5b986c05525c88,PMID:34882261,train,query
8133703f00ca13b5fa72fbe67f81,PMID:34882261,train,query
42abc5301700239327a50239036f,PMID:34882261,train,query
e91d3f5649bc79a524786ccc0292,PMID:34882261,train,query
090bd790061067fd95ff85b67378,PMID:34882261,train,query
bfbffd05c46e496b4877134f0f39,PMID:34882261,train,query
f3bcadb3b5c36c4612f664c8e150,PMID:34882261,train,query
efdbf8c7ce9f33483247b38e14e9,PMID:34882261,train,query
830b96ed0c867d598a4b0f7989c3,PMID:34882261,train,query
76831f9257ed28c45ab2d3c80b83,PMID:34882261,train,query
994af672ae5cc35bd2e2cf2efdf7,PMID:34882261,train,query
90075767293c5134b145aa578a25,PMID:34882261,train,query
4648e13a8bde724782f501a0b04b,PMID:34882261,train,query
6584617254239753edc8a34fdf2b,PMID:34882261,train,query
9c7ec8d2885929885dc21faf9044,PMID:34882261,train,query
83d26dd1491f4a6a3c1b645fa6b2,PMID:34882261,train,query
f9a3995a02f812cdf6bfda78fd61,PMID:34882261,train,query
3ee9db6632140949a204406b6b71,PMID:34882261,train,query
9f5b515e7487f1eed6de7eb203fb,PMID:34882261,train,query
c59e86dd3690d60a80cc765af760,PMID:34882261,train,query
308d84b61dbaef6f64716ba2ecb6,PMID:34882261,train,query
6990fadf45a39079d52da2ab422e,PMID:34882261,train,query
5c53786a3239f3e90b52a6b2f770,PMID:34882261,train,query
6f988ac55d9c0f457ba7f10da2b3,PMID:34882261,train,query
1b09d60b316207623f7cf961bc17,PMID:34882261,train,query
10601c5b9af335b80734c80c2adb,PMID:34882261,train,query
457dcd9329b7ea44939fb565822f,PMID:34882261,train,query
a373362fa4288fc3607922d3c4c9,PMID:34937594,train,query
65a3c768c2e1af27f3bca9923e07,PMID:34937594,train,query
c3f144670d9a76de9eda8272ffcd,PMID:34937594,train,query
dfb9c11d47cec292aad001932a3e,PMID:34937594,train,query
7a8485931e77ec589c74a427f8d4,PMID:34937594,train,query
5b473961e1db6781d680159800ca,PMID:34937594,train,query
129163bf90688d8aa2dd4be4308f,PMID:34937594,train,query
5ef9f2f999169a8bd9f93cc9fe4f,PMID:34937594,train,query
19ed1e081a76b43233660b2c4352,PMID:34937594,train,query
f20f967ba113f2588f30c877f3ee,PMID:34937594,train,query
8cab50e83dfe66d3fb8632ef4a0e,PMID:34937594,train,query
1171aaa3b66e352c715454bc12bd,PMID:35001666,train,query
68cf6560b69b5ce5d0ea0c5f2b80,PMID:35001666,train,query
f4ceb0a95f792e3902bba93ce2bf,PMID:35001666,train,query
317e2bf748cfa9317c6be1ba9759,PMID:35001666,train,query
297b04d1618d389534e7d6dfc784,PMID:35001666,train,query
a8bed2632a967f2f6326b123004e,PMID:35001666,train,query
e10ed439173f2163c82eb2367ff0,PMID:35001666,train,query
a926fef974e29a87559a45ede282,PMID:35001666,train,query
2b649340efb8b1ed9859649898cf,PMID:35001666,train,query
26670a9008d542b06025f6b07bb9,PMID:35001666,train,query
c1199fc06f9cf1488f9e0aaa6607,PMID:35001666,train,query
2cbe35079d3ceff86aa7aeb5faa0,PMID:35001666,train,query
65093c7413cdfe21b6b375cff981,PMID:35001666,train,query
9f2c969398bf06814724c210abbb,PMID:35001666,train,query
4f4857e0a321f0c3ae4cef6414b2,PMID:35001666,train,query
9bca85b6399f39891526a3242033,PMID:35001666,train,query
0ea313bc9b53e6397161fb2a56ac,PMID:35001666,train,query
9258bb42eb05938ab8a0bbb23af1,PMID:35001666,train,query
2c45aeeb68be17e0ece963209eab,PMID:35001666,train,query
b264423e773cceb9d2fe3299129b,PMID:35001666,train,query
fb4a1fd3b648de6a797a8993c898,PMID:35001666,train,query
71cade522ad650bb91a136301490,PMID:35001666,train,query
3f88cb8f23ae63625591067637a4,PMID:35001666,train,query
3b07897a8d3debe41d8eca338901,PMID:35001666,train,query
57dca15905cc078bccfeb2873088,PMID:35001666,train,query
6c55ce6a3229d0920ba37377a9c4,PMID:35001666,train,query
8f34cbcb2dde5cbf367682ebdde8,PMID:35001666,train,query
48701abd28cab178bf9861fc743a,PMID:35001666,train,query
61ade5a85f3304580272dde6be0e,PMID:35001666,train,query
09257aac0dcf7289dd30905a4157,PMID:35001666,train,query
87dcc9f9ae6b48c29923ca6adfbd,PMID:35001666,train,query
169f91cf7274e19268984b13b79d,PMID:35001666,train,query
8004025ffd363b5da9e021b06718,PMID:35001666,train,query
e83f80522c406da40c193a1b52e9,PMID:35001666,train,query
c47b07487c4622a283c01ede286a,PMID:35001666,train,query
e7a18256c18f2535b130211b7a03,PMID:35001666,train,query
c05b83f15e37b9427dd5a2d631c2,PMID:35001666,train,query
bbbbd01e0b158e7ce373158ed3bc,PMID:35001666,train,query
143fbeb37e95b278dfc23016b2f6,PMID:35001666,train,query
cfc1d1c7c2a17507a1c1b9b5a71b,PMID:35001666,train,query
bbc66190a958b5a8d5f917b78041,PMID:35001666,train,query
ad2ab9c24eead0da81a773fb83a2,PMID:35001666,train,query
90376c598507319fff1f5f9e8f14,PMID:35001666,train,query
133e3bd2b645f43e57c742515111,PMID:35001666,train,query
bb56e9e35d984f5daf91a342bda8,PMID:35001666,train,query
aab5b64dd53b4bffeea359d90d3a,PMID:35001666,train,query
d362438fac60fdedbd8efcda712c,PMID:35001666,train,query
e60cd0716944acf740c9dd62b80c,PMID:35001666,train,query
535437bf25d439bc27cae19d962d,PMID:35001666,train,query
23b26a0406bc91889b5c1519c792,PMID:35001666,train,query
0197be95a81013defbda85dcb2ca,PMID:35001666,train,query
9a20f44e32f04e625d3b5f1cacdc,PMID:35001666,train,query
9b9137b274b04c25163dfc2a2ddd,PMID:35001666,train,query
669767edd1513fa5704d998efd40,PMID:35001666,train,query
38033f9829e383898a3d6c8970f8,PMID:35001666,train,query
73b14817de56f781c9b63488c5f6,PMID:35001666,train,query
ab4acd976b16eb3187d1bbeeda83,PMID:35001666,train,query
8468b7a62625db00ec6b8c6d4d69,PMID:35001666,train,query
5d86f86faef07b117bc9e81570f6,PMID:35001666,train,query
f59a4bd6049844932f95f70c0e55,PMID:35001666,train,query
eaa54c4f19ffa0c51365106405ab,PMID:35001666,train,query
936116bb8584cacb9e4b5734f0dc,PMID:35001666,train,query
73abb097e8cca679bf273799a249,PMID:35001666,train,query
921598e7235fed1b5b6257117de2,PMID:35001666,train,query
40c4f43a695c5b4c1c750a5bc4b7,PMID:35001666,train,query
e6c7e96ae05f237ca9b5368b42a5,PMID:35001666,train,query
7a721684aad4525db833f1775f94,PMID:35001666,train,query
dd0e2bba2e1d593d398ec3c23e2f,PMID:35001666,train,query
9e9fd5551388fc3bd06fa9e6b6c4,PMID:35001666,train,query
29cacff5c6cbaf641a02f22b684f,PMID:35001666,train,query
e80f01c2fad059c3e61a7d7ec135,PMID:35001666,train,query
02eee4c6d02b42749231b5ecf37c,PMID:35001666,train,query
0b0b9d16a74f8d76fb4ffb5baee7,PMID:35001666,train,query
adf478b32c09bd23090e77f4fb5f,PMID:35001666,train,query
f295fa0943e766fdb1c86bcbd746,PMID:35055139,train,query
e3c4ba4663a32a5c81adb65978ef,PMID:35055139,train,query
1938447b8ad4ca8ff7a4fce05eee,PMID:35055139,train,query
66b79a29b7494df975c663beaef9,PMID:35055139,train,query
de988e781dc19182eb06d409ba36,PMID:35055139,train,query
2571865ef9ce8e1cf9056aa43651,PMID:35055139,train,query
45ac373f263eda1bd4486b5f5935,PMID:35055139,train,query
777f77ca67bd1d7cdd8d25fe456a,PMID:35055139,train,query
4ae25454445db893dc17519b871d,PMID:35055139,train,query
17caa38316d4da7f4b95ab8957c7,PMID:35055139,train,query
625a04a0a93dfa8570759d729966,PMID:35055139,train,query
eef415c65ca8759f8add5025983a,PMID:35055139,train,query
dd2eb2ac912708b4e09fc039e9ce,PMID:35055139,train,query
2b3e8bf989d00c83f3946c6908f6,PMID:35055139,train,query
2dd601cf9be913b9f3da896e1350,PMID:35055139,train,query
b0aa208b65a98e027140451e9eee,PMID:35055139,train,query
8f65239e343a03178ec61a76d89f,PMID:35085778,train,query
52f45ba6efceffc8cff4fd7fed0c,PMID:35085778,train,query
0ce692d52c3f712c6ea4d93e3f84,PMID:35085778,train,query
43505bbb17bcbca799108769753d,PMID:35085778,train,query
4e6a4589198a1f9de7b562626d91,PMID:35085778,train,query
eac515753a1835968999464c3971,PMID:35085778,train,query
b702f1516ea9c820b5fec7c87fbd,PMID:35085778,train,query
bd4b242bcf6feb1440c634218a8f,PMID:35085778,train,query
da0c00f37ce00d8ef03ca5e01d41,PMID:35085778,train,query
a8718ca5f42b4e6b0c58a82e29f6,PMID:35085778,train,query
11769a28fd6d544ed632f051ce26,PMID:35085778,train,query
ee6d4de08872481bb8a5b8f303b5,PMID:35085778,train,query
7d546c9dc3dd5272a210825e3a6b,PMID:35085778,train,query
731f2bd0b5c8abb43b3e4912fa13,PMID:35085778,train,query
bc891417a859c342bd9e3e4dbec0,PMID:35085778,train,query
345cc139a8d9e92290c2cbe732c3,PMID:35085778,train,query
8bd9cf1c5f4d4fe8033bcd32e529,PMID:35329839,train,query
ce1cf36b2fc21b21dc75cce97f2b,PMID:35329839,train,query
1122deb3ffdd1666132488abbd4b,PMID:35329839,train,query
829d211e8a6e8df560d982d623cc,PMID:35329839,train,query
3812fdd13af4587caa0c7a2eb97d,PMID:35329839,train,query
8253b258e486d38b018bdc1a2ebb,PMID:35329839,train,query
a2453a33abd7496eaff98743907f,PMID:35329839,train,query
1c5f4810926dbcfd0b6430525008,PMID:35329839,train,query
406761f48adad93bc062811a94f1,PMID:35329839,train,query
f8d4ace80f5b41af73d64caa6e44,PMID:35329839,train,query
b20adcadee3ee382ab20f6c50d18,PMID:35329839,train,query
10c9ede4ca2808ba6f6c417846f8,PMID:35329839,train,query
45ae2a7fb0c5989e5318e61b70ae,PMID:35329854,train,query
69de3071b45ab2fc09b205ee0bee,PMID:35329854,train,query
703f6800869ae4018c112731af23,PMID:35329854,train,query
e62e9ddb320588eb6ce4ab1450b1,PMID:35329854,train,query
bd80f74e064556bf996ab370a119,PMID:35329854,train,query
16f7f2f2cfceb49b70c4dd335234,PMID:35329854,train,query
cb72c704b9d9e08d72ba66a4e1d8,PMID:35329854,train,query
d9720a1bf74805f7c20734358b25,PMID:35329854,train,query
61b114162103d063bc8890e18afe,PMID:35329854,train,query
d5db424dc7a75b23c4e0b5178572,PMID:35329854,train,query
740c3d229de6985cff55b9d6cdac,PMID:35329854,train,query
c46f442bc0e91cdf888edb26f230,PMID:35329854,train,query
fafd3b049e1ef4c571c81efd8651,PMID:35329854,train,query
8a7b4227ff2e7f78c7b38d034ddc,PMID:35329854,train,query
7e0eedcadd02554189864bf9eefb,PMID:35329854,train,query
e955799652733087bf7aa2d2973a,PMID:35329854,train,query
ea9edb743c78f6456381cfe7258a,PMID:35329854,train,query
b4c9f81d3677a7c1fe8a040ee439,PMID:35329854,train,query
9e7be25110e97a38ed98117d93c5,PMID:35482990,train,query
af9778e8882d320215ef9b92ca4d,PMID:35482990,train,query
6309bfb3e6e365519d5def055b21,PMID:35482990,train,query
7bf57b91a91dff97d7c9b34a512a,PMID:35535852,train,query
6a6f35451980e2adcbe3cba34ff1,PMID:35535852,train,query
c14bcfa37dd0e31c7e49ceea8d8e,PMID:35535852,train,query
333cae7d7372fba7c9e499503432,PMID:35535852,train,query
4e9837248e615e3a48a57cdb8364,PMID:35535852,train,query
d97b1fe28e73d06c8d38ca6de1fb,PMID:35535852,train,query
e11cf8f17bc24e6307d3a61c1b12,PMID:35535852,train,query
f8bdf6e5acd474ec88089119f5f3,PMID:35535852,train,query
09101ddd687189d8bcf2b16d123a,PMID:35535852,train,query
02cd9179012e7b4f4d0de57e61e1,PMID:35535852,train,query
2f036f00b3daa81acdbd207943ba,PMID:35535852,train,query
45ce24b9fa9b9434db3bc5d60b70,PMID:35535852,train,query
77e7440a77eb4be9c46545487f1d,PMID:35535852,train,query
2fac3f459c43060354dfae02c85f,PMID:35535852,train,query
668071dbc83e7c3b90187b54727e,PMID:35535852,train,query
e37595b7d4b24cf1b8b88d8a95fe,PMID:35535852,train,query
2cd7f74aa93e0b6262c5fd7ab037,PMID:35535852,train,query
87103a451b87c8abd5cf6f2aeaa1,PMID:35535852,train,query
ec5f3f51cc8a2e8b009c5d6bd658,PMID:35535852,train,query
fa10c241a29cf412e9883f83cd00,PMID:35535852,train,query
23b50c9b2364a251ceb1f0740296,PMID:35535852,train,query
5b9bf7694ceaebb35ec66c16d56c,PMID:35535852,train,query
4022cde38fdd7ba33af416797a3c,PMID:35535852,train,query
d489e9d12c6fdda51985a227aa6c,PMID:35535852,train,query
3a7b9e3f5d0fbc92ada2d75f465e,PMID:35535852,train,query
55aaecba909fdea476a76549da83,PMID:35535852,train,query
cef2e793098464f79b6ef314d271,PMID:35535852,train,query
0728c1bd0a3a97f19aa1a8d293ae,PMID:35535852,train,query
364cbd360ac7e2592f2490e31b98,PMID:35535852,train,query
fafb9fb6c604fe4d1e23c7c0ec8b,PMID:35535852,train,query
0d2171d921d39e3b419888f5322c,PMID:35535852,train,query
2b3ca85fcd95100673599f779035,PMID:35535852,train,query
e5069feb7087a956877a1e878830,PMID:35677556,train,query
8106dfecec1d29d64f16356bef1f,PMID:35677556,train,query
3b5d57a122cf0027e94186b3cc8b,PMID:35677556,train,query
d0d6aa5836ed398d9a0f66894569,PMID:35677556,train,query
4850ade96aa5cce76250ba9cd9ba,PMID:35677556,train,query
cdb08d2f760219d4d00d982bbe51,PMID:35677556,train,query
eddc021487f767a4d695fc25e425,PMID:35677556,train,query
0ea0c4f48f7e4527196e4ad6a5cc,PMID:35677556,train,query
6db4e50b2c24d0da0d8db293409d,PMID:35677556,train,query
62e5cdb56cbe174ca0239eac46bc,PMID:35677556,train,query
c30aa5d0c47139a0a81c3abea837,PMID:35677556,train,query
6b1368bfb7018dc27624156d7560,PMID:35733931,train,query
fa6c31d0b0ed2d33b48f1b1f0d58,PMID:35733931,train,query
6a6c1ae1093518bf88a8743de900,PMID:35733931,train,query
d8c78ce21b5c141043bfd916da9c,PMID:35733931,train,query
1f9255e73fddcdcd5c2c8c7f5e97,PMID:35733931,train,query
878d346fb0a656cf06d1d6c09f0e,PMID:35733931,train,query
f04d22cb295da1f0e9da89491925,PMID:35733931,train,query
0fa0a26bc1c9b4bd4a3cb4e96a0f,PMID:35733931,train,query
5b84b88ecf016634e23afaaed551,PMID:35733931,train,query
bba27175539dd58d2913e82c5fc4,PMID:35733931,train,query
76bc803fe89e1f56e92d6c232e64,PMID:35733931,train,query
2cc49eb1e6ed6f987c157b7d75fc,PMID:36012404,train,query
10b75c459c58606a709d94ded5f2,PMID:36012404,train,query
efbfc77a7097289abe887dc9532f,PMID:36012404,train,query
5e25eb8b73516f90f1089cbba51d,PMID:36012404,train,query
1a3674b5596a1d08eb1a4fc0ff9f,PMID:36012404,train,query
d38d8b246b920a6762788a22224b,PMID:36012404,train,query
aa039b1b0d8e73a7900eff6c0914,PMID:36012404,train,query
40809d9e91b9d752342b4198554e,PMID:36012404,train,query
186fad75fa016144ff35d457f0e2,PMID:36012404,train,query
fde38ee3d4062270e6c4148f1a1a,PMID:36012404,train,query
4918a375862932eadb80896d8e09,PMID:36012404,train,query
72da892890c43eb4261461986a31,PMID:36012404,train,query
129b369ffcc9e6a163d3aeb3e1a9,PMID:36012404,train,query
e41cb2a293cb128fc191d0d43f86,PMID:36012404,train,query
6172518d869b7cb913b9efe98f6e,PMID:36012404,train,query
dae435a391596aee8e7c68ace429,PMID:36012404,train,query
e74dfff11d6ecb620d1726aaef56,PMID:36012404,train,query
c206ff5e9f42c1f23da701c15dca,PMID:36012404,train,query
88865a7d01b52f09149f259ba486,PMID:36012404,train,query
c063abf956fafc31724242c2d13f,PMID:36012925,train,query
194e5f4b2fb5e10c65bda2ca9fb1,PMID:36012925,train,query
4a9f0f33a01cee7be604855e1c9f,PMID:36012925,train,query
1f325f1021ee26308e85b9f7151e,PMID:36012925,train,query
c130d4def9d14319127896e4947b,PMID:36012925,train,query
ac50b6f721b6b0d388d88e6a28c9,PMID:36012925,train,query
0d721f96f301d0362f9fc54ccdea,PMID:36012925,train,query
95e467a8396ebc4790ede8c8cbfa,PMID:36012925,train,query
53b2cba3f0da1442da6c7a09ae2e,PMID:36066198,train,query
b5f9738b9c3d81debe2d25466e42,PMID:36066198,train,query
ed8e6d6e2288d489d9948f66fac4,PMID:36066198,train,query
97ab29d21496c0db061bebfbe491,PMID:36066198,train,query
0deb62e3362ac5ce824a43e9285e,PMID:36066198,train,query
0bf49f9e0975945054037a540f31,PMID:36066198,train,query
1da83c73eb6a6230a08cf92cd754,PMID:36066198,train,query
d5c2b196794c37ccfba11bae4f3e,PMID:36066198,train,query
0af5ec4de2cb1629c823a568cee5,PMID:36066198,train,query
cf86acad190008e8da513264321f,PMID:36066198,train,query
e6ed5c87607e1badfee5b46e551f,PMID:36066198,train,query
9dd3e97088a98644f84bba0b222a,PMID:36066198,train,query
cd5955d40e65a27dc83e65fa539b,PMID:36066198,train,query
b1f8cf792706744a8aebb117be5b,PMID:36066198,train,query
dcc4706c0655064417461c19876f,PMID:36066198,train,query
210a794c7a06dc0b99257ca53414,PMID:36169768,train,query
0bda5cadfe16c5d38b192f86e1cc,PMID:36169768,train,query
aece689c467321eec700e1ff8f8f,PMID:36169768,train,query
64fabd2255b2b893403c9b9bee82,PMID:36169768,train,query
e768f67a02b12715a4bd9dc59382,PMID:36169768,train,query
224b6e722e860b3612bc13c98084,PMID:36169768,train,query
385c3cf88c13b0913260c50a4344,PMID:36169768,train,query
0d8c4bd3ce5da77f196647dd69c1,PMID:36169768,train,query
666bcf5b1f0f6bc3c60357d2da64,PMID:36169768,train,query
8ff3765be962edd8b7c0de7e3d53,PMID:36169768,train,query
d55358ea11206e47c076be79d8ea,PMID:36169768,train,query
8fa4228ae88b2fae603828a5e481,PMID:36169768,train,query
c61332da79ff6858284aaf6b862b,PMID:36169768,train,query
b895730a462edaa3c92ec43b5006,PMID:36169768,train,query
422a40960ca725f7688f65983a3b,PMID:36169768,train,query
24fae3e284a1b9242087a8e8c7d3,PMID:36169768,train,query
c6abcd140a009111ed2bd4d46cf2,PMID:36169768,train,query
26cf0f215ba0023a237a776c744c,PMID:36169768,train,query
34ba425119209c86e1e79ddfae2a,PMID:36169768,train,query
10d9bd0901a78f1d1b65be181e9b,PMID:36169768,train,query
0aa187dd7fb13273f79e5c7ad6a9,PMID:36169768,train,query
286bcfd9c7257eeaf62cf6ed5482,PMID:36169768,train,query
6518fe91afbddc8c15586f48d843,PMID:36169768,train,query
97e26fc3b7f7c7997bf487180ac6,PMID:36177340,train,query
e5f6eca9ec71703df90732a3fc8c,PMID:36177340,train,query
68f5e1d46861163421609c293208,PMID:36177340,train,query
a58125033b7aa256ad4d95d92f9b,PMID:36177340,train,query
f25e77cd8d11ceb71f2eaad57c06,PMID:36177340,train,query
29e3da6998da619647e20caae4d7,PMID:36177340,train,query
90ee61754b7d76b380133e26ceb6,PMID:36177340,train,query
49fa04763602b1b5a57d8d377d14,PMID:36177340,train,query
371979fe3b03220b899c371c43ba,PMID:36177340,train,query
ac28dad363300d58f50b4b39da7b,PMID:36177340,train,query
8ae3c048d51f707726b8e7a3ae02,PMID:36177340,train,query
a59d0810958a7d9644b0cd8748ae,PMID:36177340,train,query
bf2f256297f0515b058de2d3ddc3,PMID:36177340,train,query
564be3fa6bf7c8116ea3d1d878a2,PMID:36177340,train,query
fb6e79da02e4133ab8a94ab9c09f,PMID:36177340,train,query
478681946f1148407eecd2712774,PMID:36177340,train,query
f327988c1bbd4788b28e8609e61d,PMID:36177340,train,query
e8f420d7a2efa92c5f6f9e665562,PMID:36177340,train,query
1fd0f8b17bc3ed1e1962a6a38261,PMID:36177340,train,query
28982a24e4a285753ec246664ff2,PMID:36192771,train,query
a581a4938a3c8dbd6413fc6ab650,PMID:36192771,train,query
eccc4e9b82ee787fe37ec2ee5927,PMID:36192771,train,query
0d869b408f1d3857d3727e074de9,PMID:36192771,train,query
ba2cd80f366d1766d4f56175779b,PMID:36192771,train,query
04a7ca696686c345cebaecfe2f18,PMID:36192771,train,query
a3d395e6bb77dc512b782c1bcb31,PMID:36237940,train,query
c249669a0aad27382bd1b9120f62,PMID:36237940,train,query
32212afeaa130f8a368aa02ef8a3,PMID:36237940,train,query
dbd7c7405eebbaf2b73d1ea01bcd,PMID:36237940,train,query
e29e6849d04a0a02f2a9ab478edd,PMID:36237940,train,query
260a06249277d1f35b7ad320b26f,PMID:36253820,train,query
dcf7f3d3bb6e969d239e9a758337,PMID:36253820,train,query
c1759c381266317167ab99527fa1,PMID:36253820,train,query
ec4ca8dd79d325fdc6988cd4b4ca,PMID:36253820,train,query
9de1e96ce3d528c6a31193f67566,PMID:36253820,train,query
3f24f74eb8ca997f6d254b1fce15,PMID:36253820,train,query
fb98a28c87e017a549d63fbb0274,PMID:36253820,train,query
47f71364b62e950c7eae0d28a958,PMID:36253820,train,query
1c179b7c409dc60f708720914294,PMID:36253820,train,query
56d5da106c49c05fd94c699c3a74,PMID:36253820,train,query
6a527d7a385ffac8b97ec77e8675,PMID:36253820,train,query
83be7d2916b33be507de1c3e4184,PMID:36253820,train,query
490a2122397ffcc00b2924cbd832,PMID:36253820,train,query
2b1e37dacf17a80d39f4779fa07b,PMID:36291481,train,query
fa9f9bf95b89e310641256a8d532,PMID:36291481,train,query
034bd5260f4b210e51cc72c4b717,PMID:36291481,train,query
d213a85f249388913b3558eb37ff,PMID:36291481,train,query
599411e13bc0ab9a68ee99bd90c1,PMID:36291481,train,query
7be198da1103eac2a2525d7f621d,PMID:36291481,train,query
c04979bf5630f58af164699ed35a,PMID:36291481,train,query
7201bba91b2313275ab83d9983e2,PMID:36291481,train,query
dd26fb74a889ccf24b0b3697cbb1,PMID:36291481,train,query
2396a99c400446a6f1443c9b4cc6,PMID:36291481,train,query
8b99e83e40592a3169df73015b1c,PMID:36291481,train,query
dad855d943c9d381df84d2488616,PMID:36291481,train,query
6fc755611d2c97a17369dea53545,PMID:36291481,train,query
94e5fc685780d3fbda61d8bd4acd,PMID:36291481,train,query
5a1d8d0432fbc339545699362897,PMID:36310336,train,query
bba63f2e181cc57744e29cdc7850,PMID:36310336,train,query
5ea78a9e9de119419f8e60063084,PMID:36310336,train,query
dcb92f06e62221ec3152c095fa48,PMID:36310336,train,query
23db9e13bc77fecfd9df3fb30b6c,PMID:36310336,train,query
ff492e94cfd6eb931aca4802a5c2,PMID:36310336,train,query
1e23441914a620bd8b2a5e550d21,PMID:36310336,train,query
3c87338fcc47d71b894d5dae39bb,PMID:36310336,train,query
5b717d5bec8191f0a6dbbe209fed,PMID:36310336,train,query
cd6118f35d2d480527f07f123eac,PMID:36310336,train,query
ef80be5bb9a2bdc05b27143a739b,PMID:36310336,train,query
076932939af9b0a7b439b3bc28c2,PMID:36310336,train,query
59e6adfaac952170bf6ee61b6e5f,PMID:36310336,train,query
6a856288bb0fa49506fba12bd4a4,PMID:36310336,train,query
669124d8bcaafd14d478c65f2358,PMID:36310336,train,query
744a07278e8700afa8778f8d6a78,PMID:36310336,train,query
e1a39e89cbcd95d70a5f4e74b6a7,PMID:36310336,train,query
5854e2755f229b8d0e835edb88f6,PMID:36310336,train,query
6d16d7d1887f8d2592d22f3b0071,PMID:36310336,train,query
01b12ebe8b7d222226fda94a82aa,PMID:36310336,train,query
76798a238fadb0802e6dd0436220,PMID:36316717,train,query
36f17853f3b39a60c49d4caa58a3,PMID:36316717,train,query
89f5aa1b714e067ce34156bc7cf9,PMID:36316717,train,query
541f420b10d8e4d1ac8277efcf27,PMID:36316717,train,query
0ee2d653dab89530c65a7bf4cb23,PMID:36316717,train,query
26ad0c92d61e4419e187b80595b1,PMID:36316717,train,query
0ef95e388eeed30d4a32fda70c9a,PMID:36316717,train,query
86cddd7afa9e484a5fffbc94671f,PMID:36316717,train,query
29dfaf4c57a3e46b1e59056d19aa,PMID:36316717,train,query
8b1d81a35000267371b431e0e2ba,PMID:36316717,train,query
b59c3c8dffc62040f5b8f8a39f74,PMID:36316717,train,query
79c11ecdad69fd7641f7d94d438a,PMID:36325625,train,query
80996244155104c98c525ffc8d3f,PMID:36325625,train,query
c9db37b92eca4556fd8f5c795432,PMID:36325625,train,query
70ed0b2caaf1dcfa087450447d8f,PMID:36325625,train,query
971a79259777360c25c744edd8c4,PMID:36325625,train,query
3486906e3c8f28cb4d90316d073e,PMID:36325625,train,query
2deb1b956161e3a7d8662257144a,PMID:36325625,train,query
9d5aa67acf267a5c2a4c5051a18c,PMID:36325625,train,query
45716359298b351ce09067495500,PMID:36325625,train,query
6704f4bca9714ee0dbf9a66efed9,PMID:36325625,train,query
89dbc647bd54e161c9e7867a0825,PMID:36325625,train,query
f8f759297aff7ae34042287bfa20,PMID:36325625,train,query
8bf39e9382ba22693bcc1192e9c2,PMID:36325625,train,query
dd9071d378ce040ce1ff6db0510a,PMID:36325625,train,query
391f2f359feb1e155dfb0ac814c0,PMID:36333674,train,query
3c05ec3ef2fc3da43fea203fd212,PMID:36333674,train,query
2061f7762e6db2d07fea508479b6,PMID:36333674,train,query
4c086d70f410095beb065db68723,PMID:36333674,train,query
5df996c562cded5d30bb2f8d4b39,PMID:36333674,train,query
eca30558be76f6ec2fc2c8338738,PMID:36333674,train,query
d1e636d221ef6c53c8d1f3a9d497,PMID:36333674,train,query
cf2d15eea2a59e0729e29de38190,PMID:36333674,train,query
ec0cee132968c9009af83ddddf07,PMID:36333674,train,query
26227a8f90228f5d8e5e942be95c,PMID:36333674,train,query
e78217c8fd1b6c6010e565af89d3,PMID:36333674,train,query
97ca0da4973f952a800069054d50,PMID:36408191,train,query
a00c5f5ac45accd8cee7c73875f8,PMID:36408191,train,query
d04c72d8e0679aec7da5d7ad83c2,PMID:36408191,train,query
eb2d1aaebfb4d595d13ada219547,PMID:36408191,train,query
215449415baa5a6e9e1e89fb6da0,PMID:36408191,train,query
90c57a9e78aeb6e864e7083f7708,PMID:36408191,train,query
3e2c87f77c3ae62d67826156fc11,PMID:36408191,train,query
9bf0f98db8ee7295fad75280a953,PMID:36408191,train,query
3d01c34a78798dae18ab60fbfce2,PMID:36408191,train,query
2750bb8cdc945b721570c363dbb2,PMID:36408191,train,query
661ec8a9a72e1637bde8b6365ec7,PMID:36639821,train,query
44a1cdc0bdccb51fa48052af3907,PMID:36639821,train,query
7ba8a834731003f0b4c61ba07e97,PMID:36639821,train,query
33f6e1a7d8df83c66ab0c4ca153d,PMID:36639821,train,query
f3d7fe471f09ce49db263c643257,PMID:36639821,train,query
27c3469fb25ba5d762acffc70382,PMID:36639821,train,query
7dcb98907162dc02270d3245988c,PMID:36639821,train,query
14b09eb878af77848a34af33c794,PMID:36639821,train,query
05ba9853a775cd9158d33a045ce4,PMID:36639821,train,query
8380974c6b5f6c3fb4f78176df34,PMID:36639821,train,query
c37e25ef0c324e757ce9432d4d2d,PMID:36639821,train,query
cdb62074d3ca1bc4f49b6435c4bb,PMID:36639821,train,query
45e765055501686658cfdf3f406d,PMID:36639821,train,query
af99131d32d1b51eec9f449e081b,PMID:36639821,train,query
0887d54c84751aa60d86af24111e,PMID:36639821,train,query
55ff65143cbaf6ac95109aa2ad8b,PMID:36639821,train,query
64cb661b7978c525504ab7f5004f,PMID:36639821,train,query
92a0ed219d2a5a7de8df35008f45,PMID:36639821,train,query
d2ae45eb08ac979568fe6b168792,PMID:36639821,train,query
4cbd9acab73bd280db92eb6e6171,PMID:36639821,train,query
be4a2581f7b3376a22db313914cb,PMID:36651718,train,query
496b1100c24131c11170de8105de,PMID:36651718,train,query
2328f09152fb65afd32042bcae90,PMID:36651718,train,query
3161d604cc2fc8857b73c03fec14,PMID:36651718,train,query
0120bcd6615c37350a6bdba72484,PMID:36651718,train,query
4f7d93a4783793468549364a334b,PMID:36651718,train,query
80ad89ab005128d2c3797f6c36dc,PMID:36651718,train,query
1240a6c060243203c88b8c8c0f7c,PMID:36651718,train,query
5fb0b00fe7f6e290cfc104f7c9a0,PMID:36651718,train,query
6bf89c2a2bf3b2799ab001c4066c,PMID:36651718,train,query
33433c00c6916de2f2031a202553,PMID:36651718,train,query
77737ddfa9d03f35bef51c293963,PMID:36651718,train,query
719e3c0794271e4a337bf9e68a27,PMID:36651718,train,query
51c5b41c25caf9294a40ea273631,PMID:36651718,train,query
116303fa9606ebe6542b92c0627c,PMID:36651718,train,query
9b69348209c8d45a734b43adc703,PMID:36651718,train,query
f3387123130afffb28fdb046dbe1,PMID:36651718,train,query
719a35986a1d82a469109e36959b,PMID:36651718,train,query
fbc0522c1930934a22a1623e9409,PMID:36651718,train,query
8675077e6294a29ca1c4688ebd58,PMID:36651718,train,query
2cc48bb4f84a796e9492a082c681,PMID:36651718,train,query
f1269eea8f76b4085578982148c2,PMID:36651718,train,query
1b76fc8fecf008b6318e00fe28a6,PMID:36651718,train,query
a78d3737976e83151a83dfbc187e,PMID:36651718,train,query
a706d7a6d3479bfbbfc5af3fa943,PMID:36651718,train,query
c66499a428510ab79d41e806478c,PMID:36651718,train,query
774b81bb162bf2c7d358bade9ff1,PMID:36675224,train,query
184a898c075cd26f6e2b60baa426,PMID:36675224,train,query
e8b355abe8f14fed4aba024384b1,PMID:36675224,train,query
d6563f73a3ac31411367c8e12e20,PMID:36675224,train,query
386ec053c6b19517394c1a8f88e8,PMID:36675224,train,query
f3c692fbe7bf7d429042169a6ea7,PMID:36675224,train,query
ac0614243e48de73ec6c4cbe4327,PMID:36675224,train,query
bee97cb2486bcdfb72362519a9d3,PMID:36675224,train,query
29d5e50bfe4697c1bae916f33eca,PMID:36675224,train,query
ac59447c780c15c27baf94ee1761,PMID:36675224,train,query
1c33fa4aab03f5c375b29eb6636d,PMID:36675224,train,query
ed75b06bb2732286bcda7a858eae,PMID:36675224,train,query
a293ec21067d545e8672d5140557,PMID:36675224,train,query
facd33f8b0cc74620a544fa2edc1,PMID:36675224,train,query
60579a8d2e35fe2dfd4f5439ba1c,PMID:36675224,train,query
6e192a61e5f049c03a82b950c2ac,PMID:36675224,train,query
770340cd9bbee8fa9bb024f68a15,PMID:36675224,train,query
c345b74abebf6aa19f2f5725c884,PMID:36675224,train,query
a6ee89d6da0cdc6003b2631069e6,PMID:36675224,train,query
0500359db64ad6ce0cc1a0e0402f,PMID:36675224,train,query
0a9e457037d998ff8dc638f7a2dd,PMID:36707971,train,query
ebc90ef1f989755358dc569ab13f,PMID:36707971,train,query
55dfb0233042f7c0f1db363cd522,PMID:36707971,train,query
8cf3050e4263c9cc9a88b38366b8,PMID:36707971,train,query
0c00b171f5e8562e24bc3eaddab8,PMID:36707971,train,query
21a022d4d32425cb600c289dc6a3,PMID:36707971,train,query
4fb8a6675e5fc969d1b329f948e9,PMID:36707971,train,query
2f5df74296c3e444c0eaaff5e5f4,PMID:36707971,train,query
4c28976d6c349e6e9e0245b5c67c,PMID:36707971,train,query
4ee8c728fe3afa41806397d69b11,PMID:36707971,train,query
4fb99aa87c74cb0f50c7038b5c44,PMID:36824142,train,query
89056b240c6beb0fc3a3ae6fbd52,PMID:36824142,train,query
31411924f7285f733a74cd0a6d40,PMID:36824142,train,query
c799510d2d55efcce940537df083,PMID:36824142,train,query
f7f3c04cbcbbe0bada9355ac95e4,PMID:36870948,train,query
3a34ea97d0871fff182c721ad209,PMID:36870948,train,query
60d92953ad8fcead2414e0fea28d,PMID:36870948,train,query
93215d6f7a2fa50bb500985dddfe,PMID:36870948,train,query
9ad935a3c72afd5e5e0cccfd2088,PMID:36870948,train,query
80c9dacc9506dec7b3265d426aef,PMID:36870948,train,query
4cd36cca3657cce9d3ddda8599f2,PMID:36870948,train,query
7a13d80ae41af0cfc7b0faf7591a,PMID:36870948,train,query
41682a3c83a2a9f378f53f629119,PMID:36870948,train,query
6620bff45ee8df9ea2b6a4667edf,PMID:36870948,train,query
83b13c01baee5a92c9e6158a732e,PMID:36870948,train,query
055d0713a22ea21dc5dcd9974eba,PMID:36870948,train,query
092b2cff53539452193feca51e9d,PMID:36870948,train,query
396b055182b4ef2fceaef34accd3,PMID:36870948,train,query
31a45a8111c4ea0c796eab8c8d76,PMID:36870948,train,query
c8b2fc5eabef78e6a670a1239678,PMID:36870948,train,query
fe8cd4c81a80bdcb473e5643cdd7,PMID:36870948,train,query
563fe3e3e2544ae550047bae294c,PMID:36870948,train,query
5b2c83d6b460d13d1bb7d873b3b8,PMID:36883071,train,query
42dcf48949aca101f48a39d736c1,PMID:36883071,train,query
50d03e02f1f7895f15cac8221f72,PMID:36883071,train,query
dab4b8a39da63cd4fbdbbca5c295,PMID:36883071,train,query
fd6d48f03e68729fea9089a61a73,PMID:36883071,train,query
bc0afe2130e592e9e194c638ab95,PMID:36883071,train,query
e67e82119db60ebe097d4240abce,PMID:36883071,train,query
6de8e9981fb39d440f56955a022e,PMID:36883071,train,query
742235538ce52c1aac8ce173395a,PMID:36975511,train,query
dc629837ee669fa14ff834f1dbfc,PMID:36975511,train,query
dbafb0a3bd5b44399d4b1e420293,PMID:36975511,train,query
5a0a3935cffa34b6686cf88ccc6a,PMID:36975511,train,query
841e8b1ab41653480a0620cb4a2b,PMID:36975511,train,query
6a7d4dff3b58bae7b57215ac9c29,PMID:36975511,train,query
29538eba17989ffc6e281becac1c,PMID:36975511,train,query
f8d5884f8b16320a65fa0d35c3a4,PMID:36975511,train,query
a05a493cdfccb965dfa06a644cef,PMID:36975511,train,query
129e4ee2b113ed302b20b0a4f454,PMID:36975511,train,query
1dc0d21f4e3e3c3ed6064b7969e3,PMID:37048678,train,query
e1e0a9a543146b31fa087ba8e460,PMID:37048678,train,query
8762bfa8de33abd66057efc4bded,PMID:37048678,train,query
83ec152958498e6b26135126b9fd,PMID:37048678,train,query
45a53693ded6859b5fe8b216b56d,PMID:37048678,train,query
50644f9af2952b5c22d503ce5598,PMID:37048678,train,query
d07a1bb671508c41087cb04c0b64,PMID:37048678,train,query
9d1eccf9d9e0a97ded471db19d08,PMID:37048678,train,query
6ece465a22e8f3b047b733f93edf,PMID:37048678,train,query
f95ac54e2d732e2f7943b8ed1d06,PMID:37048678,train,query
38482ea1e1d5afeea5713fa83bcb,PMID:37193200,train,query
8cba296428b2a382f38dcf38a862,PMID:37193200,train,query
399fd97addb3907ad50c815deeba,PMID:37193200,train,query
3ff8a8938931baf3882691ed7299,PMID:37193200,train,query
89c7d265720dae1f6affb67d8e0a,PMID:37193200,train,query
bcfb623763ba9368d3e97fc2f8da,PMID:37193200,train,query
95132cc3f5935db7b80e26790e84,PMID:37193200,train,query
99eeb47e107ce884a4368596cf9c,PMID:37193200,train,query
32fc6d1a0a8b29c0aceabdee5e43,PMID:37193200,train,query
21430944ac699d14298082d9241c,PMID:37193200,train,query
24c046d56251d069c6ba86d6f6f8,PMID:37193200,train,query
19812a4ed33793a6c4c4af7f14f8,PMID:37193200,train,query
30397b790011a93232d7d8ba66b7,PMID:37245029,train,query
b7f69ba0dffc29f38ba343871247,PMID:37245029,train,query
18b64d45bc6977cf25c2c0516e2a,PMID:37245029,train,query
9296008171dc2ad080b5d3de3765,PMID:37245029,train,query
8fc77d6ae17df06100210f150e02,PMID:37245029,train,query
25330fc92e3bed19ed7face34543,PMID:37245029,train,query
5b23217fd5db41577f3f336e7cf2,PMID:37245029,train,query
740c98c9f32ce5831a76ad04ec68,PMID:37245029,train,query
f6a3c8892cb337e8eccb4ba70a15,PMID:37245029,train,query
7c58cd02905a56cb389ea492487b,PMID:37245029,train,query
dc59e57afd7835cc6e26d0167af3,PMID:37308910,train,query
9bdf33c09936b2c307545d222536,PMID:37308910,train,query
c9787481d8bb03e9f30a6189f83f,PMID:37308910,train,query
7f7992dc7f82a34c9a3fd19bb5c9,PMID:37308910,train,query
dc95a0cc75e6d95434e9e587e537,PMID:37308910,train,query
889f3b650dd2a0a42d7c00d003b1,PMID:37308910,train,query
442090ac9f6b64bc464af7393ff4,PMID:37308910,train,query
1e4a4409f9558343f10503ae3423,PMID:37308910,train,query
8d95cee637f23f56b9861894bfd2,PMID:37308910,train,query
47ce0ab2f895bfde2792627071bc,PMID:37308910,train,query
aea0e7237d2b2be5f3f4dc80a959,PMID:37308910,train,query
1119ce9763d12cbdb8e3df0d5d88,PMID:37308910,train,query
3d76b619cb391d5204394beb2f66,PMID:37308910,train,query
a8596a28dd0bc924413551b722b1,PMID:37308910,train,query
1c7bef8cecb90b487e7c3d88405c,PMID:37308910,train,query
ae023d8be6b8019ce689edc176d0,PMID:37308910,train,query
08526252e406dd08a464e45c0cb5,PMID:37308910,train,query
7db738dcc556fba29d072f6479d7,PMID:37345279,train,query
6090cfb9ca24ffc72af53667f40c,PMID:37345279,train,query
9372f2bbe07401612581a40b3a24,PMID:37345279,train,query
648b49c37c367ac9b07ad6eeaed2,PMID:37345279,train,query
881a89376eb2ec2ef7638eda3e47,PMID:37345279,train,query
489e80bdfaa2f3a284477b2a250d,PMID:37345279,train,query
f0053aa4348d548201157b55193e,PMID:37345279,train,query
f3ee82fb5b9c39fa777a84207c20,PMID:37345279,train,query
6afc5db7a8ff719d2c979a8f615d,PMID:37345279,train,query
5cb3f6b910e79d52b94713dff341,PMID:37345279,train,query
5272a7ef9c0d8f01ba67cfffc9f1,PMID:37345279,train,query
ca135269f496ade223fa339df9d9,PMID:37345279,train,query
a85983784137a7536dfc4deac405,PMID:37345279,train,query
0e512beab0023ab31ab6752bc5a9,PMID:37345279,train,query
5ecdaa07d8c50fd94d5316b773b4,PMID:37345279,train,query
69245288eb738426b767116d1ca3,PMID:37345279,train,query
bd957f64a44a485406968c125a34,PMID:37345279,train,query
84b1798708fd68c502829e5754b3,PMID:37345279,train,query
53c1e5da86fa7e9408e005ac445b,PMID:37345279,train,query
dfc599f5e83ae602db8498019ee0,PMID:37372241,train,query
91147fe7a44a9a42171da8e04a51,PMID:37372241,train,query
6a799fe86012e9ea191c2ba70a89,PMID:37372241,train,query
8c925b412d9e1bf31aadb7056911,PMID:37372241,train,query
436c2b14f2008a6ed8ec3ce89052,PMID:37372241,train,query
bf98548ddfe8aadfe9de4697c513,PMID:37372241,train,query
381bcc384f49c28b598990740139,PMID:37372241,train,query
5291a92dc7c5f9be2ce7c5da270f,PMID:37372241,train,query
8af77bdc21cff552f1a25ba939bd,PMID:37372241,train,query
31c929e6b175f1fb6379e2f37168,PMID:37372241,train,query
6e6bcf6c282781ccb7651f43d750,PMID:37372241,train,query
78b33d1264171b49aa84dcf11af7,PMID:37372241,train,query
7f3091e4c05c73616d6fd0df0f74,PMID:37372241,train,query
6d50ea5ad246931918e10e89ab55,PMID:37372241,train,query
6959b7e1cd11c04e7208a3b2d655,PMID:37372241,train,query
48312d5a1f7ece6e84ebaccdb74d,PMID:37372241,train,query
512c6db10976ed96344a6a4c5c21,PMID:37372241,train,query
a33a38aaf2b106b91f63208e436b,PMID:37372241,train,query
2c0d678fcb8b41430c86cfae3be3,PMID:37372241,train,query
3c03180e009133a977591c058f34,PMID:37372241,train,query
dd91d4610541ea29be2bbf554d76,PMID:37372241,train,query
b060c41e01c33bc38555255d23aa,PMID:37372241,train,query
961ffd2c0b50ba061cfa0c3ba4e8,PMID:37372241,train,query
9417f16c362329964d7661a66ddc,PMID:37372241,train,query
bee3592cc0e434f85cb03963725f,PMID:37372241,train,query
6895069ce70c1b1733ddfa26b3dc,PMID:37372241,train,query
cbe6146c69860cf20aa58de04273,PMID:37372241,train,query
f91d76e64fd96e4bc708c9286e2b,PMID:37372241,train,query
34664b82c846c2144a25202d96d6,PMID:37372241,train,query
ddc67a2d476bfe5caf84c3e720e2,PMID:37372241,train,query
6d799abddb6be6dfa4f87292155f,PMID:37372241,train,query
b42a264075a101d64feea7f89186,PMID:37372241,train,query
3d99053afa4b1e6a63508559f5fa,PMID:37372241,train,query
fd7408b300fe43ea06778c9ec021,PMID:37504561,train,query
55db3a2902db7fa57b2284e7f91c,PMID:37504561,train,query
e047157fc19109bee0973e1e5a71,PMID:37504561,train,query
c87cb82229779f08e47f1e257d0f,PMID:37504561,train,query
574d78b829cc925a56906586a1fb,PMID:37504561,train,query
3f6a3a40f204a10b1d665c4790aa,PMID:37504561,train,query
346317f14c565c34984c621e8238,PMID:37504561,train,query
153020f44599512a9dd6c5e79b0d,PMID:37504561,train,query
f22a8d46f12424617357c9a9c9ef,PMID:37504561,train,query
e49e24b6ae865710cfb09cf5a816,PMID:37504561,train,query
c56aa890b67680c770d0d0bddbb4,PMID:37504561,train,query
843051cd152e9b15a392a0f21bf4,PMID:37504561,train,query
e8a0d6368300c1d32a3c39dcee43,PMID:37504561,train,query
6728c59b31ec4bca7ac2d3a03d95,PMID:37504561,train,query
316b06bd373b7011aa46345661a5,PMID:37504561,train,query
338abeba086f06fb43c8b3f0b401,PMID:37504561,train,query
e545a0743fc2a2e7e29450a20a5d,PMID:37504561,train,query
4914d3ef35d519afb4e8ab806c00,PMID:37504561,train,query
554aa18aa586573eb35b18321009,PMID:37504561,train,query
bccfc57724f9cd94d084d4422eca,PMID:37504561,train,query
de4a68b4b4cc2f56bb420c4ecd5a,PMID:37534280,train,query
74998baffd13db92eb55b59bd549,PMID:37534280,train,query
bc413770316bb9289cac0bf3f5e9,PMID:37534280,train,query
5f90586dda91367e7316664e5be1,PMID:37534280,train,query
6691e450c85cba343431b53b9756,PMID:37534280,train,query
62b918a47922f984827bb4e58c12,PMID:37534280,train,query
ea064a72b0a7236af56645834deb,PMID:37534280,train,query
8e01e9c267b511c716dab9f3431b,PMID:37534280,train,query
99bd6ff1d979cd4eb12d8a1d2f3f,PMID:37534280,train,query
25cd7faf4e1ecf33b165a5411987,PMID:37534280,train,query
18f6583f64fbea99d8ed1f6fc97a,PMID:37534280,train,query
4077aa385479323072f5f7121515,PMID:37534280,train,query
34641db827496f689576bd54fa2e,PMID:37534280,train,query
bbe85a76be8b10116d5fb5959325,PMID:37534280,train,query
15779b47250149a6c3c0a95f17f3,PMID:37534280,train,query
408e36fddcc5b4cf5d10e27dcb6c,PMID:37534280,train,query
754d6e18456e58a16b55e66fa4f9,PMID:37534280,train,query
0193993a387b67e9454c8a1d93ad,PMID:37534280,train,query
efc989c9df93ad8c6f983f10a205,PMID:37534280,train,query
3568e2c9c8b173ed2ec69f988980,PMID:37534280,train,query
917fbe57de7a534dc27feeec0ff9,PMID:37534280,train,query
258d73274eb6627776cb3cffbd6f,PMID:37616028,train,query
976ba956f0e0943124420086b192,PMID:37616028,train,query
ca00d0ffe9aaec84ca6baa0a3151,PMID:37616028,train,query
37c5f0a712e89da65aefa6f5e6c6,PMID:37616028,train,query
3833be24155db8735f205408e3d7,PMID:37616028,train,query
b224938d7ec26e72025f1d39d613,PMID:37616028,train,query
491e140aedfdbd5859be67ac7339,PMID:37616028,train,query
1596bc0344157fa82e7382d40f8c,PMID:37616028,train,query
9d0bd194a1e1e184e8f01b43cc1f,PMID:37616028,train,query
8e442411f7bef4fceb0e63dbb99b,PMID:37616028,train,query
e6c63df7f10752584d7c2b0f56f9,PMID:37616028,train,query
96a126bb71ddb7ce950ac18150f1,PMID:37616028,train,query
0306e037a9dcc661168bb712edbd,PMID:37616028,train,query
f80875fc36497babb4f8f67db346,PMID:37616028,train,query
d4c509d5abf253817cafcddade0d,PMID:37616028,train,query
98c416bad53c849e104a507ff731,PMID:37616028,train,query
e5440714edb839ba3c0474698567,PMID:37616028,train,query
ded85ad659f441fbb475722248f7,PMID:37616028,train,query
47728cc1ed8173ce73cbc04f873f,PMID:37616028,train,query
a78f344cadce03613f444e8cfa91,PMID:37644229,train,query
32dc3c67dd8fa93590332783709b,PMID:37644229,train,query
c05e0135ef754d24d821622a6faa,PMID:37644229,train,query
764ad4df1bb92709c19997b3d71f,PMID:37644229,train,query
3c658a96d63836181a5da1858403,PMID:37644229,train,query
4e1457f9b2f033670ff47eb3bd89,PMID:37644229,train,query
28127f15e4e5495c0dd37a919c1a,PMID:37644229,train,query
f9be1e9f0258fda29eced03d8244,PMID:37644229,train,query
d0d9a8937dcbc62b1f835fa8bf18,PMID:37644229,train,query
0b5be0f8627ada4d7cbcc9b5d05d,PMID:37644229,train,query
9f50020fb3547579cf4d25c8e78b,PMID:37644229,train,query
42ee56b20eff17c1d13a0ddc4d8b,PMID:37644229,train,query
e85fd72a35ef490b71cf0c945a43,PMID:37644229,train,query
3ae313a89c8775811e4efbb52c22,PMID:37644229,train,query
42a91dcd541e1a1745c3e586efab,PMID:37644229,train,query
8ca117a73403fd28fd2e91b714f2,PMID:37644229,train,query
a0d42f897150dc2098e8defcbcef,PMID:37644229,train,query
a21847a9df04aed09a871a89c70d,PMID:37644229,train,query
7a6cbf1c0d0a9b888045e7c685ed,PMID:37644229,train,query
d9867d899031d7fea3ac230d0160,PMID:37644229,train,query
9b2a707dab1f7065c2e05a17df5f,PMID:37644229,train,query
ebcad02b61b2b4e7d9c89e732bd4,PMID:37644229,train,query
b9fc19906b10bba1f62caa30c157,PMID:37675393,test,query
3821c1b354e4a9b16da82072c6f9,PMID:37675393,test,query
12a0e916857517e51739011feb63,PMID:37675393,test,query
d9d1c955bf62d34d1cfd82f46ad6,PMID:37675393,test,query
622166e5a9610976706aa9d16fbb,PMID:37675393,test,query
90a6a95d5ecef62b2870f0239b11,PMID:37675393,test,query
85173c378d645c510e8ebe455cd5,PMID:37675393,test,query
b2e1e1da3772b17b43dcf60ba60e,PMID:37675393,test,query
5836a9e815e1d4fb857db0e0821b,PMID:37675393,test,query
dbb850df23ce4e6bb88660e409fb,PMID:37675393,test,query
60aecdaac0683ebc7bddb88b8a63,PMID:37675393,test,query
330be8e11eae6994cd489c9d91cb,PMID:37675393,test,query
c1337a87ad824d6c3d35acde45ca,PMID:37675393,test,query
4b7385e458faed648c278d8e5284,PMID:37743136,train,query
f8d49e454790aab94e890417b1cb,PMID:37743136,train,query
3862a9a52e60084473d57832bab7,PMID:37743136,train,query
e19d1e0e4e36719f895d98cd5628,PMID:37743136,train,query
1b12038e7f0c48fd558bac9c5579,PMID:37743136,train,query
0a8944a41a052786236ca2bbeacd,PMID:37743136,train,query
9d1d0eeef827ef7565b14c34ffe6,PMID:37743136,train,query
0522193151dcade6df620dec56f6,PMID:37743136,train,query
b6de7e5270bd061ceae5cf705d86,PMID:37743136,train,query
6d7bc3694ec427febde98d94c9ef,PMID:37833681,train,query
d5ab818a76095a2672b38a0ef355,PMID:37833681,train,query
f9e18aab48cbb06b2d5b051c8e59,PMID:37833681,train,query
215602d286c0bea2ced27a857d38,PMID:37833681,train,query
0caa5797976d9d8e6c56cd2652c7,PMID:37833681,train,query
be870d27d1c5f03bc5ac1ed44f5e,PMID:37833681,train,query
e4561d1918fcbddff8e4208030f3,PMID:37833681,train,query
79de06681ea43095f44425ac8fe3,PMID:37833681,train,query
0b10c32b69db95e8f148941ba1e9,PMID:37833681,train,query
9d2fb8465926a2b476024781d22a,PMID:37833681,train,query
48981f8ff5c9c7742a8bf18dfdc1,PMID:37833681,train,query
460311f2ece5243debe8fb628453,PMID:37833681,train,query
94570bf96e47a094a3618deee6fa,PMID:37833681,train,query
45635fe829f68fd971e18922e937,PMID:37833681,train,query
b0855f1513e4d979ece65ecc22fb,PMID:37833681,train,query
96c483fafa44ae782284287a2e22,PMID:37833681,train,query
40ebd9007b4094b811fcb08292da,PMID:37833681,train,query
f325509c6f10396eeac025028b85,PMID:37833681,train,query
0e398c0d7f298021aa44f8d79eb8,PMID:37833681,train,query
d907dbc5c98906812edcf6dda97b,PMID:37833681,train,query
8d79bcbc45f9c59b058059cdccf5,PMID:37833681,train,query
74361c20121544ea8400224d8856,PMID:37861103,train,query
0d8c0410d99bac802ed4c38543f2,PMID:37861103,train,query
4fe2ac14ddbdcdc996defb31efb8,PMID:37861103,train,query
60d963e62cb5eaab916985631853,PMID:37861103,train,query
33adcfd4595a93275ff071dc8cf4,PMID:37861103,train,query
c60e28439c94f3bbf4e134e27f16,PMID:37861103,train,query
734b941df969c3ecb65199de5eb6,PMID:37861103,train,query
478eff877c64bb44de0e4a6a887e,PMID:37861103,train,query
c1e212b3e4772cce79112f5058de,PMID:37861103,train,query
be0e211176b652fb78369233aadf,PMID:37861103,train,query
bc36f56560838b9c8090c4b0badf,PMID:37861103,train,query
732c171d2253947fd2e0d39ea14a,PMID:37908502,train,query
dbb9ab825c8cf7dc5b03ff80e30d,PMID:37908502,train,query
b1be17bcd2fbc24793f1420e85f2,PMID:37908502,train,query
e39bc76ba009c572f9f59183bb6b,PMID:37908502,train,query
1e5bca35f7b496885b40f5ecb662,PMID:37908502,train,query
9dce0846dba64e28dfe99c5cd268,PMID:37908502,train,query
b00be6073347b317acaa620e1dba,PMID:37908502,train,query
776707c1dd0c6853ee10e243f458,PMID:37908502,train,query
e3fa05d10b7ccbee181edaa1380d,PMID:37908502,train,query
2100ded8fcb96a1770be3627a980,PMID:37908502,train,query
fcf166475e63ecc93643b7854639,PMID:37908502,train,query
43787c779a405c6189b2e15a82b7,PMID:37908502,train,query
785d003f18944eb2c0c48ed495a8,PMID:37908502,train,query
35012dfe2aaafb1170ee1993bf4b,PMID:37908502,train,query
16835aeb64dde8f8d0625318f075,PMID:37908502,train,query
43f01e1ce066a3ca6b2dc16f7071,PMID:37908502,train,query
8d5999f32970770583ee4bc7fc80,PMID:37908502,train,query
34e0f248707ca390d8b12ab4becf,PMID:37908502,train,query
7312b96981b8528d233be7d8f6f0,PMID:37908502,train,query
78d6b343831123230301f424cd70,PMID:37908502,train,query
a8911e24d9ebdf54eb2f21d812bc,PMID:37908502,train,query
2e128a2902a21b77de9ee5a18812,PMID:37908502,train,query
8eb46861bdedd015cfd81fe5c180,PMID:37908502,train,query
c7c2bdcde11944237270edf0696c,PMID:37908502,train,query
3e921eaf862424c8e11bf1750d9f,PMID:37908502,train,query
27036f6f199a37138154a852199e,PMID:37908502,train,query
3fab2de93e0529af0047068eed31,PMID:37908502,train,query
cfb101b0be5ad49d4f714309ffc6,PMID:37908502,train,query
f3c510c07614bf8a7a927ad77bd8,PMID:37928900,train,query
225ceecb7c09dbae88d4d1d1e1e0,PMID:37928900,train,query
de0442ba3bf5a02baf2f38a07517,PMID:37928900,train,query
77a9b9451d8b33379a5e07c10392,PMID:37928900,train,query
cade7c2e6923f5db5ae491f70518,PMID:37928900,train,query
d250b2679e11030cfe865e7cae75,PMID:37928900,train,query
7cd9ac0bc017c93eb9a01b8e7087,PMID:37928900,train,query
25b8145b66b2fd4ce0b7f9cfc61f,PMID:37928900,train,query
edcbfa5259bcdfcdbfae07e884fd,PMID:37928900,train,query
7177dc17d80f9fc764efa4060972,PMID:37928900,train,query
c4aa17673aa5f5f50b95a7776128,PMID:37928900,train,query
47922190a8f6a8fe152e90796153,PMID:37928900,train,query
28078ae22d7240f2a2b34cc68999,PMID:37928900,train,query
845e70c124456f511cdaa0c61473,PMID:37928900,train,query
c8733e3d9ff631d9d8dfb525acd4,PMID:37928900,train,query
eaa01282d155f44fdc1ff2a4c78d,PMID:37928900,train,query
0326023e84bfbcc895353b32f8ab,PMID:37928900,train,query
40428d43149c5515f9908bd5db67,PMID:37928900,train,query
bda80fcd4176154d5280b1f30655,PMID:37928900,train,query
e1520808838fb888b19be1783548,PMID:37928900,train,query
85e9d99ad666379b35c90d158a84,PMID:37928900,train,query
210377145f98c6816fdd3ac89fbf,PMID:37928900,train,query
aef00a7020598fbfb35c59f5ff70,PMID:37928900,train,query
b729e17f0168f0c368c7d8ff3e62,PMID:37958665,train,query
7efe7197601a194ab4015a46771e,PMID:37958665,train,query
99e0a98c00edfdddd021bdd89d37,PMID:37958665,train,query
417de2e2e921994592019f47d8d9,PMID:37958665,train,query
22b47f2a0305ce2fc463851aefa0,PMID:37958665,train,query
fc78e74735e14daa9dbb0dd94d6f,PMID:37958665,train,query
af92c19d3948f8c71fd8116ca87f,PMID:37958665,train,query
b512102d9642c08bf5281e6e71ee,PMID:37958665,train,query
22ab6fc2ae920bd5182498c13ad9,PMID:37958665,train,query
6a815588f8b8a17ae5a623aa9fbe,PMID:37958665,train,query
d44999c7c659a31eb1784b27d51f,PMID:37958665,train,query
c527af55c70c9f5bfe5ef5bbdfa4,PMID:37958665,train,query
882130d893bf5ad4c82cd548b0ee,PMID:37958665,train,query
fd71557400010f3954bfc4cc237b,PMID:37958665,train,query
766f95ee7e4516e621943993dd4c,PMID:37958665,train,query
a297c7ba89cbedc1fe6f56f6b446,PMID:37958665,train,query
932b8cd0a6daa16fedf0ddd1fa3c,PMID:37958665,train,query
7f199cc02b21c217d9f6413160e2,PMID:37958665,train,query
997e88913abd396dfb6b54dc14c0,PMID:37958665,train,query
c6fe8e76cfe14a12a0df5fcc6639,PMID:37958665,train,query
0af03197255b887e7e0f3683bc23,PMID:37958665,train,query
bd19627454ac456a19d859a9fc5c,PMID:37958665,train,query
c504ed9d8b75f5b944d9ae8990e6,PMID:37958665,train,query
7d7cce90aa84c26a93d02865d033,PMID:37958665,train,query
b72ad59184302cf812f4503e2c15,PMID:37958665,train,query
27a8d96cd788212a0a94c9416da4,PMID:37958665,train,query
1ccc60e267f8a16392ff7344a1b3,PMID:37958665,train,query
1104e61dc2919bcfe9d75f1a4628,PMID:37958665,train,query
b63400398c470411daf6687dce42,PMID:37958665,train,query
a012b7192606baec64d9203e70d8,PMID:37958665,train,query
0af381de3fe89e63dc01c0eace99,PMID:37958665,train,query
bed482eed6effb28478fddfcc1cc,PMID:37958665,train,query
f0d3b39cffb33c0c66731e631d76,PMID:37958665,train,query
13d0f25b3f13d687429e3c3158cf,PMID:37958665,train,query
500759109cb00f4a433514e55630,PMID:37958665,train,query
3fcf8f9e8e02f37210449297d9fe,PMID:37958665,train,query
ff04994fee90d31859ff4d024a80,PMID:37958665,train,query
d2e9766485e31446ac5a3a1493be,PMID:37958665,train,query
64980e7311177d6b271c419d2bb3,PMID:37958665,train,query
fc2a8216a5dba7300be5ea54740a,PMID:37958665,train,query
10c4a9e10fe7e4d0a6028bdc48b6,PMID:38001870,train,query
4efdc129f5a70754232b95afabb3,PMID:38001870,train,query
8be6b5a60c0b4c1fec1f6c196c9f,PMID:38001870,train,query
0827e51572203383341758fdc923,PMID:38001870,train,query
3c3b6d30d6c106f765aeaa03e85c,PMID:38001870,train,query
3090683a6a00d7d4a946592e39c3,PMID:38001870,train,query
24834781c80caef45f90cf194760,PMID:38001870,train,query
f271aa9f4cd64879725df9559044,PMID:38001870,train,query
de37717183870360cfe309c77ee0,PMID:38001870,train,query
a557ef6c8368bf5d6cb36222547a,PMID:38001870,train,query
d32cb2e06cbdfc41dbb2f9942389,PMID:38001870,train,query
440aedf8bec531ffbf72e87b96ae,PMID:38031879,train,query
f947e370a5dbf090fa8e8dbc88be,PMID:38031879,train,query
6addb68ed688caa281fe6c064687,PMID:38031879,train,query
93b5edd792a78fe2632f71b63946,PMID:38031879,train,query
c287d8e6e9242b46f44690697f5e,PMID:38031879,train,query
e9b3986c9aabf5a12d460f4bd3ff,PMID:38031879,train,query
33b04b12dd273e51d23d34aa18e4,PMID:38031879,train,query
12c265387fb836cf83c4ddfb91cb,PMID:38031879,train,query
3c3fdac7e26515a177b5e13fe1f1,PMID:38031879,train,query
bdd3d5caa3e00ec565d29c4d05f3,PMID:38031879,train,query
a8f369bc93f8dad69c591f00a439,PMID:38031879,train,query
256b3c34bbc2655cf44401d0c177,PMID:38031879,train,query
1f2016e9599211d9a61ebdf99595,PMID:38031879,train,query
f0948aa726df398437968d7effd1,PMID:38031879,train,query
4fa79af30a5462d931c525f6cd0a,PMID:38031879,train,query
f48d84cec757f4aa4cd02d0179d1,PMID:38031879,train,query
c68cdef8ab1497b3ad317378e829,PMID:38031879,train,query
a69e8129bfdb2ed7e04cfebe4e4c,PMID:38031879,train,query
9cea187af631121f5633cb74b69c,PMID:38031879,train,query
be2beb9de9f87731a4a2a87b87dd,PMID:38031879,train,query
5521e7b61eee2a225731223b7fc8,PMID:38031879,train,query
9b4882fc146ce7811a92ff31f895,PMID:38031879,train,query
f5f4f378f47f126c53916590809d,PMID:38031879,train,query
70b558b93fbb2ee12654b3ee99d2,PMID:38031879,train,query
2269933720992fd79c9d3392b934,PMID:38031879,train,query
84cd15e1a3cdeda0cbecdce6e98d,PMID:38031879,train,query
0bc4b2e96b24c4af4763cfaaf546,PMID:38031879,train,query
83f448d08bbf72f76edb21bf29f5,PMID:38031879,train,query
108660ade5e4544dbd01d39ba7df,PMID:38031879,train,query
980d8ee179b700dc4a4d20b8288c,PMID:38031879,train,query
24f03fa46ced2a6f4d72015ab93a,PMID:38044457,train,query
8d523c0d051bdc00be90dd55ec93,PMID:38044457,train,query
167b0c88515fb40ca4c8bf4334a0,PMID:38044457,train,query
b1cbd5a2e898517db267305264e5,PMID:38044457,train,query
14fd1e06f388de30188b0cba5d06,PMID:38044457,train,query
6ccb28f685f870d6400854f6cd7b,PMID:38044457,train,query
f1468f9ddb0bc55a18623cc0bc1f,PMID:38044457,train,query
589fe2020d4d22e1dba8f506c18a,PMID:38044457,train,query
6cce613cb6c113c75375891c2b51,PMID:38044457,train,query
d3dd2a4771fa9808fac3f3b9a6cc,PMID:38044457,train,query
a633850127e465e51f461227305c,PMID:38044457,train,query
534570e038a070784abad7da4c80,PMID:38044457,train,query
4e93e385559c30a4cfa0dd2e2b5f,PMID:38044457,train,query
d99ce33f5ea666933c9c763beb5b,PMID:38044457,train,query
2b1cea167f7a8a9f4ec7db81513f,PMID:38044457,train,query
d63e7566fb07b4add11826a2a790,PMID:38044457,train,query
f59f0e84214f76e082e8b23a2c88,PMID:38044457,train,query
9ccdf327e565ce6b0dd7c6a57526,PMID:38044457,train,query
bf45e38d8a4ae4fb3f0e7b7ab123,PMID:38044457,train,query
b485836b53835af22e2a56f51467,PMID:38044457,train,query
a6c4bf55860f83f016a54e1af940,PMID:38044457,train,query
76989cae6a9fa57102074fe2cf76,PMID:38044457,train,query
4ead3ff5ab8294507e141d82d9ff,PMID:38044457,train,query
7a8b5fd8de21a7cd620a27311007,PMID:38044457,train,query
2d0a4ee8c409c912f5655c96c818,PMID:38044457,train,query
39506be76b94eaf0bd3452e1ebf8,PMID:38044457,train,query
c818a23731b7ce92fab0f37a30f2,PMID:38044457,train,query
829867a2b2c5cf83d21e233dcd38,PMID:38044457,train,query
7781ddd27fc77836a8a59122a5b9,PMID:38052254,train,query
ca4f19fa0b06395f36251c6a135c,PMID:38052254,train,query
5ddc0232717fd6184407e4a365dc,PMID:38052254,train,query
1338452f384a06a3ad4676950c7c,PMID:38052254,train,query
9bf78727d946ff90556cd87395ea,PMID:38052254,train,query
47bfdcd5107a764ddb04872cd608,PMID:38052254,train,query
fdd4e26126eec4fbd73679e97c31,PMID:38052254,train,query
ae996cd77bbc400b5eda118d5b10,PMID:38052254,train,query
b31f53a1ba02e58344c29b7fcf67,PMID:38052254,train,query
e7e6500adc29bb2e9222e619c330,PMID:38052254,train,query
80cbe5d909f1c0c047704c14cb57,PMID:38052254,train,query
fdbca1b1d1711f09ef1b4fdad996,PMID:38052254,train,query
82a6c8798ce40d32fdbe7ea2dd60,PMID:38052254,train,query
76260d5ddc0eb3ddccf17eddf9a0,PMID:38052254,train,query
ae62bd4f04d3fe91881846c035eb,PMID:38052254,train,query
c974de52c1c33e2c66c56f9118b9,PMID:38052254,train,query
cdc528229f8212550263d99572a7,PMID:38052254,train,query
760881f956cdf8410c60f14d2656,PMID:38052254,train,query
36c1a43640020efa8faf33419681,PMID:38052254,train,query
2e4479c606454fd54cab0307b751,PMID:38052254,train,query
4e525e99ed4bf191c3fb90b84a35,PMID:38115264,train,query
2d4a26586edbf288170da4c3ec22,PMID:38115264,train,query
6809bedcd93edbca1b5b8ce3f8c6,PMID:38115264,train,query
f7294dedce77ee2197c409637ce4,PMID:38115264,train,query
1c4827367f5ea918f23f7446c6f3,PMID:38115264,train,query
2bc460641b835358c2b185ad8cd5,PMID:38115264,train,query
bd403ae71c7336a136e6707727c4,PMID:38115264,train,query
4454a75d1586dfaedea3e53bcaa2,PMID:38115264,train,query
1f71f91668a656a75cb5d9a4e283,PMID:38115264,train,query
3e2b99b6c5b781afc2cbd4e06b95,PMID:38115264,train,query
14c135f5e1ce3b073ab7552aab7b,PMID:38115264,train,query
1d8389e4658439ea408b26b77e8d,PMID:38116293,train,query
191f742da82a5a4c1f5bb51cb720,PMID:38116293,train,query
2bce6cd928cf6fe52f4fb3c97609,PMID:38116293,train,query
820b662c8eb3a7b5fe020fd5d666,PMID:38125279,train,query
ed7979a8305aea9a34e850d4fcee,PMID:38125279,train,query
4cfc14de4773112ff9ba2f1f3c8f,PMID:38125279,train,query
2036bc65098905e6f1e9ee68c7f7,PMID:38125279,train,query
baefba5986ab0261f1b03be0a239,PMID:38125279,train,query
2ec62524c45188bb6541a82f6000,PMID:38125279,train,query
19b995486080acd992356e6195ff,PMID:38125279,train,query
bf5aea48eb059ae62375c7119fac,PMID:38125279,train,query
f27fc6a34bb0fbafda50458f836d,PMID:38125279,train,query
ef997e65c45db9557f8f17176616,PMID:38125279,train,query
d3028c811eafdcdb40d94c2d5132,PMID:38125279,train,query
a23f17bc0a83cc9d56d724e10b6b,PMID:38125279,train,query
0e470c81786c6624fbd697415f9f,PMID:38125279,train,query
34d24ef34ad0a0272ca809734b27,PMID:38125279,train,query
a67ea38d68ab9c0829cdb130345a,PMID:38125279,train,query
4514c46e2da19b77f1e90c7f3e28,PMID:38125279,train,query
932dc424c69aef5433fee12bc076,PMID:38125279,train,query
bdda3dd771263e7d5db1aea76b7d,PMID:38125279,train,query
f2e34887b3a5d3fb163df01fafda,PMID:38125279,train,query
09c610ce469202100b55ca5014ee,PMID:38132285,train,query
e0f2495cb5b31f073839a25aea37,PMID:38132285,train,query
b531aba5ff37d83f3eda4cd96362,PMID:38132285,train,query
32a47fb29b74e612d2682e900d99,PMID:38132285,train,query
1e3d8145147569dd7d9a1494f32a,PMID:38132285,train,query
cd68edc63ef1f45c3ecb04ee241f,PMID:38132285,train,query
0617795dbb07143aa4835ac9bf00,PMID:38132285,train,query
d7cb89b26547253a2723280639ec,PMID:38132285,train,query
70e45b74c3c7491bb266698cb989,PMID:38132285,train,query
4284573a3c9b9b318d2c953bc22b,PMID:38132285,train,query
ba4a9261d9d644c405c252b0c038,PMID:38132285,train,query
72fc65927075be50abe060970424,PMID:38132285,train,query
069fc19cb36700a118a4da17e9d7,PMID:38132285,train,query
1488628c25fe830901fda5ce95a3,PMID:38132285,train,query
730ee59d3b021c5bb1dcfcbdba36,PMID:38132285,train,query
380ac20b9c28d5e49a1eb55d449d,PMID:38132285,train,query
f7d2b69b336753a38be56b030a17,PMID:38132285,train,query
e79aac1d9bdbb6ade7b34a88e3f3,PMID:38132285,train,query
81536a895c821adbd51611ae20b4,PMID:38132285,train,query
b583fe162b27428f4758e978017b,PMID:38132285,train,query
384035e27d75f1eb68b429a414a7,PMID:38132285,train,query
a29e341584a73a62d32c6a99acf3,PMID:38132285,train,query
4f725f520e9c4079e8ff24e1c190,PMID:38132285,train,query
ce7de88e632ce78d4db1d0482c49,PMID:38132285,train,query
cd71e8fd32ffeeb674c96cbd7e38,PMID:38132285,train,query
d36ea168034d4accd7d57c93758f,PMID:38183056,train,query
f622f463cda673f248fb7a972738,PMID:38183056,train,query
cec1e0add090e12bd1716c5a81b8,PMID:38183056,train,query
654fb2f72a0dfd25e07daa27762d,PMID:38183056,train,query
a0d6824659752c634828b1c21117,PMID:38183056,train,query
e5806edb8b8ced221b76cd4cdbf0,PMID:38183056,train,query
4e2f25c283e8f1af06e1addcea34,PMID:38183056,train,query
29af0cca725638886d619c2c596f,PMID:38195543,train,query
4b948f21421a37f017ac10931292,PMID:38195543,train,query
b97c6ada1b10cfb6e4fe9c51adbf,PMID:38195543,train,query
e40940b3b785f869fdee4c98adf6,PMID:38195543,train,query
6b3f6d999207d821f94c87b6272a,PMID:38195543,train,query
db777d0032528967c62ce22649cc,PMID:38195543,train,query
9a52dcad610437f2f8208ba49f09,PMID:38195543,train,query
b9387bf34f4821036eda7c8655b4,PMID:38195543,train,query
df942b67ff9d0b7a97f1b3711b3c,PMID:38195543,train,query
ce76e909516182f625aab53b59f4,PMID:38195543,train,query
026e7a2365bbd302ab6db5c462b1,PMID:38195641,train,query
a68d1fe1ca9a3c4a24ff28326637,PMID:38195641,train,query
d8c7dbc05c2a910760ed69dff08e,PMID:38195641,train,query
df0f9dda63f2e4b8653ffa6957db,PMID:38195641,train,query
fcdcb097fa7bf0ca20da9565eebb,PMID:38195641,train,query
8327f43906cfaae0d6c33a97d6e2,PMID:38195641,train,query
e67cfc55160944c856132cbf6337,PMID:38195641,train,query
b1567acd64059e28a948e41cdc1d,PMID:38195641,train,query
b4e6a91e74276d0e861e0b79eaee,PMID:38195641,train,query
026f60b7845185782ca6bc193cb3,PMID:38195641,train,query
3d6223095f90a0eefe483f36f0d2,PMID:38195641,train,query
2a6668c7860092875994be2a41e3,PMID:38195641,train,query
0554df3560fa0269322b8895b524,PMID:38222997,train,query
252f3d768faf4a33270343696405,PMID:38222997,train,query
2646ebbfda52a2b457e892b330a9,PMID:38222997,train,query
6d15bc7c1b33d6df8dd44aeef791,PMID:38222997,train,query
8bca98cea2264bed390e10368d41,PMID:38222997,train,query
83211f9de65af60e746b77261444,PMID:38222997,train,query
050c6bf35730ad7f5ac8394036e1,PMID:38222997,train,query
ed0e0f4498282f28ca39c760ee94,PMID:38222997,train,query
5816cfaac61352b415f814fb30bc,PMID:38222997,train,query
8bb0ccfcdc0750fe5906c5d198b2,PMID:38222997,train,query
bbb6ad00e7334427ce39595b86e9,PMID:38222997,train,query
6f9e5a22888433f9bcc910f9108d,PMID:38222997,train,query
f89bc9d3f5e9ee40dbd5b2d919d8,PMID:38222997,train,query
0703ccbd00eae693c1a7671bada6,PMID:38222997,train,query
6e84cc3ff9d4c0d60987df936fb4,PMID:38222997,train,query
23c94c5a57e2dca5540dab562f5c,PMID:38239660,train,query
8131324d18fe9a537d042f4e7a25,PMID:38239660,train,query
51e576d16de98cb67aebcf165b33,PMID:38239660,train,query
2679276cf9517d42e7a05c8912cc,PMID:38239660,train,query
e81523145fd1f7931bbe5dabe059,PMID:38239660,train,query
6b74fc72d496e1effd4ea5c6de8f,PMID:38239660,train,query
8466d909d5889da591ac3be51a8c,PMID:38239660,train,query
a5a49a27f5008a00c2fbfecb503c,PMID:38239660,train,query
708f34a4c1e2752275dcd4785164,PMID:38239660,train,query
1c4cae3d7f29bb4b3985f29cf106,PMID:38247861,train,query
ec925bbdb9466a676f1a2b8aae3a,PMID:38247861,train,query
b65c5a494c3640b449cb893b5553,PMID:38247861,train,query
0318ade63e5bf6d974ddfb1ffb6f,PMID:38247861,train,query
b554b6a04318f3fa976d3cd36f2d,PMID:38247861,train,query
01bc7a44fd63f2a3ef698401cb19,PMID:38247861,train,query
5dbc4f8277b887984bbcf3fb5faa,PMID:38247861,train,query
a1fefac629783b156a5cbb08eea2,PMID:38247861,train,query
36bc151c401707cc35ca69e13377,PMID:38247861,train,query
cb8f04f6be6595a7f864406f1bf4,PMID:38247861,train,query
e3dcbda96d137fb1095be9109211,PMID:38247861,train,query
ab6c3cafb01cfdc5dd3741cfbe83,PMID:38247861,train,query
409aae37e70ce49adffa38a3a024,PMID:38247861,train,query
1e99fe759c1f16674af908fc2b2f,PMID:38247861,train,query
8379338b1dfcf3d9152cb0a00cac,PMID:38247861,train,query
68306c2ce8503eceb4e640666760,PMID:38247861,train,query
67422887b105e6f03a02eefaf1ed,PMID:38248841,train,query
2bd2cae69e20b8d41aeb53329c12,PMID:38248841,train,query
00315fc9cc43b63c397fd862b790,PMID:38248841,train,query
401d35584a5b44f50019cb750644,PMID:38248841,train,query
ab99d52304646e612dc738544f4f,PMID:38248841,train,query
24219d6978064a1376a2abdb37a0,PMID:38248841,train,query
71a468b7e2709e428abf7a2bef60,PMID:38248841,train,query
6a060c7f7bfb46988d2fe3461ea9,PMID:38248841,train,query
05e149321b15b65edaf04f1d7a18,PMID:38248841,train,query
c7830cc6c105f6ffbd726aab3db8,PMID:38248841,train,query
27c1382e971b52cc080990becef9,PMID:38248841,train,query
64d915858df42ef31d50c4973ffb,PMID:38248841,train,query
0b1271f331a412018d4189e94de2,PMID:38248841,train,query
094df0767f4eee53edf0ac24d8f9,PMID:38248841,train,query
e0474df6598b0c169256af02850a,PMID:38248841,train,query
9cb263721ce4c32c1717f3e0fc38,PMID:38248841,train,query
a6d1e7a35a81b047070b90ab5916,PMID:38331897,train,query
39b314789c4f4bfc0aeb649fec33,PMID:38331897,train,query
197b3775648013e57ba0cdd4094b,PMID:38331897,train,query
8cd817588bf2027c478bcc042b96,PMID:38331897,train,query
21f9780fac709294ca9312df9b1f,PMID:38331897,train,query
5233cffd9b829982ed29e5d841cf,PMID:38331897,train,query
0dabd0fca1d69d8c34ba01d4a013,PMID:38331897,train,query
445876814c72c16c4a0551b5fde9,PMID:38331897,train,query
4e792375ffb0aafbf73691666ee6,PMID:38331897,train,query
892940d2f3eb6e228a75678f9890,PMID:38331897,train,query
5150447079ed788d5748b9a7160f,PMID:38331897,train,query
c75deaceb570e2c4dd37e339e7b4,PMID:38331897,train,query
30f024b1c4aaf377dc960a58b0c1,PMID:38331897,train,query
638b47bca6d91da3595c7e22b3dd,PMID:38335127,test,query
2b3d86134f036bd3fe0ea329e3aa,PMID:38335127,test,query
a72794c607edcab9a4f535180285,PMID:38335127,test,query
72b2b8334b583ac188553b19ea61,PMID:38335127,test,query
e381112b18fdcec879beaaab2090,PMID:38335127,test,query
ecd932bab776aecc72b3ded2cb65,PMID:38335127,test,query
6cfd7a6018598f098549c4f957a2,PMID:38335127,test,query
f6d92a8d0f992a24de51906faa6c,PMID:38335127,test,query
167099a4c4d62a26dbc1cc8c3b86,PMID:38335127,test,query
7878c74694039c4d7af82b8ece79,PMID:38335127,test,query
16c0f3d48e9e8f27e867395a6e98,PMID:38335127,test,query
889e5cfdc563dd49a0cc296586dd,PMID:38335127,test,query
b8d041f1a6c44f4190b6341a907f,PMID:38335127,test,query
0aacad2660667e8b9eed16c7e782,PMID:38335127,test,query
226d82c21175d045a6631f4fd730,PMID:38335127,test,query
8bb7146ad10c24d8040dc8548f1b,PMID:38339173,train,query
f914ea66b2f297557bae57ddaf36,PMID:38339173,train,query
7b44f0c6f67e7f12363f696aa2be,PMID:38339173,train,query
c86631ac881885a3acb81640c1a2,PMID:38339173,train,query
b8639d974ed1ef9c5d647c3f8dd9,PMID:38339173,train,query
f50f00a888204217b8d9e0ad8548,PMID:38339173,train,query
5b5300e3353a2ea76f0a55c9b160,PMID:38339173,train,query
eab42caf691d56fc35e7f0d0541b,PMID:38339173,train,query
3386025bc92bada7edae27388db6,PMID:38339173,train,query
3d260529a116b5a885994f23fb2c,PMID:38339173,train,query
0caf76ff500c8ba5628b3c5c4623,PMID:38355898,train,query
14d43f8512731258968556415481,PMID:38355898,train,query
3d9010243f531627dcbe91e0815a,PMID:38355898,train,query
5252946a66690f0192ca21808512,PMID:38355898,train,query
4bcf031a7405c26fbe7c852211a5,PMID:38355898,train,query
85d4d4e64c8bdb7aee85c0cbdcdc,PMID:38355898,train,query
ef4d225a9e5269c1ab36a67bc4c5,PMID:38355898,train,query
457312db4e9d40ca4b5d146e81b1,PMID:38355898,train,query
475cc0db02b5fd96cfe48590881d,PMID:38355898,train,query
28de66c0b7be1c9bd7de935355ba,PMID:38355898,train,query
e14b802e065edd4277ec79223cf4,PMID:38355898,train,query
86c8bac76a994828f9b75fc7ae7e,PMID:38355898,train,query
b2e3b762d04c116ba00b9d0a55a0,PMID:38355898,train,query
cfcad0010fcdc5acbb860e60a8bf,PMID:38355898,train,query
294e1733740fbedb8fcadb89e359,PMID:38355898,train,query
3bcf096df36cff843fd7ad73e688,PMID:38355898,train,query
355205ba02e5ddaa7dbab294cb67,PMID:38355898,train,query
5c6ebda305caacdb9f94be8ab0aa,PMID:38355898,train,query
bafc5a0911311561d2621f4c3caf,PMID:38355898,train,query
25bc549c6e2881aa8d1bbf0f4c4b,PMID:38355898,train,query
b1bb38110341afd719f176e2f958,PMID:38355898,train,query
d8e90154d50bd4376f5383564818,PMID:38355898,train,query
c4d5025a0b0670cef6e95986b820,PMID:38355898,train,query
6bcf8b175ab480af1424a0e849c4,PMID:38355898,train,query
017d9c9fbf286495ebafbb809747,PMID:38355898,train,query
f0db5e0936f8708c8d07c46ac80c,PMID:38355898,train,query
1ffe429e4bd5f68436327c751464,PMID:38355898,train,query
2a925794bde3d79212b5319d4764,PMID:38355898,train,query
d6a3f8273ad26ef166f992fe51e4,PMID:38355898,train,query
0f416c0123b545aeeb1995c99e6f,PMID:38355898,train,query
2008c7809a0da163b8281faf9b91,PMID:38355898,train,query
c4e9ec02e7b52192cd7716cecc70,PMID:38355898,train,query
30a2ba9da8dcfe5221359eacd283,PMID:38355898,train,query
aec3f8dce519ae15dbc530b46939,PMID:38355898,train,query
47376cced1ad369c14ff77884681,PMID:38355898,train,query
6d50abcdcc0adc1e05f2b7ad3db6,PMID:38355898,train,query
7a279cd49a89a95ac323649d8b8d,PMID:38355898,train,query
2365a6a6055b5f6d0e3958218aae,PMID:38355898,train,query
ff9da9711adefe980de704515b81,PMID:38355898,train,query
a93d566541989387304000e919ac,PMID:38355898,train,query
6fd44c0d1c50f04df475e9b51e94,PMID:38355898,train,query
837ccce032917f77adaa26122783,PMID:38355898,train,query
bc16d989de3c44ff01073065732d,PMID:38355898,train,query
02d7fb98ff54f152a59e515788a0,PMID:38355898,train,query
85ffd933ae0ffdffe176aa4404fd,PMID:38355898,train,query
c537b4c0a16ec83fef46908710de,PMID:38355898,train,query
5a4c2f56b553a8827bb0e822fb8b,PMID:38355898,train,query
4f44766eebcbb0c247d11e5584d6,PMID:38355898,train,query
825840c10f2955b98c05c38b8830,PMID:38355898,train,query
eba3ef9260c2e71125f5562953ec,PMID:38355898,train,query
e79d23008fdcb875a5ed7ac09514,PMID:38355898,train,query
35f5ca655a92df43d16d9c7002c2,PMID:38355898,train,query
3240eac8724c455b1fa1b293e11a,PMID:38355898,train,query
1e0b8af711633ae7266dda03beaa,PMID:38355898,train,query
a0d25fb91325fe7c60fb831de0bd,PMID:38355898,train,query
70665df8a4a4959076af9ccc8a38,PMID:38355898,train,query
b18f34b59f1c4d94f44748a7b4c7,PMID:38355898,train,query
c28c33439ab066c083f38790d5a7,PMID:38368425,train,query
73ccca2226276ccf751b276358d4,PMID:38368425,train,query
91b054c013e0a019760ce668ff1e,PMID:38368425,train,query
473bd10bc0a302c13c2a17dcc737,PMID:38368425,train,query
db1be09b60c46b974b8c03f99ca7,PMID:38368425,train,query
fd982c65f35702bf827506fb03a6,PMID:38368425,train,query
7ebf6c5fe43a667615b798da11a3,PMID:38368425,train,query
f478c7a4f974b758e29e17e1d133,PMID:38368425,train,query
083708bfef05b9ba005270b9f2af,PMID:38368425,train,query
b27eb7d31e82a320cd6accf75fd7,PMID:38368425,train,query
dd33ac8b4e1ee8778c4233ea3aeb,PMID:38368425,train,query
7c3138ae4b98072773abcc2dfadc,PMID:38368425,train,query
8a23da78e022b59d886a766348c9,PMID:38368425,train,query
886ce28aef0ebe5720f3877aabc3,PMID:38368425,train,query
d550676cad9bef0cddf183429bb7,PMID:38368425,train,query
9225405ea25fbe9da6a12b8f8fef,PMID:38368425,train,query
5bf56fba82ca5611e82b16f689ad,PMID:38368425,train,query
14947d0b1d4d8fffd095a3526261,PMID:38368425,train,query
5330172fc096a7299b70bda5f348,PMID:38368425,train,query
44a9aed76cd3256923f02136de30,PMID:38368425,train,query
b7e93ea810149f7272cf0ccb9dfe,PMID:38368425,train,query
9be87c214e75131690bba7cb465b,PMID:38368425,train,query
96cf327d1a2abdf2fe5056094b6b,PMID:38368425,train,query
07addf3fd2c58ee3b6b68ad7c673,PMID:38368425,train,query
a96f5c9808e6db5746b519e5ddcf,PMID:38368425,train,query
a9d8b2610e4f5981e959e3e4a6a0,PMID:38368425,train,query
b39dc952742cf9faec70b7df19e5,PMID:38368425,train,query
6903a3caaa5df10cd9d51feb3194,PMID:38368425,train,query
b322037658a9ea65258f67e7e1ab,PMID:38368425,train,query
d106d0d3bdd50a965856ae0a8fc7,PMID:38378692,train,query
da0b6057dea6b0f2a61e2224d2f4,PMID:38378692,train,query
2caa0aa17006320993b88b3bcad1,PMID:38378692,train,query
fd8e2e2ad96d50b29477866439fc,PMID:38378692,train,query
eaadbae853e5c769d933b86ebff5,PMID:38378692,train,query
17efe9268820d1a6bc944341818e,PMID:38378692,train,query
af6598d57438000897fc19df4d60,PMID:38378692,train,query
7681fea3544a0137525bf57f7c5f,PMID:38378692,train,query
209bfe98985198bc8b3c00eb70e7,PMID:38378692,train,query
a59459ce091c23a817890d9b9a98,PMID:38378692,train,query
b9ade9752e812987d3ffcc3ec49e,PMID:38378692,train,query
66600f28d782f58743958c4121aa,PMID:38378692,train,query
daf387ce029a39e4b4e465e18f9b,PMID:38378692,train,query
e5d9ac846491bdbcd7cfc0482a3c,PMID:38378692,train,query
cb6d6ceacfaf3d208c761c9cc0f7,PMID:38378692,train,query
b4e429b7a7bc3bdf7051a9bd558e,PMID:38378692,train,query
db08520d6727966ca80c6366ec36,PMID:38378692,train,query
1499e9df71ddfb7f11a69691ecac,PMID:38378692,train,query
62781dddbe313e7f89e19c3ab66f,PMID:38378692,train,query
41f6c53cff4f0634c5918723eab2,PMID:38378692,train,query
9bfa6553959d1cb8075680e0313d,PMID:38378692,train,query
5f4b609401ff369f86a07cd64754,PMID:38391695,train,query
9e9d84b58cfdeebe35121d3b1a29,PMID:38391695,train,query
5a7c118bc740974db6f76cd962cf,PMID:38391695,train,query
43331d3c1a99aa85328e3c36bfec,PMID:38391695,train,query
8c4857711577b503a897bd61f1c1,PMID:38391695,train,query
97e73c681016768c8a043a962a64,PMID:38391695,train,query
b9aceb83bee120ad67df3ac26f1e,PMID:38391695,train,query
46318ff7ceb9349270b78f347b81,PMID:38391695,train,query
4b1bc28d624c62f19e1bbad0c471,PMID:38391695,train,query
225277cd82122445559a92df9b15,PMID:38391695,train,query
52972d7c34c0f6ccb5e99ea096e0,PMID:38391695,train,query
fe9a17ad4886b787940a4f51e22e,PMID:38391695,train,query
b162322cea103997ebc60a6e8a69,PMID:38391695,train,query
360b371fbad8620742b196b4a4c9,PMID:38391695,train,query
0bed8d0aa92ff4e444f2a34eea73,PMID:38391695,train,query
e39cd795b560d25e62ae0eafd9bc,PMID:38391695,train,query
a010358978f06e698be627183cff,PMID:38397161,train,query
870468185bd1f3a01deb38c674d3,PMID:38397161,train,query
cc9b169fcf97fafa008a6aa61c94,PMID:38397161,train,query
7c2b2b2fa3c018e5784ed7729749,PMID:38397161,train,query
031e201191dbba60ba59c49febff,PMID:38397161,train,query
3f694b82f9c24a13fb79059ec9e5,PMID:38397161,train,query
852935157d298b1f58838876b86a,PMID:38397161,train,query
f0a0627881c77fe340c0fe8271e5,PMID:38397161,train,query
0542084d3f388f25059aa7302a61,PMID:38397161,train,query
ac012f2793565108b50ba8be067e,PMID:38397161,train,query
a5f8b6e04580e136074d0c49f90f,PMID:38397161,train,query
456f54db48ffee47cbe5c8cd6c77,PMID:38397161,train,query
599a02af1da20f955c785621bf3b,PMID:38397161,train,query
41d78c6f3ad7b3fb03a468bc1843,PMID:38397161,train,query
4379815e95d1b18fa126bdb4bcd9,PMID:38397161,train,query
62e93c3e8a452e3d926332d606d1,PMID:38397161,train,query
e8c8eff4f0a66ba2eb5aad480e0b,PMID:38397161,train,query
7d53ac24fcd1d79c6d33e72b828b,PMID:38397161,train,query
c667db4a48d20645c76bfcdd98af,PMID:38397161,train,query
351ccbdd688c12626c332b4de0a7,PMID:38397161,train,query
637fbdfd427c07d713631f3b1d88,PMID:38397161,train,query
6b98de991c033d63b09b11e03b10,PMID:38397161,train,query
56d303afedb899cc6ea383971887,PMID:38397161,train,query
35c0db4253ba08941fc8f942fba5,PMID:38397161,train,query
54ffde37cb5a7e56bb8425d8bd22,PMID:38397161,train,query
e1a9e6be672882d0af4af8719263,PMID:38397161,train,query
129cc3e5c7ea2c4e5c7d99daef89,PMID:38397161,train,query
4c44b90e783a0b0e92aa1236931b,PMID:38397161,train,query
503635f8d65e4d5ec58d4a18b1af,PMID:38397201,train,query
983519fb668d0a2ad9d57647b130,PMID:38397201,train,query
c88dd22e09abc1dd96afb1d0d99d,PMID:38397201,train,query
bd9974c86425c0685e108bf58e5b,PMID:38397201,train,query
deef2c8b7cb74492ee38d500d092,PMID:38397201,train,query
97681551bdb9ff7a9b97df96ec06,PMID:38397201,train,query
ec271ec166a3f18c50361b68b0ce,PMID:38397201,train,query
d24b1781b3b888f8624e43aabfbf,PMID:38397201,train,query
8ce324a349874e90177903802f27,PMID:38397201,train,query
b55fc59b38047c51d8005df1c770,PMID:38397201,train,query
48a2f39d72ad09448206a0c7d398,PMID:38397201,train,query
5930167cdcdf74fef571ae6e61a1,PMID:38397201,train,query
5598010dfe8de3f065df313b0ad3,PMID:38397201,train,query
2c40776080f064824d0a70f617e6,PMID:38397201,train,query
92833a2997cc2ea8ced67f579057,PMID:38397201,train,query
e5683cba284ac96c43f5101fd320,PMID:38532453,train,query
02aba010660711dcfcbca2dc8520,PMID:38532453,train,query
25ed7b28961d23c5d10eebc697e6,PMID:38532453,train,query
f2fd422ce91e8bcdbc866e143924,PMID:38532453,train,query
7045b35eab6133bcbe98c544c451,PMID:38532453,train,query
f3b0a4e19340ac341cb2224bbb41,PMID:38532453,train,query
317bef6ebe93fb17073068eda268,PMID:38532453,train,query
733ce8279441883eb07025a48121,PMID:38532453,train,query
cdf4afbcc17ed7af526456ce824e,PMID:38532453,train,query
29da37ded7d9dd1c93f0c6c3e407,PMID:38532453,train,query
932b627d223ba5a39fa0ebb3076a,PMID:38532453,train,query
091750f613256985ee6f5e401915,PMID:38532453,train,query
b7409822b0a4d610b8e6ba1c4d0d,PMID:38532453,train,query
955fa68beb09547cb9cd45125476,PMID:38534400,train,query
552f068f977ed88bac41b9a11e09,PMID:38534400,train,query
078459806d506e98799ac54bfc65,PMID:38534400,train,query
60025339028a696cf5bab3021918,PMID:38534400,train,query
c4e75d54baa3d532faa8311e6655,PMID:38534400,train,query
0610e739c14501833824c075ec01,PMID:38534400,train,query
646b6b701c6e7b1647c08678bba3,PMID:38534400,train,query
8fee6abdb8c71018d2f1e6d3333d,PMID:38534400,train,query
e0f27e7827ca48b2b0905a51bd6a,PMID:38534400,train,query
f75891589a484292d374058a5d7d,PMID:38534400,train,query
9502d6f3799e12c6107cd86503c1,PMID:38534400,train,query
163fa6679c6bfaa2eac60eb962c5,PMID:38534400,train,query
2ff4b5c012f32ea1a557f306b675,PMID:38534400,train,query
d6ec9d213031c875ecf18eb09775,PMID:38540347,train,query
79c38197a281e71675f81e984293,PMID:38540347,train,query
879b8ac9dd5d9b418b5011a69007,PMID:38540347,train,query
38ffef254a5714faeb9f7bfa31fc,PMID:38540347,train,query
7cba0ac4addf9103f149dcb9fd91,PMID:38540347,train,query
1252988ab62e7f6248642b3a8b35,PMID:38540347,train,query
bcda5d5d0e4cbd091fe92dc46ca6,PMID:38540347,train,query
bfb13096c4e52902e7699e1783a7,PMID:38540347,train,query
1b67c564f451ea1ecbcf77551838,PMID:38540347,train,query
a6e6ac55067a4512c6a13860d86e,PMID:38540347,train,query
e3171cd344bf6f95465ff026bca7,PMID:38592278,train,query
9c0cce17e0d0a3e77ef7a2c9b73f,PMID:38592278,train,query
ca82a22c56b5ef56817a20093796,PMID:38592278,train,query
8da85ea6d9df9bdeb4ad18c6bacf,PMID:38592278,train,query
825a5f7dcdf2996ec3d397575925,PMID:38592278,train,query
cd15ed12c9d26d0b12c75def06f7,PMID:38592278,train,query
8ad5b5758f5c96e4359e599346aa,PMID:38592278,train,query
736039680f1245b728f9da67cd28,PMID:38592278,train,query
446404d8c3bf2dad746a54b6932e,PMID:38592278,train,query
63f51f0d57b6aeab2eb19ad1b056,PMID:38592278,train,query
993d2ac78805a12cfadcd9eace2a,PMID:38592278,train,query
b0ff35ff367e453ae49104b4c073,PMID:38592278,train,query
557e01e38c774dd0743cc1dacbe6,PMID:38592278,train,query
c4088df36ea8e094ae5da844bf88,PMID:38592278,train,query
045210580721fa4f0bdf208eba4c,PMID:38592278,train,query
cf12c8d0cd6e6deb2059f3fb8bf1,PMID:38592278,train,query
84693371fa2ac5772928293a69d8,PMID:38592278,train,query
bdf837b49d6ae55ee6c7f6b09ea9,PMID:38592278,train,query
31ce02c7cd551c5bc23c2f029a6b,PMID:38592278,train,query
567579f4bc570befb4e64111248a,PMID:38592278,train,query
f05b2beacb5b86adc2e7cd166f65,PMID:38592278,train,query
575efde0e62d1166d5e02a54b974,PMID:38637764,train,query
248635b32f0688c7a8d64c375b6c,PMID:38637764,train,query
2f59146128b1dbfe27312ef4ddb3,PMID:38637764,train,query
042434025ee7cbe90cc9ffbfd940,PMID:38637764,train,query
dab7a2230d8234da76779128d750,PMID:38637764,train,query
b4354b89c6c2f50b098c24f806cc,PMID:38637764,train,query
87f5e4abe463518a11184304dc7e,PMID:38637764,train,query
d930164f5bb1ff8c98c46dd7136d,PMID:38637764,train,query
391d681c4c34dedcfd386042cbef,PMID:38637764,train,query
e2af5bbaa6905ebc7586f031195a,PMID:38637764,train,query
db8ed1c402c25fec55dc96aeb2d7,PMID:38637764,train,query
e0ed220965510e8b96be6b0c34e1,PMID:38637764,train,query
df9478d537f238f18d75aeaa0148,PMID:38637764,train,query
ffc530bf721a74c6a75a673e5890,PMID:38637764,train,query
bd51d12f800421bbdf6e48b7df59,PMID:38637764,train,query
e3850240147f6cbb4be2a0e9b148,PMID:38637764,train,query
619a5ef3dba400f8bbc6dc06ff93,PMID:38637764,train,query
8cf24570f809edb8a40388cedc6b,PMID:38637764,train,query
04b02460366c2f444c85d307146f,PMID:38637764,train,query
d6a63758f7a649ceaa86a0528bfe,PMID:38637764,train,query
d5aa6dadcbdc2481094c25b931bc,PMID:38637764,train,query
2be805a0315648ed687878cebb49,PMID:38637764,train,query
565aac43ca6aa0cce4f9d55d7dd3,PMID:38637764,train,query
441461e5d64850b7466b5cdff25c,PMID:38667717,train,query
7741c85bfbdde8f749db1a378530,PMID:38667717,train,query
2e537b95790e6951d5f9789ea9cf,PMID:38667717,train,query
0a9faa819f66c47b7a0c6cfac1ef,PMID:38667717,train,query
a587599652d16219290c5d599be8,PMID:38667717,train,query
e4db7770ba179f81cf9631f06c7a,PMID:38667717,train,query
c95e59bdb5ea99920e29a0bada5b,PMID:38667717,train,query
64805a224726f292d8d000e97a2b,PMID:38667717,train,query
071176aab89588f00cd13f71bf82,PMID:38667717,train,query
967285c2ad18abc96a7cc0c5ae35,PMID:38667717,train,query
4cb65a301bcfe72238a960d4ed7b,PMID:38667717,train,query
b94ea80e7b85d070ca6564a98769,PMID:38667717,train,query
80f8647da1e336cd83f5e4b48612,PMID:38667717,train,query
b5a1664cc70d1517037a15474ece,PMID:38667717,train,query
75b8811a0cb3716ca718d15606b0,PMID:38667717,train,query
87a9b1f44d986ec9a7b63d025822,PMID:38667717,train,query
72ed4d7a0d17d76de39b8af16ddc,PMID:38667717,train,query
ed39edd95c3d4a23c0f43145d64c,PMID:38667717,train,query
9d2977bdac628128deef6fbe1071,PMID:38667717,train,query
ce99d972fcd2bc869a853c778ab6,PMID:38667717,train,query
0140b1fa70aff420c6f235ab8d41,PMID:38667717,train,query
ab4239cb1a9cbde82935050d852f,PMID:38667717,train,query
d1b6ec74deb65f953c6592624f01,PMID:38667717,train,query
d8b9de34ad53e3267d1506df9e31,PMID:38667717,train,query
ef1cfa4bec06e50baa171baa45ef,PMID:38667717,train,query
f741e4880f100956879be77a0d1d,PMID:38671997,train,query
50e938eb0b30d7107517cfc59632,PMID:38671997,train,query
5062662f08e9ab51ebd95bedb48c,PMID:38671997,train,query
40232c1d54051115b5cae172768c,PMID:38671997,train,query
7d7dc4edefa457d9d5a434806ec0,PMID:38671997,train,query
9ac996b56161a7087e761362f6a2,PMID:38671997,train,query
f236ad1e86859fed019d5a08e873,PMID:38671997,train,query
26c10303828311fa0f13d0b3b1f9,PMID:38671997,train,query
b4b12b87d0402ec951002c8cad92,PMID:38671997,train,query
544031eba8da433da6bfb8fd2e6b,PMID:38671997,train,query
ac4c5e3a6f0e1aef2d3d659a0c19,PMID:38671997,train,query
1a16f864ff85ab0ab94152ad40f1,PMID:38671997,train,query
c2293763d1514886172a65eff8bc,PMID:38671997,train,query
f976b6b6a81479a38eb294ca2905,PMID:38671997,train,query
decb2ea5c5d92124c8c51d57149c,PMID:38671997,train,query
758567bb8f8aacea1c97f7956151,PMID:38671997,train,query
8e95546b313d1eb79ab3219416aa,PMID:38671997,train,query
ba781daeacb125dab7a7f68d8503,PMID:38671997,train,query
48b4a6bc5ea4ea07b0cd5e62332d,PMID:38671997,train,query
6ed8b0ff8d0b531ea82291794510,PMID:38671997,train,query
dd7f2dfcbe860de1968188de19e5,PMID:38671997,train,query
5fbfdf6f21828f08ea6338f48843,PMID:38671997,train,query
743cce0b40c1386ecbf37752f9e8,PMID:38671997,train,query
49264c8a35dce8cc755ab9f597cc,PMID:38671997,train,query
aa72a92ef75ddcb1275a9e9825c5,PMID:38671997,train,query
60df23962081b4665ce6b59c3023,PMID:38671997,train,query
beae350c28652e1dc6e94bc2b097,PMID:38671997,train,query
399333f285a2bc830002dfb6dee9,PMID:38671997,train,query
3a157b8c34828a5ffe2205508e43,PMID:38671997,train,query
11ba0a110a31c3391691b64f3f5b,PMID:38671997,train,query
dfcacc1ab0dfec0d5ee82337c29f,PMID:38671997,train,query
2ae0aba0a5581f559d51f3edda76,PMID:38671997,train,query
2eaef194d86d0f080fbade6f6ecf,PMID:38671997,train,query
5b146b5a0f532af3e9db8a5cd8e9,PMID:38671997,train,query
54253fa70bb4a4519fbd8ba6904b,PMID:38671997,train,query
f7c42dec6e9246f2370faa3bef2b,PMID:38671997,train,query
fb95f4e0c143f47348e69895d2d1,PMID:38671997,train,query
71443fdcb96def60569d9de1159b,PMID:38671997,train,query
e2783e8031ed28585624b4e7cc1e,PMID:38671997,train,query
8dca02e20407f26e118ef65ab2ba,PMID:38671997,train,query
76295983465743c3cb99d2274eba,PMID:38671997,train,query
aba8f71ae0d15068498924c84a29,PMID:38671997,train,query
f3e5f01bb5145740e747c9298173,PMID:38671997,train,query
d013ace69debfc1f7e03e5473508,PMID:38671997,train,query
25ee77b1c78e988979850bed835e,PMID:38671997,train,query
fb9b6f5c44995085320a0ce6002b,PMID:38671997,train,query
84f8e140f926675e4f202574a63d,PMID:38671997,train,query
dc0c6562f7b6e9bf3be85cbeeabf,PMID:38671997,train,query
dbe475e2ff1b3f56accaa6e679b5,PMID:38673696,train,query
92cb92a8b6cefb7c5fc598450bd4,PMID:38673696,train,query
a865c2259325b3694973d748c53b,PMID:38673696,train,query
0dbe614449039754a797b96755f9,PMID:38673696,train,query
5af170a86c20cd22d06449cecff9,PMID:38673696,train,query
b159dd2c0004374dc1c8f0478282,PMID:38673696,train,query
cbaa0341efd11e7387533f62f698,PMID:38673696,train,query
517b83f0258d6442190a95c0f4ca,PMID:38673696,train,query
d763c20daa3294a85dc8d9a2995b,PMID:38673696,train,query
d37ba6a07e8f8a70ef4235337ffd,PMID:38673696,train,query
44b3c6432354bf2d5a844c3c8a9e,PMID:38673696,train,query
4ad9df2740f5745d645b4ba25c36,PMID:38673696,train,query
951bac2ba97c44d83ec89193ec54,PMID:38673696,train,query
9cbf69970cf88413645b22f7cf57,PMID:38673696,train,query
6d7218b6cb5d740bec4bbd43b8a7,PMID:38673696,train,query
2859ee60136cb56f7e24748d8b95,PMID:38673696,train,query
5ad348ca67f2b38fe6f2662c60c6,PMID:38673696,train,query
1c298c2426eee246b72f9744a24d,PMID:38673696,train,query
d8836f6f42ded474557ca190f77d,PMID:38673696,train,query
5e9e13597fe94e63695fd500040b,PMID:38673696,train,query
05c5852d574684630a4a7b9e1a7c,PMID:38673696,train,query
98d697c20aad27f3198a8f3f5ba9,PMID:38673696,train,query
8bf7b95bc5fa8e9836bc423c1198,PMID:38673696,train,query
04b155a949082b21cfa7e019b950,PMID:38673696,train,query
5db3b846e5cc0cba8ff5ef3770c9,PMID:38673696,train,query
96e013f8d95a1f2201cd466d72e2,PMID:38673696,train,query
0fefd58bdab51e878543f143d90d,PMID:38673696,train,query
dfa86b61aa6e9f1e10135ac1701a,PMID:38673696,train,query
86d745e8918b14cea936688166f7,PMID:38673696,train,query
2dc21f08784fb5c88e4586754695,PMID:38673696,train,query
7f273921f913050a284c91cb760d,PMID:38673696,train,query
6bf82e60b6aed37d29077d9001c5,PMID:38673696,train,query
3b06c0a82807ca2fd649bcae0565,PMID:38673696,train,query
3cbdc2361f268ae82c9adef51abc,PMID:38673696,train,query
960bac66aa83bec3f32154224401,PMID:38673696,train,query
dd0b10322579051b453114cd3b58,PMID:38673696,train,query
1fa361d70b6dac54ae8351747421,PMID:38673747,train,query
3b3a51abb06878cea8395313ec5e,PMID:38673747,train,query
e388469f863d5bf4e47df0d95e68,PMID:38673747,train,query
cabc8425a36cf94dbfafb884aea1,PMID:38673747,train,query
94c2327d1af3704b334255f9e2c4,PMID:38673747,train,query
8a70f84335405045664d1969a80a,PMID:38673747,train,query
e176d8573c35ba3a124f03d1d299,PMID:38673747,train,query
a95c76861422786cf753cfe674a3,PMID:38673747,train,query
b82cfa75f0430d333d5db3ec8276,PMID:38673747,train,query
e08e2c2e7682a09d03972750b9df,PMID:38673747,train,query
5af222548bb6263bc255dfde8499,PMID:38673747,train,query
e7842cefc58085d271c983a220e0,PMID:38673747,train,query
9fc0f76f3ac49609547a5160497c,PMID:38673747,train,query
a599f74e111cf79eb01f01dba1fb,PMID:38673747,train,query
296d6377cd8fde526fc80156acc7,PMID:38673747,train,query
237359bbadacd5bda5b433d23e66,PMID:38673747,train,query
0af227b2a3631a834c7a3ad966e0,PMID:38673747,train,query
3eb90f4a2b35e6ad1fdd1c7a2459,PMID:38673747,train,query
b1d9e1a1e10f2c2cb6ccc2e21f43,PMID:38673747,train,query
158b1619e5865746dfc3bab6b7a8,PMID:38673747,train,query
d4b999890b74fc0bfca1f6df5ef1,PMID:38674362,train,query
b44e22f62ad64221a3cb0f175363,PMID:38674362,train,query
9b8cc8231d6266acdf3ef20db7cd,PMID:38674362,train,query
3740d5f172fd01b22f2a0ff37809,PMID:38674362,train,query
fbfee7fa3935c0f704527c177fa0,PMID:38674362,train,query
e2cee2794ddfffd5049739bdbf8a,PMID:38674362,train,query
e29d27c73cee83ba29f2231742cf,PMID:38674362,train,query
442d995b1cc1519df46985c40e0d,PMID:38674362,train,query
ead27b63df51977748601b417dd4,PMID:38674362,train,query
5dc972caefb7188acb23314f363f,PMID:38674362,train,query
c131aa092df790fb6b9dae20f924,PMID:38674362,train,query
fe0614477567e704a3517e817169,PMID:38674362,train,query
028c4f4d5db4fdea1c98446e0bff,PMID:38674362,train,query
3517fa3d0186b3c9575a534681af,PMID:29321841,train,gallery
db2ea3194030ee2ac6498e691b2f,PMID:29321841,train,gallery
633f0232671945bf716a16158ef9,PMID:29321841,train,gallery
738f4bbc5bb5a43c55d2b7839c20,PMID:29321841,train,gallery
399942767f98f5b2bd0ff40810a5,PMID:29321841,train,gallery
15aeb29611161db3b8dcae22b488,PMID:29321841,train,gallery
2eb9df637575245bbca7bed40aa8,PMID:29321841,train,gallery
cde7e11a03e6452ee52979339057,PMID:29321841,train,gallery
4b92c94cc2df62c47214fc7e1eea,PMID:29321841,train,gallery
54bfe345c499a09f7f3852836c8c,PMID:29321841,train,gallery
f5884144fda990cfd8aac5b2bafa,PMID:29321841,train,gallery
a7093c2bf4dc11a4217f5b5a1a45,PMID:29321841,train,gallery
2d14712496f5be1929c0aa7feb62,PMID:29321841,train,gallery
965887060a39d5f811509a2a839c,PMID:29321841,train,gallery
f1430439b906743e8b4d1113921e,PMID:29321841,train,gallery
3931232d0bd3e1aa71313fce9df0,PMID:29321841,train,gallery
8e5a40064e27ae00b02763c3f216,PMID:29321841,train,gallery
22c1dc06b4f634b2c6cdc4b8f547,PMID:29321841,train,gallery
4d795e0be7d17d74e8f747a8f3cb,PMID:29321841,train,gallery
2515320b61395ce5936273f2bebd,PMID:29321841,train,gallery
1decc5cfffe144764784f89d7ad0,PMID:31208452,train,gallery
bfd0f25e1aa8a2157ec5e69ed6ad,PMID:31208452,train,gallery
7216c1ddbbc909e0150e55f4afce,PMID:31208452,train,gallery
b39019b7c49d25d05cf799e4e1f0,PMID:31208452,train,gallery
b5277549c23468308d6d39fc8d1c,PMID:31208452,train,gallery
8ed673633480fdf8c010ec50d558,PMID:31208452,train,gallery
812b9a092a3d065924bb183d210b,PMID:31208452,train,gallery
55028977615a293d58f04708f033,PMID:31208452,train,gallery
8a0eb8023d4ecb6dbb19757dc240,PMID:31208452,train,gallery
4b2b4b4f6df20561e046199f428f,PMID:31208452,train,gallery
d1118b6a13dc5ff288b05a0273db,PMID:31533780,train,gallery
5e895fda308513b92e3387744e91,PMID:31533780,train,gallery
27686216b2b29096b1e20766e6a1,PMID:31533780,train,gallery
c8075f7446f067a147c0cea40c58,PMID:31533780,train,gallery
3462a99df3a57043e57051807cc7,PMID:31533780,train,gallery
23113ea80adf83b46e11f94b397f,PMID:31533780,train,gallery
6c6ba290a98aff97d2fdf72afc6f,PMID:31533780,train,gallery
cde6ddf7475f007c7ec297f67767,PMID:31533780,train,gallery
80288c1668481b8c6a32b9362e48,PMID:31533780,train,gallery
fcfbe9848887901be54e45c873c1,PMID:31533780,train,gallery
1afc85deff0540e210b20202f379,PMID:31533780,train,gallery
7a47fe1478262e4ed794c81e95f1,PMID:31533780,train,gallery
d50e267e1c2523b422f4acacead2,PMID:31533780,train,gallery
5a3de860f01902920c7a66645d84,PMID:31533780,train,gallery
556f2f0b7a6fcd14f0c3d653c110,PMID:31533780,train,gallery
b6f4ebd2e9e06d6d024daf8967a9,PMID:31533780,train,gallery
337b7527ef6d488bb6e01f1398c1,PMID:31533780,train,gallery
0be00440c8cf4e9a7530f22ce4d4,PMID:31533780,train,gallery
d7688a74d6740bc7920677d6a73a,PMID:31533780,train,gallery
1c3d08cc44f0038cbabbde0a19a6,PMID:31533780,train,gallery
9f02c0561ceef03ebf24c5d31b34,PMID:31533780,train,gallery
85319c1fd505952dd36fe9f288e1,PMID:31533780,train,gallery
7869d6e32423886270bcc5df69c2,PMID:31651874,train,gallery
336358503cdc529042ef8830441d,PMID:31651874,train,gallery
92f2f453e5207705e5eec39efbe6,PMID:31651874,train,gallery
d7071f8913b8bc682ebb311344a0,PMID:31651874,train,gallery
21b961625d07ddf92ed663551fa0,PMID:32158381,train,gallery
bd39565d4226397d7b2a36ef3293,PMID:32158381,train,gallery
1b83cd142f498072cfc77784b98d,PMID:32158381,train,gallery
144cdad62c3826e4ed287de5f357,PMID:32158381,train,gallery
91605209c02c4ece62f473f7de77,PMID:32158381,train,gallery
7498d01c4b1f9bf3c0996177dd3f,PMID:32158381,train,gallery
9ca21a72636fb10d421e40f3cec8,PMID:32158381,train,gallery
f2e73312a632a28b1b8b26382ea5,PMID:32158381,train,gallery
c717f4426efba80d03a022073d2c,PMID:32158381,train,gallery
a18b700b9430d3a743e5901ed553,PMID:32158381,train,gallery
3a18f6396ab4edb5bd86ce993876,PMID:32158381,train,gallery
6b4fb5e317edea197fd9ef29a022,PMID:32158381,train,gallery
327b6ee41897290e7064c371a42d,PMID:32158381,train,gallery
7383c8bad948fe1e08b68e0f59d6,PMID:32158381,train,gallery
c81d938f7b989e3625b35f1c269c,PMID:32158381,train,gallery
4c7d80bb5fd3083d3d30dab76dd9,PMID:32158381,train,gallery
f814c5c06169d005df9e55da0a5d,PMID:32158381,train,gallery
afc30a4f157582a26611bc9a9174,PMID:32158381,train,gallery
d477983b7397e1dddf592af63600,PMID:32158381,train,gallery
60f7a762c3d460193f5f14f73bc9,PMID:32443735,train,gallery
e996e6c6d04e4a1ce321083b0ce6,PMID:32443735,train,gallery
9f8f3a00beadb18c4cf9d68680ed,PMID:32443735,train,gallery
2d9d1cfe23d45f5e43b7ee81bd38,PMID:32443735,train,gallery
2723d41d5bbb5018e00f82404119,PMID:32443735,train,gallery
d340f1ca9adbacdea1a9396b32a6,PMID:32443735,train,gallery
871752d53bf74442e385e57958a5,PMID:32443735,train,gallery
3e2743e248c00e0857f0172b8535,PMID:32443735,train,gallery
71c768add6bc2042704f17972c7b,PMID:32443735,train,gallery
61771b008ba81f78172e5323a386,PMID:32443735,train,gallery
54ef606c160b2d9996c1b249518d,PMID:32443735,train,gallery
486ce945e241637f76f50d7ef57f,PMID:32443735,train,gallery
0e45d3c06d444b72253351b077ad,PMID:32443735,train,gallery
4b65e900e80a7c2e3231f7312fd9,PMID:32443735,train,gallery
d8ea0568090a17ea222ec58ffa70,PMID:32443735,train,gallery
4d94ee17c488820c3162f4931a84,PMID:32443735,train,gallery
88b2f62d20f0b405ba8cdd0058d5,PMID:32443735,train,gallery
c50ff175318b673ecb8e12b0a9b2,PMID:32443735,train,gallery
c9197b83619f4e6a5c5e75901e96,PMID:32443735,train,gallery
480f872b9c76819eb0893612a343,PMID:32443735,train,gallery
738b6b8345d358fa900e769e3cff,PMID:32443735,train,gallery
981e5f4d2beea3fd64864c936e6d,PMID:32443735,train,gallery
89a096c5a84a1d9946687c8d2574,PMID:32443735,train,gallery
b3cb27b6dce1a3b0ba2bb049c01c,PMID:32443735,train,gallery
072916bf066821a94fa5c71b79f5,PMID:32443735,train,gallery
5d8135ee0340ef63d297fc67ae29,PMID:32443735,train,gallery
dd7db82c18521a91b8a89334d085,PMID:32443735,train,gallery
a879a0bd96ebae8fd9df949209e9,PMID:32443735,train,gallery
4d3ebf2355d2bbc0377e86917bd5,PMID:32443735,train,gallery
98a18afc2523ba612aec8b6fae94,PMID:32443735,train,gallery
5b229ffc9c05069aafddc65a820a,PMID:32443735,train,gallery
f707f2dbd749479a4bb361e01a65,PMID:32443735,train,gallery
28ec14a62bbf441f080be1ccba7e,PMID:32443735,train,gallery
8c1d0cef81c5a7c398a2450b4b77,PMID:32443735,train,gallery
aa24ab2f0ffde2d3e018676f0aec,PMID:32443735,train,gallery
c9f4e0b4a6af6817db8c4b79dff2,PMID:32443735,train,gallery
4f875c8d2c36ddcd3a71a15d5284,PMID:32443735,train,gallery
a9f4346e90c95be7c4ff01473c39,PMID:32443735,train,gallery
bf7e841f85eaaafd443fc47d4790,PMID:32443735,train,gallery
7068a6a30c24d70ce3ba5518c3c3,PMID:32443735,train,gallery
636f3c2851316e7c5387dca0966d,PMID:32443735,train,gallery
7a93a6ab86a2ed5b50b44b46c246,PMID:32443735,train,gallery
11123bcddd53d799c1495b5f3f09,PMID:32443735,train,gallery
04e4760e933d4d5f44f5880f643c,PMID:32443735,train,gallery
b12f114d051e162f018af93629d8,PMID:32443735,train,gallery
0252a8d1e60a0763bc71748275af,PMID:32443735,train,gallery
21e505ed7195dd4f42698e73a051,PMID:32443735,train,gallery
54fa7b91600578aa84f067c9b0d5,PMID:32443735,train,gallery
16f37fcc4dcb94ab2e2cde115a74,PMID:32443735,train,gallery
6d00ea6921d0cc63f42bc5f25184,PMID:32443735,train,gallery
c597d0ca9f72d2d93fe601c168b1,PMID:32443735,train,gallery
64c987c58f0ee4ebc8a472c52c99,PMID:32443735,train,gallery
6517271515fc1fb2464812d6e00e,PMID:32443735,train,gallery
2a24c6c0bb78b3b6fca58eb1ce1a,PMID:32667743,train,gallery
35ed7f3511a70b0aed5d56355076,PMID:32667743,train,gallery
b84b1baded12cfdfe9a75ab7bd7c,PMID:32667743,train,gallery
802ec8970cc6ddf4175a4591425b,PMID:32667743,train,gallery
e38f7eb5f2abc657e05e51b85097,PMID:32667743,train,gallery
81bbe0135fb3acbf029d9b3cb5e2,PMID:32667743,train,gallery
2bd4f0bdb5d2c400060c44a12d20,PMID:32667743,train,gallery
681d7c247bc23df79e8ce9b090af,PMID:32667743,train,gallery
13c8bb130e2c57caf686f3e1de6f,PMID:32667743,train,gallery
cb0364d45753e11a8eeaa7313911,PMID:32667743,train,gallery
291b5ce1130a27a25e0c5f6e7498,PMID:32832197,train,gallery
a5c75d135866f5218049a0408379,PMID:32832197,train,gallery
66c513eced4a722e1d61abe1a323,PMID:32832197,train,gallery
f59d65ac2b60fb080204127f8fbe,PMID:32832197,train,gallery
2c643bf2a215ed9ad58004185114,PMID:32832197,train,gallery
e2ee74396602980fc3ca496f1059,PMID:32832197,train,gallery
92a464a1edab3adb870f7a29c861,PMID:32832197,train,gallery
8f1b9dbb85ee04092747e8b7ed43,PMID:32832197,train,gallery
7fe78c3d7db7f58f24695e48f046,PMID:32832197,train,gallery
5a57afae8ae53d7a2538e68a9762,PMID:32832197,train,gallery
7bcdb8de2dff5b3813ddcc9418d8,PMID:32832197,train,gallery
25beea77efacee894aef5e66759a,PMID:32832197,train,gallery
4514691dd9dd1ef0bc3ee74b8d79,PMID:32832197,train,gallery
5dfdfef7be531d7139f9a989b86c,PMID:32832197,train,gallery
cc7ace3c86f33a44277d1c2da841,PMID:32832197,train,gallery
d437aa860270b7fad5667368c77d,PMID:32832197,train,gallery
24022ba77dba3e577b23513a52c8,PMID:32832197,train,gallery
440315ea8a304a631b3a4837462a,PMID:32832197,train,gallery
58aedfed761fe14f6011ec32f57f,PMID:32832197,train,gallery
029c070812692fdf0ae6218acf28,PMID:32832197,train,gallery
72ac0017fb655bbf1a3e86cbf8a7,PMID:32832197,train,gallery
ea11529707688bd6ebbce10ad66a,PMID:32832197,train,gallery
d5d8ab36274df79039e6ea299a94,PMID:32832197,train,gallery
878761dd68a95c84cf7247793196,PMID:32832197,train,gallery
731cc5c46e9bc74fd54738b9f629,PMID:32832197,train,gallery
e2b033a68bb4173bc06f6e99ce4a,PMID:32832197,train,gallery
a25a987dddfb7602201016f7bdd8,PMID:32832197,train,gallery
db8c1015a0efdd05e17a3bbe5212,PMID:32832197,train,gallery
44153f5eb1c3861227bec17ab35a,PMID:32832197,train,gallery
df61e98c02bcd88175a4a373259d,PMID:32832197,train,gallery
f4fc94a1c42f87d522cfe366bd22,PMID:32832197,train,gallery
a9c15d178d29c0c137cc7421df2a,PMID:33263785,train,gallery
7dd3dd13d03c842a60f409a1d90f,PMID:33263785,train,gallery
667d801d2b8e9bb4e7527189ded4,PMID:33263785,train,gallery
7bd9d3f0a1df9459b563cd4677b6,PMID:33263785,train,gallery
14be4ce7ba873071f00c6afec193,PMID:33263785,train,gallery
90ec52f6c33ca42cc5c70931c2e5,PMID:33263785,train,gallery
a3fbce28e020db6a34617a8d9044,PMID:33263785,train,gallery
dc95c819406c9adb0490791ec3a2,PMID:33263785,train,gallery
aa3f7d7eafe521ff58aa07a15947,PMID:33263785,train,gallery
8bfde85c21ad5edfe343072d77e2,PMID:33263785,train,gallery
bbcd6339733bcac6a51b8d19b123,PMID:33263785,train,gallery
2f1f74a9b5b912e161b0b7e528b7,PMID:33263785,train,gallery
bc93413e242d3679dfaf2079788b,PMID:33263785,train,gallery
76330d658ce92d309e022915067e,PMID:33263785,train,gallery
f55d11d4bb6f506c49cc8f516195,PMID:33263785,train,gallery
d4356560a4a268a7e2a6e2c9a6e2,PMID:33374753,train,gallery
e99580a510d077920b0bf62131fc,PMID:33374753,train,gallery
9aa484c9bb416a85b8f888dae636,PMID:33374753,train,gallery
cccf202457992728bbf09af13f35,PMID:33374753,train,gallery
2a13321a17ae27b32be9357b1b2b,PMID:33374753,train,gallery
1ea1379a8bae7fee706a669848b4,PMID:33374753,train,gallery
97cc485c49646c1c06561ab06cad,PMID:33374753,train,gallery
0fc236ab5f48153dce00fe13c94a,PMID:33374753,train,gallery
130bd94c26862b47ff5cb5835824,PMID:33374753,train,gallery
fe6693849cdc999bd1b20ef8a580,PMID:33374753,train,gallery
316f417a30cda95e7a6fb9754973,PMID:33374753,train,gallery
8537a2b7493e7e189fca3403aba8,PMID:33374753,train,gallery
338a327eb270cfe008014accc031,PMID:33374753,train,gallery
e941dfa583b4b84b38efbdcaeaef,PMID:33374753,train,gallery
1e4dc64ed0038bc288fabdc21964,PMID:33374753,train,gallery
40fe8b58f94726bf9d1f347a5dd6,PMID:33374753,train,gallery
8a09adda2c89fe3a60d5c5927e5f,PMID:33374753,train,gallery
7c2a3b4f6276155950ab41217ae2,PMID:33542497,train,gallery
ec7860b86ec7cac95479021756ae,PMID:33542497,train,gallery
25e135f187239ba3250ec5067082,PMID:33542497,train,gallery
bf52576b4e499efdcaab8faefac9,PMID:33542497,train,gallery
65bb28834551a867e03c5636c370,PMID:33542497,train,gallery
ac0723f62bea8b90a9aa3bd3d90f,PMID:33542497,train,gallery
f46ebaa4d84c89101af386447bf5,PMID:33542497,train,gallery
08d9bb5fb36524577b8703293e78,PMID:33542497,train,gallery
9c815689137452dc534d0b6b4403,PMID:33542497,train,gallery
e17e2e84c4297cc0126bf21e424f,PMID:33542497,train,gallery
5f4fcccdfb04bacfc114a87041e1,PMID:33542497,train,gallery
ef4aaf2a8532adf6f4eb79c9227d,PMID:33542497,train,gallery
9bdd60646e3e1e6e3b61be109865,PMID:33632309,train,gallery
369ffb3f38413f1f807c04bc75c6,PMID:33632309,train,gallery
485201872d7ecd388d3037b2756f,PMID:33632309,train,gallery
189598f8b033053b8809381ef4e9,PMID:33632309,train,gallery
1d3ac77725a756cdc92bb0c907d6,PMID:33632309,train,gallery
0bd524692208f1b0662db77367de,PMID:33632309,train,gallery
708f0e5070c2917e55de95298412,PMID:33632309,train,gallery
a86a16b55c61864b552788497547,PMID:33632309,train,gallery
86dddf10ce7f06dfb1c2b00f03ea,PMID:33632309,train,gallery
4c3c66adf95bd24cd6363b6b291d,PMID:33632309,train,gallery
600df7d521b0b27714b8fd5a3fb3,PMID:33632309,train,gallery
1204b81c9f2f2bb75cb3bcee2e1b,PMID:33632309,train,gallery
9fb25945d77949030e639d014945,PMID:33632309,train,gallery
ceaca2811597d9163aa0d94ca226,PMID:33632309,train,gallery
a4489e507a2906309d4042131a5a,PMID:33632309,train,gallery
0bd2adab0d2f7604b3abcb65515f,PMID:33632309,train,gallery
a122b109ca39e0eb90210fa77590,PMID:33632309,train,gallery
61d48801b6737e9215822926d834,PMID:33632309,train,gallery
40c34ed2ae869a336955026042da,PMID:33632309,train,gallery
51b53ba67b0f3ba27370f1f0d7a4,PMID:33632309,train,gallery
84ff952eb70431b82debf9cecf61,PMID:33632309,train,gallery
85bb76af80999acb1cd2498d9167,PMID:33632309,train,gallery
5e24ed1375750e1e6c6554dd6ea6,PMID:33632309,train,gallery
6e72aebfbfb61f11be8586d25f2d,PMID:33691803,train,gallery
1386a72dcd45201470ad39ddd6e3,PMID:33691803,train,gallery
c8e71dccefd7fbd048e04199f2fa,PMID:33691803,train,gallery
397dd9c9c627b61d1e14b1398311,PMID:33691803,train,gallery
41eade9ed954326ea4310fe0c987,PMID:33691803,train,gallery
1561df38d64d61a2b9046b396d01,PMID:33691803,train,gallery
5f670564cbbb6da4c414a9095174,PMID:33691803,train,gallery
6139b16d51aadfe33ab2344c5556,PMID:33691803,train,gallery
8c2bd1dfe0bb799ec24d3d6ecbd4,PMID:33691803,train,gallery
b6865f761e1e78dfe6993d87692c,PMID:33691803,train,gallery
d2c44b157fbfa1e5a6d4db612389,PMID:33691803,train,gallery
58046b12a460cd4523550b4c2dbb,PMID:33691803,train,gallery
c9fa042acde2d8ebd06c4be5411f,PMID:33691803,train,gallery
20a41c67989be7b715d2ab665264,PMID:33691803,train,gallery
d52dd8c4f51559fb00c6f292dbfb,PMID:33691803,train,gallery
52eac5dbea4377e309c7753d628f,PMID:33691803,train,gallery
f78a758ba8c7e0a4656a96df12a1,PMID:33691803,train,gallery
f51c1a3968eccbd40f0d17cf9134,PMID:33691803,train,gallery
1bcac10d6a2ab97d9acbe0d9a68f,PMID:33691803,train,gallery
2af9320f67aa5590988db0fb8956,PMID:33691803,train,gallery
737988a536a4ec102ad1473a497f,PMID:33691803,train,gallery
d42b164b1c67fd84125059277587,PMID:33691803,train,gallery
7c81438fd59f565076707db13dcc,PMID:33691803,train,gallery
9dab107b0a636b3c48bb44418c32,PMID:33691803,train,gallery
f532cdb2c79d1f34c26e8dbd5ca1,PMID:33866895,train,gallery
f50fdb28b81811712b3d0ef47fd4,PMID:33866895,train,gallery
9ca49a011d7561b0c8f902cc15ec,PMID:33866895,train,gallery
761eb48b4d5694c1549c36b0de39,PMID:33866895,train,gallery
5b64e302a68736c11b16cded51cb,PMID:33866895,train,gallery
95825a3ac456cb1611eea65d4f6c,PMID:33866895,train,gallery
3790e29c6e5ca35068cdf926b82b,PMID:33866895,train,gallery
f75d863a605197a63dd524a7e0bf,PMID:33866895,train,gallery
ab496b03826ee8407573a7671880,PMID:33866895,train,gallery
f185836bed0304a07359bcc2353e,PMID:33866895,train,gallery
9f4bd820423ae1dff2db2dd26cff,PMID:33866895,train,gallery
9fd5250c2fe5988d69da5d061285,PMID:33866895,train,gallery
cbf695d293e69193abb25b160371,PMID:33866895,train,gallery
75c37e9908465a6f34891e810e3d,PMID:33866895,train,gallery
c858f395ddeda08c826856f7b8e6,PMID:33866895,train,gallery
4a876a0c799325bbc289d91e64f2,PMID:33866895,train,gallery
516a5698d81a66daf72a7ab51415,PMID:33866895,train,gallery
64ea72663b378b171f4bbeee0bbc,PMID:33866895,train,gallery
47ac75a528002ac7c309b914c832,PMID:33866895,train,gallery
9588a4f9115b54dda0611f0e10a8,PMID:33866895,train,gallery
687b34147cf2feb6f8e2dd98357f,PMID:33866895,train,gallery
05b89387c7bf9b005f1c447c0a98,PMID:33866895,train,gallery
a3767497aa1bbc136c100871b282,PMID:33866895,train,gallery
d3149ef412b75ec7eac18c450e2a,PMID:34064035,train,gallery
d7264bbe2ccd15b99bf8204ba3a5,PMID:34064035,train,gallery
07263ec2352b21b1aa89b2ce5941,PMID:34064035,train,gallery
637c1e40c6e4e8e8f3d0f1e800ed,PMID:34064035,train,gallery
af63f8062acd38c8e7a01ddcf86d,PMID:34064035,train,gallery
d2222dec4aa70542b8b9af8ad958,PMID:34064035,train,gallery
ab068f3205f1dbbd7842c423da65,PMID:34064035,train,gallery
1fd6524ff04797400dae1364b50c,PMID:34064035,train,gallery
5da34368937afc1b74cff977ca03,PMID:34064035,train,gallery
0ad119414722e3af73d4ca76ca12,PMID:34064035,train,gallery
02b1a7d73364e9a4ee760ca98db7,PMID:34064035,train,gallery
1f208989695bd5feb58c4aa941ac,PMID:34064035,train,gallery
ba6056d076b8631cbc452b990b75,PMID:34064035,train,gallery
5dbf5bf25140bfc5eab8359dd55e,PMID:34064035,train,gallery
4ec23f9be79bfa03c1b628403a5e,PMID:34064035,train,gallery
d5e0dda1f587bc0acdbf32b91ced,PMID:34064035,train,gallery
bac104ec215d30a08b54bd8dad38,PMID:34064035,train,gallery
215797d74f7c59c6a3b11e9cc3c5,PMID:34064035,train,gallery
8dd934bf127978839b6fa249f4d5,PMID:34064035,train,gallery
294536d26ec0ca7fb181e3255a8a,PMID:34064035,train,gallery
50acd2418a718e9f5f8b465384ed,PMID:34203304,train,gallery
a0832d672b910c5e8e9744a1c7c4,PMID:34203304,train,gallery
1c3b1e8e3a9288bc91b2ec8dc120,PMID:34203304,train,gallery
9464dd9b755fce335cc287be8645,PMID:34203304,train,gallery
38cfc175fd90ceb46cc3d0c4cae8,PMID:34203304,train,gallery
987e0918c2605ec98a0654397328,PMID:34203304,train,gallery
630c19389bc8e7cded6edc83a33f,PMID:34203304,train,gallery
53d002f9d7fa780ff14fe6d890e8,PMID:34203304,train,gallery
af488daf6bd5c3a7f1815a612f54,PMID:34203304,train,gallery
6643d07623430267870a1a8c3c05,PMID:34203304,train,gallery
5455b19d458b7abcb89d43b634f3,PMID:34203304,train,gallery
aaec58bcf2994931a726d1ae0ae6,PMID:34305787,train,gallery
7cd5543b1c04a12c0eb66bf020c8,PMID:34305787,train,gallery
2c95a01e2e44db3e9f15b2cfb203,PMID:34305787,train,gallery
9485f28efb487f184b7e07462486,PMID:34305787,train,gallery
42882e39769392817599634b3286,PMID:34305787,train,gallery
ce547cf5b220a35d4e16d866a453,PMID:34305787,train,gallery
1ae2eecb3baf85f690777a3115ad,PMID:34305787,train,gallery
8124d40586e5216cbb42df798637,PMID:34305787,train,gallery
c94903127e3a892dcb1f6d0be033,PMID:34305787,train,gallery
5c22c10b8cfad9c404d40536efbd,PMID:34305787,train,gallery
58619706c65b33c2590be62f5182,PMID:34305787,train,gallery
ff1ca9bfec3e46c77fb41de6de88,PMID:34305787,train,gallery
36dc318ca499273dfeb7b3b8bffd,PMID:34305787,train,gallery
a68f7d2d3fe29fddebc195708cbb,PMID:34305787,train,gallery
6461e61240333ae81b2a59b15f6c,PMID:34305787,train,gallery
c6199ba26755362cdbb7036928e4,PMID:34305787,train,gallery
371913064483a3bbf2a93e7a7b6e,PMID:34305787,train,gallery
3da0fc0d7ab0dc3d82c72ab87849,PMID:34305787,train,gallery
7aab197794910eb8add80258df98,PMID:34305787,train,gallery
e49eefd80aafe7967e65838db6f9,PMID:34305787,train,gallery
243c35f3097ddc481d650d155d92,PMID:34305787,train,gallery
a3380b3348185f0997787f6e4f21,PMID:34305787,train,gallery
f957b082444699b00f03365db7c7,PMID:34305787,train,gallery
3682c81861c7aa8a3d0b095db50c,PMID:34305787,train,gallery
1c8bac2409e8ca415ea45ac70874,PMID:34305787,train,gallery
3dccb794fc2246b1f50758389837,PMID:34305787,train,gallery
1f0493f30131cdffb5e10dac3463,PMID:34305787,train,gallery
04fb0cf02682a51c0eaefde0b6b0,PMID:34305787,train,gallery
b8691c79a7f0bd476394525e2a31,PMID:34305787,train,gallery
97380d59d27c10ba1f27cd7abbcf,PMID:34305787,train,gallery
261cf671afbd6d5faac00be21fa9,PMID:34440332,train,gallery
03bde76601aef0f896d526522e89,PMID:34440332,train,gallery
25631c80ef75a3df70e1ccdeb290,PMID:34440332,train,gallery
426e9255c5ec536cd0801571dd01,PMID:34440332,train,gallery
e648347ec89a518dfe1a8fcf13ac,PMID:34440332,train,gallery
e50437d4017e9a7a2c4cad6f396d,PMID:34440332,train,gallery
ec659bf0c03216577cf08968edeb,PMID:34440332,train,gallery
38ad7035113d34ca75acf155ffee,PMID:34440332,train,gallery
8762715efd86671d8c8c92f590f1,PMID:34440332,train,gallery
986ebfc245bd9b164952399e453d,PMID:34440332,train,gallery
9220dd230d27962bb17a2b8340ae,PMID:34440332,train,gallery
29db6078484253678d1ea9307b67,PMID:34440332,train,gallery
7a90b9f15126a41811432e1d149b,PMID:34440332,train,gallery
cf33af7d7793fd2eeb160c26f443,PMID:34440332,train,gallery
17c39ea34696a27410c085c7fb85,PMID:34440332,train,gallery
17931c8b560d6fa8ce29e799ad4c,PMID:34440332,train,gallery
821176e0988ac900a29e07a343f4,PMID:34440332,train,gallery
89ce7e5979c5ac882520696a1cd4,PMID:34440332,train,gallery
913ee853809886ad81eb8fcaf907,PMID:34440332,train,gallery
e83658d337aaad4c843106fb91ee,PMID:34440332,train,gallery
430a45ed60fa9abf09ba695a3664,PMID:34440332,train,gallery
2fe67e949615e8ad96721653da0a,PMID:34440332,train,gallery
8ef38e0e774560d5ce11ccda2669,PMID:34440332,train,gallery
345f5fc6bf196bd07f1782114940,PMID:34440332,train,gallery
0aa3ce5f3bfb12fa26b7afa7b397,PMID:34440332,train,gallery
9321bf90cb476e8b7b4f2c3d3fe4,PMID:34440332,train,gallery
35292a8e09fd6780f39078581532,PMID:34440332,train,gallery
82b4ff8c34aa5b9cba77ad7d1aad,PMID:34440332,train,gallery
3ffc089e2508c4259d00a9b4354e,PMID:34440332,train,gallery
faef085ae16800cc51067ca81eb3,PMID:34440332,train,gallery
02dd6d765a80f141f8249f099838,PMID:34440332,train,gallery
01734c28ae004127f64f09453b52,PMID:34571966,train,gallery
2d72dbc199a26a4381bc2ce18c7b,PMID:34571966,train,gallery
0698d676f2a06efb778b3aec643a,PMID:34571966,train,gallery
45332e5ed73713f518872a765209,PMID:34571966,train,gallery
7b56c0ad3043bb281a62a8149b02,PMID:34571966,train,gallery
c90d407f8348d928c14193fc9bc1,PMID:34571966,train,gallery
0ac85dc2a7d1e6573b4d158d664f,PMID:34571966,train,gallery
a5cc3e67a55e595d2be9daba5602,PMID:34571966,train,gallery
29297148f116371f13ec0269a8a9,PMID:34571966,train,gallery
253ecca1d8016a118198df7de8b0,PMID:34571966,train,gallery
ccf6780b8398f950496b4b482587,PMID:34571966,train,gallery
dfc4927357052761f3ea6773dc8c,PMID:34571966,train,gallery
7d9f34f0a68678febb5fc5a0bc97,PMID:34576033,train,gallery
cf2a542f0d6a814cbb276e4f83d7,PMID:34576033,train,gallery
691cda6a167b66a14230b5604804,PMID:34576033,train,gallery
9b031898cf37315c9f176f462a0d,PMID:34576033,train,gallery
de702dc7964cd72559b550bfda1c,PMID:34576033,train,gallery
8b9091d35e95cf194095f63902ec,PMID:34576033,train,gallery
636635edac19fb92d292308688b3,PMID:34576033,train,gallery
586630fc660eb96ad5eadf97d430,PMID:34576033,train,gallery
1ebe629c42ee0a9072ecd9d4fc11,PMID:34576033,train,gallery
146a60ccf0d5156fc8d6ad36329b,PMID:34576033,train,gallery
e17f42c2a70aebc7ccbac8bb5e91,PMID:34576033,train,gallery
8d7ce595ffcde2aec4c51de1aafa,PMID:34576033,train,gallery
7f29f215527d09eb97eaa2131916,PMID:34576033,train,gallery
95318eae53794706462503628f2d,PMID:34576033,train,gallery
7562080c417cf9fab7b478af209c,PMID:34576033,train,gallery
ff19cf7c5b185ba601ca99e1ef72,PMID:34576033,train,gallery
f2409cc1704387b013bce16b7603,PMID:34576033,train,gallery
dcdada4384de4aae3afa6fb529da,PMID:34576033,train,gallery
a54b150551663dac5bfe99c9091a,PMID:34576033,train,gallery
86471019be242ddf9f5ffd094a3b,PMID:34576033,train,gallery
04c33874a6f1b52a243f5989efa5,PMID:34576033,train,gallery
d63424621f16e98cff962f7905ca,PMID:34576033,train,gallery
e9c31378d1cc635d203736515e76,PMID:34576033,train,gallery
10a50fde597d6023aafce9dd1597,PMID:34576033,train,gallery
bb6bfd58722f74870e459ad2d482,PMID:34576033,train,gallery
e059b76e4880030936cfdace77fb,PMID:34653234,train,gallery
88f8eb829d2e0339aab5dafe4df4,PMID:34653234,train,gallery
ba2f0aff572ffdd6e4611cb19386,PMID:34653234,train,gallery
6bc261500a8a288d8621c567d05b,PMID:34653234,train,gallery
f66e175314bdd8deffd99389894c,PMID:34653234,train,gallery
b1206329bcf7c1a2568a23faa0a0,PMID:34653234,train,gallery
c201623569410973b84c730c6aa9,PMID:34653234,train,gallery
6ce56b26725644e60683cc47b0a1,PMID:34653234,train,gallery
c2950d286f730a66281000973702,PMID:34653234,train,gallery
0cc5222e3e7cd7f6a14200c74376,PMID:34653234,train,gallery
7c583d346f05b5e2fe2ed4c02443,PMID:34653234,train,gallery
2f38062bd1446231d37ac66f8adc,PMID:34653234,train,gallery
c9ec414e505826e4fc6e069fa553,PMID:34653234,train,gallery
fc1bb5b433dffeaaf0e1e47efd1c,PMID:34830739,train,gallery
657c32cfae1b4bcf6f6576348d0c,PMID:34830739,train,gallery
bef3cb5dc975fd87a0f4698e6630,PMID:34830739,train,gallery
2844b75e7465a98858692fb6d071,PMID:34830739,train,gallery
ce605c15c68dea61a9d1645a183e,PMID:34830739,train,gallery
52ddea627c3d9e6cdcb4ddde27db,PMID:34830739,train,gallery
5b262066ba97befaa6afc0f26c17,PMID:34830739,train,gallery
e3569a3175222e6961d959c2796b,PMID:34830739,train,gallery
028fa96dada0fac79780212d5359,PMID:34830739,train,gallery
5aa91ac329854fa10b7358b7fd08,PMID:34830739,train,gallery
8fcca5835c008db90685476903fc,PMID:34830739,train,gallery
136bb66eaa08a63e1a832be79f77,PMID:34830739,train,gallery
889e929d2a5d17d277241111e342,PMID:34830739,train,gallery
62d63d5abbd1fe7fed25d38d4a31,PMID:34830739,train,gallery
318a8d8f7e64f6166b6dcca174d3,PMID:34830739,train,gallery
d326f5c255227a9b335c550532c0,PMID:34830739,train,gallery
1953105f66ec01192575130de19d,PMID:34882261,train,gallery
0e2afa28f060eb414d6f10bd3cf0,PMID:34882261,train,gallery
2e885b481661e8de9c15cf53ae76,PMID:34882261,train,gallery
f7f470bff0ebb3225578bc57fcdc,PMID:34882261,train,gallery
e6072ede9cb062b319d7750b4d43,PMID:34882261,train,gallery
337f39099ab7921059dfd519a0b7,PMID:34882261,train,gallery
3c5c7c426dd1256da13f56eddb3f,PMID:34882261,train,gallery
f8e018af6936547418057c0db035,PMID:34882261,train,gallery
22bd04b19316b96ae0dd9f5b18d4,PMID:34882261,train,gallery
43d51c56ab2b3ac4198402fabb54,PMID:34882261,train,gallery
ca4ede52415c182fc51644b34df1,PMID:34882261,train,gallery
dc4fa83399fe55b9c4da77aea4bd,PMID:34882261,train,gallery
20f2b0703cbe7ced8226812efd66,PMID:34882261,train,gallery
6f3aee932e536e921abc4dac9e44,PMID:34882261,train,gallery
3da898f2fc7e33d6fff6d2df5b33,PMID:34882261,train,gallery
7f8ea26423923ec326a61cfab8c3,PMID:34882261,train,gallery
806adfd3e1d4c0963e12f10ca9d8,PMID:34882261,train,gallery
28b4aa31b9e95e52dbfc1fffa320,PMID:34882261,train,gallery
f3a5daa2395332a1ef4b5c66d5bc,PMID:34882261,train,gallery
549f8b20a22acceb1b43fe17176a,PMID:34882261,train,gallery
fa9ee8562d186fef3cb3c5dcdeb1,PMID:34882261,train,gallery
ee14040bb316c7efe8c57158cb8b,PMID:34882261,train,gallery
0b8e52fc7a3eeacd1403d09f5fab,PMID:34882261,train,gallery
eb06611f0ff897d34bbf5158efdd,PMID:34882261,train,gallery
995567199532daf120f58f2136c3,PMID:34882261,train,gallery
1e218f245e495b75821b06271b83,PMID:34882261,train,gallery
a1160d6a05dfa541a48cc3e65ef7,PMID:34882261,train,gallery
739ddea2b4342c022b5f51ccf487,PMID:34882261,train,gallery
0cf2b6ed8b1e7b57b9e6ae037b5a,PMID:34882261,train,gallery
14b436fdc7fbb9435126482a70b5,PMID:34882261,train,gallery
21658a8c432d5c29527f4d8fe216,PMID:34882261,train,gallery
1b8686ab086b3bfd39d507b27b18,PMID:34937594,train,gallery
a52827f3b6f848e14cd1268803d1,PMID:34937594,train,gallery
a9180e51ccdb2554b4712aaefb0e,PMID:34937594,train,gallery
60ebe939f60ae75b44abcf9d1412,PMID:34937594,train,gallery
b7ebd8d45b949330004ca8169873,PMID:34937594,train,gallery
6686e398faacb5cf18c08ec4b913,PMID:34937594,train,gallery
b23ebb3300ae38e1dfe3bc60262c,PMID:34937594,train,gallery
8b848e0c02d1453fc1de40badf7c,PMID:34937594,train,gallery
89497b60e85c197da270a51b1bc8,PMID:34937594,train,gallery
9b99da94c1c07047cc8280163b70,PMID:34937594,train,gallery
ac79ba616aa8c7f7e5fb2b961e08,PMID:34937594,train,gallery
d2c51e6d5555b90ea95fb943f21d,PMID:34937594,train,gallery
c64ac0a7e7b0fc23425ae965ede9,PMID:35001666,train,gallery
73c2e7eaeb82e9968ec4d68c75a2,PMID:35001666,train,gallery
aa97dbef41074724b72f645f5304,PMID:35001666,train,gallery
079e99c7a082775f1905f5619941,PMID:35001666,train,gallery
2933a959df08e7723a6d6275f95b,PMID:35001666,train,gallery
e2f43de3ff4f053c643792da67ab,PMID:35001666,train,gallery
c729a0f343684bc12193fbccef82,PMID:35001666,train,gallery
f0f0496677bdc143cd5c53d0195d,PMID:35001666,train,gallery
6de50168ec6f6c4d3c385ebd09be,PMID:35001666,train,gallery
975993561a331a64b45022499b26,PMID:35001666,train,gallery
9e1081f7625454223703795b2057,PMID:35001666,train,gallery
9c2590b0e708b516bb675e668a5b,PMID:35001666,train,gallery
046ea511777d3bdfcab1152122b5,PMID:35001666,train,gallery
5f431ece92092a3324c90fac9d5b,PMID:35001666,train,gallery
06b6e3eefaf42be598a855bc8ecd,PMID:35001666,train,gallery
60c5d11c6ab0a51c8dd72ae9e06d,PMID:35001666,train,gallery
0e373038819453aa9a8f490ec0e1,PMID:35001666,train,gallery
37189d1c50223340acc7fd46d599,PMID:35001666,train,gallery
736f013e90b8140245b27b519032,PMID:35001666,train,gallery
aad1a628cd80d0d019f6656022a7,PMID:35001666,train,gallery
3feede8c7dec1848c37f8d5ad73c,PMID:35001666,train,gallery
888c24a159cf19b689b37bc08b28,PMID:35001666,train,gallery
7304a5d56c9100c221654c414cb4,PMID:35001666,train,gallery
09cc89c30803ec988fdaf03f9c09,PMID:35001666,train,gallery
562838a3c6ef1a2f00f830d2a95b,PMID:35001666,train,gallery
4e63211d34b0c1421319b58003ed,PMID:35001666,train,gallery
04cb142b740c7ea0df76f3d72b41,PMID:35001666,train,gallery
93c04993daae74d6f1804d684dc2,PMID:35001666,train,gallery
00a595fa1e4d1c4c4bad4d06b477,PMID:35001666,train,gallery
a91abbe38d9d653627908ad2ff0b,PMID:35001666,train,gallery
9ac52b989e42670af29e432de2e2,PMID:35001666,train,gallery
8bcb00e32bcd96f3dcb223b2cb2b,PMID:35001666,train,gallery
a3df405cae49820ca52843237e56,PMID:35001666,train,gallery
969ec02f6593a6fb4ba10c8a8c0e,PMID:35001666,train,gallery
6ea6e01ffc4dc67a7c0918b150b9,PMID:35001666,train,gallery
9c48022a5a1d927594f33d3db60a,PMID:35001666,train,gallery
36166e12e91a5e8631b607cf3ef5,PMID:35001666,train,gallery
90d7ac163b070c9177c22ed26ec8,PMID:35001666,train,gallery
a8eee9746f6e5c22f9740c7fddaf,PMID:35001666,train,gallery
c9eab5138c7e0ebcd30a80495434,PMID:35001666,train,gallery
daa8322fb3a7b892bb5e163a130c,PMID:35001666,train,gallery
00907dbc7cf6d1d3f84010732e3b,PMID:35001666,train,gallery
f321a46e408734c26a96de8deff3,PMID:35001666,train,gallery
1b164e0b5b00f5bf98f5a234999e,PMID:35001666,train,gallery
695ee6bf38d28bf8980c42c125f2,PMID:35001666,train,gallery
025cf7dfe158a655745eb95750f3,PMID:35001666,train,gallery
e2280722469eda43b2652b9d96a3,PMID:35001666,train,gallery
67085f9364c6f26189869b94a663,PMID:35001666,train,gallery
3fe8b1938fd633a218ba900cc59b,PMID:35001666,train,gallery
a02e9a1c89134808bf528076f97e,PMID:35001666,train,gallery
eb9c74ccf40e6c2c1df6de276aef,PMID:35001666,train,gallery
2655e8248466c9068228f5f21738,PMID:35001666,train,gallery
328cd9890e39adfa098abc1adade,PMID:35001666,train,gallery
5b39328df2723c1ea290a39fd06a,PMID:35001666,train,gallery
d64404724821027cc4939191d1ee,PMID:35001666,train,gallery
249dbb942c755fceb466af765d2e,PMID:35001666,train,gallery
40fd0bc2cc8643d840bd69c1cf57,PMID:35001666,train,gallery
bed8f73094c862598e4022fea3df,PMID:35001666,train,gallery
c6f9b7bab048c42451a7c77127b4,PMID:35001666,train,gallery
c494b508eea4c4510f5643992428,PMID:35001666,train,gallery
40e7cfceada377dbda743a31a8d6,PMID:35001666,train,gallery
6d6c5fb2194441b2b22fd60de00c,PMID:35001666,train,gallery
a93b10475c263dc8987d717413d9,PMID:35001666,train,gallery
1816b8670688002d3e21e925da78,PMID:35001666,train,gallery
c5a6f127ec811bc4809fc34a467c,PMID:35001666,train,gallery
9bdc10e17fc0f8b9df3ac458e6d5,PMID:35001666,train,gallery
8c0e7e054f84dce8a9844fff403b,PMID:35001666,train,gallery
e10105c0ae306813dd354418de16,PMID:35001666,train,gallery
8fee19b8cf8647b64a2c542bd4be,PMID:35001666,train,gallery
13eba98edf59694bcb07f4eb0023,PMID:35001666,train,gallery
a300e1c3900797bb60a1a5cde240,PMID:35001666,train,gallery
0a26fd009b791e3b4d3624cafa89,PMID:35001666,train,gallery
ffa61650a225b5862ab373ce6068,PMID:35001666,train,gallery
8a6cd47f754fe629307c91e1702e,PMID:35001666,train,gallery
5bc45cd9764c647b95dbd291c8fe,PMID:35055139,train,gallery
4b1dc31355a06eb4c2fcba97b9d3,PMID:35055139,train,gallery
be3956d38f772f52f0315c21f0dc,PMID:35055139,train,gallery
609db6ac237df032c086eb591109,PMID:35055139,train,gallery
7a943460dc58a012f6e28ddcb7be,PMID:35055139,train,gallery
641b3b42e856ce3425110e51d9a0,PMID:35055139,train,gallery
724731b5e7163420a655b9755463,PMID:35055139,train,gallery
b566e8e411a7097400c127d125e5,PMID:35055139,train,gallery
bc55db737954951aac99e52648a8,PMID:35055139,train,gallery
3376956a847e821de6546041f19b,PMID:35055139,train,gallery
468f6bffa4f635c24ba64847bca2,PMID:35055139,train,gallery
fdabdac413011ac2514e6e4060ba,PMID:35055139,train,gallery
6827b80586ce57f59b3a0edd07ad,PMID:35055139,train,gallery
2f9f9b404e730b24039ae6133630,PMID:35055139,train,gallery
9c1cf207e30ceb4ec717e2c6cb9f,PMID:35055139,train,gallery
3f7add1a84838293cd567f052b7e,PMID:35055139,train,gallery
4b6848f31582d3869e7dba6e41ff,PMID:35085778,train,gallery
096080c6bf7b3be0b791e2c506b6,PMID:35085778,train,gallery
7881c44781b05fe2b3a41855239c,PMID:35085778,train,gallery
12955466ebed6ef264756a3d0697,PMID:35085778,train,gallery
f9455fe26bb75573c1f0a7acf5da,PMID:35085778,train,gallery
b579f1d3396031992f958a09fa26,PMID:35085778,train,gallery
50bbae1b0eb4ae5c8d52553dc187,PMID:35085778,train,gallery
b762219c231f1c44bbd7e5b5349c,PMID:35085778,train,gallery
d725f97c77114f2f2ece03bd4bd4,PMID:35085778,train,gallery
70a9ff32811b1bf64abf5068be80,PMID:35085778,train,gallery
eff59cf7c59bb89a718e185de7d8,PMID:35085778,train,gallery
977cc4d0a57d84fc40b435e699a6,PMID:35085778,train,gallery
f2a05ff6d9e2cda98670d60c90e8,PMID:35085778,train,gallery
fd96e474a757c3cad4bc2c7f7a41,PMID:35085778,train,gallery
dcc8a6134c2fd44f6eca548860e0,PMID:35085778,train,gallery
de765e072ae4e0c3416c63ebcb81,PMID:35085778,train,gallery
4aec84039c3df4b6703f39eee8d0,PMID:35329839,train,gallery
6956e739da90907b4a7491083394,PMID:35329839,train,gallery
522644d1a67e029f230bdc242b24,PMID:35329839,train,gallery
e68965dd4e3f606441bfafde3045,PMID:35329839,train,gallery
2725fee2c606b2d4112f65080261,PMID:35329839,train,gallery
76ab2d18a01fbdf290958e330507,PMID:35329839,train,gallery
73abd177a11844de650555591fc1,PMID:35329839,train,gallery
b3c503f74a8ef737b2c49f70fc19,PMID:35329839,train,gallery
c8e7873efd380100b2bca06f355a,PMID:35329839,train,gallery
d46c64d68f8fef2e92d29b35f644,PMID:35329839,train,gallery
77d1d904d5e895d7a5ab1c400487,PMID:35329839,train,gallery
9f7379483214e5dc237470661820,PMID:35329839,train,gallery
f0912376821bfa7b4c4a5bc4fb24,PMID:35329839,train,gallery
c5a1ab288c6d77ab24b34ca4d34b,PMID:35329854,train,gallery
f1485e2921630eb1c281c8c0b4a3,PMID:35329854,train,gallery
3cb12062d7d7152b7140caf9fc2f,PMID:35329854,train,gallery
2455a140455a49bd410f615fd5ad,PMID:35329854,train,gallery
8da780962b6b297621aff6396ea7,PMID:35329854,train,gallery
88c17a597b4713f5da737e8e6f94,PMID:35329854,train,gallery
7b9e4ba481128321f05197a2f152,PMID:35329854,train,gallery
71f31bb72f7b0272939e86637f2e,PMID:35329854,train,gallery
cbd99125edeba2a2105444f4bcbc,PMID:35329854,train,gallery
7f4d2bb32f43a99279344d7704a1,PMID:35329854,train,gallery
77addfffe8df2812d6a685c9cc2e,PMID:35329854,train,gallery
83a44474c750f518725ab8d0f2c1,PMID:35329854,train,gallery
743348f3512c83b281639b5721d7,PMID:35329854,train,gallery
bdc86db6e188b510078bcb2e1fca,PMID:35329854,train,gallery
36590a891c1936175453dd0fc877,PMID:35329854,train,gallery
101f6e6f851d3198e422144e7e54,PMID:35329854,train,gallery
13a58cfee297f6ccac1f1ac3fc7f,PMID:35329854,train,gallery
5a4a9f3b016934f5fc2bdb8d0486,PMID:35329854,train,gallery
cf86680c865e8d62db466bfebf99,PMID:35482990,train,gallery
1b84b9d56e08f692f7fbe6483de1,PMID:35482990,train,gallery
3bfff21915269b8ab8f07d03f0b9,PMID:35482990,train,gallery
91a5a8310c829e0825c246ac10f3,PMID:35535852,train,gallery
c79370d9934edb74b85c217216bc,PMID:35535852,train,gallery
8da98b0e17b2c12d120b49656217,PMID:35535852,train,gallery
a148d56cb4847ae39937deb75c2d,PMID:35535852,train,gallery
79a7b6ef76ad285359f5d6f20aa1,PMID:35535852,train,gallery
36f33ddc8e9abdfca44fbb11e9ca,PMID:35535852,train,gallery
deb39e1e9cf21e3fa427648fbdfe,PMID:35535852,train,gallery
12291ff117a17512c131ac3c3a68,PMID:35535852,train,gallery
ca223365f3b68c8ba09055ace5eb,PMID:35535852,train,gallery
dd8ad7a19fe25b5730744b2c0897,PMID:35535852,train,gallery
1829e169b566dc910dc758d7b5a1,PMID:35535852,train,gallery
6ecf6181e0a7280dc3948387d4e4,PMID:35535852,train,gallery
72873de86a76325a07a8d702a8df,PMID:35535852,train,gallery
0c9dae2968e44c74a92d917c4bef,PMID:35535852,train,gallery
d88a7d5b7b365fedcf8efa613284,PMID:35535852,train,gallery
2a546a59d12a92ab2aad8e4c6de9,PMID:35535852,train,gallery
d11cc95eab4fb8b3306d52743d07,PMID:35535852,train,gallery
8ea033e11b029eded3501b5a3776,PMID:35535852,train,gallery
be62e47405f5e878763ce96d8c46,PMID:35535852,train,gallery
f7bcdc66baedfc31ae815bcf8ce1,PMID:35535852,train,gallery
7e52ac14e8e13d514156bea26b0e,PMID:35535852,train,gallery
19ad77d7a2e3f2c76e531dacc24e,PMID:35535852,train,gallery
c4c54e75d020c4bbb21b07a53412,PMID:35535852,train,gallery
97309a97b7c210b1c61141ef83e3,PMID:35535852,train,gallery
c9a67e8b7608a953d5621934ac03,PMID:35535852,train,gallery
7ad9a860850e2000d54d12758192,PMID:35535852,train,gallery
90f1085dac8e304a05a8e4ed8db8,PMID:35535852,train,gallery
9bc143ef55d7cdd24865b52ce936,PMID:35535852,train,gallery
22ace811f2a2316dabe9a03c45b7,PMID:35535852,train,gallery
237fe69e8ee41c4f86e4d30698b7,PMID:35535852,train,gallery
c31ed5fcf2568b3c7a392be089fe,PMID:35535852,train,gallery
a7f0160aada8dd2f70fb175f361f,PMID:35535852,train,gallery
d88f801e38cf82b40c59518bf9e4,PMID:35535852,train,gallery
a4f1b4906b963f6f085835cbcc94,PMID:35677556,train,gallery
ae6d37101835b8b8e60ae335199c,PMID:35677556,train,gallery
da0b525a90adfb0c058b959414f3,PMID:35677556,train,gallery
d09338815894da941c5f666abd8c,PMID:35677556,train,gallery
1ca237de0ee0c1b8e03f3ed2c790,PMID:35677556,train,gallery
d0b942918ce5149c7c3f28688848,PMID:35677556,train,gallery
d7c453a78f85c7686d77ea0534d6,PMID:35677556,train,gallery
94799218d425a31083a44fd18184,PMID:35677556,train,gallery
b675a9116523bc409bb48e8c84d0,PMID:35677556,train,gallery
6b3b51c262075567b79ce45fdca6,PMID:35677556,train,gallery
866e2bbec35b87622bddc08660f2,PMID:35677556,train,gallery
ee5751c2fabd981e198910ce4619,PMID:35677556,train,gallery
820a78addeef2c01f1b3b5a7612e,PMID:35733931,train,gallery
ca3200a43d84f8c607f3c5e0430b,PMID:35733931,train,gallery
57d9c575af5c32edebf0fdeee818,PMID:35733931,train,gallery
a8320422699a2e2592ea80dde11d,PMID:35733931,train,gallery
08ece24f3d064b5a6f79b28cbbce,PMID:35733931,train,gallery
2ac492aeee8cc344a415ba15f35b,PMID:35733931,train,gallery
a3fb65e77d045db7ec4f7522e65e,PMID:35733931,train,gallery
98d5163702edc6a3477503a3c024,PMID:35733931,train,gallery
88ac473d0608e656327c60820f52,PMID:35733931,train,gallery
12739c93f9418c644495903fca6e,PMID:35733931,train,gallery
142921455be8cb7825eeff4ef634,PMID:35733931,train,gallery
26f9a8150ab1ceb141a0f2dde73e,PMID:35733931,train,gallery
3ef42578da8324e54620952c89e1,PMID:36012404,train,gallery
b309f0ca8a895a2ce6882a9c619b,PMID:36012404,train,gallery
ded843d72cb480457244ff7d2de3,PMID:36012404,train,gallery
40e4d22da0b985aabe286059b099,PMID:36012404,train,gallery
03491ee04af0c28954e25cb5e86a,PMID:36012404,train,gallery
ac16e2d0d96e4a48d714536b691c,PMID:36012404,train,gallery
664068b5697c9d55767ce8c38926,PMID:36012404,train,gallery
1a683809b86f6c0c54a0d7be858d,PMID:36012404,train,gallery
6e8ea8e8d877b4ac54a4447977e2,PMID:36012404,train,gallery
5c61609cdf0b396f49d4f7731bae,PMID:36012404,train,gallery
b97f3ff0debeabb15e3d8b31a329,PMID:36012404,train,gallery
62a17499228f8abcbc98a4f166e5,PMID:36012404,train,gallery
d849f70a549cfe53dd4650fe72af,PMID:36012404,train,gallery
2e6d1b084705d3bd41c7eb44bd0b,PMID:36012404,train,gallery
ca165f542188cfe9ab1e975d64b7,PMID:36012404,train,gallery
a894b6c83edaa0cec29ef6a19c11,PMID:36012404,train,gallery
24bdde7618f187d7e2e2f47cdb3f,PMID:36012404,train,gallery
e8ba274066975843fd9e0fab2bd1,PMID:36012404,train,gallery
eaaee4d573f01f9fd71766a2d7af,PMID:36012404,train,gallery
3d4ec649310494026f68b3a73e7b,PMID:36012925,train,gallery
f443cb0a3a0cd1abd89be7158986,PMID:36012925,train,gallery
3c877d757d4d3932514f94b9f7ca,PMID:36012925,train,gallery
8cbb64e33cc328b99447d3b583b6,PMID:36012925,train,gallery
61d97be182caaab1ef1dfad8c515,PMID:36012925,train,gallery
87b9c67937431daf4a91ba36a791,PMID:36012925,train,gallery
0bd15818e90848940f4586a88450,PMID:36012925,train,gallery
9522bfe6732acaa8b81aa5d11733,PMID:36012925,train,gallery
ed4c0714b573c860ca70b43aeeb0,PMID:36066198,train,gallery
9e90b838198cde94512e9fabef5c,PMID:36066198,train,gallery
b6d5458311e3137fc33bee4b953f,PMID:36066198,train,gallery
de37c2a1d81a8fb8680acf548e3c,PMID:36066198,train,gallery
727411866f6222a1e8edeaecad6b,PMID:36066198,train,gallery
86e12317a9e8d66bdad5425cf9f8,PMID:36066198,train,gallery
a1ca28ee883c1def86004413f52d,PMID:36066198,train,gallery
c814f25bdcced7ea9ae6e205ee0e,PMID:36066198,train,gallery
7aa2c2934750c6e9dfe6919d6547,PMID:36066198,train,gallery
1c21c85ebfdfa412299a3e1af552,PMID:36066198,train,gallery
0a2915d3d071eb4155bc78ce05a3,PMID:36066198,train,gallery
bf4d7cf4ab40f551eb5d67348d12,PMID:36066198,train,gallery
5e746b9495e3b642f8199e15912f,PMID:36066198,train,gallery
0342f15815fab926de34ce84f0ce,PMID:36066198,train,gallery
0c2f55d1e4927528dc24fb16eccb,PMID:36066198,train,gallery
98747f61729e936f901dc0f2fe69,PMID:36066198,train,gallery
542be013b54734c7e370f943173a,PMID:36169768,train,gallery
6670226dfeb765e3caf7c7dd4ff9,PMID:36169768,train,gallery
fe12434bc7a33dc0a8e1232ae07f,PMID:36169768,train,gallery
ada88e2e8511e0ef2dba87b34216,PMID:36169768,train,gallery
c46f52a2cafb9ebeb0b286e70259,PMID:36169768,train,gallery
2cb0ca8c3ee2cbe42cc7c71cd31a,PMID:36169768,train,gallery
b3f5694bbc7f32135bd0a9154862,PMID:36169768,train,gallery
8ea068fb2bb2ce57cbf8e42faecd,PMID:36169768,train,gallery
ea267e40b6a21173c8953bcc28f5,PMID:36169768,train,gallery
82e41eac8742f8a175d0822a5fec,PMID:36169768,train,gallery
47744156961b045681b62f80acf9,PMID:36169768,train,gallery
be467824403fbc72ead445d744bc,PMID:36169768,train,gallery
a23c7f63ed45babee47ad3e6cce5,PMID:36169768,train,gallery
665288c17fc482f187ea69dc2975,PMID:36169768,train,gallery
9f627efc7916a89ae8ef099125e7,PMID:36169768,train,gallery
9cfe08a3d94ba06d9134fb66d768,PMID:36169768,train,gallery
290fe8263784a875b0a3effeef8b,PMID:36169768,train,gallery
a635b8301d052e8ccafec173ac11,PMID:36169768,train,gallery
22f10bd27aa9d40a35418f0b045e,PMID:36169768,train,gallery
93a8576c18a49555c997aaf11422,PMID:36169768,train,gallery
5ef95a6a4d0f386191c67774e3ec,PMID:36169768,train,gallery
872bf35394e17e5283ca591cdb5e,PMID:36169768,train,gallery
57746d515bfe66c3b66c38fb718d,PMID:36169768,train,gallery
1e48b9c8621248945939c59923b5,PMID:36169768,train,gallery
5a08e8ce336c686ae6b12acecb8d,PMID:36177340,train,gallery
3669c90097d5be694b501f9fc709,PMID:36177340,train,gallery
c8764356908c95404aa5e67d9904,PMID:36177340,train,gallery
9b7bab4b200cc610ac249f49da59,PMID:36177340,train,gallery
8b3dd85af116b3c0c59a4e81e6ab,PMID:36177340,train,gallery
6fedc6fdf12e909e31a083fd38e4,PMID:36177340,train,gallery
26213b584cb2217d623e7ff4c842,PMID:36177340,train,gallery
365663fba839fc2de2b3c37bc07d,PMID:36177340,train,gallery
0ab352bb3f827b51980fca65827e,PMID:36177340,train,gallery
d60f142d6b4a86bc0c1ab651e99a,PMID:36177340,train,gallery
8e13dfb846bcd854718a275f9d36,PMID:36177340,train,gallery
19af103fcf98d622092200585b01,PMID:36177340,train,gallery
2b6bd33c2f1b0cf4db4a84154998,PMID:36177340,train,gallery
4a3e815c6cb0c594e3190428c4d3,PMID:36177340,train,gallery
19010b0b960fa5f0df956e7dc254,PMID:36177340,train,gallery
b87fe20c3ca7d8a83515ee192db4,PMID:36177340,train,gallery
9db28d236dc41c9e877d9fefea87,PMID:36177340,train,gallery
25fb241a5d3b210618db617fc7ba,PMID:36177340,train,gallery
aacc8a2e461411b1f2d1c28719e1,PMID:36177340,train,gallery
ee2d310e170079b99cacf07b8b1e,PMID:36192771,train,gallery
d16aa76a83987a6dd8c8e7b336f5,PMID:36192771,train,gallery
b2c72bccd430ca5e24c39ff94bc1,PMID:36192771,train,gallery
550c2f65168cf6d0893e6bfd368c,PMID:36192771,train,gallery
b3be26fdffda0b2f2ee025f9d2d1,PMID:36192771,train,gallery
d662c3a348123c4edfe9e06e7f67,PMID:36192771,train,gallery
336f4a1dfaa7827e664ce0b35989,PMID:36237940,train,gallery
344f622db2d4ebced0a6f002f42a,PMID:36237940,train,gallery
ac774f6c19efb09f621cfb7d0f53,PMID:36237940,train,gallery
1b02f9d037e76602d9c58c062d3e,PMID:36237940,train,gallery
2fb76c434df07ee3017ae87e9722,PMID:36237940,train,gallery
84b5efa173e2b27c2675f58377a1,PMID:36237940,train,gallery
62e66253f3a83b5bafa7b777ed1c,PMID:36253820,train,gallery
1f270de88ef67c6a40045663ae4c,PMID:36253820,train,gallery
03762dbd779fdc9c2cb08ca63085,PMID:36253820,train,gallery
647cddcc12cc693db2317288675f,PMID:36253820,train,gallery
f5f91756676fef3f18257a7f09d2,PMID:36253820,train,gallery
1bcf7f1aebe9d4b0626faceaa2cb,PMID:36253820,train,gallery
126fd94d3a0f817d14c96faf60cc,PMID:36253820,train,gallery
dbf61c5661e426e4f0ec2fa471f9,PMID:36253820,train,gallery
ce53626b0cd759912c0c67706eab,PMID:36253820,train,gallery
06365e37051029460d283aa537f6,PMID:36253820,train,gallery
08aa906c589ad611a122dad2ed5c,PMID:36253820,train,gallery
40e21f1a9197cb2324b477f1a0e7,PMID:36253820,train,gallery
7c7d7734aaa5ab5c283711030ce4,PMID:36253820,train,gallery
ae76331bd210ef05808421a64cf0,PMID:36291481,train,gallery
22f65a88be9216b4aedf22844c72,PMID:36291481,train,gallery
b0cf0efbb46cfa5d925bc836089a,PMID:36291481,train,gallery
064c9a7368f94b0b2b6b9b136115,PMID:36291481,train,gallery
efdefdd3fa6656c0ab06cefa119a,PMID:36291481,train,gallery
8a33b45bf015fecaed8918b9f810,PMID:36291481,train,gallery
faa72920df4e96af3651d3c1f30c,PMID:36291481,train,gallery
41c0b17cd2605f47ffd235e61baa,PMID:36291481,train,gallery
6969fe9ea5b23da4ac29d5c673ac,PMID:36291481,train,gallery
e1e2fe4d39f2c0101fa9c114b968,PMID:36291481,train,gallery
e0631d58284bc3f6fa5d1e370620,PMID:36291481,train,gallery
81d7acd8da481d245ed38bb01c99,PMID:36291481,train,gallery
1b64d224087ae385a3759db9a81f,PMID:36291481,train,gallery
8bd9057d0bab67caa49acd4d4120,PMID:36291481,train,gallery
69437c6254a348fa520f8ce25df2,PMID:36291481,train,gallery
a61bb210692dcfa14f73aeb0e570,PMID:36310336,train,gallery
eb826fb8d06cedd065ebb4b0f4b9,PMID:36310336,train,gallery
d016ba42829afcfe16340825fed6,PMID:36310336,train,gallery
4ad65169443cd2925bd870fbfa61,PMID:36310336,train,gallery
6bc983166c4ea89f00d67fb182f6,PMID:36310336,train,gallery
b166cd3cb13927ee42889ec82513,PMID:36310336,train,gallery
7779a22319d7cdb8fd2c898e670d,PMID:36310336,train,gallery
099752bad57f636b42e2a1ab8eff,PMID:36310336,train,gallery
81ab79c095634496a38a2777c3e4,PMID:36310336,train,gallery
ef1badeaaac0d1f5e31489dc6d7c,PMID:36310336,train,gallery
a5bb07a591c63660be524bcba8a1,PMID:36310336,train,gallery
3aadd9c9da07f2228d35e0f2e3f9,PMID:36310336,train,gallery
07e4e92538020edbfe0c19cbff29,PMID:36310336,train,gallery
ef40911b84c1c648e9b7533bff5c,PMID:36310336,train,gallery
623543a2f237d61166a120133a10,PMID:36310336,train,gallery
f984bcf4b2a937cbcc5e0f17eade,PMID:36310336,train,gallery
75a621a9c11f4feeac1b545fee91,PMID:36310336,train,gallery
1524740292f915ce2290f5547f57,PMID:36310336,train,gallery
5e3fc1eef790a22253d52117a070,PMID:36310336,train,gallery
cda5053f3653be9ecaa8565e9f15,PMID:36310336,train,gallery
2c88466061fa9f30bc969158f91e,PMID:36310336,train,gallery
aa92df944f12cd07b1904ee4ad2b,PMID:36316717,train,gallery
3f5307ef9e3eae8fcd4159f0a0de,PMID:36316717,train,gallery
6de171510cbb4cd08c1621048ea4,PMID:36316717,train,gallery
82c6963b911210a1f78af68c493b,PMID:36316717,train,gallery
bca01a46728f1be035c5e447b5eb,PMID:36316717,train,gallery
7e756470ae14ceb6eafbe18bca77,PMID:36316717,train,gallery
71c1319564da9731a8693fb5b579,PMID:36316717,train,gallery
8ab76bd4771dadb1318a4146c7e7,PMID:36316717,train,gallery
83f7a7f26c0285e53812e77535fe,PMID:36316717,train,gallery
45df01d2ae1b65f95e6b000ed266,PMID:36316717,train,gallery
0d56bdfdb42fee9979e7e7b64184,PMID:36316717,train,gallery
a6639ddf952a12e083b40d783dbc,PMID:36316717,train,gallery
bf223878d5280d8d09774d023238,PMID:36325625,train,gallery
f38e65ed16131a3704ac9351d460,PMID:36325625,train,gallery
a639b7f3721eabed6e52ca542b40,PMID:36325625,train,gallery
a254e13b9b428e5e6cf2846c9823,PMID:36325625,train,gallery
91f5b3bb54ebf716caaeb02da21d,PMID:36325625,train,gallery
31bdb0da22ff8db9f31708d436e8,PMID:36325625,train,gallery
f3fa137364a0bdb89657e866d23a,PMID:36325625,train,gallery
cc8eac35ea6b6210f3bafbe84436,PMID:36325625,train,gallery
e54d5bd1685fee0726c14d05d3ed,PMID:36325625,train,gallery
0aae62d1584d2324781fb97b6a35,PMID:36325625,train,gallery
09bbb6236cf65b17fd828800a620,PMID:36325625,train,gallery
3db7b9b72f883b56ddb39b2c83e2,PMID:36325625,train,gallery
0d511e549a4305eed203c6176125,PMID:36325625,train,gallery
06990185ff90bb52d80c6b37d9ea,PMID:36325625,train,gallery
9a64eb1f4ac0e838ada23163af5d,PMID:36333674,train,gallery
3e4047243a58319b354fa8840c0d,PMID:36333674,train,gallery
267350911189aaff1ca5b47b3c4d,PMID:36333674,train,gallery
ac7818ecb8b1b13f8d6545b30086,PMID:36333674,train,gallery
3fe6c5342ecd369b8e0e52496c0c,PMID:36333674,train,gallery
c98dba5b58659636d88bb20dae76,PMID:36333674,train,gallery
12ffcaee1783ce428f8003f5e24b,PMID:36333674,train,gallery
5899fa84a6894671cdad252b22c5,PMID:36333674,train,gallery
dbe85300360104958fac164f55d6,PMID:36333674,train,gallery
f3ee1a1883ee25a57000921042cd,PMID:36333674,train,gallery
2463ce769304d651ed36bf830d2e,PMID:36333674,train,gallery
50348c29ff0bdf4e2c379d2e235c,PMID:36408191,train,gallery
404486149bbfcae41c2199dfa638,PMID:36408191,train,gallery
73901c33f1a91e6817218fbc8767,PMID:36408191,train,gallery
0574ee82ad83fede8175520042dd,PMID:36408191,train,gallery
894ce90aab6ad8a98243c145463e,PMID:36408191,train,gallery
692aa62d36b5dbf32819e3d26903,PMID:36408191,train,gallery
59ff3404e6f995b77ee3477ae754,PMID:36408191,train,gallery
57293852edee52cc08498f4dbd1b,PMID:36408191,train,gallery
7b979ae8af7a061fd781104ff321,PMID:36408191,train,gallery
a5c212b9bb2f94b4e37450c69ee4,PMID:36408191,train,gallery
019bc8d7e21676c22b0ec3055115,PMID:36408191,train,gallery
b513ad8ab76d582b45781cfcc3ac,PMID:36639821,train,gallery
b5ca7300a2be5bc5772e98fc2430,PMID:36639821,train,gallery
cbb3cef36ed1168368b823eb5b67,PMID:36639821,train,gallery
dbfa34bd8d53382e31c817efdca4,PMID:36639821,train,gallery
efee8f95214e861f2c3d76a121a9,PMID:36639821,train,gallery
c0263bf56eb786093e1e00f5a534,PMID:36639821,train,gallery
f3cc1462386175f8c5968825b303,PMID:36639821,train,gallery
26bb7ab2c4ba691d16de4571019f,PMID:36639821,train,gallery
609b7dde35c7d104b05aa0b6eafd,PMID:36639821,train,gallery
8d231ffda735abbcc65443e1f4c5,PMID:36639821,train,gallery
d8995b83c25b23235cf30c7d5394,PMID:36639821,train,gallery
5f8c92298be1ad766c71a45a590a,PMID:36639821,train,gallery
b5fa90c4bea76c923dad10d19369,PMID:36639821,train,gallery
dc635b2ab7fd5189c90b95a6a903,PMID:36639821,train,gallery
cbe6092b04c726ed538e991b1615,PMID:36639821,train,gallery
f1162794c62f5010908872f4eb49,PMID:36639821,train,gallery
edb0d8a409cbb6b37681fc6740a9,PMID:36639821,train,gallery
a8e61ec9321c6a183e73b8114300,PMID:36639821,train,gallery
cdd42acc300985c17d29e1096b9d,PMID:36639821,train,gallery
e7b28e481e84e8795df708e5921b,PMID:36639821,train,gallery
65c40d0004184b8187703819768c,PMID:36639821,train,gallery
41ce88a4165c1bf16d23861d2403,PMID:36651718,train,gallery
ee79cbf9707e9ad8db476cd2d4e1,PMID:36651718,train,gallery
8f8a0b8adcf9223c1f70ac1262bf,PMID:36651718,train,gallery
1d52017b17beacb55644e625da68,PMID:36651718,train,gallery
e478cc58f9233b9abaa922bf5172,PMID:36651718,train,gallery
bc600a4a5469ba77bb3ff8f52f7e,PMID:36651718,train,gallery
51f05cd8dfe0b3f33ec7d38df964,PMID:36651718,train,gallery
d02c2856dca46955e94ed31b7c4f,PMID:36651718,train,gallery
6936a1c0ae788bf3afe03574b0f3,PMID:36651718,train,gallery
780a0708a7b8060e69d90d8cd48c,PMID:36651718,train,gallery
db166128711d216bdbadbeb131ba,PMID:36651718,train,gallery
f877938e1f59328a14d733afd6aa,PMID:36651718,train,gallery
37677bbf3e3006cc55a7a6550c6d,PMID:36651718,train,gallery
92e4127eab89c8309a2af2d0df8a,PMID:36651718,train,gallery
5c5dc4616090376fa505e7fee21d,PMID:36651718,train,gallery
a97ed0ac0be2b76fa1a1d3398856,PMID:36651718,train,gallery
234b89da3e3bf7bf95a1245c0e8e,PMID:36651718,train,gallery
b58200acce4636bd4c2ac1ba21d1,PMID:36651718,train,gallery
cb70da6b685c89ece93558aa6eb5,PMID:36651718,train,gallery
bc9a9b60a8bc5fce18586b0bb7a4,PMID:36651718,train,gallery
c7c3a4da3f557b0588d9b663b368,PMID:36651718,train,gallery
8e0d1eead5368f203c27ce44a941,PMID:36651718,train,gallery
2a5874fefe445aa55013010f3b9e,PMID:36651718,train,gallery
8aa1f37a7d6da0f1f29abc2afb2f,PMID:36651718,train,gallery
511b9f18067f8a119c6bd7905e9c,PMID:36651718,train,gallery
6728f3ce32fcd1a9e0319e3be604,PMID:36651718,train,gallery
b811a7a14d8ba686a779d0eb7ef6,PMID:36675224,train,gallery
467a273ace978c24383691f4011c,PMID:36675224,train,gallery
3717b7540652597dabcda383668a,PMID:36675224,train,gallery
35bd00789e2c4c74feef96c3a43c,PMID:36675224,train,gallery
9bad5562908d0f91ecf8b3f2418f,PMID:36675224,train,gallery
aa5641b12f143b545a7333059833,PMID:36675224,train,gallery
aab53ac270700322c9f593f9d598,PMID:36675224,train,gallery
a509a9866b58fc9f314dc08b5889,PMID:36675224,train,gallery
df34a6f30ca8d5c2285055b88be5,PMID:36675224,train,gallery
17cf61e27cfe5cfb52b4070ab36d,PMID:36675224,train,gallery
569990550b277df6a78959ce5a38,PMID:36675224,train,gallery
4b1e373782628d255688c8ee6baa,PMID:36675224,train,gallery
c598282f37b4c34807d0f27d3ea1,PMID:36675224,train,gallery
09279b949ddc1a57f637a015f82a,PMID:36675224,train,gallery
ff9f98810aa360b655df6212d836,PMID:36675224,train,gallery
2485d74ebd38677d47e3e0385a9c,PMID:36675224,train,gallery
b8d7b700f44dff380513f35bbed4,PMID:36675224,train,gallery
5b95516c8dc0d10a414e9ed7ba4b,PMID:36675224,train,gallery
3cce8f126ea8aa3c0f6a3d418bbd,PMID:36675224,train,gallery
c870b190da94bf96e890d956df47,PMID:36675224,train,gallery
cb0efa1370345a660ec7dc53b8fa,PMID:36675224,train,gallery
afd8f66e7ee62c29d340bca35360,PMID:36707971,train,gallery
6e9e2fa7906c2af7ea9b0d664c01,PMID:36707971,train,gallery
89706e22b4a0a72307b96498a37a,PMID:36707971,train,gallery
86031fe25b133b1653617637e462,PMID:36707971,train,gallery
9255ea3d8cccb691e002aa246aed,PMID:36707971,train,gallery
21600d9be87593ad8c5cd114aa65,PMID:36707971,train,gallery
4b0481ed800804b7cf39fd4b2dd2,PMID:36707971,train,gallery
023221a12e74925159165e6c73c5,PMID:36707971,train,gallery
d03db8977f27a52f21b41bf7b149,PMID:36707971,train,gallery
8a7d1ff2710c65f4504bcf3a37b7,PMID:36707971,train,gallery
08e6957f30aac7847cf1ddc38d5b,PMID:36824142,train,gallery
b7cd4f8a6cddbaf308c9193ae254,PMID:36824142,train,gallery
0ded017360767f75ffdadbbb8b20,PMID:36824142,train,gallery
732c41ad1ea05246dddee2a932cf,PMID:36824142,train,gallery
158f140d95d72adcca7f138410cb,PMID:36824142,train,gallery
2b3af899a82db0210590ad340395,PMID:36870948,train,gallery
e2e62cf23169ade863530d09e766,PMID:36870948,train,gallery
b541708fe3d330b81085f172b8ca,PMID:36870948,train,gallery
8496cbfe13e8f720122b072df6a7,PMID:36870948,train,gallery
0895f8bb5196cc45767d15cdaa66,PMID:36870948,train,gallery
110a038029d88367712e54c40a94,PMID:36870948,train,gallery
72852b61025dd8d12299fa82ddab,PMID:36870948,train,gallery
3c3b7ff231e212b0a94760a93799,PMID:36870948,train,gallery
9bf67a0ab53af6fc9e58b25ee09b,PMID:36870948,train,gallery
ee1db57e87decdf3dda248ad8b6a,PMID:36870948,train,gallery
1ee51b3b260d19f1646cb66b336a,PMID:36870948,train,gallery
09fde687dda70a17bd195039e1ac,PMID:36870948,train,gallery
920ce047da8c2ffdc1800710efcf,PMID:36870948,train,gallery
240c6cd9b03ce2a926dec33f1437,PMID:36870948,train,gallery
6f059f178000b462ff5b584bb2fb,PMID:36870948,train,gallery
e3ac7f0edde1eb02820c3816aabf,PMID:36870948,train,gallery
752e334e075b97a1938edace98fe,PMID:36870948,train,gallery
9670dbba2092700c37057ecdce49,PMID:36870948,train,gallery
f0c693826a46280ea6f290a085f8,PMID:36883071,train,gallery
864b14de72cc91c4df7012b36bbe,PMID:36883071,train,gallery
bc4b007d8aa222d35039bc44c639,PMID:36883071,train,gallery
2c585f84945ac7d1c407ff35bff7,PMID:36883071,train,gallery
7ac7ada7c28668dc0ac6535e0ae0,PMID:36883071,train,gallery
534727411d5e844800fb6a804741,PMID:36883071,train,gallery
a94a9c4a35bbebe4b8f17303ba27,PMID:36883071,train,gallery
a93e482965059ff3d37a41ccd4ae,PMID:36883071,train,gallery
390888fe0176cb64324beb30694f,PMID:36975511,train,gallery
8e95d5f581aa0613dc6a757684ee,PMID:36975511,train,gallery
a1a711ca14a3cd0381cd85d1f6b5,PMID:36975511,train,gallery
6196562f0085ddd6ac3f553c4f0b,PMID:36975511,train,gallery
d908c36a75926a095ec78c7dbc76,PMID:36975511,train,gallery
f541fb0f517f29e370bf0f777f2a,PMID:36975511,train,gallery
a06fb3406ac29ee41de4cff7f71f,PMID:36975511,train,gallery
2ca50a096884000b9cfc1d7b6a27,PMID:36975511,train,gallery
ee3845a7859cd4940e24338e6b0a,PMID:36975511,train,gallery
50b79962164cfff4c69d17adfbb2,PMID:36975511,train,gallery
bf562aed7e8c02808fac9c8b073e,PMID:36975511,train,gallery
035513da5373c131301ea5c0237e,PMID:37048678,train,gallery
aef31887bbc20f4e533e1dae5cc2,PMID:37048678,train,gallery
09ef55a74f63daa48639ef79714c,PMID:37048678,train,gallery
ead758dc56005dddbb3e58beb8cf,PMID:37048678,train,gallery
e88b672dbede6f6da98e1dcf368f,PMID:37048678,train,gallery
7f6100f48ca8b3db2e67520ebad4,PMID:37048678,train,gallery
4ba5c87b8da4ef92b97eac1d725c,PMID:37048678,train,gallery
a7883e9e4eb6ffac7226d4d7506d,PMID:37048678,train,gallery
22a69e07ed5f77994534b7e3a029,PMID:37048678,train,gallery
5cc6442a920f4a3c081407ad4eab,PMID:37048678,train,gallery
315844022db0438f6b04d63a46d4,PMID:37193200,train,gallery
4d43ecf7891f5670e5b941a36e83,PMID:37193200,train,gallery
a0065281be99a30cd18e420b177a,PMID:37193200,train,gallery
07f04da1edcb201a35c9ccecb2f8,PMID:37193200,train,gallery
054359e7d3484d999536c95f7c26,PMID:37193200,train,gallery
79ab3bc608ee6a98299346338a01,PMID:37193200,train,gallery
42dbef9d4f6371fffd68303304f5,PMID:37193200,train,gallery
b3d83387fa0ea2c19f0f36d0703e,PMID:37193200,train,gallery
487f5a420a04f79c1e9e6d90aafe,PMID:37193200,train,gallery
0dd1a6d9a7a4485b22e3af682013,PMID:37193200,train,gallery
fb501704f74c9459e4958728c2b0,PMID:37193200,train,gallery
001813005341ba5a981debcb60b9,PMID:37193200,train,gallery
13e6ed403ecdcfe6c5e4b0e7556b,PMID:37193200,train,gallery
0e09661d1c7c0862d8bc8e661478,PMID:37245029,train,gallery
066c0d437dd54658adc8b24bab6b,PMID:37245029,train,gallery
952c909ad2fd701fc194071c5b04,PMID:37245029,train,gallery
2f0661a59e5969443241ec7db8e6,PMID:37245029,train,gallery
a986b39ccf8157e9da41ed0b9138,PMID:37245029,train,gallery
212d4e969d17d8980a75f8948be3,PMID:37245029,train,gallery
4f5db7bc28fa87adf23a8979c2ba,PMID:37245029,train,gallery
6d2bbb6aeaaa8bd63c11e5fcdc3b,PMID:37245029,train,gallery
943e33d88492c2908eb9c946e63b,PMID:37245029,train,gallery
783d0320cc43fcb7464e82aa40f5,PMID:37245029,train,gallery
f65c6cbd48705e5f318cb89b6a64,PMID:37308910,train,gallery
90002804d3f9143a56e59f124307,PMID:37308910,train,gallery
1d234efabfcfada97c74ee8757d6,PMID:37308910,train,gallery
8f8aa195146ae41979ddaf630dd8,PMID:37308910,train,gallery
d9138b9b93a672755afc3a8fde89,PMID:37308910,train,gallery
fde1820ad8ad976e13955fcf0748,PMID:37308910,train,gallery
fe95278c69f2591a0bc3b779dd0b,PMID:37308910,train,gallery
4eabd3e2755a1c264dc841d9cfc9,PMID:37308910,train,gallery
0c3bfce123c0f0b3a8708c398a2a,PMID:37308910,train,gallery
aa6abe4ca0cadc5faf95c5eb5e2b,PMID:37308910,train,gallery
2dfe55d3f5a6a9b68e5f5d5b599a,PMID:37308910,train,gallery
463bb6ab98ac91c37c6ba68a61ff,PMID:37308910,train,gallery
4cb0b30ef5644f623ab1d5b2a15b,PMID:37308910,train,gallery
cf533df4f355b48a810733a3cbcc,PMID:37308910,train,gallery
b7319c313791383d75c32ca649c3,PMID:37308910,train,gallery
acabc5168c0673e794477d19957b,PMID:37308910,train,gallery
447fdcf72bb93c9966d0667fd066,PMID:37308910,train,gallery
57e0699132194c54dec802cdad26,PMID:37308910,train,gallery
ee9fda34eed5ee5366983db04e1f,PMID:37345279,train,gallery
552713bb4b0d094b015ba75c983e,PMID:37345279,train,gallery
b3f434adc58be72ddf61d0270a8e,PMID:37345279,train,gallery
8edbbcd142e5ca3e27550371e547,PMID:37345279,train,gallery
4bfa2e5d9deae68a9f5539a6f1dd,PMID:37345279,train,gallery
c54e3e635bebe89146be2a039b2b,PMID:37345279,train,gallery
8cea40cb2ff8575c9dafb14af147,PMID:37345279,train,gallery
40ddb11403d3818187b0abcee050,PMID:37345279,train,gallery
241aaf6b57dcd5a1a3c2e7f7753b,PMID:37345279,train,gallery
0a055320b75ffbc2935e1894a56e,PMID:37345279,train,gallery
e4a0b29974f078408f7ecbd16c9d,PMID:37345279,train,gallery
42cbc71d687e5de0bd6e313817e8,PMID:37345279,train,gallery
f8ffa7af914855661d2bb1d3e146,PMID:37345279,train,gallery
5138678df5a15e3d56d501765eb4,PMID:37345279,train,gallery
c4c45283a08610f4af7b7cf75a19,PMID:37345279,train,gallery
ffce635a5bdf75eb104f5d876950,PMID:37345279,train,gallery
c9f4bcdf6a7398b80fcb66987732,PMID:37345279,train,gallery
7524b7542bf9d2f7acd91bb2a44f,PMID:37345279,train,gallery
b3d3532b9769521e123f325d3cdb,PMID:37345279,train,gallery
8f7cb7684839123eb208861180aa,PMID:37372241,train,gallery
68333084b2bc1fe2fd17de4ad228,PMID:37372241,train,gallery
014736c4d8af43dccead9cb20b33,PMID:37372241,train,gallery
b226a6c0b4272e6f0370dc6e9c49,PMID:37372241,train,gallery
bbd43a8dd64ff105e28c79ab7d91,PMID:37372241,train,gallery
b976323a6cb33bc4696affe201a1,PMID:37372241,train,gallery
7994ca227525614ee7cd1cd9a124,PMID:37372241,train,gallery
7bd574a852c7933c09077985512d,PMID:37372241,train,gallery
1fcb1d3b4f4b2f2ffe601222a237,PMID:37372241,train,gallery
e409125d59e20299051ac7f9ac53,PMID:37372241,train,gallery
cb93262efc033016a8584aa6c153,PMID:37372241,train,gallery
a4c2e24081dd21b7f6690b8f3fcb,PMID:37372241,train,gallery
707c9d2a5310ff3814745abb9090,PMID:37372241,train,gallery
c378d69845e69eea06aeb2ef6b15,PMID:37372241,train,gallery
f6951d1d8d421c5e8c4735903ee8,PMID:37372241,train,gallery
ff7543b18ecd5b7cde6e11ad04cc,PMID:37372241,train,gallery
636074a83c473ee7b91dc32ba754,PMID:37372241,train,gallery
fa470a89186ec31211b27d703ede,PMID:37372241,train,gallery
dc52f997f44a11420e18c0779b27,PMID:37372241,train,gallery
ff0ab751c359abd98de35c92a183,PMID:37372241,train,gallery
c937aecb1fcda8d82b424c3b0dfc,PMID:37372241,train,gallery
6fea9afc2f8978857b0117f3abf1,PMID:37372241,train,gallery
612ddc75135157d9e9bc4d107bb3,PMID:37372241,train,gallery
ee330764d84b7c9e3e3bcf89a3fe,PMID:37372241,train,gallery
245dff384873f1eb0011de2f5f8b,PMID:37372241,train,gallery
6f19bccd7c58684a99855628c69f,PMID:37372241,train,gallery
69ebf6e3d6d134dc8f7c15a53c03,PMID:37372241,train,gallery
a5adbf2571f198ed9520d9a57bca,PMID:37372241,train,gallery
847668009d2e33279665876c5922,PMID:37372241,train,gallery
13ae417f6e4cd6bde93bb6e1af99,PMID:37372241,train,gallery
bc1d4c4b19a84bd418c0e2af68e3,PMID:37372241,train,gallery
4ba968ff1bd78c52b1059b0f0211,PMID:37372241,train,gallery
bc659c84e86888767b4b3d7327e9,PMID:37372241,train,gallery
db120c92629a85b6bf7af0db508e,PMID:37372241,train,gallery
3c521f8e691cfede7345ab619b66,PMID:37504561,train,gallery
c18a820bc180b9659f25cbc2be9d,PMID:37504561,train,gallery
dacefeddfec13a936d48d5167602,PMID:37504561,train,gallery
eff6769a07087e70df6a27e2d489,PMID:37504561,train,gallery
c5f51e898fb4e3b487f3da3a088e,PMID:37504561,train,gallery
c40dea4e37dafcc1fc610e010709,PMID:37504561,train,gallery
3f6147140a200c303b35ea492e57,PMID:37504561,train,gallery
a17b859022b75a4d85795e859d85,PMID:37504561,train,gallery
4605e778c0c6a19bb4d9fddd48e9,PMID:37504561,train,gallery
32d2c1951e648086835942502475,PMID:37504561,train,gallery
0607dc27bb99317bd7824c78e59e,PMID:37504561,train,gallery
32ec3b404aa95ed56c846d429ba9,PMID:37504561,train,gallery
dbc5bc76225cdeab6a9d50c59ae3,PMID:37504561,train,gallery
0421a0b5cbd2063cb95946630cfd,PMID:37504561,train,gallery
c046548bec88c54c78b667c19657,PMID:37504561,train,gallery
3d4a5bff40d6a9ba47cb2459c9d6,PMID:37504561,train,gallery
c035d0ec2a1f1f70cd7951130e44,PMID:37504561,train,gallery
1207060fe115266b6b2dc2556db1,PMID:37504561,train,gallery
5bb0faa904de78aba49e2867c32f,PMID:37504561,train,gallery
0ba0b58a41fa870eb93a19cfb48e,PMID:37504561,train,gallery
a239ed735febff8ace503a68f2ff,PMID:37504561,train,gallery
675633d5386b77fb5c8d31396ecb,PMID:37534280,train,gallery
6990ad2c496a5ca626e8a65ae8dc,PMID:37534280,train,gallery
c596fa93c8a08dd378089031e1f0,PMID:37534280,train,gallery
1f7d38a96ccca67db6c801a6ea6e,PMID:37534280,train,gallery
1eb924d75a3f0e2c5340e6b31466,PMID:37534280,train,gallery
c0329fabc4b59139e94824bcc04f,PMID:37534280,train,gallery
c2370b6e300628cac901424ae8ea,PMID:37534280,train,gallery
ca204079abf6d79e2143f3e52c29,PMID:37534280,train,gallery
68782380e671ab35562181238305,PMID:37534280,train,gallery
1551b4d20e45c06f67e948965dda,PMID:37534280,train,gallery
69d62bbdc41c4cd0d4e63a77a540,PMID:37534280,train,gallery
d7c06b23c23b54759cc1efee39f0,PMID:37534280,train,gallery
c92fb839437be2c998d408ffa6cd,PMID:37534280,train,gallery
b297dafdfafb4a77da2ca060be69,PMID:37534280,train,gallery
4e65ca1fc09b03831d21a2af80d6,PMID:37534280,train,gallery
b7cb491f4d095ff658b77ec594d7,PMID:37534280,train,gallery
a3590b246b8065ed82a98a472650,PMID:37534280,train,gallery
9e9a707a5715adf505a3157ec711,PMID:37534280,train,gallery
d31f5ee81358f394309a5346d633,PMID:37534280,train,gallery
14d26da52ef6cd9a61f839a60400,PMID:37534280,train,gallery
10321759bd4839d3d74a8233cbe0,PMID:37534280,train,gallery
969f71f01367e5013875083bbfcf,PMID:37534280,train,gallery
cd05d891a7f0163c7a5edd1302e8,PMID:37616028,train,gallery
2a288ff16216c23694ea5fdad164,PMID:37616028,train,gallery
c970ea6e92a85f3afe129117b31f,PMID:37616028,train,gallery
cbc96cab333e8187c2cba71608a1,PMID:37616028,train,gallery
46b7c118aced9c3b9d6fa8197593,PMID:37616028,train,gallery
3a521f99bea5775522312318f92c,PMID:37616028,train,gallery
bda85358e9afc9791456689b4b58,PMID:37616028,train,gallery
2d2579249bb404b47bf68ca3faee,PMID:37616028,train,gallery
0a47abc2322efc9fac4ee64e2739,PMID:37616028,train,gallery
8068eb3247e26f3a3fd2343155d1,PMID:37616028,train,gallery
3644bd117dff3748f018a91f935d,PMID:37616028,train,gallery
8f8ad5ca1bb769582d06d67b19dd,PMID:37616028,train,gallery
6a466dd2761a37d19ea2fd7fda84,PMID:37616028,train,gallery
fd7a5be7bc525583c14eb437687f,PMID:37616028,train,gallery
7ded353c74a9f4fbd51de64801d4,PMID:37616028,train,gallery
68b3fcdb81ac9748b0455ee54cee,PMID:37616028,train,gallery
e279ed32197f728f540e448b0398,PMID:37616028,train,gallery
167d2a3c78ed7f05552598b8fd2d,PMID:37616028,train,gallery
8ea8a2e241e112261e823271bf08,PMID:37616028,train,gallery
3a6b818888b716b94f97bdaa92c2,PMID:37616028,train,gallery
47a8621f4cac71a6a6b22dd77456,PMID:37644229,train,gallery
92a7f5cd1d1a9915016674798216,PMID:37644229,train,gallery
6bfe20b88d048bfc923d8a1c7425,PMID:37644229,train,gallery
40a1f11fc13ed5a7cf63b0e6fc72,PMID:37644229,train,gallery
88f3b32d05513a432688a3044413,PMID:37644229,train,gallery
b14b3fe188a082c1a62c4a03ca75,PMID:37644229,train,gallery
d220af122c29a6135abd6bb3bc0f,PMID:37644229,train,gallery
765dca3c729cb22e694a97779a8e,PMID:37644229,train,gallery
f38a93cce7bd38d947e8199df507,PMID:37644229,train,gallery
4f0b1d502960ebbb5da91e8e6bc9,PMID:37644229,train,gallery
c18243940d386d096a81768a7b2d,PMID:37644229,train,gallery
d9b92fa1016e8d7eca1974f78de9,PMID:37644229,train,gallery
6d7f61499b17de6a8131d3c2ca54,PMID:37644229,train,gallery
3f8917ad051f6063eaad89f9301d,PMID:37644229,train,gallery
8c5869d37d2f0f69f8bd8259f232,PMID:37644229,train,gallery
852aa2fd159bd26e51ac5d9386f8,PMID:37644229,train,gallery
d3bad96783798515ea3179c416cb,PMID:37644229,train,gallery
f24a7399b448d0e76b8457dc2040,PMID:37644229,train,gallery
dde78b517bcc28c9cf95067068f0,PMID:37644229,train,gallery
b19d691b398c2287efb82111e422,PMID:37644229,train,gallery
e3ff8158da95ca3651fa31dd04a9,PMID:37644229,train,gallery
23764f484d638e4881c5dfaa16ab,PMID:37644229,train,gallery
c3ffd8f0e4bac15ef903cc82a972,PMID:37675393,test,gallery
566f93caa43bc1be186d3de5521a,PMID:37675393,test,gallery
48cf75e08bbe562cf7a0f36ecb0c,PMID:37675393,test,gallery
c561a26331d08f3da910cefd5150,PMID:37675393,test,gallery
768a3980257674df9a2d5bee3b06,PMID:37675393,test,gallery
98f78bd54be52f6ca12178558a2e,PMID:37675393,test,gallery
d80c7dba71c3ccb304f4984cfb49,PMID:37675393,test,gallery
edae651e48f952943dde3ffbc167,PMID:37675393,test,gallery
c37b2bd0a20e5c16b514cf8f134a,PMID:37675393,test,gallery
5c2d2f2db36c8c7da97f9727b695,PMID:37675393,test,gallery
117eb723b6e5d67a424ae5afac36,PMID:37675393,test,gallery
104c092ac7bf8041a0f4add824c9,PMID:37675393,test,gallery
c9fd3c7150c7397635a28f689a27,PMID:37675393,test,gallery
c33e0ce36db72036270a98f22194,PMID:37743136,train,gallery
ed49ff510ad6cd0a16cd5b11846b,PMID:37743136,train,gallery
8cfe9ea4d5b9c834fe98d234586a,PMID:37743136,train,gallery
29d71ae4e8d0481069c823f53ff2,PMID:37743136,train,gallery
c4df68935b9815e7701bd9afb098,PMID:37743136,train,gallery
8199c99658aff758e4578ab816c6,PMID:37743136,train,gallery
1831415e190726fca0ee3507cade,PMID:37743136,train,gallery
d6e2b95cf4b95d85bee9ac2659de,PMID:37743136,train,gallery
a7c2eb498745953e02331032d952,PMID:37743136,train,gallery
aae75b125114852df15207afd0b9,PMID:37743136,train,gallery
7afa0e1c1893837fc0abf4544945,PMID:37833681,train,gallery
239a6302c7cac76c7a185d5de9ea,PMID:37833681,train,gallery
9e539dc8c4f54ff4ce46ed0b6790,PMID:37833681,train,gallery
e8b444e6bdf77d26cc7f5d21fa99,PMID:37833681,train,gallery
eb6dcf9be23f1be5a88303f9f60e,PMID:37833681,train,gallery
2b42350c57d8e1209814746d73a3,PMID:37833681,train,gallery
afa4a0ed5c2f71421169b9b166d9,PMID:37833681,train,gallery
7a17bd7dd11bb7240c406b184e62,PMID:37833681,train,gallery
70de1e19235cbc2aba10eed6dfe0,PMID:37833681,train,gallery
923a782472be2c790825d85b394e,PMID:37833681,train,gallery
e37249980f63689154beca870d8d,PMID:37833681,train,gallery
5243e3c8c62f3b02fa2157b84809,PMID:37833681,train,gallery
027070505d6755e25482b0387205,PMID:37833681,train,gallery
a38ab16c683fced920ae5d77bdf8,PMID:37833681,train,gallery
ddfd87e7c671a05656f0a78e16ab,PMID:37833681,train,gallery
cdb3a2e388a8e9bee5bf176f6543,PMID:37833681,train,gallery
7ae684502bfbdb19f96ba111d160,PMID:37833681,train,gallery
0273d6bcde2de89cd80599a10168,PMID:37833681,train,gallery
075d739314c6ba4e04a7e80710c4,PMID:37833681,train,gallery
23ab75684e24dfbbcbd30e1a38f8,PMID:37833681,train,gallery
c128957930f28b260b8870df3811,PMID:37833681,train,gallery
f6fbfdd62923191a28231a76fdac,PMID:37833681,train,gallery
6981a02499e0db9c0996715c9806,PMID:37861103,train,gallery
41d3f362c8391fc530463f99df49,PMID:37861103,train,gallery
cc8915b997cd3ea34191540c91ce,PMID:37861103,train,gallery
98592f7750d017616187aa724ba0,PMID:37861103,train,gallery
0b22133990e3296584b776c6ba11,PMID:37861103,train,gallery
d2a6f5f28968b9c34f84812fe375,PMID:37861103,train,gallery
c05041932962cd1fb03640931b25,PMID:37861103,train,gallery
8d0546b6d89a27572ec53a118a14,PMID:37861103,train,gallery
5d345b1c816352b527623c88849f,PMID:37861103,train,gallery
c0cff0b7f1247da3d69a63791de5,PMID:37861103,train,gallery
7ed5f2f0a9d928107fbc17603a3d,PMID:37861103,train,gallery
cc3d04071e55385c06162cbeaead,PMID:37861103,train,gallery
ad71947a2af70b1bd4f6836c0852,PMID:37908502,train,gallery
7cea4657868bbad3f3e794538aa0,PMID:37908502,train,gallery
c4397d6f73712221a7a817e16a27,PMID:37908502,train,gallery
d9e3c52842228d9eb95c7fac616e,PMID:37908502,train,gallery
02177adb895860e98ca8d93b3547,PMID:37908502,train,gallery
5e2e93fd5bc1e95846a767d5cbb8,PMID:37908502,train,gallery
fd893050be750a064945a2c86538,PMID:37908502,train,gallery
91d8f4a6fbc633fa40e36faf9428,PMID:37908502,train,gallery
2984fc0c52676be3e069b8a0f0a3,PMID:37908502,train,gallery
08d851af129cf0d9eae17798a734,PMID:37908502,train,gallery
4a00c1d0afa1f288dd57e35e4ee2,PMID:37908502,train,gallery
7f9b17218de53284866d53e06fcb,PMID:37908502,train,gallery
27206d9174405b09cb2fb64889a5,PMID:37908502,train,gallery
cd38181caf67ffc5a33194735a1d,PMID:37908502,train,gallery
8e550832d1a6fd046c41d3551198,PMID:37908502,train,gallery
d338aa3016ee3ee3aee9ef0fe62c,PMID:37908502,train,gallery
99440e52ce54e5896d0763f7bafc,PMID:37908502,train,gallery
83782a6382512a3321ede7e7d78a,PMID:37908502,train,gallery
ce35adc065d8150b2d183f0ed07e,PMID:37908502,train,gallery
a3021b5d390a05e6b9c7ae50294d,PMID:37908502,train,gallery
6f0bd7426f649a13e7fe14c7391a,PMID:37908502,train,gallery
a819ad7ae0c64b0c1d79e876242d,PMID:37908502,train,gallery
f505445a81c677e4612e3e7df940,PMID:37908502,train,gallery
1846f1a1e5eb8ce3ededf4fa387e,PMID:37908502,train,gallery
5040edc1da158e4623a78cc498f4,PMID:37908502,train,gallery
ca373e8f1b78f810cd81c5080417,PMID:37908502,train,gallery
b97364310035f993eb173c1c66d3,PMID:37908502,train,gallery
dbdbdb556f04c89bab8f9e77aaa0,PMID:37908502,train,gallery
59c604e015808cb5c2c09e6fba67,PMID:37928900,train,gallery
ab1a75f18f57d65baf6c7c34654f,PMID:37928900,train,gallery
3ad955e25bdc7560bc71d5ad383c,PMID:37928900,train,gallery
48437156b105fdb4988c6e9e5f65,PMID:37928900,train,gallery
f553d0d3330c2bbc4162d3d03137,PMID:37928900,train,gallery
afbac5c15040defd4cb8cdce95c8,PMID:37928900,train,gallery
ab61e0665e1b3a21f30856aba7ee,PMID:37928900,train,gallery
767759c04af60186955849e7d1b1,PMID:37928900,train,gallery
72c512592c216bfd151b87c57f2d,PMID:37928900,train,gallery
aa907e0fb3d36e3117143ca1a1f0,PMID:37928900,train,gallery
29c360d74cc6df890436a4364c62,PMID:37928900,train,gallery
10bf3258c1da4a5822e42453593e,PMID:37928900,train,gallery
cd9891e751ce7d9417808c5bf2c7,PMID:37928900,train,gallery
edadeeb8659f023d5509d2c6f436,PMID:37928900,train,gallery
bacd8d7b813547d1f16b6bd9d00d,PMID:37928900,train,gallery
b22eeb54e4cc29538eff488660af,PMID:37928900,train,gallery
cfa4e9ff34fe2117e53f607179e4,PMID:37928900,train,gallery
8301c763c8deb703fc76c73dc788,PMID:37928900,train,gallery
9a38b1b39ff4d682ef7afb5db2fe,PMID:37928900,train,gallery
46d0cee17d7a41d6ff449fc51bb0,PMID:37928900,train,gallery
b3a45abb600819a86f01bcc4005e,PMID:37928900,train,gallery
a5c49ceaba1bc7574b0d1e696b70,PMID:37928900,train,gallery
e7e0fc8f0b3f7b967949a814c5a6,PMID:37928900,train,gallery
99c3d9470ab4466a2f7f20de931a,PMID:37958665,train,gallery
e1e46d449345f2968ff54cf5b8f0,PMID:37958665,train,gallery
4bbdce4721b6d4f78af9d503734c,PMID:37958665,train,gallery
e9dce69d0ef9d7c4b51d69567bb9,PMID:37958665,train,gallery
15d01149d2d9cf93fdbfb698168a,PMID:37958665,train,gallery
130f6e0f0872e426f5cdc74f0f6e,PMID:37958665,train,gallery
75a3e74ba1ca3eb1afb604f28cd2,PMID:37958665,train,gallery
6c0fcd82f3d5053db5b71b288a94,PMID:37958665,train,gallery
3ac5e28819f420e576019d759e0e,PMID:37958665,train,gallery
51cd2d60791f2304312625b0aa07,PMID:37958665,train,gallery
ac0492e69c1ee8389f6de0944754,PMID:37958665,train,gallery
92bf7ffe4f86ae5baef6cd1cbf18,PMID:37958665,train,gallery
718b76add9a866f9c44faa08966b,PMID:37958665,train,gallery
d66d1874a6bd79a6858fe972434d,PMID:37958665,train,gallery
37ef0efb3c7d2e974dc185b848d7,PMID:37958665,train,gallery
5ab74f99ae01cf29a64e1c826964,PMID:37958665,train,gallery
5f0fb7d9feffc3f5cb0f1d9ec9dc,PMID:37958665,train,gallery
ee5d5fe7b2b0e96e96b7025f92d5,PMID:37958665,train,gallery
741758a829172f2cfb26332cb315,PMID:37958665,train,gallery
efdf00ee8f2f4e003ad69d3a68ee,PMID:37958665,train,gallery
71195d9fe8bc71c6a22ac23683d2,PMID:37958665,train,gallery
04b7af87f8c88100daee75f7d438,PMID:37958665,train,gallery
126f2a3cbaf18a21325ba95878e2,PMID:37958665,train,gallery
220aefa46d0ab219db51f802ba57,PMID:37958665,train,gallery
d61072d46eac1737b8cc4298fe2a,PMID:37958665,train,gallery
138d0f321ee4a7fdd3c2882a2dc7,PMID:37958665,train,gallery
e8e6b30c986a49d003a0c2d9610e,PMID:37958665,train,gallery
e430ce0b331a685cf4b48dd35991,PMID:37958665,train,gallery
e525b18d23600731afb6f11b6241,PMID:37958665,train,gallery
87cb4e146a1afab35a755f51edba,PMID:37958665,train,gallery
633cf817cb052f7973ae6844f9ac,PMID:37958665,train,gallery
a627af08eb95551a4a7f74609a70,PMID:37958665,train,gallery
ab6215f392113790895db0930ed7,PMID:37958665,train,gallery
2a4704ad876dc616f3508288c2e7,PMID:37958665,train,gallery
1f761cc47b088523e4ec84f6c83b,PMID:37958665,train,gallery
666e486812a04fb052913202f654,PMID:37958665,train,gallery
9acc05156ebf4c55bcb168c57201,PMID:37958665,train,gallery
9c8a626497f2e587c07eea1ab002,PMID:37958665,train,gallery
9223a62a0f13295d21ef0c0c8895,PMID:37958665,train,gallery
641e30d05ccdcf97bbb3c82f45c5,PMID:37958665,train,gallery
92ff5905091e7493de02af94f789,PMID:37958665,train,gallery
fe66b0c74ccb907da37f7f078208,PMID:38001870,train,gallery
6937fc9650e69cb13b2efb17f85d,PMID:38001870,train,gallery
85bf1fdcaa877f3e2a0cd9dd28d8,PMID:38001870,train,gallery
480e1cbb00d7a0d320eb873a773d,PMID:38001870,train,gallery
d1c4b7201ba5a289e9fffe201b0c,PMID:38001870,train,gallery
a2906772a65cae972f609da98616,PMID:38001870,train,gallery
a6c7a05735812658a1c26bdf2609,PMID:38001870,train,gallery
f743662a5dc46a6e4cbfd0a87638,PMID:38001870,train,gallery
869174cdea4ae03c0d0424af599c,PMID:38001870,train,gallery
eee89f61025b441576ff6b02d8a2,PMID:38001870,train,gallery
48da4301ce0b0cefca4d5c8216ab,PMID:38001870,train,gallery
744314794408d6fbdae8d35e060e,PMID:38031879,train,gallery
0a5930a476f46320b0cb4cdb496f,PMID:38031879,train,gallery
b83d6a9b61094d1b1567cf02ef17,PMID:38031879,train,gallery
d3f39ab61cc9051205554149f359,PMID:38031879,train,gallery
49ebe2a45168c88803565e9ba0da,PMID:38031879,train,gallery
1f0c5893d45c701053e36bf64002,PMID:38031879,train,gallery
9b052771215e1322493839149279,PMID:38031879,train,gallery
07f92b170b62224224e3977ea02c,PMID:38031879,train,gallery
8382849da44a457f2e2848cd467c,PMID:38031879,train,gallery
00616ad1055614135d2bb24b581d,PMID:38031879,train,gallery
65add82381eaeab26961f2a89ea2,PMID:38031879,train,gallery
f528ff97166bde4a43b8cabf5779,PMID:38031879,train,gallery
fb08c4dadf2f9c1a2f4006e2f20c,PMID:38031879,train,gallery
da8c7a1aeab94ff42d792774ac69,PMID:38031879,train,gallery
bb606b229e3ae9b238e2e298d353,PMID:38031879,train,gallery
f3ac51d16bfc0a9dccfa4db59750,PMID:38031879,train,gallery
aec5eeca5b3318d0665ea5950579,PMID:38031879,train,gallery
6fced2af08e10a9962bd2cfe9e11,PMID:38031879,train,gallery
2a74c95795b6dff05a71fd803417,PMID:38031879,train,gallery
ce7019c35294d5f55642f106a14d,PMID:38031879,train,gallery
7822826499f66e8a3805636eab0b,PMID:38031879,train,gallery
59d3d0ea51e00657ab6595800a48,PMID:38031879,train,gallery
1091499b9593771d15a33432dc00,PMID:38031879,train,gallery
d52df82feb7063ea63973f48d9c8,PMID:38031879,train,gallery
a8960e7ade6a41404e08cc92a2f2,PMID:38031879,train,gallery
5bf452b64683e0500739194bd393,PMID:38031879,train,gallery
f73a072a42293f95c61a5258bdb6,PMID:38031879,train,gallery
771acb2cad8069c77396215dd76b,PMID:38031879,train,gallery
360f8f50492f379c6fffb6f635a5,PMID:38031879,train,gallery
ee3569a47de805cae9409a6a6e51,PMID:38031879,train,gallery
bef86842bfbf5ffe4defcdf93e96,PMID:38044457,train,gallery
5c3f0e17681faa447add9289341b,PMID:38044457,train,gallery
33fe1cee219cd499101744f6e2f8,PMID:38044457,train,gallery
adbaf95a464c2422159c24a2b584,PMID:38044457,train,gallery
36e3045dbcebea22c6ccb48c8d03,PMID:38044457,train,gallery
9bc97a06df8e95acda4f72b02851,PMID:38044457,train,gallery
64596aacb89df612c627c3121043,PMID:38044457,train,gallery
e8fc54f07a374c5150950651b6ea,PMID:38044457,train,gallery
10fcd996bf962d4e745392a5c525,PMID:38044457,train,gallery
b38879d36bdafbe68d0a5037900b,PMID:38044457,train,gallery
51f3c5e8f898dcef65ceda9bfca8,PMID:38044457,train,gallery
a9f8024801665dfe1fd559698ac4,PMID:38044457,train,gallery
364858128cbd67c5d3890ababa06,PMID:38044457,train,gallery
ca2b44674aac701509a55b3db0b8,PMID:38044457,train,gallery
1695cf7e2532dc5bfbc344a40d83,PMID:38044457,train,gallery
7283fd967b2bcedfd5b4d8d1fbd3,PMID:38044457,train,gallery
1ff63cbfbec2784d768032443ebc,PMID:38044457,train,gallery
ca632dab1e2a629bc23c40a45834,PMID:38044457,train,gallery
e9656aa16ede0537b9ff8765b49f,PMID:38044457,train,gallery
9c3d43cc66fcf2c53fe7a04aaafc,PMID:38044457,train,gallery
2f70bc4ce31ac298914b35538464,PMID:38044457,train,gallery
ad2a2763f02cb7831b6e30267ec1,PMID:38044457,train,gallery
e10878a50720ac660e72251d92b5,PMID:38044457,train,gallery
913776fb73b6d3735341deaeefd4,PMID:38044457,train,gallery
fb8264614503e45ef667a00329b1,PMID:38044457,train,gallery
3c6eb1099e425a5f91936bafc5b0,PMID:38044457,train,gallery
0474e4850baaa6608a1aac802ee8,PMID:38044457,train,gallery
e960a1a23f7cfe59c8a963af14e9,PMID:38044457,train,gallery
0f43f908d1bbb8c3c785141043a6,PMID:38052254,train,gallery
51bbc60d492062682e581aaceb33,PMID:38052254,train,gallery
7a314f27ce1b0ac113fccd86c366,PMID:38052254,train,gallery
aa5539c1322aa48ec2bd81842fe2,PMID:38052254,train,gallery
f6b48ba765d85beb7dc3bcb23504,PMID:38052254,train,gallery
5cd56573ed16023392301af24851,PMID:38052254,train,gallery
94dcafe4a7d8e2697ece2a913493,PMID:38052254,train,gallery
c66a0f0bd4575cd9d6396b6f52d3,PMID:38052254,train,gallery
37ffb83c4e686598d3299992eb43,PMID:38052254,train,gallery
1581ab3e76265401eccb547dd6bd,PMID:38052254,train,gallery
29d5b6775a44d69712536a3eda08,PMID:38052254,train,gallery
e97af4f117d0c043151f9041e7a0,PMID:38052254,train,gallery
40ebc4e16badf90e1c1f3aa3b07e,PMID:38052254,train,gallery
83802a50bb801b468d93cc45865b,PMID:38052254,train,gallery
7451fd9daac876bfebe74f65279e,PMID:38052254,train,gallery
82ed4ef064ca7cf9c831f0917f85,PMID:38052254,train,gallery
449acb5d4205fe009ca9e6a8a38a,PMID:38052254,train,gallery
65f7ff2af5c4e27ca242eedce36c,PMID:38052254,train,gallery
e44005270a998af6e58051139e45,PMID:38052254,train,gallery
e4647e1180628509a1ef95185317,PMID:38052254,train,gallery
4d3d428e1e4fd45626d1cc4c3c03,PMID:38115264,train,gallery
3476c1f142d359902f85d44e08af,PMID:38115264,train,gallery
20dd314616d00bc57d395280e992,PMID:38115264,train,gallery
96b8dd6c7032e23a5671c8cde0b5,PMID:38115264,train,gallery
c914dbb6ee73ef6bd96e05476365,PMID:38115264,train,gallery
378ec621e4cc93cadf2899789c53,PMID:38115264,train,gallery
958d59a4950127516d52cfd6b4d1,PMID:38115264,train,gallery
ace680c042f06961f1f778f142e8,PMID:38115264,train,gallery
81ab84c2e9a56a515375018c21bf,PMID:38115264,train,gallery
83d85a3ff1129a41dbc195d05bbd,PMID:38115264,train,gallery
09d3c504adf337eb5e801212b346,PMID:38115264,train,gallery
6d0f597e32b49100e8cea398223b,PMID:38116293,train,gallery
65eaf2e215a9df9f6183c068ce35,PMID:38116293,train,gallery
06bba8d92ad25fe25521d202b6d1,PMID:38116293,train,gallery
6633426c9178b81df449ed3213e3,PMID:38116293,train,gallery
5fc552da30b0bf9f1b16ce0ffc7b,PMID:38125279,train,gallery
a9fd8784d0f6b14891ae8732d72c,PMID:38125279,train,gallery
5cd49520b7b5b0843e0ef6531689,PMID:38125279,train,gallery
61a251e24f8ee9cc266a6fe8cd13,PMID:38125279,train,gallery
80896c54d36a8841b32b6d4fd653,PMID:38125279,train,gallery
bbd4167a3a2a1e03ecdee7e68452,PMID:38125279,train,gallery
ac3af60339a250dc7c3cf5d61be0,PMID:38125279,train,gallery
88208785960a9e3e2e7e379de6f1,PMID:38125279,train,gallery
3b590ce05c208655cb4ec0cc2a2f,PMID:38125279,train,gallery
9deabe0cfc482c4a981c0cb7c2af,PMID:38125279,train,gallery
915dc009f9d4f7e406705809eef4,PMID:38125279,train,gallery
215532b43f49aaac878d8a605c4a,PMID:38125279,train,gallery
9a99c3d3fac9755a4d9e6f760676,PMID:38125279,train,gallery
88e9249ccb65c89e5e522832700f,PMID:38125279,train,gallery
5f8c06ba3a55304586618e1d9978,PMID:38125279,train,gallery
69edb080aa4fc7bd3fa1b6b78285,PMID:38125279,train,gallery
9311544e21be6039347d0d1a5290,PMID:38125279,train,gallery
75fdfff907ce8c8825ab957f38d6,PMID:38125279,train,gallery
978b699ef4bc9ac988a5eecb516c,PMID:38125279,train,gallery
f4c6459bafc0a29f934366c3c2ed,PMID:38125279,train,gallery
db07f4c200d71aea46fbb4297b97,PMID:38132285,train,gallery
f1bc55a36a574c15117280ab947f,PMID:38132285,train,gallery
14e748401c1a45dfe5fa53f713c5,PMID:38132285,train,gallery
fa833dd38527e7de665f96115b86,PMID:38132285,train,gallery
52bb33169567a9752d0f81918a6e,PMID:38132285,train,gallery
e61e20df64ed8f3113997f970af7,PMID:38132285,train,gallery
c34c11a0fd3195d60509dfe55d4d,PMID:38132285,train,gallery
5a6d73e68925affa3af954c7e5e6,PMID:38132285,train,gallery
fade50c73bae471dcb2c7d213e3a,PMID:38132285,train,gallery
668ea044aaaa0d7c54e04ecb6df7,PMID:38132285,train,gallery
4721566ff21b1bb25e47c403a157,PMID:38132285,train,gallery
7f051edfc1586dae4ba6ace54d13,PMID:38132285,train,gallery
1827bba5707a3587c8953c5b5515,PMID:38132285,train,gallery
ad2c374533e3f244cd3210df51cb,PMID:38132285,train,gallery
11fa273b675f94b39f69faa2e93b,PMID:38132285,train,gallery
d2f3a6b02ee5b5769bd383f7f544,PMID:38132285,train,gallery
f7f371291ef49dc091d9d6f9e06d,PMID:38132285,train,gallery
65468496a9cd6de0f99ca293f55c,PMID:38132285,train,gallery
49e93922151ea85f8c5a732b3b4c,PMID:38132285,train,gallery
9e419f3d9c0ec19bd5d905ed8782,PMID:38132285,train,gallery
2a32a93af691c9e32f71a2d83cb5,PMID:38132285,train,gallery
05caada59864639b1cac54fd13f9,PMID:38132285,train,gallery
0af425d3507d264876d736bc26e3,PMID:38132285,train,gallery
1ae72c96f7c622664381cd1f9924,PMID:38132285,train,gallery
a0089051a945c880beb722311fd8,PMID:38132285,train,gallery
7d6af0fc93b163dfef5a0dcf3bdb,PMID:38132285,train,gallery
9771317c003c0ae5f188c12f8661,PMID:38183056,train,gallery
a5f5d9758727d6fc836f410b82e0,PMID:38183056,train,gallery
9a74ec4ffe549309ad938125bd1d,PMID:38183056,train,gallery
b5787d1b2ef2e52a3116d681a0bd,PMID:38183056,train,gallery
8b053718d970c09f8724c146161d,PMID:38183056,train,gallery
818482db26801544020575037932,PMID:38183056,train,gallery
25b66398f41c83608a7bd128b02e,PMID:38183056,train,gallery
0de155612db5045c4fbd8ef2056c,PMID:38183056,train,gallery
3b7dfaf607eb3cc8900c75158638,PMID:38195543,train,gallery
01014bf1ff5ea9a4bf5f54bf5e4a,PMID:38195543,train,gallery
9f05135592387ef0edc82de77373,PMID:38195543,train,gallery
088919cc1b848b1267f7fcb5eccb,PMID:38195543,train,gallery
ac25bc78fb215a6b1408447dceb6,PMID:38195543,train,gallery
c4812e430623b96ff2b8ff66095a,PMID:38195543,train,gallery
aa7e9fe7fce77363d622f77348dc,PMID:38195543,train,gallery
928ae136738b0e17388eda7a2918,PMID:38195543,train,gallery
e7d61436f7194d5bb3f96e9173ba,PMID:38195543,train,gallery
5d5a808805ab65d7ccfa0f359e5f,PMID:38195543,train,gallery
6af985c349cbeb5ede31e0cffa69,PMID:38195641,train,gallery
527a851491809a2df60794dac45b,PMID:38195641,train,gallery
bd567ef7c27a24be9b130ffedcfc,PMID:38195641,train,gallery
82637ee6f7581f46486c805d06f2,PMID:38195641,train,gallery
bc53982341d59328cbf4fc15f14f,PMID:38195641,train,gallery
c407066020741396ec4c3ae3f3e1,PMID:38195641,train,gallery
64c0a9e8d620b2ffafa83b74434e,PMID:38195641,train,gallery
7d0e19d0777ef1867e07ce228210,PMID:38195641,train,gallery
79bdd05fecac385d1090d432cb2e,PMID:38195641,train,gallery
4fff2662c9571e6531682d2739c7,PMID:38195641,train,gallery
28e0b4eafbde80dc94c2976f431b,PMID:38195641,train,gallery
6fbf855c7986122aec476176377f,PMID:38195641,train,gallery
46529534cdc64226f1993830a383,PMID:38195641,train,gallery
5f3ea117fb7a0bcad2a38d4ad9c8,PMID:38222997,train,gallery
c1fd7024e626d743e8d8215a559f,PMID:38222997,train,gallery
95ab9180e0d11bdc2e7f4ed6af79,PMID:38222997,train,gallery
67b3158379cb3d7efb90e5df45d3,PMID:38222997,train,gallery
02bb2eff38ba13cee37831132b65,PMID:38222997,train,gallery
21f6939537f7ccb3c57fb8816777,PMID:38222997,train,gallery
5f2d54966c078182486b0b62b05c,PMID:38222997,train,gallery
615470f5e2630d1ede4b50f8d5f7,PMID:38222997,train,gallery
e6468af5ac2d8d25bd3d586736dd,PMID:38222997,train,gallery
80f3cfa0d3a4f32ded611a7f8d10,PMID:38222997,train,gallery
70937cfb8863d895845f3fd1b423,PMID:38222997,train,gallery
55036deb9f3af7cd9ff3be9095b9,PMID:38222997,train,gallery
29267e6b61da31db9405802326f6,PMID:38222997,train,gallery
5e47642bba15ae2a562b438936e0,PMID:38222997,train,gallery
7b7f9da3315c681ed7117293984b,PMID:38222997,train,gallery
1a2db9934deb85e956db928fd56f,PMID:38222997,train,gallery
90acebc804a27db2af96d83dd091,PMID:38239660,train,gallery
956aff5f626edd6e4712b5a7c7e5,PMID:38239660,train,gallery
aa399edef9f41ad0edac6b2f81ff,PMID:38239660,train,gallery
c5c124ec9cc5dbae98ef957b41f7,PMID:38239660,train,gallery
fc8e81053f39b29a771e2dc585e7,PMID:38239660,train,gallery
7f8ff7f00ad981180f634000b21b,PMID:38239660,train,gallery
10e2c827db467a307f8d9f27f3ea,PMID:38239660,train,gallery
8ccb1f6a8eacefbf7904d461c179,PMID:38239660,train,gallery
cf119a2220cacc1a00636dbb5583,PMID:38239660,train,gallery
b75c38e859d3ed670d08d1fc14e4,PMID:38239660,train,gallery
af39860c036ad0bc846ebbb106d1,PMID:38247861,train,gallery
092f4ff634c50e492f7236e165a6,PMID:38247861,train,gallery
49f52685febb6c322c08a1d0f4e2,PMID:38247861,train,gallery
4380d6432e93661c71d989eb04b1,PMID:38247861,train,gallery
631f3a7651e7bf21534c7befac2d,PMID:38247861,train,gallery
e5503e5cacce9dfd258b43da1753,PMID:38247861,train,gallery
9cfaaf447c8a0578f5da8bc08bc3,PMID:38247861,train,gallery
625f48794b502468dc6978c600d5,PMID:38247861,train,gallery
673e23f4b5b541bd74ae3904308f,PMID:38247861,train,gallery
eeb50c5915d5c37feb62f2038121,PMID:38247861,train,gallery
662e643ff2966790cb4057bf9e49,PMID:38247861,train,gallery
ce3b919530b0794dbcbbbf3bb551,PMID:38247861,train,gallery
30346f5c3612f1f99fadba5c82b8,PMID:38247861,train,gallery
55a0fcde46624587f00269e391a2,PMID:38247861,train,gallery
9ebbec6bebb6259e98c9fb235e50,PMID:38247861,train,gallery
37c14ab2cd8b200af65eef83554c,PMID:38247861,train,gallery
0cbaa8726fe91d66dd5c28410ae2,PMID:38247861,train,gallery
1f13c03159f6bb5d519b5a20e980,PMID:38248841,train,gallery
712f13ae6f57717fecc54b686d80,PMID:38248841,train,gallery
953bfa109df440b446885ef59512,PMID:38248841,train,gallery
c6227c391f94272866130a45a72b,PMID:38248841,train,gallery
31704207902de1055aabefbb38f0,PMID:38248841,train,gallery
5044752c0eca67914111d0262f89,PMID:38248841,train,gallery
f2db5bcdd3eb23d824edfd4b1b0f,PMID:38248841,train,gallery
250adeddc84a4a4f1644c075ef07,PMID:38248841,train,gallery
3a810f9e3cde38f89145c398b9f2,PMID:38248841,train,gallery
7c3e687bf8b6b12fdeeed96e41cf,PMID:38248841,train,gallery
71831a435c07fc1570e9d965d3b3,PMID:38248841,train,gallery
fb989d4ffbcc0e47d70188370e56,PMID:38248841,train,gallery
ffcb7c8e56d15de5fb281fb09b92,PMID:38248841,train,gallery
0cdd7e7407b598eb459ae99c68cc,PMID:38248841,train,gallery
8ad61d7e860a5d25d8366ba274ee,PMID:38248841,train,gallery
5781ac17d1ecafdd7b9d62d90f54,PMID:38248841,train,gallery
f828f929b56c6a5b8ca72e0e9d7e,PMID:38331897,train,gallery
d6f00814d43e5f6edcc0eb4fbaaa,PMID:38331897,train,gallery
a74578d26348e6e96fee82bad60f,PMID:38331897,train,gallery
bc557811b10182832c63ee2809ba,PMID:38331897,train,gallery
056bc2c24bcd054164a2196f8c0e,PMID:38331897,train,gallery
b79a3e5ff7fb6724c69e260bed8b,PMID:38331897,train,gallery
e750296e45d96ade204d02a66aac,PMID:38331897,train,gallery
d689e62b39b1d7c7083e43b972b1,PMID:38331897,train,gallery
12587096ed65b3a273c01e791de3,PMID:38331897,train,gallery
65ab80b631fed5d22f061a009fe9,PMID:38331897,train,gallery
f1152475fad52cfc43045c2fc30a,PMID:38331897,train,gallery
41596f44f8816eb0dd7940bbb3fa,PMID:38331897,train,gallery
1f9b885d165412afdd5e25731b2c,PMID:38331897,train,gallery
5d269684fc4a554b75c1eac95d04,PMID:38331897,train,gallery
67151dcd5e3ebc94261cca1e0bab,PMID:38335127,test,gallery
a0ad6e6811c4e3e5fb89868a96cb,PMID:38335127,test,gallery
9a71a103604db9120cf01e033767,PMID:38335127,test,gallery
bbfbf15a732aba7c0094dc66f8d3,PMID:38335127,test,gallery
def9ecc3ce21f8fa31aa68c5d3a8,PMID:38335127,test,gallery
3b6c395082b850fc1bd16d960203,PMID:38335127,test,gallery
23c443bc54079a07f330ffb32691,PMID:38335127,test,gallery
c2d4f4d9cfb126fea0c1e9b3a8c0,PMID:38335127,test,gallery
891cbcd4fb0a8a7604a2cfb6a716,PMID:38335127,test,gallery
c7886991943663f16a8768a2414c,PMID:38335127,test,gallery
47053524ef0904d5f93a115fb4c2,PMID:38335127,test,gallery
05118c2d44995d8512e77be24699,PMID:38335127,test,gallery
b4044eededa1e909de67da608886,PMID:38335127,test,gallery
58c48357fd7e12e8d4214426b3c9,PMID:38335127,test,gallery
09aa164793c4dce9de0e6eaa12ef,PMID:38335127,test,gallery
73295b987f6495a1bb5925831bbd,PMID:38339173,train,gallery
098ea2a16fa5786b2622fde19f47,PMID:38339173,train,gallery
eadc4d388de96d1ed06455f7ef5f,PMID:38339173,train,gallery
c825f98b8af6ca9694ee85428684,PMID:38339173,train,gallery
d6a37c558f5818e42ab2dd6a8b5f,PMID:38339173,train,gallery
1468ef5ed12a75f27853820c1d20,PMID:38339173,train,gallery
396ff991b70ae5ee263d306f6db8,PMID:38339173,train,gallery
b7ea9aa5029702b3f8f42f5810f4,PMID:38339173,train,gallery
708b99fb242d1115c169a9cae79f,PMID:38339173,train,gallery
d1183064c3b62b9a6937648ac75c,PMID:38339173,train,gallery
827af279b37e87168b6cd5632384,PMID:38339173,train,gallery
5e83eb590a841ec46f16639e15d2,PMID:38355898,train,gallery
99a78437f9da020129e7bd93caf4,PMID:38355898,train,gallery
ce0d9e434c49e2d10aabb1f8ba3d,PMID:38355898,train,gallery
1de5954b138171175058afe00cef,PMID:38355898,train,gallery
737f1c896bd19f4aa460f6cc4641,PMID:38355898,train,gallery
d3aa54812daf02df0ab94be115d1,PMID:38355898,train,gallery
43a2a1238a6ebee8b52dccb99d50,PMID:38355898,train,gallery
3b44cb6b99eccb647cf2981f6e5d,PMID:38355898,train,gallery
c31bb8d3f58d27c0de611c561b29,PMID:38355898,train,gallery
6a1d705dc3e4794b01539ca3545b,PMID:38355898,train,gallery
383751ce4e4b9870142e58fe1e16,PMID:38355898,train,gallery
3033098442ee8fc6febe56bd9f3a,PMID:38355898,train,gallery
321bbb0d23019d05224de552393e,PMID:38355898,train,gallery
1642c2473f3b1f732f201da31ec9,PMID:38355898,train,gallery
ff3e87815462929d82b658b89552,PMID:38355898,train,gallery
1ecdf82f1ae71075e8c8891618ab,PMID:38355898,train,gallery
8ef2c3ec3a8d7aca269391bc38f9,PMID:38355898,train,gallery
81e351efc3496db35c801411cba0,PMID:38355898,train,gallery
dfbb9ea35b7b99ac277bc7ea89f8,PMID:38355898,train,gallery
30b206063cfdf2de297c2c6373b7,PMID:38355898,train,gallery
c2842ee18bedb6b559075e001f02,PMID:38355898,train,gallery
808e4de8e93ba6a0840ccbcecdd5,PMID:38355898,train,gallery
c6c013e7daaace530816c23b4790,PMID:38355898,train,gallery
5f9739e28235773d1d71eab1b9f3,PMID:38355898,train,gallery
98a8bb32cce2b0a9f5e6669a36f7,PMID:38355898,train,gallery
b6e592e31e95707f349c54bcb166,PMID:38355898,train,gallery
d6041c1ae6e0f710eae1f893ccaa,PMID:38355898,train,gallery
23822dce49e80f85b4d61ea2ec57,PMID:38355898,train,gallery
db2e680a521c4a3eefe8f0d66265,PMID:38355898,train,gallery
59dd9f14cc8fd7074067801e0be9,PMID:38355898,train,gallery
c1b9ae52250f61e1698de43beabc,PMID:38355898,train,gallery
8eb9c9c5b1b96dfcde2299a4b24f,PMID:38355898,train,gallery
c40daed06b9507038f478fb5a963,PMID:38355898,train,gallery
59fb198c3e40e9f5f86bc84e9368,PMID:38355898,train,gallery
b7df485095ceced89f978f7d2c03,PMID:38355898,train,gallery
67dd761b6ce9244c5e404622a26e,PMID:38355898,train,gallery
dfa15f325e0aef3b523af3c8b820,PMID:38355898,train,gallery
f3809da5cf593749b7338ba491b8,PMID:38355898,train,gallery
fb772e67d8c0c8e570c38e5f0a27,PMID:38355898,train,gallery
85a1d8f7ddf1d16b16e7ca83cb57,PMID:38355898,train,gallery
3e2e9f6ac7eebf1d3c2f7618bcdd,PMID:38355898,train,gallery
baaee4ce83291e6caeb8435ad772,PMID:38355898,train,gallery
b09a5a14ab54cb3e2a05c2dc9028,PMID:38355898,train,gallery
0e82cb838cd8c7fa1839fd77a90e,PMID:38355898,train,gallery
155f89798d1585426e2bdde1ce2e,PMID:38355898,train,gallery
95d43ecc0e4eed5cb000944f3544,PMID:38355898,train,gallery
9fda456bbdc9dcef13194c03067a,PMID:38355898,train,gallery
9571328aadc13c2363cfdc443b3f,PMID:38355898,train,gallery
fde5efcffd9d380d9775de3a3741,PMID:38355898,train,gallery
5ccc5b663a0e8f2865f26f1d1b6a,PMID:38355898,train,gallery
56ac1364618ed4e863f972a3b6c0,PMID:38355898,train,gallery
e8d568d07b600bf8af0eeab013dd,PMID:38355898,train,gallery
46070595f06430fd5157504ec3e1,PMID:38355898,train,gallery
ca031d78a9d7fbf24474049bc048,PMID:38355898,train,gallery
c6920b89d4f50cf3c12392208ea1,PMID:38355898,train,gallery
b4e33267d12d09fdc3b0c7b71f26,PMID:38355898,train,gallery
dab15158eb4035bf8ebf40e2221c,PMID:38355898,train,gallery
f23dcd66e93e073d7bb15e36ddef,PMID:38368425,train,gallery
76b5d173d83d68b173f023e19b43,PMID:38368425,train,gallery
6aafd059f1d1069150181af6bcb2,PMID:38368425,train,gallery
e3d1fafd21c93d5609dc5c766eb0,PMID:38368425,train,gallery
0f6d83bbf867360d3b7f671e9cac,PMID:38368425,train,gallery
840fed2ad8894c229a8d34169385,PMID:38368425,train,gallery
2578ff335add5ebc4725945bf0ee,PMID:38368425,train,gallery
2b6138555ad92cbf172b72cfcc2f,PMID:38368425,train,gallery
acd0018e78f7362d7028116d93b3,PMID:38368425,train,gallery
4d34d2e23b9a859ef8bb553a5ddd,PMID:38368425,train,gallery
5e9f8f6a40d1c70ff76e03f2af61,PMID:38368425,train,gallery
53036b0be832e6aa4b6181432f53,PMID:38368425,train,gallery
8c31142b1f22d16237a05dbe8ee7,PMID:38368425,train,gallery
22316353b18a4cd52f19a1aa84f7,PMID:38368425,train,gallery
716a28e953519818a7bd3908d200,PMID:38368425,train,gallery
687f1bd7fcf4c9a8971e6c4fcfb9,PMID:38368425,train,gallery
7157b1950678e984d0074c0d4d1b,PMID:38368425,train,gallery
5681d2344a1c37816a41249af9d1,PMID:38368425,train,gallery
92242b373149fcf18214faadb510,PMID:38368425,train,gallery
fafc3b873469d8331955f523c15e,PMID:38368425,train,gallery
b4e716d80031a2ab2a1a2f982045,PMID:38368425,train,gallery
2d15c017f1b27163af4a32873536,PMID:38368425,train,gallery
4e0f6d0b6297df1d64bfb29f35e3,PMID:38368425,train,gallery
730e8ebdc99aaf800076e1b13152,PMID:38368425,train,gallery
86aec50375239a264e84625d1905,PMID:38368425,train,gallery
dcdf28841fe10a67a078b94ddd41,PMID:38368425,train,gallery
ab7e6139deb4b0634cf614208ff5,PMID:38368425,train,gallery
6c85939dbf8d0d5bdb2b4001ec2f,PMID:38368425,train,gallery
03b4846e5cb546d05f6363de80ae,PMID:38368425,train,gallery
a928f300fc324ae7bd71a3581ad4,PMID:38378692,train,gallery
89f094a58e2655a1e1aebd175e89,PMID:38378692,train,gallery
e774640ea3f28e521878e246cbe1,PMID:38378692,train,gallery
a714ded4bc013cbbb59dff4c4904,PMID:38378692,train,gallery
66ee95027a2574f1ff633630b9fb,PMID:38378692,train,gallery
1a3d73e8fbe1595f39315d302503,PMID:38378692,train,gallery
20d698a279fe92d51ec4d0147266,PMID:38378692,train,gallery
65e325faa0dc6f04d330c60f1748,PMID:38378692,train,gallery
6781d2d138e0bcc4fecf79daf7fd,PMID:38378692,train,gallery
d970e6bd8d8409d8f7ed0102c8a8,PMID:38378692,train,gallery
2ab69e4d0c59432547ba32345850,PMID:38378692,train,gallery
5d99fe275d8cd6fbd5b650b61bd1,PMID:38378692,train,gallery
85e03f64651169556e29fac9b792,PMID:38378692,train,gallery
b02e99d6b6287b0f4578f822e549,PMID:38378692,train,gallery
d29f8bb6bd724db8b370138f570a,PMID:38378692,train,gallery
31db0afc9a55c9b16ad4f6d7d527,PMID:38378692,train,gallery
78c83e02dc37418a4bd1ef8ac8e9,PMID:38378692,train,gallery
5beabf15663b58b20a9ad37c1f94,PMID:38378692,train,gallery
7d85b4917610cbb6dd3213ae9138,PMID:38378692,train,gallery
3fdf55ceb49614ed8f7f95b137c8,PMID:38378692,train,gallery
bf5d342316b1396c1a28246519b3,PMID:38378692,train,gallery
0538308376d605ed655b68b6573e,PMID:38378692,train,gallery
e839a66416db0791877abab528ea,PMID:38391695,train,gallery
84c68ed6346d3bc659e9960bb2fe,PMID:38391695,train,gallery
bd38ca438a623453c5ac7d0c8ee4,PMID:38391695,train,gallery
bd9c8c65b1ecfc12bc92aaa2930b,PMID:38391695,train,gallery
c8b43783f704caaa25e968f0378d,PMID:38391695,train,gallery
09759b3e544a01554f73d7861650,PMID:38391695,train,gallery
b6b21cc8ed8657e62c7b2813ae29,PMID:38391695,train,gallery
540782f770bdfaff411938777097,PMID:38391695,train,gallery
0acfe7d159c99959b28b8dd93017,PMID:38391695,train,gallery
e148c2d0a2c32aaf7d67b68048cd,PMID:38391695,train,gallery
8842a9e421839d477f3511140f5a,PMID:38391695,train,gallery
9b87672b7d7e1d5141a2eb8a515a,PMID:38391695,train,gallery
30602793dcb78f4b88ada9688361,PMID:38391695,train,gallery
459c279ad336cf09ce3d63bd39bb,PMID:38391695,train,gallery
ae76e717bf0e2c21e91c2cafc6ce,PMID:38391695,train,gallery
c91f40050d89c8691aa5dcebcd61,PMID:38391695,train,gallery
c35877070c2b27b224fe235b4279,PMID:38391695,train,gallery
5f140aaaae21f907cac15b5340b5,PMID:38397161,train,gallery
4cffa0a2c05c0bbdf971b6e4e401,PMID:38397161,train,gallery
c72dd0cefa7442affe08f35887af,PMID:38397161,train,gallery
155c04e8f394da7325069955ff39,PMID:38397161,train,gallery
536a2f83fbe970ead2cb2763aa05,PMID:38397161,train,gallery
07b8982c834641272bf72f835def,PMID:38397161,train,gallery
9845d0565c8d0e657c0f2cf58877,PMID:38397161,train,gallery
7b131df47360e1492d4533e93ff5,PMID:38397161,train,gallery
2b7bf40e3ad78704b68430f41a14,PMID:38397161,train,gallery
25f2079a9f69c49bb9148db3951a,PMID:38397161,train,gallery
368f8902346758d0d0a41086d3f6,PMID:38397161,train,gallery
49e65800ab5b82bb8739d28b41d8,PMID:38397161,train,gallery
12a199d04413f96eefbdaabf613e,PMID:38397161,train,gallery
48314b25a914308dc28ceba704ed,PMID:38397161,train,gallery
5c1f65b977eb9a1765348bf33be0,PMID:38397161,train,gallery
311d68ea0f53e8a7a4732619373c,PMID:38397161,train,gallery
c416afa5f303be7acf1a1ed18e6b,PMID:38397161,train,gallery
047c7b675a710fbd8735c426c24e,PMID:38397161,train,gallery
319e5ea95537ce4375451896ecee,PMID:38397161,train,gallery
8c25ef76b0c92757092ccf6aafe4,PMID:38397161,train,gallery
b6c5fdc56c01e8ab6eb01747e4e2,PMID:38397161,train,gallery
306f0ed7419d4bbeb2cdceb177c6,PMID:38397161,train,gallery
4442d9fbc8245034cb76f97a6485,PMID:38397161,train,gallery
dc5daf9c79605e4636d13e6d35c7,PMID:38397161,train,gallery
36a2bb0f2926e81b91b62a300201,PMID:38397161,train,gallery
52991fbcaac4b94dc60b9ca86db9,PMID:38397161,train,gallery
e2efc9376c62abe8d0ffa501fced,PMID:38397161,train,gallery
04b8e4c003ac290ad114da4ece49,PMID:38397161,train,gallery
c30f0150329bef5f583f188d74ea,PMID:38397201,train,gallery
119947528c7edb059f59ed5d47a7,PMID:38397201,train,gallery
7d4bad727ce5b310251b31f9008d,PMID:38397201,train,gallery
984d16caa8e1282373d063c41353,PMID:38397201,train,gallery
f9f0fee230b5c31d79aaecc880da,PMID:38397201,train,gallery
b23f6f9df87cdc4a479af6e310f9,PMID:38397201,train,gallery
57ab278b3850d75389aad2aaf91c,PMID:38397201,train,gallery
a6c884f36b852984f74fb4d573b2,PMID:38397201,train,gallery
84fcbb425285e2376700cb729c0e,PMID:38397201,train,gallery
81c39553f91f80c966582a029f2e,PMID:38397201,train,gallery
b2361e4134464f6a05d9b5d71543,PMID:38397201,train,gallery
f03433336c9ddcc97dcd499416f5,PMID:38397201,train,gallery
5e3b0750e23e2b85e26a93bda535,PMID:38397201,train,gallery
0cc56b0fb5d173dfb1f1e475d029,PMID:38397201,train,gallery
d76d164b2d20ba800a7711ff761a,PMID:38397201,train,gallery
85893f5e8d6558cf52d086bdd9fa,PMID:38532453,train,gallery
f88db2e4ce8f188b8734c9b64545,PMID:38532453,train,gallery
446499ca2bd91f88685430b9ac72,PMID:38532453,train,gallery
a4555919fbd2e89075a8bf06d3c2,PMID:38532453,train,gallery
cfc78eb97a4c1aba97ebe681a651,PMID:38532453,train,gallery
69368e67ed564a721dbe33d87ae1,PMID:38532453,train,gallery
cee2f2ab58a40bd739d97eecfbab,PMID:38532453,train,gallery
125ec32a0ad83bec84f08eb653c2,PMID:38532453,train,gallery
6fafe9b51cefa69ab36bb52a7e4b,PMID:38532453,train,gallery
fd730f80ad6ad3150b96d6a97188,PMID:38532453,train,gallery
6570d4beaed08de701f3a78da468,PMID:38532453,train,gallery
ee07e062fc1644540d78c74736fa,PMID:38532453,train,gallery
28d359f70866d42e3bb21f7d5017,PMID:38532453,train,gallery
15241723e1bc934cf6271ad409a1,PMID:38534400,train,gallery
9eb437c3ae0f826d88397a56859f,PMID:38534400,train,gallery
51e935dbbc82210e303e824b9bce,PMID:38534400,train,gallery
2eb39514e2f1c1d42ce8965ff7c1,PMID:38534400,train,gallery
8d5f9f424907973a935861a9273f,PMID:38534400,train,gallery
38e031e0be8230698b034a5f2d37,PMID:38534400,train,gallery
926b8eb8900f109eaecf24004fb2,PMID:38534400,train,gallery
c9b87ec943da9ef4c0f835e17f54,PMID:38534400,train,gallery
884110e9dbc605cd43087584ccd7,PMID:38534400,train,gallery
f2178c5976f4449561704a9371f1,PMID:38534400,train,gallery
e717fb39f616e64c061d8fe66bde,PMID:38534400,train,gallery
cc1293f98973f9902e9fbcf12e4f,PMID:38534400,train,gallery
bd3b429c9ef596474cbca6f02606,PMID:38534400,train,gallery
95d37e9381ae3d55746e3c73f25e,PMID:38534400,train,gallery
04f3922c9c0a2df6dcaea7035c2c,PMID:38540347,train,gallery
e1213051d002762f645bd082710d,PMID:38540347,train,gallery
837190016d298bd2c95ebaa8767f,PMID:38540347,train,gallery
5d27e8533e12dd7af1b1a5031920,PMID:38540347,train,gallery
c96370034e1a2a34d1dc71f083ad,PMID:38540347,train,gallery
7078f201a2b12d76fc6745d04aa3,PMID:38540347,train,gallery
46fe5cfb58c1ebf4b1da59464feb,PMID:38540347,train,gallery
c45c9ffcaa2d0897819f3de3e109,PMID:38540347,train,gallery
5a764e0c683082e0283d443a0657,PMID:38540347,train,gallery
3c0d887ceeab28bd94e952c578ca,PMID:38540347,train,gallery
b430347f529add148af5c2e8af9a,PMID:38540347,train,gallery
4a9a9e6b0c1db8d1c5754ab18fa5,PMID:38592278,train,gallery
27222624103f34ba5462bc1d2da0,PMID:38592278,train,gallery
02e12536c8adcc440b42ce338762,PMID:38592278,train,gallery
7504e70b74c9f583714e7a102daa,PMID:38592278,train,gallery
10fcb77953272fa85d35b694aa2d,PMID:38592278,train,gallery
ee6be098f15408d67e5913157c72,PMID:38592278,train,gallery
41e8f3db61a3335f4331877e1ead,PMID:38592278,train,gallery
d56be74b5964546fdbfe121b70e7,PMID:38592278,train,gallery
307a508a02d730612c592cf5c45e,PMID:38592278,train,gallery
ea406ebb623663ce85c03ec357a2,PMID:38592278,train,gallery
69bba66c9bd177badd589487877c,PMID:38592278,train,gallery
34691894d94f8d1e3a222bd3f06c,PMID:38592278,train,gallery
c89fa57ba31bf9dad6fff862300f,PMID:38592278,train,gallery
17837e226b59ac452e9a2adaedb4,PMID:38592278,train,gallery
e84f46cdf2b889a7223b8f579423,PMID:38592278,train,gallery
b478ef63c334f1c1792e95c86352,PMID:38592278,train,gallery
283c851bdd8a5cd92acbc5cacbd7,PMID:38592278,train,gallery
121568c3c609e57f54009e8a6183,PMID:38592278,train,gallery
422228d650908c319cd215e95570,PMID:38592278,train,gallery
b1bc6866c25d8e84e65eb9997a06,PMID:38592278,train,gallery
c4fcaa01b53092d2ce4e2402a8fd,PMID:38592278,train,gallery
caeaac2614ad27127f03ca391c2a,PMID:38592278,train,gallery
a7e276809d43c969036c9a813142,PMID:38637764,train,gallery
5f3fbc37d376cc4ec959dd241f13,PMID:38637764,train,gallery
b6224f15f771ab6c93cb088ef9fd,PMID:38637764,train,gallery
2ef91cae79ed7c2bcdd96c5e48d0,PMID:38637764,train,gallery
a47cf1a363da880ae1aea4428fca,PMID:38637764,train,gallery
d91e8362d512b7816802b824de19,PMID:38637764,train,gallery
10f3ea7f26a66e7af63e4c7857e4,PMID:38637764,train,gallery
2aaf581f629dc21dc5162a323801,PMID:38637764,train,gallery
397e252052e167e3af4b6d3172a6,PMID:38637764,train,gallery
2ad367ac15a420b0a880f6723686,PMID:38637764,train,gallery
deb80e6377351405209d9e6cb31f,PMID:38637764,train,gallery
c09cf2294add433e2d336bc27879,PMID:38637764,train,gallery
a0a893b303f570d5e7bd007d129e,PMID:38637764,train,gallery
7f9be96d838b618952bf14f8a7e0,PMID:38637764,train,gallery
d7d38a12fc6e0ce30c932248f881,PMID:38637764,train,gallery
067d20515c7e2e9c77cbadee447d,PMID:38637764,train,gallery
a1e6d5918ee1bb0440caf4eacf53,PMID:38637764,train,gallery
cd7a8bae7921791fe5f38106599e,PMID:38637764,train,gallery
6df42f8a32ac9e4f5a0a45ec1f7d,PMID:38637764,train,gallery
52942557bcafb2970c11b4d29d6e,PMID:38637764,train,gallery
0c2dc7b27ecdf36d83f6cddd5b99,PMID:38637764,train,gallery
78af9700265f3f3db3252adaa8ac,PMID:38637764,train,gallery
6a0ba5d15c0dfc24c98b28d9135c,PMID:38637764,train,gallery
07c7547dcf63a8501b3b5f273254,PMID:38667717,train,gallery
e60d56358035b0f73ee973c49a2f,PMID:38667717,train,gallery
3f004923582999340164b3d095d1,PMID:38667717,train,gallery
5044e6e61b54e1583cb691d6d59c,PMID:38667717,train,gallery
b7ea925f1dde50d7596f63406a0a,PMID:38667717,train,gallery
da6d51b4f1d73cddcf56aac639a5,PMID:38667717,train,gallery
5ed325161946642f736e976547fe,PMID:38667717,train,gallery
628162bb913d814c44001a049d42,PMID:38667717,train,gallery
9b51bbdb002348a41b60eb054ed8,PMID:38667717,train,gallery
647a86b0aafa6e8b78b2cfb8d017,PMID:38667717,train,gallery
9b051cbcc8b5ea887d3db0496bc7,PMID:38667717,train,gallery
325e771f42b1adcf336fe8009619,PMID:38667717,train,gallery
248e9362f536dc848e2ebb0e5b61,PMID:38667717,train,gallery
f50aca54e1eff09fb6f4955f52b0,PMID:38667717,train,gallery
7e8a65f8bd99f792e4a5fe8f2fba,PMID:38667717,train,gallery
e62c786b9438e29563995b8b6e83,PMID:38667717,train,gallery
3e7f8819d4d29150140650254d16,PMID:38667717,train,gallery
78129a3ee0241c701de27f9bbeb7,PMID:38667717,train,gallery
0815ef2f6c20de27a8e5f2d50681,PMID:38667717,train,gallery
8a0ba0c41132f84f37bd3d6c9a18,PMID:38667717,train,gallery
57f0828746ce7af23e58ac4d0770,PMID:38667717,train,gallery
34dcd21aa4cb7b808385a02af642,PMID:38667717,train,gallery
c55a6ed9b2ac9b3d9a55afeaef1b,PMID:38667717,train,gallery
beb63d0cd0a8ccf52ec4ace8f702,PMID:38667717,train,gallery
b35e4ef4bc56172c59f0d1720fb5,PMID:38667717,train,gallery
29904d27ba9c7ef612b3e860e863,PMID:38667717,train,gallery
4535d1d99b14d307c671969cf962,PMID:38671997,train,gallery
cf14e9cfa962185b5d4f9aa16b90,PMID:38671997,train,gallery
d92401585b3daf45eedd303834ea,PMID:38671997,train,gallery
521d588b8638dac5e45800e749e1,PMID:38671997,train,gallery
d5fa10a0e18b2bbd85acd4bf917a,PMID:38671997,train,gallery
5a98ca5dbff39794241d624b4404,PMID:38671997,train,gallery
094e6796a6364ef848d7fed82afb,PMID:38671997,train,gallery
cb84b18e93988e3e754e150bb312,PMID:38671997,train,gallery
dc9e06a2ae781245d13d604a90bf,PMID:38671997,train,gallery
a1bded43c1ef6dd66e49904ace6f,PMID:38671997,train,gallery
55705afcbb56a2f8847ace185068,PMID:38671997,train,gallery
0c0fa6e26efb08b91eb8a1e377fb,PMID:38671997,train,gallery
ad6d16344c912cc3b4030c9470d6,PMID:38671997,train,gallery
906c070525f10912ac9e79272fe4,PMID:38671997,train,gallery
d298474e352b0c4ac03b1d6369ae,PMID:38671997,train,gallery
e9fa74e4961e568a0f794086e754,PMID:38671997,train,gallery
0b90f034595b1aad51eb8b1e7645,PMID:38671997,train,gallery
aa823431fdc2ac625e7cb5a67a6e,PMID:38671997,train,gallery
12e26d442ba1b2df781cbb234130,PMID:38671997,train,gallery
d46f3a3c3733d4329f04e2475f06,PMID:38671997,train,gallery
ccd59eaa05d8cbe62034c65bd8c9,PMID:38671997,train,gallery
515f5dbf593030c2af0aefc33225,PMID:38671997,train,gallery
671e08e4f47eb2e5101f53d5afa9,PMID:38671997,train,gallery
d714d35efed24f4be8edb9b2ae3e,PMID:38671997,train,gallery
0272c7e74b322e031e42b983a568,PMID:38671997,train,gallery
6cb263ac3e9d01a2efe7201accec,PMID:38671997,train,gallery
355dc4135e0225fe5cf5132ec80f,PMID:38671997,train,gallery
cbc15edba85eedf66526e965b1f8,PMID:38671997,train,gallery
41270cfbb2202608401b8e5391e9,PMID:38671997,train,gallery
a822b8a6ad1fedcf62b3018122d8,PMID:38671997,train,gallery
587a37b8d32bd65ad210bd7590cb,PMID:38671997,train,gallery
ffe18fb6c1621b9a3eaea33edf22,PMID:38671997,train,gallery
e0e10f4a63b77444939cd9ad2cd6,PMID:38671997,train,gallery
aab17f4b0856f0439bad4cee0e8f,PMID:38671997,train,gallery
b571b332e78e6cf6c5ab2a621fab,PMID:38671997,train,gallery
953e2e91e1b21f2d9ee53db0f0e8,PMID:38671997,train,gallery
86cdb8aa88c446f531e26b875af5,PMID:38671997,train,gallery
ae6db7436c47bd355f230afcdacb,PMID:38671997,train,gallery
b6513cc6d62c3e95ada809cb6ba7,PMID:38671997,train,gallery
c84bf6fad9180c43911f696e8716,PMID:38671997,train,gallery
a44f188848d165dcd10074fbd3d0,PMID:38671997,train,gallery
aba42715c542b5d2ba58474369b6,PMID:38671997,train,gallery
8080e79c99a6adb6e98c543b717f,PMID:38671997,train,gallery
c63d660072f1cede68584f8dd93b,PMID:38671997,train,gallery
164579e0172a94d71eae4f7aeb4c,PMID:38671997,train,gallery
71f0ccd4897bbd54fadfd4b4b0d6,PMID:38671997,train,gallery
8bd80c8d54462f69667cf13f7b6b,PMID:38671997,train,gallery
612e0236c90f35ea399a0c5e0ccf,PMID:38671997,train,gallery
88cc029d1ed235d6dd19f750a911,PMID:38673696,train,gallery
2d347ad8651e7122c02f0fb2d1fc,PMID:38673696,train,gallery
c2499f5f3a7e7c6b93e1a260a78e,PMID:38673696,train,gallery
c33a3160a6b23ec23154de1def26,PMID:38673696,train,gallery
5ab70d5544c8a90cc63623417695,PMID:38673696,train,gallery
885820f5d7d6570ccb4622e73da0,PMID:38673696,train,gallery
86e816eb86d8140b16183d5aa40f,PMID:38673696,train,gallery
2cfdc96d55724406ca3874b64a46,PMID:38673696,train,gallery
1d7a4dcfe9af3d4a99a886a9c169,PMID:38673696,train,gallery
1882ecfe1fb62cb6e6b23146f550,PMID:38673696,train,gallery
78e370222d9628b00072ec3cdb87,PMID:38673696,train,gallery
3c417d65222b64699465c6b3476d,PMID:38673696,train,gallery
9810dd47fe842712579bff694c1a,PMID:38673696,train,gallery
a26407af626b65e6125360d3dfaf,PMID:38673696,train,gallery
96ee263936633d8b0fde47483754,PMID:38673696,train,gallery
6495057b69dd3987f602e8a0be3e,PMID:38673696,train,gallery
f5542336bafaa0a647901b675042,PMID:38673696,train,gallery
9468706d50036ef737ef1532a8be,PMID:38673696,train,gallery
1f420b9483e0fc63521576ed7d55,PMID:38673696,train,gallery
4e6b09c1ce32941eff785e4da8eb,PMID:38673696,train,gallery
0fdd1ce5e2d828f00f0d93476851,PMID:38673696,train,gallery
f2ef77af3762bfab445c5022e527,PMID:38673696,train,gallery
a7e727f4f83cab84b19efc60591f,PMID:38673696,train,gallery
06ffbb0093480be171d6e83da742,PMID:38673696,train,gallery
440e3bcb09f8d18c105691d98356,PMID:38673696,train,gallery
f4e5e996f9c2dd4b4c061e10ed4e,PMID:38673696,train,gallery
a0b988aa2afcfa270f30e225d23e,PMID:38673696,train,gallery
502dae9056e20d66b8ab394b6cf0,PMID:38673696,train,gallery
251cc636465c4bd1c3364b94eb77,PMID:38673696,train,gallery
399999b7c81cfd03184dfe6b663d,PMID:38673696,train,gallery
53190a592996f71e1051cd270b84,PMID:38673696,train,gallery
703829d429c51c8f073a3c6946c9,PMID:38673696,train,gallery
b92b3b9c6d3240ff2de06313b371,PMID:38673696,train,gallery
23296fb0876fe11a5c8b9d06d9db,PMID:38673696,train,gallery
b2444d35893ce7981f21754166ac,PMID:38673696,train,gallery
6bc68fff73a4ce8107f8778ec00a,PMID:38673696,train,gallery
2b04f824a31ccf3bc0fdde797430,PMID:38673747,train,gallery
b5e57cfd0a9c863c920fda1d4177,PMID:38673747,train,gallery
c4cd7110f09ec1b1e011a447b2a8,PMID:38673747,train,gallery
9ff03237c58e5f970fb848afc70e,PMID:38673747,train,gallery
dc57bacd2818fc3e9203fe608aa5,PMID:38673747,train,gallery
9e7bc620eeb4ee5bd6147f217631,PMID:38673747,train,gallery
77343107ee29090b942e2c4522c1,PMID:38673747,train,gallery
d9323a2438f4472c487158458cbf,PMID:38673747,train,gallery
c3770cc0e788addcba299cc89bc7,PMID:38673747,train,gallery
4b9f891899a1490e9aab556fe82f,PMID:38673747,train,gallery
5a689780d03a7843af4f75b0b247,PMID:38673747,train,gallery
52c9122b238b5107215f2f4230a8,PMID:38673747,train,gallery
3d38c51c1e19001e5f16cfae7fea,PMID:38673747,train,gallery
4ddfe72fefcd67148868d869c721,PMID:38673747,train,gallery
f53a26d20cf1b5b975191e00d28f,PMID:38673747,train,gallery
4498b333b481d0c6b168c26be9ce,PMID:38673747,train,gallery
6c3317be644f4c1b65f9551a931d,PMID:38673747,train,gallery
e23553f54366f9119338ca226756,PMID:38673747,train,gallery
863743893e44c1d0b3657ce0d94d,PMID:38673747,train,gallery
e07082b6388c8abbeb04008c55ab,PMID:38673747,train,gallery
cc3cf913395ff0fb4089a33e7964,PMID:38674362,train,gallery
e958c8fc49eeeace88abcef8fbe9,PMID:38674362,train,gallery
e9d0768d85b07900fe2acd175446,PMID:38674362,train,gallery
5a0a0588ec3e8e97aa51b13fb656,PMID:38674362,train,gallery
093882b23ae11c6f2a5f606bd118,PMID:38674362,train,gallery
b05de160e97ccbac100fb638371d,PMID:38674362,train,gallery
ddee40d6c1f750cc80229c931e3b,PMID:38674362,train,gallery
b1844d26d6cd7efe69ee6426f458,PMID:38674362,train,gallery
3f4ffee83ac95f9b49583f44cfe5,PMID:38674362,train,gallery
96351e32854e7614be6bbad04ff4,PMID:38674362,train,gallery
093dbe150685ca53c991cd2d5da3,PMID:38674362,train,gallery
ae5dbadacf20601331c100cd77db,PMID:38674362,train,gallery
44c13a1a6b22ee3db2803b52b3eb,PMID:38674362,train,gallery
9a79e8689d9a0eb5efb9a052f673,PMID:38674362,train,gallery
